
/home/mg/Documents/raspberry-pi-pico-projects/raspberry-pi-pico-setup/build2/blink.elf:     file format elf32-littlearm

Sections:
Idx Name          Size      VMA       LMA       File off  Algn
  0 .text         00005d34  10000000  10000000  00001000  2**3
                  CONTENTS, ALLOC, LOAD, READONLY, CODE
  1 .rodata       000003e4  10005d38  10005d38  00006d38  2**3
                  CONTENTS, ALLOC, LOAD, READONLY, DATA
  2 .ARM.exidx    00000008  1000611c  1000611c  0000711c  2**2
                  CONTENTS, ALLOC, LOAD, READONLY, DATA
  3 .binary_info  00000020  10006124  10006124  00007124  2**2
                  CONTENTS, ALLOC, LOAD, READONLY, DATA
  4 .ram_vector_table 00000110  20000000  20000000  0000a000  2**2
                  ALLOC
  5 .uninitialized_data 00000000  20000110  20000110  00009224  2**0
                  CONTENTS
  6 .data         000010cc  20000110  10006144  00008110  2**3
                  CONTENTS, ALLOC, LOAD, READONLY, CODE
  7 .tdata        00000000  200011dc  200011dc  00009224  2**0
                  CONTENTS, ALLOC, LOAD, DATA, THREAD_LOCAL
  8 .tbss         00000000  200011dc  200011dc  00000000  2**0
                  ALLOC, THREAD_LOCAL
  9 .bss          00000dc0  200011e0  10007210  0000a1e0  2**3
                  ALLOC
 10 .heap         00000800  20001fa0  20001fa0  00009224  2**2
                  CONTENTS, READONLY
 11 .scratch_x    00000000  20080000  20080000  00009a24  2**0
                  CONTENTS
 12 .scratch_y    00000000  20081000  20081000  00009a24  2**0
                  CONTENTS
 13 .stack_dummy  00000800  20081000  20081000  00009a40  2**5
                  CONTENTS, READONLY
 14 .flash_end    00000014  10007210  10007210  00009210  2**2
                  CONTENTS, ALLOC, LOAD, READONLY, DATA
 15 .ARM.attributes 00000034  00000000  00000000  0000a240  2**0
                  CONTENTS, READONLY
 16 .comment      00000026  00000000  00000000  0000a274  2**0
                  CONTENTS, READONLY
 17 .debug_info   000328a5  00000000  00000000  0000a29a  2**0
                  CONTENTS, READONLY, DEBUGGING, OCTETS
 18 .debug_abbrev 000091c5  00000000  00000000  0003cb3f  2**0
                  CONTENTS, READONLY, DEBUGGING, OCTETS
 19 .debug_loclists 00018e24  00000000  00000000  00045d04  2**0
                  CONTENTS, READONLY, DEBUGGING, OCTETS
 20 .debug_aranges 000013c0  00000000  00000000  0005eb28  2**3
                  CONTENTS, READONLY, DEBUGGING, OCTETS
 21 .debug_rnglists 0000457b  00000000  00000000  0005fee8  2**0
                  CONTENTS, READONLY, DEBUGGING, OCTETS
 22 .debug_line   0001e5c2  00000000  00000000  00064463  2**0
                  CONTENTS, READONLY, DEBUGGING, OCTETS
 23 .debug_str    00009324  00000000  00000000  00082a25  2**0
                  CONTENTS, READONLY, DEBUGGING, OCTETS
 24 .debug_frame  00003178  00000000  00000000  0008bd4c  2**2
                  CONTENTS, READONLY, DEBUGGING, OCTETS
 25 .debug_line_str 0000020c  00000000  00000000  0008eec4  2**0
                  CONTENTS, READONLY, DEBUGGING, OCTETS

/home/mg/Documents/raspberry-pi-pico-projects/raspberry-pi-pico-setup/build2/blink.elf:     file format elf32-littlearm


Disassembly of section .text:

10000000 <__VECTOR_TABLE>:
10000000:	20082000 	.word	0x20082000
10000004:	1000015d 	.word	0x1000015d
10000008:	10000113 	.word	0x10000113
1000000c:	10000115 	.word	0x10000115
10000010:	10000111 	.word	0x10000111
10000014:	10000111 	.word	0x10000111
10000018:	10000111 	.word	0x10000111
1000001c:	10000111 	.word	0x10000111
10000020:	10000111 	.word	0x10000111
10000024:	10000111 	.word	0x10000111
10000028:	10000111 	.word	0x10000111
1000002c:	10000117 	.word	0x10000117
10000030:	10000111 	.word	0x10000111
10000034:	10000111 	.word	0x10000111
10000038:	10000119 	.word	0x10000119
1000003c:	1000011b 	.word	0x1000011b
10000040:	1000011d 	.word	0x1000011d
10000044:	1000011d 	.word	0x1000011d
10000048:	1000011d 	.word	0x1000011d
1000004c:	1000011d 	.word	0x1000011d
10000050:	1000011d 	.word	0x1000011d
10000054:	1000011d 	.word	0x1000011d
10000058:	1000011d 	.word	0x1000011d
1000005c:	1000011d 	.word	0x1000011d
10000060:	1000011d 	.word	0x1000011d
10000064:	1000011d 	.word	0x1000011d
10000068:	1000011d 	.word	0x1000011d
1000006c:	1000011d 	.word	0x1000011d
10000070:	1000011d 	.word	0x1000011d
10000074:	1000011d 	.word	0x1000011d
10000078:	1000011d 	.word	0x1000011d
1000007c:	1000011d 	.word	0x1000011d
10000080:	1000011d 	.word	0x1000011d
10000084:	1000011d 	.word	0x1000011d
10000088:	1000011d 	.word	0x1000011d
1000008c:	1000011d 	.word	0x1000011d
10000090:	1000011d 	.word	0x1000011d
10000094:	1000011d 	.word	0x1000011d
10000098:	1000011d 	.word	0x1000011d
1000009c:	1000011d 	.word	0x1000011d
100000a0:	1000011d 	.word	0x1000011d
100000a4:	1000011d 	.word	0x1000011d
100000a8:	1000011d 	.word	0x1000011d
100000ac:	1000011d 	.word	0x1000011d
100000b0:	1000011d 	.word	0x1000011d
100000b4:	1000011d 	.word	0x1000011d
100000b8:	1000011d 	.word	0x1000011d
100000bc:	1000011d 	.word	0x1000011d
100000c0:	1000011d 	.word	0x1000011d
100000c4:	1000011d 	.word	0x1000011d
100000c8:	1000011d 	.word	0x1000011d
100000cc:	1000011d 	.word	0x1000011d
100000d0:	1000011d 	.word	0x1000011d
100000d4:	1000011d 	.word	0x1000011d
100000d8:	1000011d 	.word	0x1000011d
100000dc:	1000011d 	.word	0x1000011d
100000e0:	1000011d 	.word	0x1000011d
100000e4:	1000011d 	.word	0x1000011d
100000e8:	1000011d 	.word	0x1000011d
100000ec:	1000011d 	.word	0x1000011d
100000f0:	1000011d 	.word	0x1000011d
100000f4:	1000011d 	.word	0x1000011d
100000f8:	1000011d 	.word	0x1000011d
100000fc:	1000011d 	.word	0x1000011d
10000100:	1000011d 	.word	0x1000011d
10000104:	1000011d 	.word	0x1000011d
10000108:	1000011d 	.word	0x1000011d
1000010c:	1000011d 	.word	0x1000011d

10000110 <isr_invalid>:
10000110:	be00      	bkpt	0x0000

10000112 <isr_nmi>:
10000112:	be00      	bkpt	0x0000

10000114 <isr_hardfault>:
10000114:	be00      	bkpt	0x0000

10000116 <isr_svcall>:
10000116:	be00      	bkpt	0x0000

10000118 <isr_pendsv>:
10000118:	be00      	bkpt	0x0000

1000011a <isr_systick>:
1000011a:	be00      	bkpt	0x0000

1000011c <__unhandled_user_irq>:
1000011c:	f3ef 8005 	mrs	r0, IPSR
10000120:	3810      	subs	r0, #16

10000122 <unhandled_user_irq_num_in_r0>:
10000122:	be00      	bkpt	0x0000

10000124 <binary_info_header>:
10000124:	7188ebf2 	.word	0x7188ebf2
10000128:	10006124 	.word	0x10006124
1000012c:	10006144 	.word	0x10006144
10000130:	100001a8 	.word	0x100001a8
10000134:	e71aa390 	.word	0xe71aa390

10000138 <__binary_info_header_end>:
10000138:	ffffded3 	.word	0xffffded3
1000013c:	10210142 	.word	0x10210142
10000140:	000001ff 	.word	0x000001ff
10000144:	000070d8 	.word	0x000070d8
10000148:	ab123579 	.word	0xab123579

1000014c <_entry_point>:
1000014c:	f04f 0000 	mov.w	r0, #0

10000150 <_enter_vtable_in_r0>:
10000150:	4920      	ldr	r1, [pc, #128]	@ (100001d4 <data_cpy_table+0x2c>)
10000152:	6008      	str	r0, [r1, #0]
10000154:	c806      	ldmia	r0!, {r1, r2}
10000156:	f381 8808 	msr	MSP, r1
1000015a:	4710      	bx	r2

1000015c <_reset_handler>:
1000015c:	f04f 4050 	mov.w	r0, #3489660928	@ 0xd0000000
10000160:	6800      	ldr	r0, [r0, #0]
10000162:	b110      	cbz	r0, 1000016a <hold_non_core0_in_bootrom+0x6>

10000164 <hold_non_core0_in_bootrom>:
10000164:	f04f 0000 	mov.w	r0, #0
10000168:	e7f2      	b.n	10000150 <_enter_vtable_in_r0>
1000016a:	a40f      	add	r4, pc, #60	@ (adr r4, 100001a8 <data_cpy_table>)
1000016c:	cc0e      	ldmia	r4!, {r1, r2, r3}
1000016e:	2900      	cmp	r1, #0
10000170:	d002      	beq.n	10000178 <hold_non_core0_in_bootrom+0x14>
10000172:	f000 f815 	bl	100001a0 <data_cpy>
10000176:	e7f9      	b.n	1000016c <hold_non_core0_in_bootrom+0x8>
10000178:	4917      	ldr	r1, [pc, #92]	@ (100001d8 <data_cpy_table+0x30>)
1000017a:	4a18      	ldr	r2, [pc, #96]	@ (100001dc <data_cpy_table+0x34>)
1000017c:	2000      	movs	r0, #0
1000017e:	e000      	b.n	10000182 <bss_fill_test>

10000180 <bss_fill_loop>:
10000180:	c101      	stmia	r1!, {r0}

10000182 <bss_fill_test>:
10000182:	4291      	cmp	r1, r2
10000184:	d1fc      	bne.n	10000180 <bss_fill_loop>

10000186 <platform_entry>:
10000186:	2000      	movs	r0, #0
10000188:	f380 880a 	msr	MSPLIM, r0
1000018c:	4914      	ldr	r1, [pc, #80]	@ (100001e0 <data_cpy_table+0x38>)
1000018e:	4788      	blx	r1
10000190:	4914      	ldr	r1, [pc, #80]	@ (100001e4 <data_cpy_table+0x3c>)
10000192:	4788      	blx	r1
10000194:	4914      	ldr	r1, [pc, #80]	@ (100001e8 <data_cpy_table+0x40>)
10000196:	4788      	blx	r1
10000198:	be00      	bkpt	0x0000
1000019a:	e7fd      	b.n	10000198 <platform_entry+0x12>

1000019c <data_cpy_loop>:
1000019c:	c901      	ldmia	r1!, {r0}
1000019e:	c201      	stmia	r2!, {r0}

100001a0 <data_cpy>:
100001a0:	429a      	cmp	r2, r3
100001a2:	d3fb      	bcc.n	1000019c <data_cpy_loop>
100001a4:	4770      	bx	lr
100001a6:	bf00      	nop

100001a8 <data_cpy_table>:
100001a8:	10006144 	.word	0x10006144
100001ac:	20000110 	.word	0x20000110
100001b0:	200011dc 	.word	0x200011dc
100001b4:	10007210 	.word	0x10007210
100001b8:	20080000 	.word	0x20080000
100001bc:	20080000 	.word	0x20080000
100001c0:	10007210 	.word	0x10007210
100001c4:	20081000 	.word	0x20081000
100001c8:	20081000 	.word	0x20081000
100001cc:	00000000 	.word	0x00000000
100001d0:	4770      	bx	lr
100001d2:	0000      	.short	0x0000
100001d4:	e000ed08 	.word	0xe000ed08
100001d8:	200011dc 	.word	0x200011dc
100001dc:	20001fa0 	.word	0x20001fa0
100001e0:	10002ef1 	.word	0x10002ef1
100001e4:	1000027d 	.word	0x1000027d
100001e8:	10002ee9 	.word	0x10002ee9

100001ec <_init>:
100001ec:	b5f8      	push	{r3, r4, r5, r6, r7, lr}
100001ee:	bf00      	nop

100001f0 <deregister_tm_clones>:
100001f0:	4803      	ldr	r0, [pc, #12]	@ (10000200 <deregister_tm_clones+0x10>)
100001f2:	4b04      	ldr	r3, [pc, #16]	@ (10000204 <deregister_tm_clones+0x14>)
100001f4:	4283      	cmp	r3, r0
100001f6:	d002      	beq.n	100001fe <deregister_tm_clones+0xe>
100001f8:	4b03      	ldr	r3, [pc, #12]	@ (10000208 <deregister_tm_clones+0x18>)
100001fa:	b103      	cbz	r3, 100001fe <deregister_tm_clones+0xe>
100001fc:	4718      	bx	r3
100001fe:	4770      	bx	lr
10000200:	200011dc 	.word	0x200011dc
10000204:	200011dc 	.word	0x200011dc
10000208:	00000000 	.word	0x00000000

1000020c <register_tm_clones>:
1000020c:	4b06      	ldr	r3, [pc, #24]	@ (10000228 <register_tm_clones+0x1c>)
1000020e:	4907      	ldr	r1, [pc, #28]	@ (1000022c <register_tm_clones+0x20>)
10000210:	1ac9      	subs	r1, r1, r3
10000212:	1089      	asrs	r1, r1, #2
10000214:	bf48      	it	mi
10000216:	3101      	addmi	r1, #1
10000218:	1049      	asrs	r1, r1, #1
1000021a:	d003      	beq.n	10000224 <register_tm_clones+0x18>
1000021c:	4b04      	ldr	r3, [pc, #16]	@ (10000230 <register_tm_clones+0x24>)
1000021e:	b10b      	cbz	r3, 10000224 <register_tm_clones+0x18>
10000220:	4801      	ldr	r0, [pc, #4]	@ (10000228 <register_tm_clones+0x1c>)
10000222:	4718      	bx	r3
10000224:	4770      	bx	lr
10000226:	bf00      	nop
10000228:	200011dc 	.word	0x200011dc
1000022c:	200011dc 	.word	0x200011dc
10000230:	00000000 	.word	0x00000000

10000234 <__do_global_dtors_aux>:
10000234:	b510      	push	{r4, lr}
10000236:	4c06      	ldr	r4, [pc, #24]	@ (10000250 <__do_global_dtors_aux+0x1c>)
10000238:	7823      	ldrb	r3, [r4, #0]
1000023a:	b943      	cbnz	r3, 1000024e <__do_global_dtors_aux+0x1a>
1000023c:	f7ff ffd8 	bl	100001f0 <deregister_tm_clones>
10000240:	4b04      	ldr	r3, [pc, #16]	@ (10000254 <__do_global_dtors_aux+0x20>)
10000242:	b113      	cbz	r3, 1000024a <__do_global_dtors_aux+0x16>
10000244:	4804      	ldr	r0, [pc, #16]	@ (10000258 <__do_global_dtors_aux+0x24>)
10000246:	f3af 8000 	nop.w
1000024a:	2301      	movs	r3, #1
1000024c:	7023      	strb	r3, [r4, #0]
1000024e:	bd10      	pop	{r4, pc}
10000250:	20001430 	.word	0x20001430
10000254:	00000000 	.word	0x00000000
10000258:	10005d34 	.word	0x10005d34

1000025c <frame_dummy>:
1000025c:	b508      	push	{r3, lr}
1000025e:	4b04      	ldr	r3, [pc, #16]	@ (10000270 <frame_dummy+0x14>)
10000260:	b11b      	cbz	r3, 1000026a <frame_dummy+0xe>
10000262:	4904      	ldr	r1, [pc, #16]	@ (10000274 <frame_dummy+0x18>)
10000264:	4804      	ldr	r0, [pc, #16]	@ (10000278 <frame_dummy+0x1c>)
10000266:	f3af 8000 	nop.w
1000026a:	e8bd 4008 	ldmia.w	sp!, {r3, lr}
1000026e:	e7cd      	b.n	1000020c <register_tm_clones>
10000270:	00000000 	.word	0x00000000
10000274:	20001434 	.word	0x20001434
10000278:	10005d34 	.word	0x10005d34

1000027c <main>:
1000027c:	b570      	push	{r4, r5, r6, lr}
1000027e:	f002 ff63 	bl	10003148 <stdio_init_all>
10000282:	2019      	movs	r0, #25
10000284:	f000 f81e 	bl	100002c4 <gpio_init>
10000288:	f04f 0501 	mov.w	r5, #1
1000028c:	2319      	movs	r3, #25
1000028e:	ec45 3044 	gpioc_bit_oe_put r3, r5
10000292:	4e0a      	ldr	r6, [pc, #40]	@ (100002bc <main+0x40>)
10000294:	4630      	mov	r0, r6
10000296:	f003 f81d 	bl	100032d4 <__wrap_printf>
1000029a:	2419      	movs	r4, #25
1000029c:	ec45 4040 	gpioc_bit_out_put r4, r5
100002a0:	20c8      	movs	r0, #200	@ 0xc8
100002a2:	f000 fecb 	bl	1000103c <sleep_ms>
100002a6:	4806      	ldr	r0, [pc, #24]	@ (100002c0 <main+0x44>)
100002a8:	f003 f814 	bl	100032d4 <__wrap_printf>
100002ac:	f04f 0300 	mov.w	r3, #0
100002b0:	ec43 4040 	gpioc_bit_out_put r4, r3
100002b4:	20c8      	movs	r0, #200	@ 0xc8
100002b6:	f000 fec1 	bl	1000103c <sleep_ms>
100002ba:	e7eb      	b.n	10000294 <main+0x18>
100002bc:	10005d38 	.word	0x10005d38
100002c0:	10005d44 	.word	0x10005d44

100002c4 <gpio_init>:
100002c4:	b430      	push	{r4, r5}
100002c6:	f04f 0300 	mov.w	r3, #0
100002ca:	ec43 0044 	gpioc_bit_oe_put r0, r3
100002ce:	ec43 0040 	gpioc_bit_out_put r0, r3
100002d2:	2505      	movs	r5, #5
100002d4:	f44f 7480 	mov.w	r4, #256	@ 0x100
100002d8:	4b0b      	ldr	r3, [pc, #44]	@ (10000308 <gpio_init+0x44>)
100002da:	00c2      	lsls	r2, r0, #3
100002dc:	f853 1020 	ldr.w	r1, [r3, r0, lsl #2]
100002e0:	eb03 0080 	add.w	r0, r3, r0, lsl #2
100002e4:	f081 0140 	eor.w	r1, r1, #64	@ 0x40
100002e8:	f102 4380 	add.w	r3, r2, #1073741824	@ 0x40000000
100002ec:	f503 3320 	add.w	r3, r3, #163840	@ 0x28000
100002f0:	f001 02c0 	and.w	r2, r1, #192	@ 0xc0
100002f4:	f500 5180 	add.w	r1, r0, #4096	@ 0x1000
100002f8:	f500 5040 	add.w	r0, r0, #12288	@ 0x3000
100002fc:	600a      	str	r2, [r1, #0]
100002fe:	605d      	str	r5, [r3, #4]
10000300:	6004      	str	r4, [r0, #0]
10000302:	bc30      	pop	{r4, r5}
10000304:	4770      	bx	lr
10000306:	bf00      	nop
10000308:	40038004 	.word	0x40038004

1000030c <panic>:
1000030c:	b40f      	push	{r0, r1, r2, r3}
1000030e:	b500      	push	{lr}
10000310:	b083      	sub	sp, #12
10000312:	9c04      	ldr	r4, [sp, #16]
10000314:	4807      	ldr	r0, [pc, #28]	@ (10000334 <panic+0x28>)
10000316:	f002 ff5b 	bl	100031d0 <__wrap_puts>
1000031a:	b13c      	cbz	r4, 1000032c <panic+0x20>
1000031c:	a905      	add	r1, sp, #20
1000031e:	4620      	mov	r0, r4
10000320:	9101      	str	r1, [sp, #4]
10000322:	f002 fdc7 	bl	10002eb4 <weak_raw_vprintf>
10000326:	4804      	ldr	r0, [pc, #16]	@ (10000338 <panic+0x2c>)
10000328:	f002 ff52 	bl	100031d0 <__wrap_puts>
1000032c:	2001      	movs	r0, #1
1000032e:	f002 fdd9 	bl	10002ee4 <_exit>
10000332:	bf00      	nop
10000334:	10005d50 	.word	0x10005d50
10000338:	10005d60 	.word	0x10005d60

1000033c <hw_claim_or_assert>:
1000033c:	b570      	push	{r4, r5, r6, lr}
1000033e:	4686      	mov	lr, r0
10000340:	f3ef 8510 	mrs	r5, PRIMASK
10000344:	b672      	cpsid	i
10000346:	4c12      	ldr	r4, [pc, #72]	@ (10000390 <hw_claim_or_assert+0x54>)
10000348:	e8d4 6fcf 	ldaexb	r6, [r4]
1000034c:	2001      	movs	r0, #1
1000034e:	2e00      	cmp	r6, #0
10000350:	d1fa      	bne.n	10000348 <hw_claim_or_assert+0xc>
10000352:	e8c4 0f46 	strexb	r6, r0, [r4]
10000356:	2e00      	cmp	r6, #0
10000358:	d1f6      	bne.n	10000348 <hw_claim_or_assert+0xc>
1000035a:	f3bf 8f5f 	dmb	sy
1000035e:	f04f 0c01 	mov.w	ip, #1
10000362:	08c8      	lsrs	r0, r1, #3
10000364:	f001 0307 	and.w	r3, r1, #7
10000368:	fa0c f303 	lsl.w	r3, ip, r3
1000036c:	f81e c000 	ldrb.w	ip, [lr, r0]
10000370:	ea1c 0603 	ands.w	r6, ip, r3
10000374:	d108      	bne.n	10000388 <hw_claim_or_assert+0x4c>
10000376:	ea4c 0c03 	orr.w	ip, ip, r3
1000037a:	f80e c000 	strb.w	ip, [lr, r0]
1000037e:	e8c4 6f8f 	stlb	r6, [r4]
10000382:	f385 8810 	msr	PRIMASK, r5
10000386:	bd70      	pop	{r4, r5, r6, pc}
10000388:	4610      	mov	r0, r2
1000038a:	f7ff ffbf 	bl	1000030c <panic>
1000038e:	bf00      	nop
10000390:	200016c7 	.word	0x200016c7

10000394 <hw_claim_unused_from_range>:
10000394:	b5f8      	push	{r3, r4, r5, r6, r7, lr}
10000396:	f3ef 8510 	mrs	r5, PRIMASK
1000039a:	b672      	cpsid	i
1000039c:	4c23      	ldr	r4, [pc, #140]	@ (1000042c <hw_claim_unused_from_range+0x98>)
1000039e:	e8d4 7fcf 	ldaexb	r7, [r4]
100003a2:	2601      	movs	r6, #1
100003a4:	2f00      	cmp	r7, #0
100003a6:	d1fa      	bne.n	1000039e <hw_claim_unused_from_range+0xa>
100003a8:	e8c4 6f47 	strexb	r7, r6, [r4]
100003ac:	2f00      	cmp	r7, #0
100003ae:	d1f6      	bne.n	1000039e <hw_claim_unused_from_range+0xa>
100003b0:	f3bf 8f5f 	dmb	sy
100003b4:	429a      	cmp	r2, r3
100003b6:	d827      	bhi.n	10000408 <hw_claim_unused_from_range+0x74>
100003b8:	2601      	movs	r6, #1
100003ba:	08d7      	lsrs	r7, r2, #3
100003bc:	f810 e007 	ldrb.w	lr, [r0, r7]
100003c0:	f002 0c07 	and.w	ip, r2, #7
100003c4:	fa06 fc0c 	lsl.w	ip, r6, ip
100003c8:	ea1e 0f0c 	tst.w	lr, ip
100003cc:	eb00 07d2 	add.w	r7, r0, r2, lsr #3
100003d0:	d10d      	bne.n	100003ee <hw_claim_unused_from_range+0x5a>
100003d2:	e025      	b.n	10000420 <hw_claim_unused_from_range+0x8c>
100003d4:	ea4f 0ed2 	mov.w	lr, r2, lsr #3
100003d8:	f810 e00e 	ldrb.w	lr, [r0, lr]
100003dc:	f002 0c07 	and.w	ip, r2, #7
100003e0:	fa06 fc0c 	lsl.w	ip, r6, ip
100003e4:	ea1e 0f0c 	tst.w	lr, ip
100003e8:	eb00 07d2 	add.w	r7, r0, r2, lsr #3
100003ec:	d018      	beq.n	10000420 <hw_claim_unused_from_range+0x8c>
100003ee:	3201      	adds	r2, #1
100003f0:	4293      	cmp	r3, r2
100003f2:	d2ef      	bcs.n	100003d4 <hw_claim_unused_from_range+0x40>
100003f4:	f04f 30ff 	mov.w	r0, #4294967295	@ 0xffffffff
100003f8:	2300      	movs	r3, #0
100003fa:	e8c4 3f8f 	stlb	r3, [r4]
100003fe:	f385 8810 	msr	PRIMASK, r5
10000402:	4298      	cmp	r0, r3
10000404:	db07      	blt.n	10000416 <hw_claim_unused_from_range+0x82>
10000406:	bdf8      	pop	{r3, r4, r5, r6, r7, pc}
10000408:	2300      	movs	r3, #0
1000040a:	e8c4 3f8f 	stlb	r3, [r4]
1000040e:	f385 8810 	msr	PRIMASK, r5
10000412:	f04f 30ff 	mov.w	r0, #4294967295	@ 0xffffffff
10000416:	2900      	cmp	r1, #0
10000418:	d0f5      	beq.n	10000406 <hw_claim_unused_from_range+0x72>
1000041a:	9806      	ldr	r0, [sp, #24]
1000041c:	f7ff ff76 	bl	1000030c <panic>
10000420:	ea4e 0e0c 	orr.w	lr, lr, ip
10000424:	4610      	mov	r0, r2
10000426:	f887 e000 	strb.w	lr, [r7]
1000042a:	e7e5      	b.n	100003f8 <hw_claim_unused_from_range+0x64>
1000042c:	200016c7 	.word	0x200016c7

10000430 <next_striped_spin_lock_num>:
10000430:	4a04      	ldr	r2, [pc, #16]	@ (10000444 <next_striped_spin_lock_num+0x14>)
10000432:	7810      	ldrb	r0, [r2, #0]
10000434:	1c43      	adds	r3, r0, #1
10000436:	b2db      	uxtb	r3, r3
10000438:	2b18      	cmp	r3, #24
1000043a:	bf28      	it	cs
1000043c:	2310      	movcs	r3, #16
1000043e:	7013      	strb	r3, [r2, #0]
10000440:	4770      	bx	lr
10000442:	bf00      	nop
10000444:	20001138 	.word	0x20001138

10000448 <spin_lock_claim_unused>:
10000448:	b510      	push	{r4, lr}
1000044a:	4c05      	ldr	r4, [pc, #20]	@ (10000460 <spin_lock_claim_unused+0x18>)
1000044c:	b082      	sub	sp, #8
1000044e:	4601      	mov	r1, r0
10000450:	231f      	movs	r3, #31
10000452:	2218      	movs	r2, #24
10000454:	9400      	str	r4, [sp, #0]
10000456:	4803      	ldr	r0, [pc, #12]	@ (10000464 <spin_lock_claim_unused+0x1c>)
10000458:	f7ff ff9c 	bl	10000394 <hw_claim_unused_from_range>
1000045c:	b002      	add	sp, #8
1000045e:	bd10      	pop	{r4, pc}
10000460:	10005d64 	.word	0x10005d64
10000464:	20001ad8 	.word	0x20001ad8

10000468 <spinlock_set_extexclall>:
10000468:	f04f 22e0 	mov.w	r2, #3758153728	@ 0xe000e000
1000046c:	6893      	ldr	r3, [r2, #8]
1000046e:	f043 5300 	orr.w	r3, r3, #536870912	@ 0x20000000
10000472:	6093      	str	r3, [r2, #8]
10000474:	4770      	bx	lr
10000476:	bf00      	nop

10000478 <spin_locks_reset>:
10000478:	2100      	movs	r1, #0
1000047a:	4b04      	ldr	r3, [pc, #16]	@ (1000048c <spin_locks_reset+0x14>)
1000047c:	f103 0220 	add.w	r2, r3, #32
10000480:	e8c3 1f8f 	stlb	r1, [r3]
10000484:	3301      	adds	r3, #1
10000486:	4293      	cmp	r3, r2
10000488:	d1fa      	bne.n	10000480 <spin_locks_reset+0x8>
1000048a:	4770      	bx	lr
1000048c:	200016bc 	.word	0x200016bc

10000490 <runtime_init_per_core_irq_priorities>:
10000490:	f04f 23e0 	mov.w	r3, #3758153728	@ 0xe000e000
10000494:	f04f 3280 	mov.w	r2, #2155905152	@ 0x80808080
10000498:	f8c3 2400 	str.w	r2, [r3, #1024]	@ 0x400
1000049c:	f8c3 2404 	str.w	r2, [r3, #1028]	@ 0x404
100004a0:	f8c3 2408 	str.w	r2, [r3, #1032]	@ 0x408
100004a4:	f8c3 240c 	str.w	r2, [r3, #1036]	@ 0x40c
100004a8:	f8c3 2410 	str.w	r2, [r3, #1040]	@ 0x410
100004ac:	f8c3 2414 	str.w	r2, [r3, #1044]	@ 0x414
100004b0:	f8c3 2418 	str.w	r2, [r3, #1048]	@ 0x418
100004b4:	f8c3 241c 	str.w	r2, [r3, #1052]	@ 0x41c
100004b8:	f8c3 2420 	str.w	r2, [r3, #1056]	@ 0x420
100004bc:	f8c3 2424 	str.w	r2, [r3, #1060]	@ 0x424
100004c0:	f8c3 2428 	str.w	r2, [r3, #1064]	@ 0x428
100004c4:	f8c3 242c 	str.w	r2, [r3, #1068]	@ 0x42c
100004c8:	f8c3 2430 	str.w	r2, [r3, #1072]	@ 0x430
100004cc:	4770      	bx	lr
100004ce:	bf00      	nop

100004d0 <irq_set_enabled>:
100004d0:	2301      	movs	r3, #1
100004d2:	f000 021f 	and.w	r2, r0, #31
100004d6:	4093      	lsls	r3, r2
100004d8:	0940      	lsrs	r0, r0, #5
100004da:	b141      	cbz	r1, 100004ee <irq_set_enabled+0x1e>
100004dc:	0080      	lsls	r0, r0, #2
100004de:	f100 4060 	add.w	r0, r0, #3758096384	@ 0xe0000000
100004e2:	f500 4061 	add.w	r0, r0, #57600	@ 0xe100
100004e6:	f8c0 3180 	str.w	r3, [r0, #384]	@ 0x180
100004ea:	6003      	str	r3, [r0, #0]
100004ec:	4770      	bx	lr
100004ee:	4a02      	ldr	r2, [pc, #8]	@ (100004f8 <irq_set_enabled+0x28>)
100004f0:	3020      	adds	r0, #32
100004f2:	f842 3020 	str.w	r3, [r2, r0, lsl #2]
100004f6:	4770      	bx	lr
100004f8:	e000e100 	.word	0xe000e100

100004fc <irq_is_enabled>:
100004fc:	2301      	movs	r3, #1
100004fe:	4a06      	ldr	r2, [pc, #24]	@ (10000518 <irq_is_enabled+0x1c>)
10000500:	0941      	lsrs	r1, r0, #5
10000502:	f852 2021 	ldr.w	r2, [r2, r1, lsl #2]
10000506:	f000 001f 	and.w	r0, r0, #31
1000050a:	4083      	lsls	r3, r0
1000050c:	4213      	tst	r3, r2
1000050e:	bf14      	ite	ne
10000510:	2001      	movne	r0, #1
10000512:	2000      	moveq	r0, #0
10000514:	4770      	bx	lr
10000516:	bf00      	nop
10000518:	e000e100 	.word	0xe000e100

1000051c <irq_set_pending>:
1000051c:	2201      	movs	r2, #1
1000051e:	0943      	lsrs	r3, r0, #5
10000520:	4903      	ldr	r1, [pc, #12]	@ (10000530 <irq_set_pending+0x14>)
10000522:	f000 001f 	and.w	r0, r0, #31
10000526:	4082      	lsls	r2, r0
10000528:	3340      	adds	r3, #64	@ 0x40
1000052a:	f841 2023 	str.w	r2, [r1, r3, lsl #2]
1000052e:	4770      	bx	lr
10000530:	e000e100 	.word	0xe000e100

10000534 <irq_has_shared_handler>:
10000534:	4a05      	ldr	r2, [pc, #20]	@ (1000054c <irq_has_shared_handler+0x18>)
10000536:	3010      	adds	r0, #16
10000538:	6892      	ldr	r2, [r2, #8]
1000053a:	4b05      	ldr	r3, [pc, #20]	@ (10000550 <irq_has_shared_handler+0x1c>)
1000053c:	f852 0020 	ldr.w	r0, [r2, r0, lsl #2]
10000540:	1ac0      	subs	r0, r0, r3
10000542:	282f      	cmp	r0, #47	@ 0x2f
10000544:	bf8c      	ite	hi
10000546:	2000      	movhi	r0, #0
10000548:	2001      	movls	r0, #1
1000054a:	4770      	bx	lr
1000054c:	e000ed00 	.word	0xe000ed00
10000550:	2000113c 	.word	0x2000113c

10000554 <irq_set_exclusive_handler>:
10000554:	b5f8      	push	{r3, r4, r5, r6, r7, lr}
10000556:	460d      	mov	r5, r1
10000558:	f3ef 8710 	mrs	r7, PRIMASK
1000055c:	b672      	cpsid	i
1000055e:	4e12      	ldr	r6, [pc, #72]	@ (100005a8 <irq_set_exclusive_handler+0x54>)
10000560:	e8d6 2fcf 	ldaexb	r2, [r6]
10000564:	2301      	movs	r3, #1
10000566:	2a00      	cmp	r2, #0
10000568:	d1fa      	bne.n	10000560 <irq_set_exclusive_handler+0xc>
1000056a:	e8c6 3f42 	strexb	r2, r3, [r6]
1000056e:	2a00      	cmp	r2, #0
10000570:	d1f6      	bne.n	10000560 <irq_set_exclusive_handler+0xc>
10000572:	f3bf 8f5f 	dmb	sy
10000576:	4b0d      	ldr	r3, [pc, #52]	@ (100005ac <irq_set_exclusive_handler+0x58>)
10000578:	f100 0410 	add.w	r4, r0, #16
1000057c:	689b      	ldr	r3, [r3, #8]
1000057e:	4a0c      	ldr	r2, [pc, #48]	@ (100005b0 <irq_set_exclusive_handler+0x5c>)
10000580:	f853 3024 	ldr.w	r3, [r3, r4, lsl #2]
10000584:	4293      	cmp	r3, r2
10000586:	d003      	beq.n	10000590 <irq_set_exclusive_handler+0x3c>
10000588:	4299      	cmp	r1, r3
1000058a:	d001      	beq.n	10000590 <irq_set_exclusive_handler+0x3c>
1000058c:	f000 ff72 	bl	10001474 <hard_assertion_failure>
10000590:	4b06      	ldr	r3, [pc, #24]	@ (100005ac <irq_set_exclusive_handler+0x58>)
10000592:	689b      	ldr	r3, [r3, #8]
10000594:	f843 5024 	str.w	r5, [r3, r4, lsl #2]
10000598:	f3bf 8f5f 	dmb	sy
1000059c:	2300      	movs	r3, #0
1000059e:	e8c6 3f8f 	stlb	r3, [r6]
100005a2:	f387 8810 	msr	PRIMASK, r7
100005a6:	bdf8      	pop	{r3, r4, r5, r6, r7, pc}
100005a8:	200016c5 	.word	0x200016c5
100005ac:	e000ed00 	.word	0xe000ed00
100005b0:	1000011d 	.word	0x1000011d

100005b4 <irq_add_shared_handler>:
100005b4:	e92d 4ff0 	stmdb	sp!, {r4, r5, r6, r7, r8, r9, sl, fp, lr}
100005b8:	4681      	mov	r9, r0
100005ba:	468b      	mov	fp, r1
100005bc:	4616      	mov	r6, r2
100005be:	b083      	sub	sp, #12
100005c0:	f3ef 8310 	mrs	r3, PRIMASK
100005c4:	b672      	cpsid	i
100005c6:	f8df a1d0 	ldr.w	sl, [pc, #464]	@ 10000798 <irq_add_shared_handler+0x1e4>
100005ca:	9300      	str	r3, [sp, #0]
100005cc:	e8da 1fcf 	ldaexb	r1, [sl]
100005d0:	2301      	movs	r3, #1
100005d2:	2900      	cmp	r1, #0
100005d4:	d1fa      	bne.n	100005cc <irq_add_shared_handler+0x18>
100005d6:	e8ca 3f41 	strexb	r1, r3, [sl]
100005da:	2900      	cmp	r1, #0
100005dc:	d1f6      	bne.n	100005cc <irq_add_shared_handler+0x18>
100005de:	f3bf 8f5f 	dmb	sy
100005e2:	4b66      	ldr	r3, [pc, #408]	@ (1000077c <irq_add_shared_handler+0x1c8>)
100005e4:	f993 4000 	ldrsb.w	r4, [r3]
100005e8:	2c00      	cmp	r4, #0
100005ea:	f2c0 80a0 	blt.w	1000072e <irq_add_shared_handler+0x17a>
100005ee:	4d64      	ldr	r5, [pc, #400]	@ (10000780 <irq_add_shared_handler+0x1cc>)
100005f0:	eb04 0744 	add.w	r7, r4, r4, lsl #1
100005f4:	eb05 0887 	add.w	r8, r5, r7, lsl #2
100005f8:	f898 1006 	ldrb.w	r1, [r8, #6]
100005fc:	f109 0910 	add.w	r9, r9, #16
10000600:	7019      	strb	r1, [r3, #0]
10000602:	4b60      	ldr	r3, [pc, #384]	@ (10000784 <irq_add_shared_handler+0x1d0>)
10000604:	00bf      	lsls	r7, r7, #2
10000606:	689b      	ldr	r3, [r3, #8]
10000608:	f853 0029 	ldr.w	r0, [r3, r9, lsl #2]
1000060c:	0063      	lsls	r3, r4, #1
1000060e:	1b41      	subs	r1, r0, r5
10000610:	292f      	cmp	r1, #47	@ 0x2f
10000612:	d92f      	bls.n	10000674 <irq_add_shared_handler+0xc0>
10000614:	495c      	ldr	r1, [pc, #368]	@ (10000788 <irq_add_shared_handler+0x1d4>)
10000616:	4288      	cmp	r0, r1
10000618:	f040 80a4 	bne.w	10000764 <irq_add_shared_handler+0x1b0>
1000061c:	441c      	add	r4, r3
1000061e:	4b5b      	ldr	r3, [pc, #364]	@ (1000078c <irq_add_shared_handler+0x1d8>)
10000620:	3702      	adds	r7, #2
10000622:	442f      	add	r7, r5
10000624:	3b04      	subs	r3, #4
10000626:	1bdb      	subs	r3, r3, r7
10000628:	f3c3 034a 	ubfx	r3, r3, #1, #11
1000062c:	ea6f 43c3 	mvn.w	r3, r3, lsl #19
10000630:	f44f 4121 	mov.w	r1, #41216	@ 0xa100
10000634:	ea6f 43d3 	mvn.w	r3, r3, lsr #19
10000638:	f825 1024 	strh.w	r1, [r5, r4, lsl #2]
1000063c:	eb05 0484 	add.w	r4, r5, r4, lsl #2
10000640:	8063      	strh	r3, [r4, #2]
10000642:	f64b 5301 	movw	r3, #48385	@ 0xbd01
10000646:	80a3      	strh	r3, [r4, #4]
10000648:	23ff      	movs	r3, #255	@ 0xff
1000064a:	f048 0001 	orr.w	r0, r8, #1
1000064e:	71e6      	strb	r6, [r4, #7]
10000650:	f8c4 b008 	str.w	fp, [r4, #8]
10000654:	71a3      	strb	r3, [r4, #6]
10000656:	4b4b      	ldr	r3, [pc, #300]	@ (10000784 <irq_add_shared_handler+0x1d0>)
10000658:	689b      	ldr	r3, [r3, #8]
1000065a:	f843 0029 	str.w	r0, [r3, r9, lsl #2]
1000065e:	f3bf 8f5f 	dmb	sy
10000662:	2300      	movs	r3, #0
10000664:	e8ca 3f8f 	stlb	r3, [sl]
10000668:	9b00      	ldr	r3, [sp, #0]
1000066a:	f383 8810 	msr	PRIMASK, r3
1000066e:	b003      	add	sp, #12
10000670:	e8bd 8ff0 	ldmia.w	sp!, {r4, r5, r6, r7, r8, r9, sl, fp, pc}
10000674:	f020 0e01 	bic.w	lr, r0, #1
10000678:	f89e 1007 	ldrb.w	r1, [lr, #7]
1000067c:	42b1      	cmp	r1, r6
1000067e:	d82e      	bhi.n	100006de <irq_add_shared_handler+0x12a>
10000680:	f44f 4321 	mov.w	r3, #41216	@ 0xa100
10000684:	53eb      	strh	r3, [r5, r7]
10000686:	4b41      	ldr	r3, [pc, #260]	@ (1000078c <irq_add_shared_handler+0x1d8>)
10000688:	1cb9      	adds	r1, r7, #2
1000068a:	4429      	add	r1, r5
1000068c:	3b04      	subs	r3, #4
1000068e:	3704      	adds	r7, #4
10000690:	1a5b      	subs	r3, r3, r1
10000692:	442f      	add	r7, r5
10000694:	f1ae 0104 	sub.w	r1, lr, #4
10000698:	4c3d      	ldr	r4, [pc, #244]	@ (10000790 <irq_add_shared_handler+0x1dc>)
1000069a:	1bc9      	subs	r1, r1, r7
1000069c:	f3c1 014a 	ubfx	r1, r1, #1, #11
100006a0:	4321      	orrs	r1, r4
100006a2:	f8a8 1004 	strh.w	r1, [r8, #4]
100006a6:	f3c3 034a 	ubfx	r3, r3, #1, #11
100006aa:	493a      	ldr	r1, [pc, #232]	@ (10000794 <irq_add_shared_handler+0x1e0>)
100006ac:	4323      	orrs	r3, r4
100006ae:	f8a8 3002 	strh.w	r3, [r8, #2]
100006b2:	f64a 20aa 	movw	r0, #43690	@ 0xaaaa
100006b6:	4673      	mov	r3, lr
100006b8:	1b5b      	subs	r3, r3, r5
100006ba:	415b      	adcs	r3, r3
100006bc:	4358      	muls	r0, r3
100006be:	0d00      	lsrs	r0, r0, #20
100006c0:	f888 6007 	strb.w	r6, [r8, #7]
100006c4:	f888 0006 	strb.w	r0, [r8, #6]
100006c8:	f8c8 b008 	str.w	fp, [r8, #8]
100006cc:	f048 0001 	orr.w	r0, r8, #1
100006d0:	f8ce 1000 	str.w	r1, [lr]
100006d4:	e7bf      	b.n	10000656 <irq_add_shared_handler+0xa2>
100006d6:	79d1      	ldrb	r1, [r2, #7]
100006d8:	42b1      	cmp	r1, r6
100006da:	d92e      	bls.n	1000073a <irq_add_shared_handler+0x186>
100006dc:	4696      	mov	lr, r2
100006de:	f99e c006 	ldrsb.w	ip, [lr, #6]
100006e2:	eb0c 024c 	add.w	r2, ip, ip, lsl #1
100006e6:	f1bc 0f00 	cmp.w	ip, #0
100006ea:	eb05 0282 	add.w	r2, r5, r2, lsl #2
100006ee:	daf2      	bge.n	100006d6 <irq_add_shared_handler+0x122>
100006f0:	f64b 5101 	movw	r1, #48385	@ 0xbd01
100006f4:	f10e 0204 	add.w	r2, lr, #4
100006f8:	f1a8 0704 	sub.w	r7, r8, #4
100006fc:	1abf      	subs	r7, r7, r2
100006fe:	f3c7 074a 	ubfx	r7, r7, #1, #11
10000702:	ea6f 47c7 	mvn.w	r7, r7, lsl #19
10000706:	ea6f 47d7 	mvn.w	r7, r7, lsr #19
1000070a:	f88e 4006 	strb.w	r4, [lr, #6]
1000070e:	eb03 0804 	add.w	r8, r3, r4
10000712:	4c20      	ldr	r4, [pc, #128]	@ (10000794 <irq_add_shared_handler+0x1e0>)
10000714:	eb05 0388 	add.w	r3, r5, r8, lsl #2
10000718:	f8ae 7004 	strh.w	r7, [lr, #4]
1000071c:	f845 4028 	str.w	r4, [r5, r8, lsl #2]
10000720:	8099      	strh	r1, [r3, #4]
10000722:	f883 c006 	strb.w	ip, [r3, #6]
10000726:	71de      	strb	r6, [r3, #7]
10000728:	f8c3 b008 	str.w	fp, [r3, #8]
1000072c:	e793      	b.n	10000656 <irq_add_shared_handler+0xa2>
1000072e:	f000 fea1 	bl	10001474 <hard_assertion_failure>
10000732:	4b12      	ldr	r3, [pc, #72]	@ (1000077c <irq_add_shared_handler+0x1c8>)
10000734:	f993 4000 	ldrsb.w	r4, [r3]
10000738:	e759      	b.n	100005ee <irq_add_shared_handler+0x3a>
1000073a:	4672      	mov	r2, lr
1000073c:	f832 1f04 	ldrh.w	r1, [r2, #4]!
10000740:	0549      	lsls	r1, r1, #21
10000742:	d414      	bmi.n	1000076e <irq_add_shared_handler+0x1ba>
10000744:	1549      	asrs	r1, r1, #21
10000746:	3102      	adds	r1, #2
10000748:	eb02 0141 	add.w	r1, r2, r1, lsl #1
1000074c:	9101      	str	r1, [sp, #4]
1000074e:	f06f 0107 	mvn.w	r1, #7
10000752:	1bc9      	subs	r1, r1, r7
10000754:	9f01      	ldr	r7, [sp, #4]
10000756:	1b49      	subs	r1, r1, r5
10000758:	4439      	add	r1, r7
1000075a:	f3c1 014a 	ubfx	r1, r1, #1, #11
1000075e:	f441 4160 	orr.w	r1, r1, #57344	@ 0xe000
10000762:	e7c9      	b.n	100006f8 <irq_add_shared_handler+0x144>
10000764:	9301      	str	r3, [sp, #4]
10000766:	f000 fe85 	bl	10001474 <hard_assertion_failure>
1000076a:	9b01      	ldr	r3, [sp, #4]
1000076c:	e756      	b.n	1000061c <irq_add_shared_handler+0x68>
1000076e:	f501 11ff 	add.w	r1, r1, #2088960	@ 0x1fe000
10000772:	f501 51ff 	add.w	r1, r1, #8160	@ 0x1fe0
10000776:	311f      	adds	r1, #31
10000778:	e7e4      	b.n	10000744 <irq_add_shared_handler+0x190>
1000077a:	bf00      	nop
1000077c:	20001f98 	.word	0x20001f98
10000780:	2000113c 	.word	0x2000113c
10000784:	e000ed00 	.word	0xe000ed00
10000788:	1000011d 	.word	0x1000011d
1000078c:	2000116c 	.word	0x2000116c
10000790:	ffffe000 	.word	0xffffe000
10000794:	47804801 	.word	0x47804801
10000798:	200016c5 	.word	0x200016c5

1000079c <irq_add_tail_to_free_list>:
1000079c:	b5f0      	push	{r4, r5, r6, r7, lr}
1000079e:	f3ef 8505 	mrs	r5, IPSR
100007a2:	b2ed      	uxtb	r5, r5
100007a4:	f3ef 8c10 	mrs	ip, PRIMASK
100007a8:	b672      	cpsid	i
100007aa:	4926      	ldr	r1, [pc, #152]	@ (10000844 <irq_add_tail_to_free_list+0xa8>)
100007ac:	e8d1 2fcf 	ldaexb	r2, [r1]
100007b0:	2301      	movs	r3, #1
100007b2:	2a00      	cmp	r2, #0
100007b4:	d1fa      	bne.n	100007ac <irq_add_tail_to_free_list+0x10>
100007b6:	e8c1 3f42 	strexb	r2, r3, [r1]
100007ba:	2a00      	cmp	r2, #0
100007bc:	d1f6      	bne.n	100007ac <irq_add_tail_to_free_list+0x10>
100007be:	f3bf 8f5f 	dmb	sy
100007c2:	4e21      	ldr	r6, [pc, #132]	@ (10000848 <irq_add_tail_to_free_list+0xac>)
100007c4:	f040 0e01 	orr.w	lr, r0, #1
100007c8:	68b4      	ldr	r4, [r6, #8]
100007ca:	f64a 23aa 	movw	r3, #43690	@ 0xaaaa
100007ce:	f854 7025 	ldr.w	r7, [r4, r5, lsl #2]
100007d2:	4a1e      	ldr	r2, [pc, #120]	@ (1000084c <irq_add_tail_to_free_list+0xb0>)
100007d4:	4604      	mov	r4, r0
100007d6:	1aa4      	subs	r4, r4, r2
100007d8:	4164      	adcs	r4, r4
100007da:	4363      	muls	r3, r4
100007dc:	0d1b      	lsrs	r3, r3, #20
100007de:	4577      	cmp	r7, lr
100007e0:	b25b      	sxtb	r3, r3
100007e2:	d01b      	beq.n	1000081c <irq_add_tail_to_free_list+0x80>
100007e4:	f992 4006 	ldrsb.w	r4, [r2, #6]
100007e8:	429c      	cmp	r4, r3
100007ea:	d01c      	beq.n	10000826 <irq_add_tail_to_free_list+0x8a>
100007ec:	f992 4012 	ldrsb.w	r4, [r2, #18]
100007f0:	429c      	cmp	r4, r3
100007f2:	d023      	beq.n	1000083c <irq_add_tail_to_free_list+0xa0>
100007f4:	f992 401e 	ldrsb.w	r4, [r2, #30]
100007f8:	429c      	cmp	r4, r3
100007fa:	d021      	beq.n	10000840 <irq_add_tail_to_free_list+0xa4>
100007fc:	f992 402a 	ldrsb.w	r4, [r2, #42]	@ 0x2a
10000800:	429c      	cmp	r4, r3
10000802:	bf08      	it	eq
10000804:	2403      	moveq	r4, #3
10000806:	d00f      	beq.n	10000828 <irq_add_tail_to_free_list+0x8c>
10000808:	4a11      	ldr	r2, [pc, #68]	@ (10000850 <irq_add_tail_to_free_list+0xb4>)
1000080a:	2400      	movs	r4, #0
1000080c:	7815      	ldrb	r5, [r2, #0]
1000080e:	7013      	strb	r3, [r2, #0]
10000810:	7185      	strb	r5, [r0, #6]
10000812:	e8c1 4f8f 	stlb	r4, [r1]
10000816:	f38c 8810 	msr	PRIMASK, ip
1000081a:	bdf0      	pop	{r4, r5, r6, r7, pc}
1000081c:	68b2      	ldr	r2, [r6, #8]
1000081e:	4c0d      	ldr	r4, [pc, #52]	@ (10000854 <irq_add_tail_to_free_list+0xb8>)
10000820:	f842 4025 	str.w	r4, [r2, r5, lsl #2]
10000824:	e7f0      	b.n	10000808 <irq_add_tail_to_free_list+0x6c>
10000826:	2400      	movs	r4, #0
10000828:	eb04 0444 	add.w	r4, r4, r4, lsl #1
1000082c:	eb02 0284 	add.w	r2, r2, r4, lsl #2
10000830:	24ff      	movs	r4, #255	@ 0xff
10000832:	7194      	strb	r4, [r2, #6]
10000834:	f64b 5401 	movw	r4, #48385	@ 0xbd01
10000838:	8094      	strh	r4, [r2, #4]
1000083a:	e7e5      	b.n	10000808 <irq_add_tail_to_free_list+0x6c>
1000083c:	2401      	movs	r4, #1
1000083e:	e7f3      	b.n	10000828 <irq_add_tail_to_free_list+0x8c>
10000840:	2402      	movs	r4, #2
10000842:	e7f1      	b.n	10000828 <irq_add_tail_to_free_list+0x8c>
10000844:	200016c5 	.word	0x200016c5
10000848:	e000ed00 	.word	0xe000ed00
1000084c:	2000113c 	.word	0x2000113c
10000850:	20001f98 	.word	0x20001f98
10000854:	1000011d 	.word	0x1000011d

10000858 <user_irq_claim_unused>:
10000858:	b510      	push	{r4, lr}
1000085a:	4c07      	ldr	r4, [pc, #28]	@ (10000878 <user_irq_claim_unused+0x20>)
1000085c:	b082      	sub	sp, #8
1000085e:	4601      	mov	r1, r0
10000860:	2305      	movs	r3, #5
10000862:	2200      	movs	r2, #0
10000864:	9400      	str	r4, [sp, #0]
10000866:	4805      	ldr	r0, [pc, #20]	@ (1000087c <user_irq_claim_unused+0x24>)
10000868:	f7ff fd94 	bl	10000394 <hw_claim_unused_from_range>
1000086c:	2800      	cmp	r0, #0
1000086e:	bfa8      	it	ge
10000870:	f1c0 0033 	rsbge	r0, r0, #51	@ 0x33
10000874:	b002      	add	sp, #8
10000876:	bd10      	pop	{r4, pc}
10000878:	10005d80 	.word	0x10005d80
1000087c:	20001f9c 	.word	0x20001f9c

10000880 <lock_init>:
10000880:	4b01      	ldr	r3, [pc, #4]	@ (10000888 <lock_init+0x8>)
10000882:	440b      	add	r3, r1
10000884:	6003      	str	r3, [r0, #0]
10000886:	4770      	bx	lr
10000888:	200016bc 	.word	0x200016bc

1000088c <runtime_init_mutex>:
1000088c:	b570      	push	{r4, r5, r6, lr}
1000088e:	4c10      	ldr	r4, [pc, #64]	@ (100008d0 <runtime_init_mutex+0x44>)
10000890:	4d10      	ldr	r5, [pc, #64]	@ (100008d4 <runtime_init_mutex+0x48>)
10000892:	42ac      	cmp	r4, r5
10000894:	d20e      	bcs.n	100008b4 <runtime_init_mutex+0x28>
10000896:	26ff      	movs	r6, #255	@ 0xff
10000898:	6823      	ldr	r3, [r4, #0]
1000089a:	b163      	cbz	r3, 100008b6 <runtime_init_mutex+0x2a>
1000089c:	f7ff fdc8 	bl	10000430 <next_striped_spin_lock_num>
100008a0:	4601      	mov	r1, r0
100008a2:	4620      	mov	r0, r4
100008a4:	f7ff ffec 	bl	10000880 <lock_init>
100008a8:	80a6      	strh	r6, [r4, #4]
100008aa:	f3bf 8f5f 	dmb	sy
100008ae:	3408      	adds	r4, #8
100008b0:	42ac      	cmp	r4, r5
100008b2:	d3f1      	bcc.n	10000898 <runtime_init_mutex+0xc>
100008b4:	bd70      	pop	{r4, r5, r6, pc}
100008b6:	f7ff fdbb 	bl	10000430 <next_striped_spin_lock_num>
100008ba:	4601      	mov	r1, r0
100008bc:	4620      	mov	r0, r4
100008be:	f7ff ffdf 	bl	10000880 <lock_init>
100008c2:	7126      	strb	r6, [r4, #4]
100008c4:	f3bf 8f5f 	dmb	sy
100008c8:	3408      	adds	r4, #8
100008ca:	42ac      	cmp	r4, r5
100008cc:	d3e4      	bcc.n	10000898 <runtime_init_mutex+0xc>
100008ce:	bd70      	pop	{r4, r5, r6, pc}
100008d0:	200011d4 	.word	0x200011d4
100008d4:	200011dc 	.word	0x200011dc

100008d8 <mutex_init>:
100008d8:	b510      	push	{r4, lr}
100008da:	4604      	mov	r4, r0
100008dc:	f7ff fda8 	bl	10000430 <next_striped_spin_lock_num>
100008e0:	4601      	mov	r1, r0
100008e2:	4620      	mov	r0, r4
100008e4:	f7ff ffcc 	bl	10000880 <lock_init>
100008e8:	23ff      	movs	r3, #255	@ 0xff
100008ea:	7123      	strb	r3, [r4, #4]
100008ec:	f3bf 8f5f 	dmb	sy
100008f0:	bd10      	pop	{r4, pc}
100008f2:	bf00      	nop

100008f4 <critical_section_init>:
100008f4:	b510      	push	{r4, lr}
100008f6:	4604      	mov	r4, r0
100008f8:	2001      	movs	r0, #1
100008fa:	f7ff fda5 	bl	10000448 <spin_lock_claim_unused>
100008fe:	4b03      	ldr	r3, [pc, #12]	@ (1000090c <critical_section_init+0x18>)
10000900:	4403      	add	r3, r0
10000902:	6023      	str	r3, [r4, #0]
10000904:	f3bf 8f5f 	dmb	sy
10000908:	bd10      	pop	{r4, pc}
1000090a:	bf00      	nop
1000090c:	200016bc 	.word	0x200016bc

10000910 <critical_section_init_with_lock_num>:
10000910:	4b02      	ldr	r3, [pc, #8]	@ (1000091c <critical_section_init_with_lock_num+0xc>)
10000912:	440b      	add	r3, r1
10000914:	6003      	str	r3, [r0, #0]
10000916:	f3bf 8f5f 	dmb	sy
1000091a:	4770      	bx	lr
1000091c:	200016bc 	.word	0x200016bc

10000920 <sleep_until_callback>:
10000920:	4b0d      	ldr	r3, [pc, #52]	@ (10000958 <sleep_until_callback+0x38>)
10000922:	681a      	ldr	r2, [r3, #0]
10000924:	f3ef 8110 	mrs	r1, PRIMASK
10000928:	b672      	cpsid	i
1000092a:	e8d2 cfcf 	ldaexb	ip, [r2]
1000092e:	2001      	movs	r0, #1
10000930:	f1bc 0f00 	cmp.w	ip, #0
10000934:	d1f9      	bne.n	1000092a <sleep_until_callback+0xa>
10000936:	e8c2 0f4c 	strexb	ip, r0, [r2]
1000093a:	f1bc 0f00 	cmp.w	ip, #0
1000093e:	d1f4      	bne.n	1000092a <sleep_until_callback+0xa>
10000940:	f3bf 8f5f 	dmb	sy
10000944:	2200      	movs	r2, #0
10000946:	681b      	ldr	r3, [r3, #0]
10000948:	e8c3 2f8f 	stlb	r2, [r3]
1000094c:	f381 8810 	msr	PRIMASK, r1
10000950:	bf40      	sev
10000952:	2000      	movs	r0, #0
10000954:	2100      	movs	r1, #0
10000956:	4770      	bx	lr
10000958:	20001f78 	.word	0x20001f78
1000095c:	00000000 	.word	0x00000000

10000960 <alarm_pool_irq_handler>:
10000960:	e92d 4ff0 	stmdb	sp!, {r4, r5, r6, r7, r8, r9, sl, fp, lr}
10000964:	ed2d 8b02 	vpush	{d8}
10000968:	b085      	sub	sp, #20
1000096a:	f3ef 8305 	mrs	r3, IPSR
1000096e:	b2db      	uxtb	r3, r3
10000970:	3b10      	subs	r3, #16
10000972:	089a      	lsrs	r2, r3, #2
10000974:	bf18      	it	ne
10000976:	2201      	movne	r2, #1
10000978:	f04f 0101 	mov.w	r1, #1
1000097c:	f003 0003 	and.w	r0, r3, #3
10000980:	bf18      	it	ne
10000982:	4daf      	ldrne	r5, [pc, #700]	@ (10000c40 <alarm_pool_irq_handler+0x2e0>)
10000984:	4baf      	ldr	r3, [pc, #700]	@ (10000c44 <alarm_pool_irq_handler+0x2e4>)
10000986:	bf08      	it	eq
10000988:	4daf      	ldreq	r5, [pc, #700]	@ (10000c48 <alarm_pool_irq_handler+0x2e8>)
1000098a:	eb00 0282 	add.w	r2, r0, r2, lsl #2
1000098e:	f853 6022 	ldr.w	r6, [r3, r2, lsl #2]
10000992:	fa01 fb00 	lsl.w	fp, r1, r0
10000996:	f505 5341 	add.w	r3, r5, #12352	@ 0x3040
1000099a:	ed9f 8ba7 	vldr	d8, [pc, #668]	@ 10000c38 <alarm_pool_irq_handler+0x2d8>
1000099e:	9001      	str	r0, [sp, #4]
100009a0:	f8c3 b004 	str.w	fp, [r3, #4]
100009a4:	e02e      	b.n	10000a04 <alarm_pool_irq_handler+0xa4>
100009a6:	88b3      	ldrh	r3, [r6, #4]
100009a8:	0418      	lsls	r0, r3, #16
100009aa:	f140 8092 	bpl.w	10000ad2 <alarm_pool_irq_handler+0x172>
100009ae:	79b3      	ldrb	r3, [r6, #6]
100009b0:	2b00      	cmp	r3, #0
100009b2:	f040 80dc 	bne.w	10000b6e <alarm_pool_irq_handler+0x20e>
100009b6:	f9b6 1008 	ldrsh.w	r1, [r6, #8]
100009ba:	2900      	cmp	r1, #0
100009bc:	f2c0 811d 	blt.w	10000bfa <alarm_pool_irq_handler+0x29a>
100009c0:	6973      	ldr	r3, [r6, #20]
100009c2:	eb01 0141 	add.w	r1, r1, r1, lsl #1
100009c6:	eb03 03c1 	add.w	r3, r3, r1, lsl #3
100009ca:	e9d3 4702 	ldrd	r4, r7, [r3, #8]
100009ce:	f1b7 3fff 	cmp.w	r7, #4294967295	@ 0xffffffff
100009d2:	bf08      	it	eq
100009d4:	f1b4 3fff 	cmpeq.w	r4, #4294967295	@ 0xffffffff
100009d8:	d00d      	beq.n	100009f6 <alarm_pool_irq_handler+0x96>
100009da:	9b01      	ldr	r3, [sp, #4]
100009dc:	eb05 0183 	add.w	r1, r5, r3, lsl #2
100009e0:	6aab      	ldr	r3, [r5, #40]	@ 0x28
100009e2:	690a      	ldr	r2, [r1, #16]
100009e4:	1ad2      	subs	r2, r2, r3
100009e6:	1ae3      	subs	r3, r4, r3
100009e8:	4293      	cmp	r3, r2
100009ea:	d303      	bcc.n	100009f4 <alarm_pool_irq_handler+0x94>
100009ec:	6a2b      	ldr	r3, [r5, #32]
100009ee:	ea13 0f0b 	tst.w	r3, fp
100009f2:	d100      	bne.n	100009f6 <alarm_pool_irq_handler+0x96>
100009f4:	610c      	str	r4, [r1, #16]
100009f6:	4628      	mov	r0, r5
100009f8:	f000 fba6 	bl	10001148 <timer_time_us_64>
100009fc:	42a0      	cmp	r0, r4
100009fe:	41b9      	sbcs	r1, r7
10000a00:	f2c0 80fb 	blt.w	10000bfa <alarm_pool_irq_handler+0x29a>
10000a04:	f9b6 3008 	ldrsh.w	r3, [r6, #8]
10000a08:	f8c5 b03c 	str.w	fp, [r5, #60]	@ 0x3c
10000a0c:	2b00      	cmp	r3, #0
10000a0e:	9300      	str	r3, [sp, #0]
10000a10:	dbc9      	blt.n	100009a6 <alarm_pool_irq_handler+0x46>
10000a12:	f8d6 9014 	ldr.w	r9, [r6, #20]
10000a16:	eb03 0a43 	add.w	sl, r3, r3, lsl #1
10000a1a:	4628      	mov	r0, r5
10000a1c:	eb09 07ca 	add.w	r7, r9, sl, lsl #3
10000a20:	e9d7 4802 	ldrd	r4, r8, [r7, #8]
10000a24:	f000 fb90 	bl	10001148 <timer_time_us_64>
10000a28:	42a0      	cmp	r0, r4
10000a2a:	eb71 0108 	sbcs.w	r1, r1, r8
10000a2e:	dbba      	blt.n	100009a6 <alarm_pool_irq_handler+0x46>
10000a30:	f1b8 0f00 	cmp.w	r8, #0
10000a34:	f2c0 80c3 	blt.w	10000bbe <alarm_pool_irq_handler+0x25e>
10000a38:	e9d7 3104 	ldrd	r3, r1, [r7, #16]
10000a3c:	4a83      	ldr	r2, [pc, #524]	@ (10000c4c <alarm_pool_irq_handler+0x2ec>)
10000a3e:	4293      	cmp	r3, r2
10000a40:	f000 80ed 	beq.w	10000c1e <alarm_pool_irq_handler+0x2be>
10000a44:	887a      	ldrh	r2, [r7, #2]
10000a46:	f9b6 0008 	ldrsh.w	r0, [r6, #8]
10000a4a:	b292      	uxth	r2, r2
10000a4c:	ea42 4000 	orr.w	r0, r2, r0, lsl #16
10000a50:	4798      	blx	r3
10000a52:	4602      	mov	r2, r0
10000a54:	460b      	mov	r3, r1
10000a56:	ea52 0103 	orrs.w	r1, r2, r3
10000a5a:	f000 80b0 	beq.w	10000bbe <alarm_pool_irq_handler+0x25e>
10000a5e:	2b00      	cmp	r3, #0
10000a60:	f280 80d1 	bge.w	10000c06 <alarm_pool_irq_handler+0x2a6>
10000a64:	ebb4 0e02 	subs.w	lr, r4, r2
10000a68:	eb68 0803 	sbc.w	r8, r8, r3
10000a6c:	f939 303a 	ldrsh.w	r3, [r9, sl, lsl #3]
10000a70:	e9c7 e802 	strd	lr, r8, [r7, #8]
10000a74:	2b00      	cmp	r3, #0
10000a76:	db96      	blt.n	100009a6 <alarm_pool_irq_handler+0x46>
10000a78:	6971      	ldr	r1, [r6, #20]
10000a7a:	eb03 0243 	add.w	r2, r3, r3, lsl #1
10000a7e:	eb01 02c2 	add.w	r2, r1, r2, lsl #3
10000a82:	e9d2 7002 	ldrd	r7, r0, [r2, #8]
10000a86:	45be      	cmp	lr, r7
10000a88:	eb78 0c00 	sbcs.w	ip, r8, r0
10000a8c:	ea4f 0243 	mov.w	r2, r3, lsl #1
10000a90:	db89      	blt.n	100009a6 <alarm_pool_irq_handler+0x46>
10000a92:	46b4      	mov	ip, r6
10000a94:	f82c 3f08 	strh.w	r3, [ip, #8]!
10000a98:	e00b      	b.n	10000ab2 <alarm_pool_irq_handler+0x152>
10000a9a:	f931 3032 	ldrsh.w	r3, [r1, r2, lsl #3]
10000a9e:	46a4      	mov	ip, r4
10000aa0:	2b00      	cmp	r3, #0
10000aa2:	db0d      	blt.n	10000ac0 <alarm_pool_irq_handler+0x160>
10000aa4:	eb03 0043 	add.w	r0, r3, r3, lsl #1
10000aa8:	eb01 00c0 	add.w	r0, r1, r0, lsl #3
10000aac:	005a      	lsls	r2, r3, #1
10000aae:	e9d0 7002 	ldrd	r7, r0, [r0, #8]
10000ab2:	45be      	cmp	lr, r7
10000ab4:	441a      	add	r2, r3
10000ab6:	eb78 0000 	sbcs.w	r0, r8, r0
10000aba:	eb01 04c2 	add.w	r4, r1, r2, lsl #3
10000abe:	daec      	bge.n	10000a9a <alarm_pool_irq_handler+0x13a>
10000ac0:	f829 303a 	strh.w	r3, [r9, sl, lsl #3]
10000ac4:	9b00      	ldr	r3, [sp, #0]
10000ac6:	f8ac 3000 	strh.w	r3, [ip]
10000aca:	88b3      	ldrh	r3, [r6, #4]
10000acc:	0418      	lsls	r0, r3, #16
10000ace:	f53f af6e 	bmi.w	100009ae <alarm_pool_irq_handler+0x4e>
10000ad2:	6933      	ldr	r3, [r6, #16]
10000ad4:	f3ef 8210 	mrs	r2, PRIMASK
10000ad8:	b672      	cpsid	i
10000ada:	e8d3 0fcf 	ldaexb	r0, [r3]
10000ade:	2101      	movs	r1, #1
10000ae0:	2800      	cmp	r0, #0
10000ae2:	d1fa      	bne.n	10000ada <alarm_pool_irq_handler+0x17a>
10000ae4:	e8c3 1f40 	strexb	r0, r1, [r3]
10000ae8:	2800      	cmp	r0, #0
10000aea:	d1f6      	bne.n	10000ada <alarm_pool_irq_handler+0x17a>
10000aec:	f3bf 8f5f 	dmb	sy
10000af0:	f64f 74ff 	movw	r4, #65535	@ 0xffff
10000af4:	88b0      	ldrh	r0, [r6, #4]
10000af6:	2300      	movs	r3, #0
10000af8:	6931      	ldr	r1, [r6, #16]
10000afa:	b200      	sxth	r0, r0
10000afc:	80b4      	strh	r4, [r6, #4]
10000afe:	e8c1 3f8f 	stlb	r3, [r1]
10000b02:	f382 8810 	msr	PRIMASK, r2
10000b06:	4298      	cmp	r0, r3
10000b08:	f6ff af51 	blt.w	100009ae <alarm_pool_irq_handler+0x4e>
10000b0c:	4607      	mov	r7, r0
10000b0e:	46a9      	mov	r9, r5
10000b10:	6974      	ldr	r4, [r6, #20]
10000b12:	f106 0808 	add.w	r8, r6, #8
10000b16:	eb07 0e47 	add.w	lr, r7, r7, lsl #1
10000b1a:	eb04 03ce 	add.w	r3, r4, lr, lsl #3
10000b1e:	e9d3 5002 	ldrd	r5, r0, [r3, #8]
10000b22:	f9b6 3008 	ldrsh.w	r3, [r6, #8]
10000b26:	46c4      	mov	ip, r8
10000b28:	2b00      	cmp	r3, #0
10000b2a:	db13      	blt.n	10000b54 <alarm_pool_irq_handler+0x1f4>
10000b2c:	46b2      	mov	sl, r6
10000b2e:	9700      	str	r7, [sp, #0]
10000b30:	e004      	b.n	10000b3c <alarm_pool_irq_handler+0x1dc>
10000b32:	f934 3036 	ldrsh.w	r3, [r4, r6, lsl #3]
10000b36:	4694      	mov	ip, r2
10000b38:	2b00      	cmp	r3, #0
10000b3a:	db09      	blt.n	10000b50 <alarm_pool_irq_handler+0x1f0>
10000b3c:	eb03 0643 	add.w	r6, r3, r3, lsl #1
10000b40:	eb04 02c6 	add.w	r2, r4, r6, lsl #3
10000b44:	e9d2 7102 	ldrd	r7, r1, [r2, #8]
10000b48:	42bd      	cmp	r5, r7
10000b4a:	eb70 0101 	sbcs.w	r1, r0, r1
10000b4e:	daf0      	bge.n	10000b32 <alarm_pool_irq_handler+0x1d2>
10000b50:	4656      	mov	r6, sl
10000b52:	9f00      	ldr	r7, [sp, #0]
10000b54:	f8ac 7000 	strh.w	r7, [ip]
10000b58:	f934 703e 	ldrsh.w	r7, [r4, lr, lsl #3]
10000b5c:	f824 303e 	strh.w	r3, [r4, lr, lsl #3]
10000b60:	2f00      	cmp	r7, #0
10000b62:	dad8      	bge.n	10000b16 <alarm_pool_irq_handler+0x1b6>
10000b64:	79b3      	ldrb	r3, [r6, #6]
10000b66:	464d      	mov	r5, r9
10000b68:	2b00      	cmp	r3, #0
10000b6a:	f43f af24 	beq.w	100009b6 <alarm_pool_irq_handler+0x56>
10000b6e:	2300      	movs	r3, #0
10000b70:	71b3      	strb	r3, [r6, #6]
10000b72:	f9b6 3008 	ldrsh.w	r3, [r6, #8]
10000b76:	f106 0808 	add.w	r8, r6, #8
10000b7a:	1c59      	adds	r1, r3, #1
10000b7c:	d03d      	beq.n	10000bfa <alarm_pool_irq_handler+0x29a>
10000b7e:	4619      	mov	r1, r3
10000b80:	6977      	ldr	r7, [r6, #20]
10000b82:	e003      	b.n	10000b8c <alarm_pool_irq_handler+0x22c>
10000b84:	4680      	mov	r8, r0
10000b86:	1c5a      	adds	r2, r3, #1
10000b88:	f43f af17 	beq.w	100009ba <alarm_pool_irq_handler+0x5a>
10000b8c:	eb03 0243 	add.w	r2, r3, r3, lsl #1
10000b90:	eb07 00c2 	add.w	r0, r7, r2, lsl #3
10000b94:	f8b0 c002 	ldrh.w	ip, [r0, #2]
10000b98:	461c      	mov	r4, r3
10000b9a:	f41c 4f00 	tst.w	ip, #32768	@ 0x8000
10000b9e:	469e      	mov	lr, r3
10000ba0:	f937 3032 	ldrsh.w	r3, [r7, r2, lsl #3]
10000ba4:	d0ee      	beq.n	10000b84 <alarm_pool_irq_handler+0x224>
10000ba6:	428c      	cmp	r4, r1
10000ba8:	ed80 8b02 	vstr	d8, [r0, #8]
10000bac:	d005      	beq.n	10000bba <alarm_pool_irq_handler+0x25a>
10000bae:	f8a8 3000 	strh.w	r3, [r8]
10000bb2:	8931      	ldrh	r1, [r6, #8]
10000bb4:	f827 1032 	strh.w	r1, [r7, r2, lsl #3]
10000bb8:	8134      	strh	r4, [r6, #8]
10000bba:	4671      	mov	r1, lr
10000bbc:	e7e3      	b.n	10000b86 <alarm_pool_irq_handler+0x226>
10000bbe:	f839 303a 	ldrh.w	r3, [r9, sl, lsl #3]
10000bc2:	8133      	strh	r3, [r6, #8]
10000bc4:	6933      	ldr	r3, [r6, #16]
10000bc6:	f3ef 8210 	mrs	r2, PRIMASK
10000bca:	b672      	cpsid	i
10000bcc:	e8d3 0fcf 	ldaexb	r0, [r3]
10000bd0:	2101      	movs	r1, #1
10000bd2:	2800      	cmp	r0, #0
10000bd4:	d1fa      	bne.n	10000bcc <alarm_pool_irq_handler+0x26c>
10000bd6:	e8c3 1f40 	strexb	r0, r1, [r3]
10000bda:	2800      	cmp	r0, #0
10000bdc:	d1f6      	bne.n	10000bcc <alarm_pool_irq_handler+0x26c>
10000bde:	f3bf 8f5f 	dmb	sy
10000be2:	8873      	ldrh	r3, [r6, #2]
10000be4:	6931      	ldr	r1, [r6, #16]
10000be6:	f829 303a 	strh.w	r3, [r9, sl, lsl #3]
10000bea:	9b00      	ldr	r3, [sp, #0]
10000bec:	8073      	strh	r3, [r6, #2]
10000bee:	2300      	movs	r3, #0
10000bf0:	e8c1 3f8f 	stlb	r3, [r1]
10000bf4:	f382 8810 	msr	PRIMASK, r2
10000bf8:	e6d5      	b.n	100009a6 <alarm_pool_irq_handler+0x46>
10000bfa:	bf40      	sev
10000bfc:	b005      	add	sp, #20
10000bfe:	ecbd 8b02 	vpop	{d8}
10000c02:	e8bd 8ff0 	ldmia.w	sp!, {r4, r5, r6, r7, r8, r9, sl, fp, pc}
10000c06:	4628      	mov	r0, r5
10000c08:	e9cd 2302 	strd	r2, r3, [sp, #8]
10000c0c:	f000 fa9c 	bl	10001148 <timer_time_us_64>
10000c10:	9a02      	ldr	r2, [sp, #8]
10000c12:	9b03      	ldr	r3, [sp, #12]
10000c14:	eb10 0e02 	adds.w	lr, r0, r2
10000c18:	eb43 0801 	adc.w	r8, r3, r1
10000c1c:	e726      	b.n	10000a6c <alarm_pool_irq_handler+0x10c>
10000c1e:	4608      	mov	r0, r1
10000c20:	690b      	ldr	r3, [r1, #16]
10000c22:	9102      	str	r1, [sp, #8]
10000c24:	4798      	blx	r3
10000c26:	2800      	cmp	r0, #0
10000c28:	d0c9      	beq.n	10000bbe <alarm_pool_irq_handler+0x25e>
10000c2a:	9902      	ldr	r1, [sp, #8]
10000c2c:	e9d1 2300 	ldrd	r2, r3, [r1]
10000c30:	e711      	b.n	10000a56 <alarm_pool_irq_handler+0xf6>
10000c32:	bf00      	nop
10000c34:	f3af 8000 	nop.w
10000c38:	ffffffff 	.word	0xffffffff
10000c3c:	ffffffff 	.word	0xffffffff
10000c40:	400b8000 	.word	0x400b8000
10000c44:	20001f50 	.word	0x20001f50
10000c48:	400b0000 	.word	0x400b0000
10000c4c:	10000961 	.word	0x10000961

10000c50 <runtime_init_default_alarm_pool>:
10000c50:	e92d 4ff8 	stmdb	sp!, {r3, r4, r5, r6, r7, r8, r9, sl, fp, lr}
10000c54:	4c36      	ldr	r4, [pc, #216]	@ (10000d30 <runtime_init_default_alarm_pool+0xe0>)
10000c56:	6925      	ldr	r5, [r4, #16]
10000c58:	b12d      	cbz	r5, 10000c66 <runtime_init_default_alarm_pool+0x16>
10000c5a:	e8bd 4ff8 	ldmia.w	sp!, {r3, r4, r5, r6, r7, r8, r9, sl, fp, lr}
10000c5e:	210a      	movs	r1, #10
10000c60:	4834      	ldr	r0, [pc, #208]	@ (10000d34 <runtime_init_default_alarm_pool+0xe4>)
10000c62:	f7ff be0d 	b.w	10000880 <lock_init>
10000c66:	f8df 80e4 	ldr.w	r8, [pc, #228]	@ 10000d4c <runtime_init_default_alarm_pool+0xfc>
10000c6a:	2103      	movs	r1, #3
10000c6c:	4640      	mov	r0, r8
10000c6e:	f000 fa59 	bl	10001124 <timer_hardware_alarm_claim>
10000c72:	2603      	movs	r6, #3
10000c74:	f8c4 800c 	str.w	r8, [r4, #12]
10000c78:	f7ff fbda 	bl	10000430 <next_striped_spin_lock_num>
10000c7c:	f04f 4c50 	mov.w	ip, #3489660928	@ 0xd0000000
10000c80:	4b2d      	ldr	r3, [pc, #180]	@ (10000d38 <runtime_init_default_alarm_pool+0xe8>)
10000c82:	7026      	strb	r6, [r4, #0]
10000c84:	4403      	add	r3, r0
10000c86:	6123      	str	r3, [r4, #16]
10000c88:	f8dc 3000 	ldr.w	r3, [ip]
10000c8c:	210f      	movs	r1, #15
10000c8e:	7063      	strb	r3, [r4, #1]
10000c90:	6963      	ldr	r3, [r4, #20]
10000c92:	8061      	strh	r1, [r4, #2]
10000c94:	831d      	strh	r5, [r3, #24]
10000c96:	f04f 0504 	mov.w	r5, #4
10000c9a:	f8a3 5078 	strh.w	r5, [r3, #120]	@ 0x78
10000c9e:	f04f 0505 	mov.w	r5, #5
10000ca2:	f8a3 5090 	strh.w	r5, [r3, #144]	@ 0x90
10000ca6:	f04f 0506 	mov.w	r5, #6
10000caa:	f8a3 50a8 	strh.w	r5, [r3, #168]	@ 0xa8
10000cae:	f04f 0507 	mov.w	r5, #7
10000cb2:	210e      	movs	r1, #14
10000cb4:	f64f 72ff 	movw	r2, #65535	@ 0xffff
10000cb8:	2708      	movs	r7, #8
10000cba:	f04f 0e0a 	mov.w	lr, #10
10000cbe:	f8a3 50c0 	strh.w	r5, [r3, #192]	@ 0xc0
10000cc2:	f04f 0901 	mov.w	r9, #1
10000cc6:	f04f 0c0c 	mov.w	ip, #12
10000cca:	f04f 0b02 	mov.w	fp, #2
10000cce:	f04f 0a09 	mov.w	sl, #9
10000cd2:	200d      	movs	r0, #13
10000cd4:	f04f 050b 	mov.w	r5, #11
10000cd8:	f8a3 1168 	strh.w	r1, [r3, #360]	@ 0x168
10000cdc:	4917      	ldr	r1, [pc, #92]	@ (10000d3c <runtime_init_default_alarm_pool+0xec>)
10000cde:	80a2      	strh	r2, [r4, #4]
10000ce0:	f8a3 e108 	strh.w	lr, [r3, #264]	@ 0x108
10000ce4:	60a1      	str	r1, [r4, #8]
10000ce6:	f8a3 b048 	strh.w	fp, [r3, #72]	@ 0x48
10000cea:	f8a3 a0f0 	strh.w	sl, [r3, #240]	@ 0xf0
10000cee:	f8a3 5120 	strh.w	r5, [r3, #288]	@ 0x120
10000cf2:	f8a3 c138 	strh.w	ip, [r3, #312]	@ 0x138
10000cf6:	f8a3 0150 	strh.w	r0, [r3, #336]	@ 0x150
10000cfa:	f8a3 9030 	strh.w	r9, [r3, #48]	@ 0x30
10000cfe:	f8a3 6060 	strh.w	r6, [r3, #96]	@ 0x60
10000d02:	f8a3 70d8 	strh.w	r7, [r3, #216]	@ 0xd8
10000d06:	801a      	strh	r2, [r3, #0]
10000d08:	4b0d      	ldr	r3, [pc, #52]	@ (10000d40 <runtime_init_default_alarm_pool+0xf0>)
10000d0a:	4630      	mov	r0, r6
10000d0c:	f8c8 7020 	str.w	r7, [r8, #32]
10000d10:	490c      	ldr	r1, [pc, #48]	@ (10000d44 <runtime_init_default_alarm_pool+0xf4>)
10000d12:	60dc      	str	r4, [r3, #12]
10000d14:	f7ff fc1e 	bl	10000554 <irq_set_exclusive_handler>
10000d18:	4649      	mov	r1, r9
10000d1a:	4630      	mov	r0, r6
10000d1c:	f7ff fbd8 	bl	100004d0 <irq_set_enabled>
10000d20:	4b09      	ldr	r3, [pc, #36]	@ (10000d48 <runtime_init_default_alarm_pool+0xf8>)
10000d22:	210a      	movs	r1, #10
10000d24:	641f      	str	r7, [r3, #64]	@ 0x40
10000d26:	4803      	ldr	r0, [pc, #12]	@ (10000d34 <runtime_init_default_alarm_pool+0xe4>)
10000d28:	e8bd 4ff8 	ldmia.w	sp!, {r3, r4, r5, r6, r7, r8, r9, sl, fp, lr}
10000d2c:	f7ff bda8 	b.w	10000880 <lock_init>
10000d30:	20001184 	.word	0x20001184
10000d34:	20001f78 	.word	0x20001f78
10000d38:	200016bc 	.word	0x200016bc
10000d3c:	0010ffff 	.word	0x0010ffff
10000d40:	20001f50 	.word	0x20001f50
10000d44:	10000961 	.word	0x10000961
10000d48:	400b2000 	.word	0x400b2000
10000d4c:	400b0000 	.word	0x400b0000

10000d50 <alarm_pool_get_default>:
10000d50:	4800      	ldr	r0, [pc, #0]	@ (10000d54 <alarm_pool_get_default+0x4>)
10000d52:	4770      	bx	lr
10000d54:	20001184 	.word	0x20001184

10000d58 <alarm_pool_add_alarm_at>:
10000d58:	b5f8      	push	{r3, r4, r5, r6, r7, lr}
10000d5a:	f89d 7020 	ldrb.w	r7, [sp, #32]
10000d5e:	4604      	mov	r4, r0
10000d60:	4616      	mov	r6, r2
10000d62:	461d      	mov	r5, r3
10000d64:	b937      	cbnz	r7, 10000d74 <alarm_pool_add_alarm_at+0x1c>
10000d66:	f000 f9f7 	bl	10001158 <time_us_64>
10000d6a:	4286      	cmp	r6, r0
10000d6c:	eb65 0101 	sbc.w	r1, r5, r1
10000d70:	2900      	cmp	r1, #0
10000d72:	db5c      	blt.n	10000e2e <alarm_pool_add_alarm_at+0xd6>
10000d74:	6923      	ldr	r3, [r4, #16]
10000d76:	f3ef 8710 	mrs	r7, PRIMASK
10000d7a:	b672      	cpsid	i
10000d7c:	e8d3 1fcf 	ldaexb	r1, [r3]
10000d80:	2201      	movs	r2, #1
10000d82:	2900      	cmp	r1, #0
10000d84:	d1fa      	bne.n	10000d7c <alarm_pool_add_alarm_at+0x24>
10000d86:	e8c3 2f41 	strexb	r1, r2, [r3]
10000d8a:	2900      	cmp	r1, #0
10000d8c:	d1f6      	bne.n	10000d7c <alarm_pool_add_alarm_at+0x24>
10000d8e:	f3bf 8f5f 	dmb	sy
10000d92:	f9b4 c002 	ldrsh.w	ip, [r4, #2]
10000d96:	6963      	ldr	r3, [r4, #20]
10000d98:	eb0c 014c 	add.w	r1, ip, ip, lsl #1
10000d9c:	f1bc 0f00 	cmp.w	ip, #0
10000da0:	ea4f 02c1 	mov.w	r2, r1, lsl #3
10000da4:	eb03 01c1 	add.w	r1, r3, r1, lsl #3
10000da8:	db38      	blt.n	10000e1c <alarm_pool_add_alarm_at+0xc4>
10000daa:	5a98      	ldrh	r0, [r3, r2]
10000dac:	f04f 0e00 	mov.w	lr, #0
10000db0:	8060      	strh	r0, [r4, #2]
10000db2:	6920      	ldr	r0, [r4, #16]
10000db4:	e8c0 ef8f 	stlb	lr, [r0]
10000db8:	f387 8810 	msr	PRIMASK, r7
10000dbc:	9806      	ldr	r0, [sp, #24]
10000dbe:	e9c1 6502 	strd	r6, r5, [r1, #8]
10000dc2:	6108      	str	r0, [r1, #16]
10000dc4:	9807      	ldr	r0, [sp, #28]
10000dc6:	6148      	str	r0, [r1, #20]
10000dc8:	8848      	ldrh	r0, [r1, #2]
10000dca:	3001      	adds	r0, #1
10000dcc:	f3c0 000e 	ubfx	r0, r0, #0, #15
10000dd0:	2801      	cmp	r0, #1
10000dd2:	bf38      	it	cc
10000dd4:	2001      	movcc	r0, #1
10000dd6:	8048      	strh	r0, [r1, #2]
10000dd8:	ea40 400c 	orr.w	r0, r0, ip, lsl #16
10000ddc:	6921      	ldr	r1, [r4, #16]
10000dde:	f3ef 8510 	mrs	r5, PRIMASK
10000de2:	b672      	cpsid	i
10000de4:	e8d1 7fcf 	ldaexb	r7, [r1]
10000de8:	2601      	movs	r6, #1
10000dea:	2f00      	cmp	r7, #0
10000dec:	d1fa      	bne.n	10000de4 <alarm_pool_add_alarm_at+0x8c>
10000dee:	e8c1 6f47 	strexb	r7, r6, [r1]
10000df2:	2f00      	cmp	r7, #0
10000df4:	d1f6      	bne.n	10000de4 <alarm_pool_add_alarm_at+0x8c>
10000df6:	f3bf 8f5f 	dmb	sy
10000dfa:	88a1      	ldrh	r1, [r4, #4]
10000dfc:	5299      	strh	r1, [r3, r2]
10000dfe:	f8a4 c004 	strh.w	ip, [r4, #4]
10000e02:	6923      	ldr	r3, [r4, #16]
10000e04:	e8c3 ef8f 	stlb	lr, [r3]
10000e08:	f385 8810 	msr	PRIMASK, r5
10000e0c:	2201      	movs	r2, #1
10000e0e:	68e3      	ldr	r3, [r4, #12]
10000e10:	7821      	ldrb	r1, [r4, #0]
10000e12:	f503 5301 	add.w	r3, r3, #8256	@ 0x2040
10000e16:	408a      	lsls	r2, r1
10000e18:	605a      	str	r2, [r3, #4]
10000e1a:	bdf8      	pop	{r3, r4, r5, r6, r7, pc}
10000e1c:	2300      	movs	r3, #0
10000e1e:	6922      	ldr	r2, [r4, #16]
10000e20:	e8c2 3f8f 	stlb	r3, [r2]
10000e24:	f387 8810 	msr	PRIMASK, r7
10000e28:	f04f 30ff 	mov.w	r0, #4294967295	@ 0xffffffff
10000e2c:	bdf8      	pop	{r3, r4, r5, r6, r7, pc}
10000e2e:	4638      	mov	r0, r7
10000e30:	bdf8      	pop	{r3, r4, r5, r6, r7, pc}
10000e32:	bf00      	nop

10000e34 <alarm_pool_add_alarm_at_force_in_context>:
10000e34:	4601      	mov	r1, r0
10000e36:	b5f0      	push	{r4, r5, r6, r7, lr}
10000e38:	6900      	ldr	r0, [r0, #16]
10000e3a:	f3ef 8710 	mrs	r7, PRIMASK
10000e3e:	b672      	cpsid	i
10000e40:	e8d0 5fcf 	ldaexb	r5, [r0]
10000e44:	2401      	movs	r4, #1
10000e46:	2d00      	cmp	r5, #0
10000e48:	d1fa      	bne.n	10000e40 <alarm_pool_add_alarm_at_force_in_context+0xc>
10000e4a:	e8c0 4f45 	strexb	r5, r4, [r0]
10000e4e:	2d00      	cmp	r5, #0
10000e50:	d1f6      	bne.n	10000e40 <alarm_pool_add_alarm_at_force_in_context+0xc>
10000e52:	f3bf 8f5f 	dmb	sy
10000e56:	f9b1 e002 	ldrsh.w	lr, [r1, #2]
10000e5a:	694c      	ldr	r4, [r1, #20]
10000e5c:	eb0e 0c4e 	add.w	ip, lr, lr, lsl #1
10000e60:	f1be 0f00 	cmp.w	lr, #0
10000e64:	ea4f 05cc 	mov.w	r5, ip, lsl #3
10000e68:	eb04 0ccc 	add.w	ip, r4, ip, lsl #3
10000e6c:	db3d      	blt.n	10000eea <alarm_pool_add_alarm_at_force_in_context+0xb6>
10000e6e:	5b60      	ldrh	r0, [r4, r5]
10000e70:	2600      	movs	r6, #0
10000e72:	8048      	strh	r0, [r1, #2]
10000e74:	6908      	ldr	r0, [r1, #16]
10000e76:	e8c0 6f8f 	stlb	r6, [r0]
10000e7a:	f387 8810 	msr	PRIMASK, r7
10000e7e:	f8bc 0002 	ldrh.w	r0, [ip, #2]
10000e82:	e9cc 2302 	strd	r2, r3, [ip, #8]
10000e86:	3001      	adds	r0, #1
10000e88:	f3c0 000e 	ubfx	r0, r0, #0, #15
10000e8c:	2801      	cmp	r0, #1
10000e8e:	bf38      	it	cc
10000e90:	2001      	movcc	r0, #1
10000e92:	9b05      	ldr	r3, [sp, #20]
10000e94:	f8ac 0002 	strh.w	r0, [ip, #2]
10000e98:	f8cc 3010 	str.w	r3, [ip, #16]
10000e9c:	9b06      	ldr	r3, [sp, #24]
10000e9e:	ea40 400e 	orr.w	r0, r0, lr, lsl #16
10000ea2:	f8cc 3014 	str.w	r3, [ip, #20]
10000ea6:	690b      	ldr	r3, [r1, #16]
10000ea8:	f3ef 8210 	mrs	r2, PRIMASK
10000eac:	b672      	cpsid	i
10000eae:	e8d3 cfcf 	ldaexb	ip, [r3]
10000eb2:	2701      	movs	r7, #1
10000eb4:	f1bc 0f00 	cmp.w	ip, #0
10000eb8:	d1f9      	bne.n	10000eae <alarm_pool_add_alarm_at_force_in_context+0x7a>
10000eba:	e8c3 7f4c 	strexb	ip, r7, [r3]
10000ebe:	f1bc 0f00 	cmp.w	ip, #0
10000ec2:	d1f4      	bne.n	10000eae <alarm_pool_add_alarm_at_force_in_context+0x7a>
10000ec4:	f3bf 8f5f 	dmb	sy
10000ec8:	888b      	ldrh	r3, [r1, #4]
10000eca:	5363      	strh	r3, [r4, r5]
10000ecc:	f8a1 e004 	strh.w	lr, [r1, #4]
10000ed0:	690b      	ldr	r3, [r1, #16]
10000ed2:	e8c3 6f8f 	stlb	r6, [r3]
10000ed6:	f382 8810 	msr	PRIMASK, r2
10000eda:	2201      	movs	r2, #1
10000edc:	68cb      	ldr	r3, [r1, #12]
10000ede:	7809      	ldrb	r1, [r1, #0]
10000ee0:	f503 5301 	add.w	r3, r3, #8256	@ 0x2040
10000ee4:	408a      	lsls	r2, r1
10000ee6:	605a      	str	r2, [r3, #4]
10000ee8:	bdf0      	pop	{r4, r5, r6, r7, pc}
10000eea:	2300      	movs	r3, #0
10000eec:	690a      	ldr	r2, [r1, #16]
10000eee:	e8c2 3f8f 	stlb	r3, [r2]
10000ef2:	f387 8810 	msr	PRIMASK, r7
10000ef6:	f04f 30ff 	mov.w	r0, #4294967295	@ 0xffffffff
10000efa:	bdf0      	pop	{r4, r5, r6, r7, pc}

10000efc <alarm_pool_cancel_alarm>:
10000efc:	4603      	mov	r3, r0
10000efe:	8940      	ldrh	r0, [r0, #10]
10000f00:	ebb0 4f21 	cmp.w	r0, r1, asr #16
10000f04:	dd37      	ble.n	10000f76 <alarm_pool_cancel_alarm+0x7a>
10000f06:	6958      	ldr	r0, [r3, #20]
10000f08:	140a      	asrs	r2, r1, #16
10000f0a:	eb02 0242 	add.w	r2, r2, r2, lsl #1
10000f0e:	b510      	push	{r4, lr}
10000f10:	eb00 00c2 	add.w	r0, r0, r2, lsl #3
10000f14:	691c      	ldr	r4, [r3, #16]
10000f16:	f3ef 8c10 	mrs	ip, PRIMASK
10000f1a:	b672      	cpsid	i
10000f1c:	e8d4 efcf 	ldaexb	lr, [r4]
10000f20:	2201      	movs	r2, #1
10000f22:	f1be 0f00 	cmp.w	lr, #0
10000f26:	d1f9      	bne.n	10000f1c <alarm_pool_cancel_alarm+0x20>
10000f28:	e8c4 2f4e 	strexb	lr, r2, [r4]
10000f2c:	f1be 0f00 	cmp.w	lr, #0
10000f30:	d1f4      	bne.n	10000f1c <alarm_pool_cancel_alarm+0x20>
10000f32:	f3bf 8f5f 	dmb	sy
10000f36:	8842      	ldrh	r2, [r0, #2]
10000f38:	b289      	uxth	r1, r1
10000f3a:	b292      	uxth	r2, r2
10000f3c:	428a      	cmp	r2, r1
10000f3e:	d007      	beq.n	10000f50 <alarm_pool_cancel_alarm+0x54>
10000f40:	2200      	movs	r2, #0
10000f42:	691b      	ldr	r3, [r3, #16]
10000f44:	e8c3 2f8f 	stlb	r2, [r3]
10000f48:	f38c 8810 	msr	PRIMASK, ip
10000f4c:	2000      	movs	r0, #0
10000f4e:	bd10      	pop	{r4, pc}
10000f50:	f442 4200 	orr.w	r2, r2, #32768	@ 0x8000
10000f54:	8042      	strh	r2, [r0, #2]
10000f56:	2101      	movs	r1, #1
10000f58:	2200      	movs	r2, #0
10000f5a:	6918      	ldr	r0, [r3, #16]
10000f5c:	7199      	strb	r1, [r3, #6]
10000f5e:	e8c0 2f8f 	stlb	r2, [r0]
10000f62:	f38c 8810 	msr	PRIMASK, ip
10000f66:	781c      	ldrb	r4, [r3, #0]
10000f68:	68da      	ldr	r2, [r3, #12]
10000f6a:	4608      	mov	r0, r1
10000f6c:	f502 5301 	add.w	r3, r2, #8256	@ 0x2040
10000f70:	40a1      	lsls	r1, r4
10000f72:	6059      	str	r1, [r3, #4]
10000f74:	bd10      	pop	{r4, pc}
10000f76:	2000      	movs	r0, #0
10000f78:	4770      	bx	lr
10000f7a:	bf00      	nop

10000f7c <alarm_pool_core_num>:
10000f7c:	7840      	ldrb	r0, [r0, #1]
10000f7e:	4770      	bx	lr

10000f80 <sleep_until>:
10000f80:	e92d 41f0 	stmdb	sp!, {r4, r5, r6, r7, r8, lr}
10000f84:	1f86      	subs	r6, r0, #6
10000f86:	f141 35ff 	adc.w	r5, r1, #4294967295	@ 0xffffffff
10000f8a:	42b0      	cmp	r0, r6
10000f8c:	eb71 0305 	sbcs.w	r3, r1, r5
10000f90:	bf38      	it	cc
10000f92:	2600      	movcc	r6, #0
10000f94:	b082      	sub	sp, #8
10000f96:	bf38      	it	cc
10000f98:	4635      	movcc	r5, r6
10000f9a:	4604      	mov	r4, r0
10000f9c:	460f      	mov	r7, r1
10000f9e:	f000 f8db 	bl	10001158 <time_us_64>
10000fa2:	1a30      	subs	r0, r6, r0
10000fa4:	eb65 0301 	sbc.w	r3, r5, r1
10000fa8:	2801      	cmp	r0, #1
10000faa:	f173 0300 	sbcs.w	r3, r3, #0
10000fae:	da06      	bge.n	10000fbe <sleep_until+0x3e>
10000fb0:	4620      	mov	r0, r4
10000fb2:	4639      	mov	r1, r7
10000fb4:	b002      	add	sp, #8
10000fb6:	e8bd 41f0 	ldmia.w	sp!, {r4, r5, r6, r7, r8, lr}
10000fba:	f000 b8d7 	b.w	1000116c <busy_wait_until>
10000fbe:	f000 f8cb 	bl	10001158 <time_us_64>
10000fc2:	4286      	cmp	r6, r0
10000fc4:	eb65 0101 	sbc.w	r1, r5, r1
10000fc8:	2900      	cmp	r1, #0
10000fca:	db0a      	blt.n	10000fe2 <sleep_until+0x62>
10000fcc:	2100      	movs	r1, #0
10000fce:	4b17      	ldr	r3, [pc, #92]	@ (1000102c <sleep_until+0xac>)
10000fd0:	4632      	mov	r2, r6
10000fd2:	9300      	str	r3, [sp, #0]
10000fd4:	4816      	ldr	r0, [pc, #88]	@ (10001030 <sleep_until+0xb0>)
10000fd6:	462b      	mov	r3, r5
10000fd8:	9101      	str	r1, [sp, #4]
10000fda:	f7ff ff2b 	bl	10000e34 <alarm_pool_add_alarm_at_force_in_context>
10000fde:	2800      	cmp	r0, #0
10000fe0:	dbe6      	blt.n	10000fb0 <sleep_until+0x30>
10000fe2:	f04f 0c00 	mov.w	ip, #0
10000fe6:	4813      	ldr	r0, [pc, #76]	@ (10001034 <sleep_until+0xb4>)
10000fe8:	4a13      	ldr	r2, [pc, #76]	@ (10001038 <sleep_until+0xb8>)
10000fea:	6a43      	ldr	r3, [r0, #36]	@ 0x24
10000fec:	429d      	cmp	r5, r3
10000fee:	d804      	bhi.n	10000ffa <sleep_until+0x7a>
10000ff0:	6a81      	ldr	r1, [r0, #40]	@ 0x28
10000ff2:	42b1      	cmp	r1, r6
10000ff4:	d2dc      	bcs.n	10000fb0 <sleep_until+0x30>
10000ff6:	429d      	cmp	r5, r3
10000ff8:	d1da      	bne.n	10000fb0 <sleep_until+0x30>
10000ffa:	6813      	ldr	r3, [r2, #0]
10000ffc:	f3ef 8110 	mrs	r1, PRIMASK
10001000:	b672      	cpsid	i
10001002:	e8d3 8fcf 	ldaexb	r8, [r3]
10001006:	f05f 0e01 	movs.w	lr, #1
1000100a:	f1b8 0f00 	cmp.w	r8, #0
1000100e:	d1f8      	bne.n	10001002 <sleep_until+0x82>
10001010:	e8c3 ef48 	strexb	r8, lr, [r3]
10001014:	f1b8 0f00 	cmp.w	r8, #0
10001018:	d1f3      	bne.n	10001002 <sleep_until+0x82>
1000101a:	f3bf 8f5f 	dmb	sy
1000101e:	6813      	ldr	r3, [r2, #0]
10001020:	e8c3 cf8f 	stlb	ip, [r3]
10001024:	f381 8810 	msr	PRIMASK, r1
10001028:	bf20      	wfe
1000102a:	e7de      	b.n	10000fea <sleep_until+0x6a>
1000102c:	10000921 	.word	0x10000921
10001030:	20001184 	.word	0x20001184
10001034:	400b0000 	.word	0x400b0000
10001038:	20001f78 	.word	0x20001f78

1000103c <sleep_ms>:
1000103c:	b510      	push	{r4, lr}
1000103e:	4604      	mov	r4, r0
10001040:	f000 f88a 	bl	10001158 <time_us_64>
10001044:	f44f 737a 	mov.w	r3, #1000	@ 0x3e8
10001048:	f04f 3cff 	mov.w	ip, #4294967295	@ 0xffffffff
1000104c:	f06f 4200 	mvn.w	r2, #2147483648	@ 0x80000000
10001050:	fbe4 0103 	umlal	r0, r1, r4, r3
10001054:	e8bd 4010 	ldmia.w	sp!, {r4, lr}
10001058:	4584      	cmp	ip, r0
1000105a:	eb72 0301 	sbcs.w	r3, r2, r1
1000105e:	bf3c      	itt	cc
10001060:	4660      	movcc	r0, ip
10001062:	4611      	movcc	r1, r2
10001064:	f7ff bf8c 	b.w	10000f80 <sleep_until>

10001068 <best_effort_wfe_or_timeout>:
10001068:	e92d 43f0 	stmdb	sp!, {r4, r5, r6, r7, r8, r9, lr}
1000106c:	4606      	mov	r6, r0
1000106e:	460d      	mov	r5, r1
10001070:	b083      	sub	sp, #12
10001072:	f3ef 8405 	mrs	r4, IPSR
10001076:	b2e4      	uxtb	r4, r4
10001078:	b13c      	cbz	r4, 1000108a <best_effort_wfe_or_timeout+0x22>
1000107a:	4b27      	ldr	r3, [pc, #156]	@ (10001118 <best_effort_wfe_or_timeout+0xb0>)
1000107c:	6a58      	ldr	r0, [r3, #36]	@ 0x24
1000107e:	42a8      	cmp	r0, r5
10001080:	d21c      	bcs.n	100010bc <best_effort_wfe_or_timeout+0x54>
10001082:	2000      	movs	r0, #0
10001084:	b003      	add	sp, #12
10001086:	e8bd 83f0 	ldmia.w	sp!, {r4, r5, r6, r7, r8, r9, pc}
1000108a:	4f24      	ldr	r7, [pc, #144]	@ (1000111c <best_effort_wfe_or_timeout+0xb4>)
1000108c:	f8d7 900c 	ldr.w	r9, [r7, #12]
10001090:	f897 8000 	ldrb.w	r8, [r7]
10001094:	4648      	mov	r0, r9
10001096:	f000 f857 	bl	10001148 <timer_time_us_64>
1000109a:	f108 0804 	add.w	r8, r8, #4
1000109e:	f859 3028 	ldr.w	r3, [r9, r8, lsl #2]
100010a2:	1a1b      	subs	r3, r3, r0
100010a4:	1a30      	subs	r0, r6, r0
100010a6:	eb65 0101 	sbc.w	r1, r5, r1
100010aa:	4298      	cmp	r0, r3
100010ac:	f171 0100 	sbcs.w	r1, r1, #0
100010b0:	db11      	blt.n	100010d6 <best_effort_wfe_or_timeout+0x6e>
100010b2:	bf20      	wfe
100010b4:	4b18      	ldr	r3, [pc, #96]	@ (10001118 <best_effort_wfe_or_timeout+0xb0>)
100010b6:	6a58      	ldr	r0, [r3, #36]	@ 0x24
100010b8:	42a8      	cmp	r0, r5
100010ba:	d3e2      	bcc.n	10001082 <best_effort_wfe_or_timeout+0x1a>
100010bc:	6a9b      	ldr	r3, [r3, #40]	@ 0x28
100010be:	42b3      	cmp	r3, r6
100010c0:	d303      	bcc.n	100010ca <best_effort_wfe_or_timeout+0x62>
100010c2:	2001      	movs	r0, #1
100010c4:	b003      	add	sp, #12
100010c6:	e8bd 83f0 	ldmia.w	sp!, {r4, r5, r6, r7, r8, r9, pc}
100010ca:	1b40      	subs	r0, r0, r5
100010cc:	bf18      	it	ne
100010ce:	2001      	movne	r0, #1
100010d0:	b003      	add	sp, #12
100010d2:	e8bd 83f0 	ldmia.w	sp!, {r4, r5, r6, r7, r8, r9, pc}
100010d6:	f000 f83f 	bl	10001158 <time_us_64>
100010da:	4286      	cmp	r6, r0
100010dc:	eb65 0101 	sbc.w	r1, r5, r1
100010e0:	2900      	cmp	r1, #0
100010e2:	dbca      	blt.n	1000107a <best_effort_wfe_or_timeout+0x12>
100010e4:	4b0e      	ldr	r3, [pc, #56]	@ (10001120 <best_effort_wfe_or_timeout+0xb8>)
100010e6:	4638      	mov	r0, r7
100010e8:	e9cd 3400 	strd	r3, r4, [sp]
100010ec:	4632      	mov	r2, r6
100010ee:	462b      	mov	r3, r5
100010f0:	f7ff fea0 	bl	10000e34 <alarm_pool_add_alarm_at_force_in_context>
100010f4:	1e01      	subs	r1, r0, #0
100010f6:	ddc0      	ble.n	1000107a <best_effort_wfe_or_timeout+0x12>
100010f8:	4b07      	ldr	r3, [pc, #28]	@ (10001118 <best_effort_wfe_or_timeout+0xb0>)
100010fa:	6a5a      	ldr	r2, [r3, #36]	@ 0x24
100010fc:	42aa      	cmp	r2, r5
100010fe:	d308      	bcc.n	10001112 <best_effort_wfe_or_timeout+0xaa>
10001100:	6a9b      	ldr	r3, [r3, #40]	@ 0x28
10001102:	42b3      	cmp	r3, r6
10001104:	d303      	bcc.n	1000110e <best_effort_wfe_or_timeout+0xa6>
10001106:	4805      	ldr	r0, [pc, #20]	@ (1000111c <best_effort_wfe_or_timeout+0xb4>)
10001108:	f7ff fef8 	bl	10000efc <alarm_pool_cancel_alarm>
1000110c:	e7b5      	b.n	1000107a <best_effort_wfe_or_timeout+0x12>
1000110e:	42aa      	cmp	r2, r5
10001110:	d1f9      	bne.n	10001106 <best_effort_wfe_or_timeout+0x9e>
10001112:	bf20      	wfe
10001114:	e7f7      	b.n	10001106 <best_effort_wfe_or_timeout+0x9e>
10001116:	bf00      	nop
10001118:	400b0000 	.word	0x400b0000
1000111c:	20001184 	.word	0x20001184
10001120:	10000921 	.word	0x10000921

10001124 <timer_hardware_alarm_claim>:
10001124:	b410      	push	{r4}
10001126:	4b05      	ldr	r3, [pc, #20]	@ (1000113c <timer_hardware_alarm_claim+0x18>)
10001128:	4c05      	ldr	r4, [pc, #20]	@ (10001140 <timer_hardware_alarm_claim+0x1c>)
1000112a:	4a06      	ldr	r2, [pc, #24]	@ (10001144 <timer_hardware_alarm_claim+0x20>)
1000112c:	42a0      	cmp	r0, r4
1000112e:	bf14      	ite	ne
10001130:	4618      	movne	r0, r3
10001132:	1c58      	addeq	r0, r3, #1
10001134:	f85d 4b04 	ldr.w	r4, [sp], #4
10001138:	f7ff b900 	b.w	1000033c <hw_claim_or_assert>
1000113c:	20001adc 	.word	0x20001adc
10001140:	400b8000 	.word	0x400b8000
10001144:	10005d9c 	.word	0x10005d9c

10001148 <timer_time_us_64>:
10001148:	4603      	mov	r3, r0
1000114a:	6a41      	ldr	r1, [r0, #36]	@ 0x24
1000114c:	460a      	mov	r2, r1
1000114e:	6a98      	ldr	r0, [r3, #40]	@ 0x28
10001150:	6a59      	ldr	r1, [r3, #36]	@ 0x24
10001152:	428a      	cmp	r2, r1
10001154:	d1fa      	bne.n	1000114c <timer_time_us_64+0x4>
10001156:	4770      	bx	lr

10001158 <time_us_64>:
10001158:	4b03      	ldr	r3, [pc, #12]	@ (10001168 <time_us_64+0x10>)
1000115a:	6a59      	ldr	r1, [r3, #36]	@ 0x24
1000115c:	460a      	mov	r2, r1
1000115e:	6a98      	ldr	r0, [r3, #40]	@ 0x28
10001160:	6a59      	ldr	r1, [r3, #36]	@ 0x24
10001162:	4291      	cmp	r1, r2
10001164:	d1fa      	bne.n	1000115c <time_us_64+0x4>
10001166:	4770      	bx	lr
10001168:	400b0000 	.word	0x400b0000

1000116c <busy_wait_until>:
1000116c:	4a07      	ldr	r2, [pc, #28]	@ (1000118c <busy_wait_until+0x20>)
1000116e:	6a53      	ldr	r3, [r2, #36]	@ 0x24
10001170:	4299      	cmp	r1, r3
10001172:	d8fc      	bhi.n	1000116e <busy_wait_until+0x2>
10001174:	4299      	cmp	r1, r3
10001176:	d107      	bne.n	10001188 <busy_wait_until+0x1c>
10001178:	4b04      	ldr	r3, [pc, #16]	@ (1000118c <busy_wait_until+0x20>)
1000117a:	e002      	b.n	10001182 <busy_wait_until+0x16>
1000117c:	6a5a      	ldr	r2, [r3, #36]	@ 0x24
1000117e:	4291      	cmp	r1, r2
10001180:	d102      	bne.n	10001188 <busy_wait_until+0x1c>
10001182:	6a9a      	ldr	r2, [r3, #40]	@ 0x28
10001184:	4282      	cmp	r2, r0
10001186:	d3f9      	bcc.n	1000117c <busy_wait_until+0x10>
10001188:	4770      	bx	lr
1000118a:	bf00      	nop
1000118c:	400b0000 	.word	0x400b0000

10001190 <clock_configure_undivided>:
10001190:	eb00 0c40 	add.w	ip, r0, r0, lsl #1
10001194:	ea4f 0c8c 	mov.w	ip, ip, lsl #2
10001198:	f10c 4c80 	add.w	ip, ip, #1073741824	@ 0x40000000
1000119c:	f50c 3c80 	add.w	ip, ip, #65536	@ 0x10000
100011a0:	b5f0      	push	{r4, r5, r6, r7, lr}
100011a2:	4616      	mov	r6, r2
100011a4:	f8dc 2004 	ldr.w	r2, [ip, #4]
100011a8:	1f05      	subs	r5, r0, #4
100011aa:	f5b2 3f80 	cmp.w	r2, #65536	@ 0x10000
100011ae:	bf38      	it	cc
100011b0:	f44f 3280 	movcc.w	r2, #65536	@ 0x10000
100011b4:	b2ed      	uxtb	r5, r5
100011b6:	bf38      	it	cc
100011b8:	f8cc 2004 	strcc.w	r2, [ip, #4]
100011bc:	2d01      	cmp	r5, #1
100011be:	d92a      	bls.n	10001216 <clock_configure_undivided+0x86>
100011c0:	f44f 6700 	mov.w	r7, #2048	@ 0x800
100011c4:	4c25      	ldr	r4, [pc, #148]	@ (1000125c <clock_configure_undivided+0xcc>)
100011c6:	f50c 5240 	add.w	r2, ip, #12288	@ 0x3000
100011ca:	6017      	str	r7, [r2, #0]
100011cc:	f854 2020 	ldr.w	r2, [r4, r0, lsl #2]
100011d0:	b9b2      	cbnz	r2, 10001200 <clock_configure_undivided+0x70>
100011d2:	f8dc 2000 	ldr.w	r2, [ip]
100011d6:	2d01      	cmp	r5, #1
100011d8:	ea82 1246 	eor.w	r2, r2, r6, lsl #5
100011dc:	f002 02e0 	and.w	r2, r2, #224	@ 0xe0
100011e0:	f50c 5680 	add.w	r6, ip, #4096	@ 0x1000
100011e4:	6032      	str	r2, [r6, #0]
100011e6:	d92a      	bls.n	1000123e <clock_configure_undivided+0xae>
100011e8:	f44f 6100 	mov.w	r1, #2048	@ 0x800
100011ec:	f844 3020 	str.w	r3, [r4, r0, lsl #2]
100011f0:	f44f 3380 	mov.w	r3, #65536	@ 0x10000
100011f4:	f50c 5200 	add.w	r2, ip, #8192	@ 0x2000
100011f8:	6011      	str	r1, [r2, #0]
100011fa:	f8cc 3004 	str.w	r3, [ip, #4]
100011fe:	bdf0      	pop	{r4, r5, r6, r7, pc}
10001200:	6967      	ldr	r7, [r4, #20]
10001202:	fbb7 fef2 	udiv	lr, r7, r2
10001206:	f10e 0e01 	add.w	lr, lr, #1
1000120a:	eb0e 0e4e 	add.w	lr, lr, lr, lsl #1
1000120e:	f1be 0e03 	subs.w	lr, lr, #3
10001212:	d2fc      	bcs.n	1000120e <clock_configure_undivided+0x7e>
10001214:	e7dd      	b.n	100011d2 <clock_configure_undivided+0x42>
10001216:	2901      	cmp	r1, #1
10001218:	d1d2      	bne.n	100011c0 <clock_configure_undivided+0x30>
1000121a:	2403      	movs	r4, #3
1000121c:	f50c 5240 	add.w	r2, ip, #12288	@ 0x3000
10001220:	6014      	str	r4, [r2, #0]
10001222:	f8dc 2008 	ldr.w	r2, [ip, #8]
10001226:	07d2      	lsls	r2, r2, #31
10001228:	d5fb      	bpl.n	10001222 <clock_configure_undivided+0x92>
1000122a:	f8dc 2000 	ldr.w	r2, [ip]
1000122e:	4c0b      	ldr	r4, [pc, #44]	@ (1000125c <clock_configure_undivided+0xcc>)
10001230:	ea82 1246 	eor.w	r2, r2, r6, lsl #5
10001234:	f002 02e0 	and.w	r2, r2, #224	@ 0xe0
10001238:	f50c 5680 	add.w	r6, ip, #4096	@ 0x1000
1000123c:	6032      	str	r2, [r6, #0]
1000123e:	2201      	movs	r2, #1
10001240:	f8dc 5000 	ldr.w	r5, [ip]
10001244:	404d      	eors	r5, r1
10001246:	f005 0503 	and.w	r5, r5, #3
1000124a:	6035      	str	r5, [r6, #0]
1000124c:	fa02 f101 	lsl.w	r1, r2, r1
10001250:	f8dc 2008 	ldr.w	r2, [ip, #8]
10001254:	420a      	tst	r2, r1
10001256:	d0fb      	beq.n	10001250 <clock_configure_undivided+0xc0>
10001258:	e7c6      	b.n	100011e8 <clock_configure_undivided+0x58>
1000125a:	bf00      	nop
1000125c:	20001ae0 	.word	0x20001ae0

10001260 <clock_get_hz>:
10001260:	4b01      	ldr	r3, [pc, #4]	@ (10001268 <clock_get_hz+0x8>)
10001262:	f853 0020 	ldr.w	r0, [r3, r0, lsl #2]
10001266:	4770      	bx	lr
10001268:	20001ae0 	.word	0x20001ae0

1000126c <pll_init>:
1000126c:	b470      	push	{r4, r5, r6}
1000126e:	9d03      	ldr	r5, [sp, #12]
10001270:	6804      	ldr	r4, [r0, #0]
10001272:	032d      	lsls	r5, r5, #12
10001274:	ea45 4503 	orr.w	r5, r5, r3, lsl #16
10001278:	4b1b      	ldr	r3, [pc, #108]	@ (100012e8 <pll_init+0x7c>)
1000127a:	2c00      	cmp	r4, #0
1000127c:	fbb3 f3f1 	udiv	r3, r3, r1
10001280:	fbb2 f6f3 	udiv	r6, r2, r3
10001284:	db1f      	blt.n	100012c6 <pll_init+0x5a>
10001286:	4a19      	ldr	r2, [pc, #100]	@ (100012ec <pll_init+0x80>)
10001288:	4b19      	ldr	r3, [pc, #100]	@ (100012f0 <pll_init+0x84>)
1000128a:	4290      	cmp	r0, r2
1000128c:	bf14      	ite	ne
1000128e:	f44f 4280 	movne.w	r2, #16384	@ 0x4000
10001292:	f44f 4200 	moveq.w	r2, #32768	@ 0x8000
10001296:	4c17      	ldr	r4, [pc, #92]	@ (100012f4 <pll_init+0x88>)
10001298:	601a      	str	r2, [r3, #0]
1000129a:	f503 5380 	add.w	r3, r3, #4096	@ 0x1000
1000129e:	601a      	str	r2, [r3, #0]
100012a0:	68a3      	ldr	r3, [r4, #8]
100012a2:	ea32 0303 	bics.w	r3, r2, r3
100012a6:	d1fb      	bne.n	100012a0 <pll_init+0x34>
100012a8:	2221      	movs	r2, #33	@ 0x21
100012aa:	f500 5340 	add.w	r3, r0, #12288	@ 0x3000
100012ae:	3304      	adds	r3, #4
100012b0:	6001      	str	r1, [r0, #0]
100012b2:	6086      	str	r6, [r0, #8]
100012b4:	601a      	str	r2, [r3, #0]
100012b6:	6802      	ldr	r2, [r0, #0]
100012b8:	2a00      	cmp	r2, #0
100012ba:	dafc      	bge.n	100012b6 <pll_init+0x4a>
100012bc:	2208      	movs	r2, #8
100012be:	60c5      	str	r5, [r0, #12]
100012c0:	601a      	str	r2, [r3, #0]
100012c2:	bc70      	pop	{r4, r5, r6}
100012c4:	4770      	bx	lr
100012c6:	6803      	ldr	r3, [r0, #0]
100012c8:	f003 033f 	and.w	r3, r3, #63	@ 0x3f
100012cc:	428b      	cmp	r3, r1
100012ce:	d1da      	bne.n	10001286 <pll_init+0x1a>
100012d0:	6883      	ldr	r3, [r0, #8]
100012d2:	f3c3 030b 	ubfx	r3, r3, #0, #12
100012d6:	42b3      	cmp	r3, r6
100012d8:	d1d5      	bne.n	10001286 <pll_init+0x1a>
100012da:	68c3      	ldr	r3, [r0, #12]
100012dc:	f403 23ee 	and.w	r3, r3, #487424	@ 0x77000
100012e0:	42ab      	cmp	r3, r5
100012e2:	d1d0      	bne.n	10001286 <pll_init+0x1a>
100012e4:	e7ed      	b.n	100012c2 <pll_init+0x56>
100012e6:	bf00      	nop
100012e8:	00b71b00 	.word	0x00b71b00
100012ec:	40058000 	.word	0x40058000
100012f0:	40022000 	.word	0x40022000
100012f4:	40020000 	.word	0x40020000

100012f8 <watchdog_reboot>:
100012f8:	b430      	push	{r4, r5}
100012fa:	f04f 4480 	mov.w	r4, #1073741824	@ 0x40000000
100012fe:	4b1c      	ldr	r3, [pc, #112]	@ (10001370 <watchdog_reboot+0x78>)
10001300:	601c      	str	r4, [r3, #0]
10001302:	b1e0      	cbz	r0, 1000133e <watchdog_reboot+0x46>
10001304:	4c1b      	ldr	r4, [pc, #108]	@ (10001374 <watchdog_reboot+0x7c>)
10001306:	f5a3 5340 	sub.w	r3, r3, #12288	@ 0x3000
1000130a:	61dc      	str	r4, [r3, #28]
1000130c:	4c1a      	ldr	r4, [pc, #104]	@ (10001378 <watchdog_reboot+0x80>)
1000130e:	f040 0001 	orr.w	r0, r0, #1
10001312:	4044      	eors	r4, r0
10001314:	621c      	str	r4, [r3, #32]
10001316:	6259      	str	r1, [r3, #36]	@ 0x24
10001318:	6298      	str	r0, [r3, #40]	@ 0x28
1000131a:	f04f 4580 	mov.w	r5, #1073741824	@ 0x40000000
1000131e:	f04f 61e0 	mov.w	r1, #117440512	@ 0x7000000
10001322:	4b13      	ldr	r3, [pc, #76]	@ (10001370 <watchdog_reboot+0x78>)
10001324:	4815      	ldr	r0, [pc, #84]	@ (1000137c <watchdog_reboot+0x84>)
10001326:	4c16      	ldr	r4, [pc, #88]	@ (10001380 <watchdog_reboot+0x88>)
10001328:	601d      	str	r5, [r3, #0]
1000132a:	6084      	str	r4, [r0, #8]
1000132c:	6019      	str	r1, [r3, #0]
1000132e:	b94a      	cbnz	r2, 10001344 <watchdog_reboot+0x4c>
10001330:	bc30      	pop	{r4, r5}
10001332:	f04f 4200 	mov.w	r2, #2147483648	@ 0x80000000
10001336:	f5a3 5380 	sub.w	r3, r3, #4096	@ 0x1000
1000133a:	601a      	str	r2, [r3, #0]
1000133c:	4770      	bx	lr
1000133e:	4b11      	ldr	r3, [pc, #68]	@ (10001384 <watchdog_reboot+0x8c>)
10001340:	61d8      	str	r0, [r3, #28]
10001342:	e7ea      	b.n	1000131a <watchdog_reboot+0x22>
10001344:	f44f 737a 	mov.w	r3, #1000	@ 0x3e8
10001348:	fb03 f202 	mul.w	r2, r3, r2
1000134c:	f1b2 7f80 	cmp.w	r2, #16777216	@ 0x1000000
10001350:	bf2a      	itet	cs
10001352:	f06f 437f 	mvncs.w	r3, #4278190080	@ 0xff000000
10001356:	4613      	movcc	r3, r2
10001358:	461a      	movcs	r2, r3
1000135a:	f04f 4180 	mov.w	r1, #1073741824	@ 0x40000000
1000135e:	4c0a      	ldr	r4, [pc, #40]	@ (10001388 <watchdog_reboot+0x90>)
10001360:	4808      	ldr	r0, [pc, #32]	@ (10001384 <watchdog_reboot+0x8c>)
10001362:	6023      	str	r3, [r4, #0]
10001364:	4b09      	ldr	r3, [pc, #36]	@ (1000138c <watchdog_reboot+0x94>)
10001366:	6042      	str	r2, [r0, #4]
10001368:	bc30      	pop	{r4, r5}
1000136a:	6019      	str	r1, [r3, #0]
1000136c:	4770      	bx	lr
1000136e:	bf00      	nop
10001370:	400db000 	.word	0x400db000
10001374:	b007c0d3 	.word	0xb007c0d3
10001378:	4ff83f2d 	.word	0x4ff83f2d
1000137c:	4001a000 	.word	0x4001a000
10001380:	01fffff3 	.word	0x01fffff3
10001384:	400d8000 	.word	0x400d8000
10001388:	20001f40 	.word	0x20001f40
1000138c:	400da000 	.word	0x400da000

10001390 <tick_start>:
10001390:	2301      	movs	r3, #1
10001392:	eb00 0040 	add.w	r0, r0, r0, lsl #1
10001396:	0080      	lsls	r0, r0, #2
10001398:	f100 4080 	add.w	r0, r0, #1073741824	@ 0x40000000
1000139c:	f500 1084 	add.w	r0, r0, #1081344	@ 0x108000
100013a0:	6041      	str	r1, [r0, #4]
100013a2:	6003      	str	r3, [r0, #0]
100013a4:	4770      	bx	lr
100013a6:	bf00      	nop

100013a8 <rom_reboot.constprop.0.isra.0>:
100013a8:	2300      	movs	r3, #0
100013aa:	b570      	push	{r4, r5, r6, lr}
100013ac:	8adb      	ldrh	r3, [r3, #22]
100013ae:	4604      	mov	r4, r0
100013b0:	460d      	mov	r5, r1
100013b2:	2200      	movs	r2, #0
100013b4:	e842 f200 	tt	r2, r2
100013b8:	0252      	lsls	r2, r2, #9
100013ba:	bf54      	ite	pl
100013bc:	2110      	movpl	r1, #16
100013be:	2104      	movmi	r1, #4
100013c0:	f244 2052 	movw	r0, #16978	@ 0x4252
100013c4:	4798      	blx	r3
100013c6:	4686      	mov	lr, r0
100013c8:	462b      	mov	r3, r5
100013ca:	4622      	mov	r2, r4
100013cc:	46f4      	mov	ip, lr
100013ce:	e8bd 4070 	ldmia.w	sp!, {r4, r5, r6, lr}
100013d2:	210a      	movs	r1, #10
100013d4:	f44f 7081 	mov.w	r0, #258	@ 0x102
100013d8:	4760      	bx	ip
100013da:	bf00      	nop

100013dc <rom_func_lookup>:
100013dc:	2300      	movs	r3, #0
100013de:	8adb      	ldrh	r3, [r3, #22]
100013e0:	2200      	movs	r2, #0
100013e2:	e842 f200 	tt	r2, r2
100013e6:	0252      	lsls	r2, r2, #9
100013e8:	d401      	bmi.n	100013ee <rom_func_lookup+0x12>
100013ea:	2110      	movs	r1, #16
100013ec:	4718      	bx	r3
100013ee:	2104      	movs	r1, #4
100013f0:	4718      	bx	r3
100013f2:	bf00      	nop

100013f4 <rom_reset_usb_boot_extra>:
100013f4:	b508      	push	{r3, lr}
100013f6:	4603      	mov	r3, r0
100013f8:	4608      	mov	r0, r1
100013fa:	1e19      	subs	r1, r3, #0
100013fc:	db02      	blt.n	10001404 <rom_reset_usb_boot_extra+0x10>
100013fe:	b11a      	cbz	r2, 10001408 <rom_reset_usb_boot_extra+0x14>
10001400:	f040 0030 	orr.w	r0, r0, #48	@ 0x30
10001404:	f7ff ffd0 	bl	100013a8 <rom_reboot.constprop.0.isra.0>
10001408:	f040 0020 	orr.w	r0, r0, #32
1000140c:	e7fa      	b.n	10001404 <rom_reset_usb_boot_extra+0x10>
1000140e:	bf00      	nop

10001410 <runtime_init_bootrom_locking_enable>:
10001410:	4a03      	ldr	r2, [pc, #12]	@ (10001420 <runtime_init_bootrom_locking_enable+0x10>)
10001412:	f8d2 3828 	ldr.w	r3, [r2, #2088]	@ 0x828
10001416:	2b00      	cmp	r3, #0
10001418:	d0fb      	beq.n	10001412 <runtime_init_bootrom_locking_enable+0x2>
1000141a:	f3bf 8f5f 	dmb	sy
1000141e:	4770      	bx	lr
10001420:	400e0000 	.word	0x400e0000

10001424 <runtime_init_boot_locks_reset>:
10001424:	2100      	movs	r1, #0
10001426:	4b04      	ldr	r3, [pc, #16]	@ (10001438 <runtime_init_boot_locks_reset+0x14>)
10001428:	4a04      	ldr	r2, [pc, #16]	@ (1000143c <runtime_init_boot_locks_reset+0x18>)
1000142a:	f3bf 8f5f 	dmb	sy
1000142e:	f843 1b04 	str.w	r1, [r3], #4
10001432:	4293      	cmp	r3, r2
10001434:	d1f9      	bne.n	1000142a <runtime_init_boot_locks_reset+0x6>
10001436:	4770      	bx	lr
10001438:	400e080c 	.word	0x400e080c
1000143c:	400e082c 	.word	0x400e082c

10001440 <xosc_init>:
10001440:	b410      	push	{r4}
10001442:	f44f 708d 	mov.w	r0, #282	@ 0x11a
10001446:	f44f 642a 	mov.w	r4, #2720	@ 0xaa0
1000144a:	4a06      	ldr	r2, [pc, #24]	@ (10001464 <xosc_init+0x24>)
1000144c:	4b06      	ldr	r3, [pc, #24]	@ (10001468 <xosc_init+0x28>)
1000144e:	4907      	ldr	r1, [pc, #28]	@ (1000146c <xosc_init+0x2c>)
10001450:	6014      	str	r4, [r2, #0]
10001452:	60d0      	str	r0, [r2, #12]
10001454:	6019      	str	r1, [r3, #0]
10001456:	6853      	ldr	r3, [r2, #4]
10001458:	2b00      	cmp	r3, #0
1000145a:	dafc      	bge.n	10001456 <xosc_init+0x16>
1000145c:	f85d 4b04 	ldr.w	r4, [sp], #4
10001460:	4770      	bx	lr
10001462:	bf00      	nop
10001464:	40048000 	.word	0x40048000
10001468:	4004a000 	.word	0x4004a000
1000146c:	00fab000 	.word	0x00fab000

10001470 <first_per_core_initializer>:
10001470:	4770      	bx	lr
10001472:	bf00      	nop

10001474 <hard_assertion_failure>:
10001474:	b508      	push	{r3, lr}
10001476:	4801      	ldr	r0, [pc, #4]	@ (1000147c <hard_assertion_failure+0x8>)
10001478:	f7fe ff48 	bl	1000030c <panic>
1000147c:	10005dc0 	.word	0x10005dc0

10001480 <runtime_run_initializers>:
10001480:	b538      	push	{r3, r4, r5, lr}
10001482:	4c05      	ldr	r4, [pc, #20]	@ (10001498 <runtime_run_initializers+0x18>)
10001484:	4d05      	ldr	r5, [pc, #20]	@ (1000149c <runtime_run_initializers+0x1c>)
10001486:	42ac      	cmp	r4, r5
10001488:	d204      	bcs.n	10001494 <runtime_run_initializers+0x14>
1000148a:	f854 3b04 	ldr.w	r3, [r4], #4
1000148e:	4798      	blx	r3
10001490:	42ac      	cmp	r4, r5
10001492:	d3fa      	bcc.n	1000148a <runtime_run_initializers+0xa>
10001494:	bd38      	pop	{r3, r4, r5, pc}
10001496:	bf00      	nop
10001498:	10005ce8 	.word	0x10005ce8
1000149c:	10005d28 	.word	0x10005d28

100014a0 <runtime_init_early_resets>:
100014a0:	b410      	push	{r4}
100014a2:	4807      	ldr	r0, [pc, #28]	@ (100014c0 <runtime_init_early_resets+0x20>)
100014a4:	4c07      	ldr	r4, [pc, #28]	@ (100014c4 <runtime_init_early_resets+0x24>)
100014a6:	4b08      	ldr	r3, [pc, #32]	@ (100014c8 <runtime_init_early_resets+0x28>)
100014a8:	4a08      	ldr	r2, [pc, #32]	@ (100014cc <runtime_init_early_resets+0x2c>)
100014aa:	4909      	ldr	r1, [pc, #36]	@ (100014d0 <runtime_init_early_resets+0x30>)
100014ac:	6004      	str	r4, [r0, #0]
100014ae:	601a      	str	r2, [r3, #0]
100014b0:	688b      	ldr	r3, [r1, #8]
100014b2:	ea32 0303 	bics.w	r3, r2, r3
100014b6:	d1fb      	bne.n	100014b0 <runtime_init_early_resets+0x10>
100014b8:	f85d 4b04 	ldr.w	r4, [sp], #4
100014bc:	4770      	bx	lr
100014be:	bf00      	nop
100014c0:	40022000 	.word	0x40022000
100014c4:	efef3b7f 	.word	0xefef3b7f
100014c8:	40023000 	.word	0x40023000
100014cc:	03f3fff6 	.word	0x03f3fff6
100014d0:	40020000 	.word	0x40020000

100014d4 <runtime_init_usb_power_down>:
100014d4:	4b04      	ldr	r3, [pc, #16]	@ (100014e8 <runtime_init_usb_power_down+0x14>)
100014d6:	6cdb      	ldr	r3, [r3, #76]	@ 0x4c
100014d8:	f5b3 4f00 	cmp.w	r3, #32768	@ 0x8000
100014dc:	d103      	bne.n	100014e6 <runtime_init_usb_power_down+0x12>
100014de:	f44f 2280 	mov.w	r2, #262144	@ 0x40000
100014e2:	4b02      	ldr	r3, [pc, #8]	@ (100014ec <runtime_init_usb_power_down+0x18>)
100014e4:	64da      	str	r2, [r3, #76]	@ 0x4c
100014e6:	4770      	bx	lr
100014e8:	50110000 	.word	0x50110000
100014ec:	50112000 	.word	0x50112000

100014f0 <runtime_init_per_core_enable_coprocessors>:
100014f0:	f04f 22e0 	mov.w	r2, #3758153728	@ 0xe000e000
100014f4:	4b04      	ldr	r3, [pc, #16]	@ (10001508 <runtime_init_per_core_enable_coprocessors+0x18>)
100014f6:	f8d2 1d88 	ldr.w	r1, [r2, #3464]	@ 0xd88
100014fa:	430b      	orrs	r3, r1
100014fc:	f8c2 3d88 	str.w	r3, [r2, #3464]	@ 0xd88
10001500:	ee10 0430 	dcp_rcmp r0
10001504:	4770      	bx	lr
10001506:	bf00      	nop
10001508:	00300303 	.word	0x00300303

1000150c <runtime_init_post_clock_resets>:
1000150c:	f06f 4160 	mvn.w	r1, #3758096384	@ 0xe0000000
10001510:	4b04      	ldr	r3, [pc, #16]	@ (10001524 <runtime_init_post_clock_resets+0x18>)
10001512:	4a05      	ldr	r2, [pc, #20]	@ (10001528 <runtime_init_post_clock_resets+0x1c>)
10001514:	6019      	str	r1, [r3, #0]
10001516:	6893      	ldr	r3, [r2, #8]
10001518:	43db      	mvns	r3, r3
1000151a:	f033 4360 	bics.w	r3, r3, #3758096384	@ 0xe0000000
1000151e:	d1fa      	bne.n	10001516 <runtime_init_post_clock_resets+0xa>
10001520:	4770      	bx	lr
10001522:	bf00      	nop
10001524:	40023000 	.word	0x40023000
10001528:	40020000 	.word	0x40020000

1000152c <runtime_init_bootrom_reset>:
1000152c:	b510      	push	{r4, lr}
1000152e:	f245 2053 	movw	r0, #21075	@ 0x5253
10001532:	f7ff ff53 	bl	100013dc <rom_func_lookup>
10001536:	e8bd 4010 	ldmia.w	sp!, {r4, lr}
1000153a:	4603      	mov	r3, r0
1000153c:	2004      	movs	r0, #4
1000153e:	4718      	bx	r3

10001540 <runtime_init_per_core_bootrom_reset>:
10001540:	b510      	push	{r4, lr}
10001542:	f245 2053 	movw	r0, #21075	@ 0x5253
10001546:	f7ff ff49 	bl	100013dc <rom_func_lookup>
1000154a:	e8bd 4010 	ldmia.w	sp!, {r4, lr}
1000154e:	4603      	mov	r3, r0
10001550:	2001      	movs	r0, #1
10001552:	4718      	bx	r3

10001554 <runtime_init_spin_locks_reset>:
10001554:	f7fe bf90 	b.w	10000478 <spin_locks_reset>

10001558 <runtime_init_install_ram_vector_table>:
10001558:	b510      	push	{r4, lr}
1000155a:	4b05      	ldr	r3, [pc, #20]	@ (10001570 <runtime_init_install_ram_vector_table+0x18>)
1000155c:	4c05      	ldr	r4, [pc, #20]	@ (10001574 <runtime_init_install_ram_vector_table+0x1c>)
1000155e:	f44f 7288 	mov.w	r2, #272	@ 0x110
10001562:	4618      	mov	r0, r3
10001564:	68a1      	ldr	r1, [r4, #8]
10001566:	f004 fa9b 	bl	10005aa0 <memcpy>
1000156a:	60a0      	str	r0, [r4, #8]
1000156c:	bd10      	pop	{r4, pc}
1000156e:	bf00      	nop
10001570:	20000000 	.word	0x20000000
10001574:	e000ed00 	.word	0xe000ed00

10001578 <runtime_init_clocks>:
10001578:	2300      	movs	r3, #0
1000157a:	b570      	push	{r4, r5, r6, lr}
1000157c:	4c2b      	ldr	r4, [pc, #172]	@ (1000162c <runtime_init_clocks+0xb4>)
1000157e:	b082      	sub	sp, #8
10001580:	f8c4 3084 	str.w	r3, [r4, #132]	@ 0x84
10001584:	f7ff ff5c 	bl	10001440 <xosc_init>
10001588:	2201      	movs	r2, #1
1000158a:	4b29      	ldr	r3, [pc, #164]	@ (10001630 <runtime_init_clocks+0xb8>)
1000158c:	63da      	str	r2, [r3, #60]	@ 0x3c
1000158e:	6c63      	ldr	r3, [r4, #68]	@ 0x44
10001590:	2b01      	cmp	r3, #1
10001592:	d1fc      	bne.n	1000158e <runtime_init_clocks+0x16>
10001594:	2103      	movs	r1, #3
10001596:	4a26      	ldr	r2, [pc, #152]	@ (10001630 <runtime_init_clocks+0xb8>)
10001598:	4b24      	ldr	r3, [pc, #144]	@ (1000162c <runtime_init_clocks+0xb4>)
1000159a:	6311      	str	r1, [r2, #48]	@ 0x30
1000159c:	6b9c      	ldr	r4, [r3, #56]	@ 0x38
1000159e:	2c01      	cmp	r4, #1
100015a0:	d1fc      	bne.n	1000159c <runtime_init_clocks+0x24>
100015a2:	2602      	movs	r6, #2
100015a4:	2505      	movs	r5, #5
100015a6:	4621      	mov	r1, r4
100015a8:	2305      	movs	r3, #5
100015aa:	4a22      	ldr	r2, [pc, #136]	@ (10001634 <runtime_init_clocks+0xbc>)
100015ac:	4822      	ldr	r0, [pc, #136]	@ (10001638 <runtime_init_clocks+0xc0>)
100015ae:	9600      	str	r6, [sp, #0]
100015b0:	f7ff fe5c 	bl	1000126c <pll_init>
100015b4:	4621      	mov	r1, r4
100015b6:	462b      	mov	r3, r5
100015b8:	4a20      	ldr	r2, [pc, #128]	@ (1000163c <runtime_init_clocks+0xc4>)
100015ba:	4821      	ldr	r0, [pc, #132]	@ (10001640 <runtime_init_clocks+0xc8>)
100015bc:	9500      	str	r5, [sp, #0]
100015be:	f7ff fe55 	bl	1000126c <pll_init>
100015c2:	2200      	movs	r2, #0
100015c4:	2004      	movs	r0, #4
100015c6:	4631      	mov	r1, r6
100015c8:	4b1e      	ldr	r3, [pc, #120]	@ (10001644 <runtime_init_clocks+0xcc>)
100015ca:	f7ff fde1 	bl	10001190 <clock_configure_undivided>
100015ce:	4621      	mov	r1, r4
100015d0:	4628      	mov	r0, r5
100015d2:	2200      	movs	r2, #0
100015d4:	4b1c      	ldr	r3, [pc, #112]	@ (10001648 <runtime_init_clocks+0xd0>)
100015d6:	f7ff fddb 	bl	10001190 <clock_configure_undivided>
100015da:	2200      	movs	r2, #0
100015dc:	2008      	movs	r0, #8
100015de:	4611      	mov	r1, r2
100015e0:	4b1a      	ldr	r3, [pc, #104]	@ (1000164c <runtime_init_clocks+0xd4>)
100015e2:	f7ff fdd5 	bl	10001190 <clock_configure_undivided>
100015e6:	2200      	movs	r2, #0
100015e8:	2009      	movs	r0, #9
100015ea:	4611      	mov	r1, r2
100015ec:	4b17      	ldr	r3, [pc, #92]	@ (1000164c <runtime_init_clocks+0xd4>)
100015ee:	f7ff fdcf 	bl	10001190 <clock_configure_undivided>
100015f2:	2200      	movs	r2, #0
100015f4:	2006      	movs	r0, #6
100015f6:	4611      	mov	r1, r2
100015f8:	4b13      	ldr	r3, [pc, #76]	@ (10001648 <runtime_init_clocks+0xd0>)
100015fa:	f7ff fdc9 	bl	10001190 <clock_configure_undivided>
100015fe:	2200      	movs	r2, #0
10001600:	4b11      	ldr	r3, [pc, #68]	@ (10001648 <runtime_init_clocks+0xd0>)
10001602:	2007      	movs	r0, #7
10001604:	4611      	mov	r1, r2
10001606:	f7ff fdc3 	bl	10001190 <clock_configure_undivided>
1000160a:	2004      	movs	r0, #4
1000160c:	f7ff fe28 	bl	10001260 <clock_get_hz>
10001610:	2400      	movs	r4, #0
10001612:	4b0f      	ldr	r3, [pc, #60]	@ (10001650 <runtime_init_clocks+0xd8>)
10001614:	fba3 3500 	umull	r3, r5, r3, r0
10001618:	0cad      	lsrs	r5, r5, #18
1000161a:	b2e0      	uxtb	r0, r4
1000161c:	4629      	mov	r1, r5
1000161e:	3401      	adds	r4, #1
10001620:	f7ff feb6 	bl	10001390 <tick_start>
10001624:	2c06      	cmp	r4, #6
10001626:	d1f8      	bne.n	1000161a <runtime_init_clocks+0xa2>
10001628:	b002      	add	sp, #8
1000162a:	bd70      	pop	{r4, r5, r6, pc}
1000162c:	40010000 	.word	0x40010000
10001630:	40013000 	.word	0x40013000
10001634:	59682f00 	.word	0x59682f00
10001638:	40050000 	.word	0x40050000
1000163c:	47868c00 	.word	0x47868c00
10001640:	40058000 	.word	0x40058000
10001644:	00b71b00 	.word	0x00b71b00
10001648:	08f0d180 	.word	0x08f0d180
1000164c:	02dc6c00 	.word	0x02dc6c00
10001650:	431bde83 	.word	0x431bde83

10001654 <generic_save_state>:
10001654:	b086      	sub	sp, #24
10001656:	b403      	push	{r0, r1}
10001658:	fc51 0408 	dcp_pxmd r0, r1
1000165c:	e9cd 0102 	strd	r0, r1, [sp, #8]
10001660:	fc51 0409 	dcp_pymd r0, r1
10001664:	e9cd 0104 	strd	r0, r1, [sp, #16]
10001668:	ec51 040a 	dcp_refd r0, r1
1000166c:	e9cd 0106 	strd	r0, r1, [sp, #24]
10001670:	bc03      	pop	{r0, r1}
10001672:	47f0      	blx	lr

10001674 <generic_restore_state>:
10001674:	e8bd 5000 	ldmia.w	sp!, {ip, lr}
10001678:	ec4e c400 	dcp_wxmd ip, lr
1000167c:	e8bd 5000 	ldmia.w	sp!, {ip, lr}
10001680:	ec4e c401 	dcp_wymd ip, lr
10001684:	e8bd 5000 	ldmia.w	sp!, {ip, lr}
10001688:	ec4e c402 	dcp_wefd ip, lr
1000168c:	bd00      	pop	{pc}
1000168e:	0000      	movs	r0, r0
10001690:	b500      	push	{lr}
10001692:	f7ff ffdf 	bl	10001654 <generic_save_state>
10001696:	e002      	b.n	1000169e <__wrap___aeabi_dadd+0x6>

10001698 <__wrap___aeabi_dadd>:
10001698:	fe10 f430 	dcp_pcmp APSR_nzcv
1000169c:	d4f8      	bmi.n	10001690 <generic_restore_state+0x1c>
1000169e:	ec41 0410 	dcp_wxup r0, r1
100016a2:	ec43 2411 	dcp_wyup r2, r3
100016a6:	ee00 0401 	dcp_add0
100016aa:	ee10 0401 	dcp_add1
100016ae:	ee80 0420 	dcp_nrdd
100016b2:	ec51 0410 	dcp_rdda r0, r1
100016b6:	4770      	bx	lr
100016b8:	b500      	push	{lr}
100016ba:	f7ff ffcb 	bl	10001654 <generic_save_state>
100016be:	e002      	b.n	100016c6 <__wrap___aeabi_dsub+0x6>

100016c0 <__wrap___aeabi_dsub>:
100016c0:	fe10 f430 	dcp_pcmp APSR_nzcv
100016c4:	d4f8      	bmi.n	100016b8 <__wrap___aeabi_dadd+0x20>
100016c6:	ec41 0410 	dcp_wxup r0, r1
100016ca:	ec43 2411 	dcp_wyup r2, r3
100016ce:	ee00 0401 	dcp_add0
100016d2:	ee10 0421 	dcp_sub1
100016d6:	ee80 0420 	dcp_nrdd
100016da:	ec51 0430 	dcp_rdds r0, r1
100016de:	4770      	bx	lr
100016e0:	b500      	push	{lr}
100016e2:	f7ff ffb7 	bl	10001654 <generic_save_state>
100016e6:	e002      	b.n	100016ee <__wrap___aeabi_dmul+0x6>

100016e8 <__wrap___aeabi_dmul>:
100016e8:	fe10 f430 	dcp_pcmp APSR_nzcv
100016ec:	d4f8      	bmi.n	100016e0 <__wrap___aeabi_dsub+0x20>
100016ee:	b510      	push	{r4, lr}
100016f0:	ec41 0410 	dcp_wxup r0, r1
100016f4:	ec43 2411 	dcp_wyup r2, r3
100016f8:	ec51 0404 	dcp_rxms r0, r1, #0x0
100016fc:	ec53 2405 	dcp_ryms r2, r3, #0x0
10001700:	fba0 4c02 	umull	r4, ip, r0, r2
10001704:	f05f 0e00 	movs.w	lr, #0
10001708:	fbe0 ce03 	umlal	ip, lr, r0, r3
1000170c:	fbe1 ce02 	umlal	ip, lr, r1, r2
10001710:	ec4c 4420 	dcp_wxms r4, ip
10001714:	2400      	movs	r4, #0
10001716:	fbe1 e403 	umlal	lr, r4, r1, r3
1000171a:	ec44 e430 	dcp_wxmo lr, r4
1000171e:	ee80 0420 	dcp_nrdd
10001722:	ec51 0450 	dcp_rddm r0, r1
10001726:	e8bd 4010 	ldmia.w	sp!, {r4, lr}
1000172a:	4770      	bx	lr
1000172c:	b500      	push	{lr}
1000172e:	f7ff ff91 	bl	10001654 <generic_save_state>
10001732:	e002      	b.n	1000173a <__wrap___aeabi_ddiv+0x6>

10001734 <__wrap___aeabi_ddiv>:
10001734:	fe10 f430 	dcp_pcmp APSR_nzcv
10001738:	d4f8      	bmi.n	1000172c <__wrap___aeabi_dmul+0x44>
1000173a:	ec41 0410 	dcp_wxup r0, r1
1000173e:	ec43 2411 	dcp_wyup r2, r3
10001742:	ec51 0421 	dcp_rymr r0, r1
10001746:	fba0 1201 	umull	r1, r2, r0, r1
1000174a:	ea6f 0282 	mvn.w	r2, r2, lsl #2
1000174e:	fb52 0010 	smmlar	r0, r2, r0, r0
10001752:	fb52 f212 	smmulr	r2, r2, r2
10001756:	fb52 0010 	smmlar	r0, r2, r0, r0
1000175a:	eba0 7cd0 	sub.w	ip, r0, r0, lsr #31
1000175e:	ec53 2404 	dcp_rxms r2, r3, #0x0
10001762:	fb5c f113 	smmulr	r1, ip, r3
10001766:	ec53 2415 	dcp_ryms r2, r3, #0x1
1000176a:	fba1 2002 	umull	r2, r0, r1, r2
1000176e:	fb01 0003 	mla	r0, r1, r3, r0
10001772:	ec53 2444 	dcp_rxms r2, r3, #0x4
10001776:	eba2 0000 	sub.w	r0, r2, r0
1000177a:	fb50 f21c 	smmulr	r2, r0, ip
1000177e:	ea4f 1311 	mov.w	r3, r1, lsr #4
10001782:	eb12 7001 	adds.w	r0, r2, r1, lsl #28
10001786:	eb43 71e2 	adc.w	r1, r3, r2, asr #31
1000178a:	ea40 5051 	orr.w	r0, r0, r1, lsr #21
1000178e:	ea20 5091 	bic.w	r0, r0, r1, lsr #22
10001792:	f020 0007 	bic.w	r0, r0, #7
10001796:	ec53 2475 	dcp_ryms r2, r3, #0x7
1000179a:	fba0 3c02 	umull	r3, ip, r0, r2
1000179e:	ec53 2475 	dcp_ryms r2, r3, #0x7
100017a2:	fb00 cc03 	mla	ip, r0, r3, ip
100017a6:	fb01 cc02 	mla	ip, r1, r2, ip
100017aa:	ec53 2404 	dcp_rxms r2, r3, #0x0
100017ae:	ebac 4c82 	sub.w	ip, ip, r2, lsl #18
100017b2:	ea40 705c 	orr.w	r0, r0, ip, lsr #29
100017b6:	f1a0 0001 	sub.w	r0, r0, #1
100017ba:	ec41 0440 	dcp_wxdd r0, r1
100017be:	ee80 0420 	dcp_nrdd
100017c2:	ec51 0470 	dcp_rddd r0, r1
100017c6:	4770      	bx	lr
100017c8:	b500      	push	{lr}
100017ca:	f7ff ff43 	bl	10001654 <generic_save_state>
100017ce:	e002      	b.n	100017d6 <__wrap___aeabi_i2d+0x6>

100017d0 <__wrap___aeabi_i2d>:
100017d0:	fe10 f430 	dcp_pcmp APSR_nzcv
100017d4:	d4f8      	bmi.n	100017c8 <__wrap___aeabi_ddiv+0x94>
100017d6:	ec40 0470 	dcp_wxic r0, r0
100017da:	ee00 0401 	dcp_add0
100017de:	ee10 0421 	dcp_sub1
100017e2:	ee80 0420 	dcp_nrdd
100017e6:	ec51 0430 	dcp_rdds r0, r1
100017ea:	4770      	bx	lr
100017ec:	b500      	push	{lr}
100017ee:	f7ff ff31 	bl	10001654 <generic_save_state>
100017f2:	e002      	b.n	100017fa <__wrap___aeabi_ui2d+0x6>

100017f4 <__wrap___aeabi_ui2d>:
100017f4:	fe10 f430 	dcp_pcmp APSR_nzcv
100017f8:	d4f8      	bmi.n	100017ec <__wrap___aeabi_i2d+0x1c>
100017fa:	ec40 0460 	dcp_wxuc r0, r0
100017fe:	ee00 0401 	dcp_add0
10001802:	ee10 0421 	dcp_sub1
10001806:	ee80 0420 	dcp_nrdd
1000180a:	ec51 0430 	dcp_rdds r0, r1
1000180e:	4770      	bx	lr
10001810:	b500      	push	{lr}
10001812:	f7ff ff1f 	bl	10001654 <generic_save_state>
10001816:	e002      	b.n	1000181e <double2int_z_entry>

10001818 <__wrap___aeabi_d2iz>:
10001818:	fe10 f430 	dcp_pcmp APSR_nzcv
1000181c:	d4f8      	bmi.n	10001810 <__wrap___aeabi_ui2d+0x1c>

1000181e <double2int_z_entry>:
1000181e:	ec41 0480 	dcp_wxdc r0, r1
10001822:	ee00 0401 	dcp_add0
10001826:	ee10 0401 	dcp_add1
1000182a:	ee80 0440 	dcp_ntdc
1000182e:	ee10 0413 	dcp_rdic r0
10001832:	4770      	bx	lr
10001834:	b500      	push	{lr}
10001836:	f7ff ff0d 	bl	10001654 <generic_save_state>
1000183a:	e002      	b.n	10001842 <double2uint_z_entry>

1000183c <__wrap___aeabi_d2uiz>:
1000183c:	fe10 f430 	dcp_pcmp APSR_nzcv
10001840:	d4f8      	bmi.n	10001834 <double2int_z_entry+0x16>

10001842 <double2uint_z_entry>:
10001842:	ec41 0480 	dcp_wxdc r0, r1
10001846:	ee00 0401 	dcp_add0
1000184a:	ee10 0401 	dcp_add1
1000184e:	ee80 0440 	dcp_ntdc
10001852:	ee10 0433 	dcp_rduc r0
10001856:	4770      	bx	lr
10001858:	b500      	push	{lr}
1000185a:	f7ff fefb 	bl	10001654 <generic_save_state>
1000185e:	e002      	b.n	10001866 <__wrap___aeabi_dcmpun+0x6>

10001860 <__wrap___aeabi_dcmpun>:
10001860:	fe10 f430 	dcp_pcmp APSR_nzcv
10001864:	d4f8      	bmi.n	10001858 <double2uint_z_entry+0x16>
10001866:	ec41 0410 	dcp_wxup r0, r1
1000186a:	ec43 2411 	dcp_wyup r2, r3
1000186e:	ee00 0401 	dcp_add0
10001872:	ee10 0430 	dcp_rcmp r0
10001876:	f3c0 7000 	ubfx	r0, r0, #28, #1
1000187a:	4770      	bx	lr
1000187c:	b500      	push	{lr}
1000187e:	f7ff fee9 	bl	10001654 <generic_save_state>
10001882:	e002      	b.n	1000188a <__wrap___aeabi_dcmplt+0x6>

10001884 <__wrap___aeabi_dcmplt>:
10001884:	fe10 f430 	dcp_pcmp APSR_nzcv
10001888:	d4f8      	bmi.n	1000187c <__wrap___aeabi_dcmpun+0x1c>
1000188a:	ec43 2410 	dcp_wxup r2, r3
1000188e:	ec41 0411 	dcp_wyup r0, r1
10001892:	ee00 0401 	dcp_add0
10001896:	ee10 f430 	dcp_rcmp APSR_nzcv
1000189a:	bf8c      	ite	hi
1000189c:	2001      	movhi	r0, #1
1000189e:	2000      	movls	r0, #0
100018a0:	4770      	bx	lr
100018a2:	bf00      	nop
100018a4:	b500      	push	{lr}
100018a6:	f7ff fed5 	bl	10001654 <generic_save_state>
100018aa:	e002      	b.n	100018b2 <__wrap___aeabi_dcmpge+0x6>

100018ac <__wrap___aeabi_dcmpge>:
100018ac:	fe10 f430 	dcp_pcmp APSR_nzcv
100018b0:	d4f8      	bmi.n	100018a4 <__wrap___aeabi_dcmplt+0x20>
100018b2:	ec41 0410 	dcp_wxup r0, r1
100018b6:	ec43 2411 	dcp_wyup r2, r3
100018ba:	ee00 0401 	dcp_add0
100018be:	ee10 f430 	dcp_rcmp APSR_nzcv
100018c2:	bf2c      	ite	cs
100018c4:	2001      	movcs	r0, #1
100018c6:	2000      	movcc	r0, #0
100018c8:	4770      	bx	lr
100018ca:	bf00      	nop
100018cc:	b500      	push	{lr}
100018ce:	f7ff fec1 	bl	10001654 <generic_save_state>
100018d2:	e002      	b.n	100018da <__wrap___aeabi_dcmpgt+0x6>

100018d4 <__wrap___aeabi_dcmpgt>:
100018d4:	fe10 f430 	dcp_pcmp APSR_nzcv
100018d8:	d4f8      	bmi.n	100018cc <__wrap___aeabi_dcmpge+0x20>
100018da:	ec41 0410 	dcp_wxup r0, r1
100018de:	ec43 2411 	dcp_wyup r2, r3
100018e2:	ee00 0401 	dcp_add0
100018e6:	ee10 f430 	dcp_rcmp APSR_nzcv
100018ea:	bf8c      	ite	hi
100018ec:	2001      	movhi	r0, #1
100018ee:	2000      	movls	r0, #0
100018f0:	4770      	bx	lr
100018f2:	bf00      	nop

100018f4 <_out_null>:
100018f4:	4770      	bx	lr
100018f6:	bf00      	nop

100018f8 <_out_rev>:
100018f8:	e92d 4ff0 	stmdb	sp!, {r4, r5, r6, r7, r8, r9, sl, fp, lr}
100018fc:	b083      	sub	sp, #12
100018fe:	4699      	mov	r9, r3
10001900:	e9dd ab0d 	ldrd	sl, fp, [sp, #52]	@ 0x34
10001904:	9b0f      	ldr	r3, [sp, #60]	@ 0x3c
10001906:	4688      	mov	r8, r1
10001908:	4611      	mov	r1, r2
1000190a:	079a      	lsls	r2, r3, #30
1000190c:	4607      	mov	r7, r0
1000190e:	d116      	bne.n	1000193e <_out_rev+0x46>
10001910:	45da      	cmp	sl, fp
10001912:	d23a      	bcs.n	1000198a <_out_rev+0x92>
10001914:	460c      	mov	r4, r1
10001916:	460d      	mov	r5, r1
10001918:	ebab 060a 	sub.w	r6, fp, sl
1000191c:	440e      	add	r6, r1
1000191e:	4622      	mov	r2, r4
10001920:	464b      	mov	r3, r9
10001922:	4641      	mov	r1, r8
10001924:	2020      	movs	r0, #32
10001926:	3401      	adds	r4, #1
10001928:	47b8      	blx	r7
1000192a:	42b4      	cmp	r4, r6
1000192c:	d1f7      	bne.n	1000191e <_out_rev+0x26>
1000192e:	4629      	mov	r1, r5
10001930:	f1ba 0f00 	cmp.w	sl, #0
10001934:	d108      	bne.n	10001948 <_out_rev+0x50>
10001936:	4620      	mov	r0, r4
10001938:	b003      	add	sp, #12
1000193a:	e8bd 8ff0 	ldmia.w	sp!, {r4, r5, r6, r7, r8, r9, sl, fp, pc}
1000193e:	460c      	mov	r4, r1
10001940:	f1ba 0f00 	cmp.w	sl, #0
10001944:	d010      	beq.n	10001968 <_out_rev+0x70>
10001946:	460e      	mov	r6, r1
10001948:	4655      	mov	r5, sl
1000194a:	9b0c      	ldr	r3, [sp, #48]	@ 0x30
1000194c:	442e      	add	r6, r5
1000194e:	449a      	add	sl, r3
10001950:	9101      	str	r1, [sp, #4]
10001952:	1b72      	subs	r2, r6, r5
10001954:	464b      	mov	r3, r9
10001956:	3d01      	subs	r5, #1
10001958:	4641      	mov	r1, r8
1000195a:	f81a 0d01 	ldrb.w	r0, [sl, #-1]!
1000195e:	4634      	mov	r4, r6
10001960:	47b8      	blx	r7
10001962:	2d00      	cmp	r5, #0
10001964:	d1f5      	bne.n	10001952 <_out_rev+0x5a>
10001966:	9901      	ldr	r1, [sp, #4]
10001968:	9b0f      	ldr	r3, [sp, #60]	@ 0x3c
1000196a:	079b      	lsls	r3, r3, #30
1000196c:	d5e3      	bpl.n	10001936 <_out_rev+0x3e>
1000196e:	1a65      	subs	r5, r4, r1
10001970:	45ab      	cmp	fp, r5
10001972:	d9e0      	bls.n	10001936 <_out_rev+0x3e>
10001974:	4622      	mov	r2, r4
10001976:	464b      	mov	r3, r9
10001978:	4641      	mov	r1, r8
1000197a:	2020      	movs	r0, #32
1000197c:	3501      	adds	r5, #1
1000197e:	47b8      	blx	r7
10001980:	455d      	cmp	r5, fp
10001982:	f104 0401 	add.w	r4, r4, #1
10001986:	d3f5      	bcc.n	10001974 <_out_rev+0x7c>
10001988:	e7d5      	b.n	10001936 <_out_rev+0x3e>
1000198a:	f1ba 0f00 	cmp.w	sl, #0
1000198e:	d1da      	bne.n	10001946 <_out_rev+0x4e>
10001990:	460c      	mov	r4, r1
10001992:	e7d0      	b.n	10001936 <_out_rev+0x3e>

10001994 <_ntoa_format>:
10001994:	e92d 4ff0 	stmdb	sp!, {r4, r5, r6, r7, r8, r9, sl, fp, lr}
10001998:	9f0f      	ldr	r7, [sp, #60]	@ 0x3c
1000199a:	f8dd e024 	ldr.w	lr, [sp, #36]	@ 0x24
1000199e:	f017 0f02 	tst.w	r7, #2
100019a2:	9c0a      	ldr	r4, [sp, #40]	@ 0x28
100019a4:	f89d 902c 	ldrb.w	r9, [sp, #44]	@ 0x2c
100019a8:	9d0e      	ldr	r5, [sp, #56]	@ 0x38
100019aa:	e9dd 860c 	ldrd	r8, r6, [sp, #48]	@ 0x30
100019ae:	d129      	bne.n	10001a04 <_ntoa_format+0x70>
100019b0:	2d00      	cmp	r5, #0
100019b2:	d16f      	bne.n	10001a94 <_ntoa_format+0x100>
100019b4:	42b4      	cmp	r4, r6
100019b6:	d225      	bcs.n	10001a04 <_ntoa_format+0x70>
100019b8:	2c20      	cmp	r4, #32
100019ba:	f007 0b01 	and.w	fp, r7, #1
100019be:	f000 8112 	beq.w	10001be6 <_ntoa_format+0x252>
100019c2:	f104 3cff 	add.w	ip, r4, #4294967295	@ 0xffffffff
100019c6:	f04f 0a30 	mov.w	sl, #48	@ 0x30
100019ca:	44f4      	add	ip, lr
100019cc:	e001      	b.n	100019d2 <_ntoa_format+0x3e>
100019ce:	2c20      	cmp	r4, #32
100019d0:	d07a      	beq.n	10001ac8 <_ntoa_format+0x134>
100019d2:	3401      	adds	r4, #1
100019d4:	42a6      	cmp	r6, r4
100019d6:	f80c af01 	strb.w	sl, [ip, #1]!
100019da:	d8f8      	bhi.n	100019ce <_ntoa_format+0x3a>
100019dc:	f1bb 0f00 	cmp.w	fp, #0
100019e0:	d010      	beq.n	10001a04 <_ntoa_format+0x70>
100019e2:	42ac      	cmp	r4, r5
100019e4:	d20e      	bcs.n	10001a04 <_ntoa_format+0x70>
100019e6:	2c20      	cmp	r4, #32
100019e8:	d074      	beq.n	10001ad4 <_ntoa_format+0x140>
100019ea:	f104 3cff 	add.w	ip, r4, #4294967295	@ 0xffffffff
100019ee:	f04f 0a30 	mov.w	sl, #48	@ 0x30
100019f2:	44f4      	add	ip, lr
100019f4:	e001      	b.n	100019fa <_ntoa_format+0x66>
100019f6:	2c20      	cmp	r4, #32
100019f8:	d029      	beq.n	10001a4e <_ntoa_format+0xba>
100019fa:	3401      	adds	r4, #1
100019fc:	42ac      	cmp	r4, r5
100019fe:	f80c af01 	strb.w	sl, [ip, #1]!
10001a02:	d1f8      	bne.n	100019f6 <_ntoa_format+0x62>
10001a04:	f017 0f10 	tst.w	r7, #16
10001a08:	d03a      	beq.n	10001a80 <_ntoa_format+0xec>
10001a0a:	f417 6f80 	tst.w	r7, #1024	@ 0x400
10001a0e:	d128      	bne.n	10001a62 <_ntoa_format+0xce>
10001a10:	bb1c      	cbnz	r4, 10001a5a <_ntoa_format+0xc6>
10001a12:	f1b8 0f10 	cmp.w	r8, #16
10001a16:	f000 80ca 	beq.w	10001bae <_ntoa_format+0x21a>
10001a1a:	f1b8 0f02 	cmp.w	r8, #2
10001a1e:	f000 80d4 	beq.w	10001bca <_ntoa_format+0x236>
10001a22:	2430      	movs	r4, #48	@ 0x30
10001a24:	f88e 4000 	strb.w	r4, [lr]
10001a28:	2401      	movs	r4, #1
10001a2a:	f1b9 0f00 	cmp.w	r9, #0
10001a2e:	d167      	bne.n	10001b00 <_ntoa_format+0x16c>
10001a30:	077e      	lsls	r6, r7, #29
10001a32:	f140 80aa 	bpl.w	10001b8a <_ntoa_format+0x1f6>
10001a36:	262b      	movs	r6, #43	@ 0x2b
10001a38:	f80e 6004 	strb.w	r6, [lr, r4]
10001a3c:	3401      	adds	r4, #1
10001a3e:	e9cd 570b 	strd	r5, r7, [sp, #44]	@ 0x2c
10001a42:	e9cd e409 	strd	lr, r4, [sp, #36]	@ 0x24
10001a46:	e8bd 4ff0 	ldmia.w	sp!, {r4, r5, r6, r7, r8, r9, sl, fp, lr}
10001a4a:	f7ff bf55 	b.w	100018f8 <_out_rev>
10001a4e:	06fc      	lsls	r4, r7, #27
10001a50:	f140 8089 	bpl.w	10001b66 <_ntoa_format+0x1d2>
10001a54:	057c      	lsls	r4, r7, #21
10001a56:	d435      	bmi.n	10001ac4 <_ntoa_format+0x130>
10001a58:	2420      	movs	r4, #32
10001a5a:	42a6      	cmp	r6, r4
10001a5c:	d06a      	beq.n	10001b34 <_ntoa_format+0x1a0>
10001a5e:	42ac      	cmp	r4, r5
10001a60:	d068      	beq.n	10001b34 <_ntoa_format+0x1a0>
10001a62:	f1b8 0f10 	cmp.w	r8, #16
10001a66:	f000 8087 	beq.w	10001b78 <_ntoa_format+0x1e4>
10001a6a:	f1b8 0f02 	cmp.w	r8, #2
10001a6e:	d05a      	beq.n	10001b26 <_ntoa_format+0x192>
10001a70:	2c20      	cmp	r4, #32
10001a72:	d0e4      	beq.n	10001a3e <_ntoa_format+0xaa>
10001a74:	4626      	mov	r6, r4
10001a76:	3401      	adds	r4, #1
10001a78:	f04f 0c30 	mov.w	ip, #48	@ 0x30
10001a7c:	f80e c006 	strb.w	ip, [lr, r6]
10001a80:	2c20      	cmp	r4, #32
10001a82:	d1d2      	bne.n	10001a2a <_ntoa_format+0x96>
10001a84:	e9cd 570b 	strd	r5, r7, [sp, #44]	@ 0x2c
10001a88:	e9cd e409 	strd	lr, r4, [sp, #36]	@ 0x24
10001a8c:	e8bd 4ff0 	ldmia.w	sp!, {r4, r5, r6, r7, r8, r9, sl, fp, lr}
10001a90:	f7ff bf32 	b.w	100018f8 <_out_rev>
10001a94:	f017 0b01 	ands.w	fp, r7, #1
10001a98:	d03e      	beq.n	10001b18 <_ntoa_format+0x184>
10001a9a:	f1b9 0f00 	cmp.w	r9, #0
10001a9e:	d147      	bne.n	10001b30 <_ntoa_format+0x19c>
10001aa0:	f017 0f0c 	tst.w	r7, #12
10001aa4:	d144      	bne.n	10001b30 <_ntoa_format+0x19c>
10001aa6:	42b4      	cmp	r4, r6
10001aa8:	d29b      	bcs.n	100019e2 <_ntoa_format+0x4e>
10001aaa:	2c20      	cmp	r4, #32
10001aac:	d189      	bne.n	100019c2 <_ntoa_format+0x2e>
10001aae:	2d20      	cmp	r5, #32
10001ab0:	d810      	bhi.n	10001ad4 <_ntoa_format+0x140>
10001ab2:	06fc      	lsls	r4, r7, #27
10001ab4:	d557      	bpl.n	10001b66 <_ntoa_format+0x1d2>
10001ab6:	057c      	lsls	r4, r7, #21
10001ab8:	d455      	bmi.n	10001b66 <_ntoa_format+0x1d2>
10001aba:	2e20      	cmp	r6, #32
10001abc:	f000 80b9 	beq.w	10001c32 <_ntoa_format+0x29e>
10001ac0:	2d20      	cmp	r5, #32
10001ac2:	d010      	beq.n	10001ae6 <_ntoa_format+0x152>
10001ac4:	2420      	movs	r4, #32
10001ac6:	e7cc      	b.n	10001a62 <_ntoa_format+0xce>
10001ac8:	f1bb 0f00 	cmp.w	fp, #0
10001acc:	f000 80a5 	beq.w	10001c1a <_ntoa_format+0x286>
10001ad0:	2d20      	cmp	r5, #32
10001ad2:	d9bc      	bls.n	10001a4e <_ntoa_format+0xba>
10001ad4:	06fc      	lsls	r4, r7, #27
10001ad6:	d546      	bpl.n	10001b66 <_ntoa_format+0x1d2>
10001ad8:	057c      	lsls	r4, r7, #21
10001ada:	d444      	bmi.n	10001b66 <_ntoa_format+0x1d2>
10001adc:	2e20      	cmp	r6, #32
10001ade:	f000 80a8 	beq.w	10001c32 <_ntoa_format+0x29e>
10001ae2:	2d20      	cmp	r5, #32
10001ae4:	d13f      	bne.n	10001b66 <_ntoa_format+0x1d2>
10001ae6:	462c      	mov	r4, r5
10001ae8:	261f      	movs	r6, #31
10001aea:	f1b8 0f10 	cmp.w	r8, #16
10001aee:	d07f      	beq.n	10001bf0 <_ntoa_format+0x25c>
10001af0:	f1b8 0f02 	cmp.w	r8, #2
10001af4:	d1c0      	bne.n	10001a78 <_ntoa_format+0xe4>
10001af6:	f04f 0c62 	mov.w	ip, #98	@ 0x62
10001afa:	f80e c006 	strb.w	ip, [lr, r6]
10001afe:	e7b7      	b.n	10001a70 <_ntoa_format+0xdc>
10001b00:	262d      	movs	r6, #45	@ 0x2d
10001b02:	f80e 6004 	strb.w	r6, [lr, r4]
10001b06:	3401      	adds	r4, #1
10001b08:	e9cd 570b 	strd	r5, r7, [sp, #44]	@ 0x2c
10001b0c:	e9cd e409 	strd	lr, r4, [sp, #36]	@ 0x24
10001b10:	e8bd 4ff0 	ldmia.w	sp!, {r4, r5, r6, r7, r8, r9, sl, fp, lr}
10001b14:	f7ff bef0 	b.w	100018f8 <_out_rev>
10001b18:	42b4      	cmp	r4, r6
10001b1a:	f4bf af73 	bcs.w	10001a04 <_ntoa_format+0x70>
10001b1e:	2c20      	cmp	r4, #32
10001b20:	f47f af4f 	bne.w	100019c2 <_ntoa_format+0x2e>
10001b24:	e7d6      	b.n	10001ad4 <_ntoa_format+0x140>
10001b26:	2c20      	cmp	r4, #32
10001b28:	d089      	beq.n	10001a3e <_ntoa_format+0xaa>
10001b2a:	4626      	mov	r6, r4
10001b2c:	3401      	adds	r4, #1
10001b2e:	e7e2      	b.n	10001af6 <_ntoa_format+0x162>
10001b30:	3d01      	subs	r5, #1
10001b32:	e7b8      	b.n	10001aa6 <_ntoa_format+0x112>
10001b34:	1e66      	subs	r6, r4, #1
10001b36:	d1d8      	bne.n	10001aea <_ntoa_format+0x156>
10001b38:	f1b8 0f10 	cmp.w	r8, #16
10001b3c:	d064      	beq.n	10001c08 <_ntoa_format+0x274>
10001b3e:	f1b8 0f02 	cmp.w	r8, #2
10001b42:	f47f af6e 	bne.w	10001a22 <_ntoa_format+0x8e>
10001b46:	2662      	movs	r6, #98	@ 0x62
10001b48:	f88e 6000 	strb.w	r6, [lr]
10001b4c:	2630      	movs	r6, #48	@ 0x30
10001b4e:	4644      	mov	r4, r8
10001b50:	f88e 6001 	strb.w	r6, [lr, #1]
10001b54:	f1b9 0f00 	cmp.w	r9, #0
10001b58:	f43f af6a 	beq.w	10001a30 <_ntoa_format+0x9c>
10001b5c:	e7d0      	b.n	10001b00 <_ntoa_format+0x16c>
10001b5e:	f1b8 0f10 	cmp.w	r8, #16
10001b62:	f47f af6c 	bne.w	10001a3e <_ntoa_format+0xaa>
10001b66:	2420      	movs	r4, #32
10001b68:	e9cd 570b 	strd	r5, r7, [sp, #44]	@ 0x2c
10001b6c:	e9cd e409 	strd	lr, r4, [sp, #36]	@ 0x24
10001b70:	e8bd 4ff0 	ldmia.w	sp!, {r4, r5, r6, r7, r8, r9, sl, fp, lr}
10001b74:	f7ff bec0 	b.w	100018f8 <_out_rev>
10001b78:	06be      	lsls	r6, r7, #26
10001b7a:	d40e      	bmi.n	10001b9a <_ntoa_format+0x206>
10001b7c:	2c20      	cmp	r4, #32
10001b7e:	d0f2      	beq.n	10001b66 <_ntoa_format+0x1d2>
10001b80:	2678      	movs	r6, #120	@ 0x78
10001b82:	f80e 6004 	strb.w	r6, [lr, r4]
10001b86:	3401      	adds	r4, #1
10001b88:	e772      	b.n	10001a70 <_ntoa_format+0xdc>
10001b8a:	073e      	lsls	r6, r7, #28
10001b8c:	f57f af57 	bpl.w	10001a3e <_ntoa_format+0xaa>
10001b90:	2620      	movs	r6, #32
10001b92:	f80e 6004 	strb.w	r6, [lr, r4]
10001b96:	3401      	adds	r4, #1
10001b98:	e751      	b.n	10001a3e <_ntoa_format+0xaa>
10001b9a:	2c20      	cmp	r4, #32
10001b9c:	d0e3      	beq.n	10001b66 <_ntoa_format+0x1d2>
10001b9e:	f04f 0c58 	mov.w	ip, #88	@ 0x58
10001ba2:	eb0e 0604 	add.w	r6, lr, r4
10001ba6:	f886 c000 	strb.w	ip, [r6]
10001baa:	3401      	adds	r4, #1
10001bac:	e760      	b.n	10001a70 <_ntoa_format+0xdc>
10001bae:	06be      	lsls	r6, r7, #26
10001bb0:	d517      	bpl.n	10001be2 <_ntoa_format+0x24e>
10001bb2:	2458      	movs	r4, #88	@ 0x58
10001bb4:	f88e 4000 	strb.w	r4, [lr]
10001bb8:	2430      	movs	r4, #48	@ 0x30
10001bba:	f88e 4001 	strb.w	r4, [lr, #1]
10001bbe:	2402      	movs	r4, #2
10001bc0:	f1b9 0f00 	cmp.w	r9, #0
10001bc4:	f43f af34 	beq.w	10001a30 <_ntoa_format+0x9c>
10001bc8:	e79a      	b.n	10001b00 <_ntoa_format+0x16c>
10001bca:	2462      	movs	r4, #98	@ 0x62
10001bcc:	f88e 4000 	strb.w	r4, [lr]
10001bd0:	2430      	movs	r4, #48	@ 0x30
10001bd2:	f88e 4001 	strb.w	r4, [lr, #1]
10001bd6:	2402      	movs	r4, #2
10001bd8:	f1b9 0f00 	cmp.w	r9, #0
10001bdc:	f43f af28 	beq.w	10001a30 <_ntoa_format+0x9c>
10001be0:	e78e      	b.n	10001b00 <_ntoa_format+0x16c>
10001be2:	2478      	movs	r4, #120	@ 0x78
10001be4:	e7f2      	b.n	10001bcc <_ntoa_format+0x238>
10001be6:	f1bb 0f00 	cmp.w	fp, #0
10001bea:	f47f af62 	bne.w	10001ab2 <_ntoa_format+0x11e>
10001bee:	e771      	b.n	10001ad4 <_ntoa_format+0x140>
10001bf0:	f017 0f20 	tst.w	r7, #32
10001bf4:	bf0c      	ite	eq
10001bf6:	f04f 0c78 	moveq.w	ip, #120	@ 0x78
10001bfa:	f04f 0c58 	movne.w	ip, #88	@ 0x58
10001bfe:	1ea6      	subs	r6, r4, #2
10001c00:	f80e c006 	strb.w	ip, [lr, r6]
10001c04:	3c01      	subs	r4, #1
10001c06:	e735      	b.n	10001a74 <_ntoa_format+0xe0>
10001c08:	06bc      	lsls	r4, r7, #26
10001c0a:	d5ea      	bpl.n	10001be2 <_ntoa_format+0x24e>
10001c0c:	2458      	movs	r4, #88	@ 0x58
10001c0e:	f88e 4000 	strb.w	r4, [lr]
10001c12:	2430      	movs	r4, #48	@ 0x30
10001c14:	f88e 4001 	strb.w	r4, [lr, #1]
10001c18:	e7dd      	b.n	10001bd6 <_ntoa_format+0x242>
10001c1a:	f017 0f10 	tst.w	r7, #16
10001c1e:	f43f af0e 	beq.w	10001a3e <_ntoa_format+0xaa>
10001c22:	f417 6f80 	tst.w	r7, #1024	@ 0x400
10001c26:	d19a      	bne.n	10001b5e <_ntoa_format+0x1ca>
10001c28:	2e20      	cmp	r6, #32
10001c2a:	f47f af18 	bne.w	10001a5e <_ntoa_format+0xca>
10001c2e:	261f      	movs	r6, #31
10001c30:	e75b      	b.n	10001aea <_ntoa_format+0x156>
10001c32:	4634      	mov	r4, r6
10001c34:	261f      	movs	r6, #31
10001c36:	e758      	b.n	10001aea <_ntoa_format+0x156>

10001c38 <_out_char>:
10001c38:	b900      	cbnz	r0, 10001c3c <_out_char+0x4>
10001c3a:	4770      	bx	lr
10001c3c:	f001 ba86 	b.w	1000314c <__wrap_putchar>

10001c40 <_out_fct>:
10001c40:	b110      	cbz	r0, 10001c48 <_out_fct+0x8>
10001c42:	e9d1 3100 	ldrd	r3, r1, [r1]
10001c46:	4718      	bx	r3
10001c48:	4770      	bx	lr
10001c4a:	bf00      	nop
10001c4c:	0000      	movs	r0, r0
	...

10001c50 <_etoa>:
10001c50:	e92d 4ff0 	stmdb	sp!, {r4, r5, r6, r7, r8, r9, sl, fp, lr}
10001c54:	b09f      	sub	sp, #124	@ 0x7c
10001c56:	ed9d 7b28 	vldr	d7, [sp, #160]	@ 0xa0
10001c5a:	e9dd a52a 	ldrd	sl, r5, [sp, #168]	@ 0xa8
10001c5e:	ec58 7b17 	vmov	r7, r8, d7
10001c62:	4683      	mov	fp, r0
10001c64:	461e      	mov	r6, r3
10001c66:	910d      	str	r1, [sp, #52]	@ 0x34
10001c68:	9210      	str	r2, [sp, #64]	@ 0x40
10001c6a:	4643      	mov	r3, r8
10001c6c:	463a      	mov	r2, r7
10001c6e:	4638      	mov	r0, r7
10001c70:	4641      	mov	r1, r8
10001c72:	ed8d 7b08 	vstr	d7, [sp, #32]
10001c76:	9c2c      	ldr	r4, [sp, #176]	@ 0xb0
10001c78:	f7ff fdf2 	bl	10001860 <__wrap___aeabi_dcmpun>
10001c7c:	2800      	cmp	r0, #0
10001c7e:	f040 80d8 	bne.w	10001e32 <_etoa+0x1e2>
10001c82:	4638      	mov	r0, r7
10001c84:	4641      	mov	r1, r8
10001c86:	f04f 32ff 	mov.w	r2, #4294967295	@ 0xffffffff
10001c8a:	4b75      	ldr	r3, [pc, #468]	@ (10001e60 <_etoa+0x210>)
10001c8c:	f7ff fe22 	bl	100018d4 <__wrap___aeabi_dcmpgt>
10001c90:	2800      	cmp	r0, #0
10001c92:	f040 80ce 	bne.w	10001e32 <_etoa+0x1e2>
10001c96:	4638      	mov	r0, r7
10001c98:	4641      	mov	r1, r8
10001c9a:	f04f 32ff 	mov.w	r2, #4294967295	@ 0xffffffff
10001c9e:	f46f 1380 	mvn.w	r3, #1048576	@ 0x100000
10001ca2:	f7ff fdef 	bl	10001884 <__wrap___aeabi_dcmplt>
10001ca6:	2800      	cmp	r0, #0
10001ca8:	f040 80c3 	bne.w	10001e32 <_etoa+0x1e2>
10001cac:	e9dd 7808 	ldrd	r7, r8, [sp, #32]
10001cb0:	2200      	movs	r2, #0
10001cb2:	4638      	mov	r0, r7
10001cb4:	4641      	mov	r1, r8
10001cb6:	2300      	movs	r3, #0
10001cb8:	f7ff fde4 	bl	10001884 <__wrap___aeabi_dcmplt>
10001cbc:	2800      	cmp	r0, #0
10001cbe:	f040 81c0 	bne.w	10002042 <_etoa+0x3f2>
10001cc2:	e9cd 780a 	strd	r7, r8, [sp, #40]	@ 0x28
10001cc6:	e9dd 230a 	ldrd	r2, r3, [sp, #40]	@ 0x28
10001cca:	4690      	mov	r8, r2
10001ccc:	461f      	mov	r7, r3
10001cce:	f414 6380 	ands.w	r3, r4, #1024	@ 0x400
10001cd2:	bf08      	it	eq
10001cd4:	f04f 0a06 	moveq.w	sl, #6
10001cd8:	9313      	str	r3, [sp, #76]	@ 0x4c
10001cda:	f404 6200 	and.w	r2, r4, #2048	@ 0x800
10001cde:	ea58 0307 	orrs.w	r3, r8, r7
10001ce2:	9211      	str	r2, [sp, #68]	@ 0x44
10001ce4:	f040 80c0 	bne.w	10001e68 <_etoa+0x218>
10001ce8:	2a00      	cmp	r2, #0
10001cea:	f000 81a2 	beq.w	10002032 <_etoa+0x3e2>
10001cee:	ed9f 7b5a 	vldr	d7, [pc, #360]	@ 10001e58 <_etoa+0x208>
10001cf2:	2700      	movs	r7, #0
10001cf4:	ed8d 7b0e 	vstr	d7, [sp, #56]	@ 0x38
10001cf8:	f04f 0900 	mov.w	r9, #0
10001cfc:	45ba      	cmp	sl, r7
10001cfe:	bfcc      	ite	gt
10001d00:	ebaa 0a07 	subgt.w	sl, sl, r7
10001d04:	f04f 0a00 	movle.w	sl, #0
10001d08:	464f      	mov	r7, r9
10001d0a:	bfc8      	it	gt
10001d0c:	f10a 3aff 	addgt.w	sl, sl, #4294967295	@ 0xffffffff
10001d10:	f444 6480 	orr.w	r4, r4, #1024	@ 0x400
10001d14:	454d      	cmp	r5, r9
10001d16:	bf94      	ite	ls
10001d18:	f04f 0800 	movls.w	r8, #0
10001d1c:	eba5 0809 	subhi.w	r8, r5, r9
10001d20:	f014 0302 	ands.w	r3, r4, #2
10001d24:	9311      	str	r3, [sp, #68]	@ 0x44
10001d26:	d004      	beq.n	10001d32 <_etoa+0xe2>
10001d28:	f1b9 0f00 	cmp.w	r9, #0
10001d2c:	bf18      	it	ne
10001d2e:	f04f 0800 	movne.w	r8, #0
10001d32:	b13f      	cbz	r7, 10001d44 <_etoa+0xf4>
10001d34:	e9dd 010a 	ldrd	r0, r1, [sp, #40]	@ 0x28
10001d38:	e9dd 230e 	ldrd	r2, r3, [sp, #56]	@ 0x38
10001d3c:	f7ff fcfa 	bl	10001734 <__wrap___aeabi_ddiv>
10001d40:	e9cd 010a 	strd	r0, r1, [sp, #40]	@ 0x28
10001d44:	e9dd 0108 	ldrd	r0, r1, [sp, #32]
10001d48:	2200      	movs	r2, #0
10001d4a:	2300      	movs	r3, #0
10001d4c:	f7ff fd9a 	bl	10001884 <__wrap___aeabi_dcmplt>
10001d50:	b130      	cbz	r0, 10001d60 <_etoa+0x110>
10001d52:	e9dd 010a 	ldrd	r0, r1, [sp, #40]	@ 0x28
10001d56:	4602      	mov	r2, r0
10001d58:	f101 4300 	add.w	r3, r1, #2147483648	@ 0x80000000
10001d5c:	e9cd 230a 	strd	r2, r3, [sp, #40]	@ 0x28
10001d60:	ed9d 7b0a 	vldr	d7, [sp, #40]	@ 0x28
10001d64:	e9cd a802 	strd	sl, r8, [sp, #8]
10001d68:	f8dd a034 	ldr.w	sl, [sp, #52]	@ 0x34
10001d6c:	f424 6300 	bic.w	r3, r4, #2048	@ 0x800
10001d70:	9304      	str	r3, [sp, #16]
10001d72:	ed8d 7b00 	vstr	d7, [sp]
10001d76:	4633      	mov	r3, r6
10001d78:	4651      	mov	r1, sl
10001d7a:	4658      	mov	r0, fp
10001d7c:	9a10      	ldr	r2, [sp, #64]	@ 0x40
10001d7e:	f000 f997 	bl	100020b0 <_ftoa>
10001d82:	4680      	mov	r8, r0
10001d84:	f1b9 0f00 	cmp.w	r9, #0
10001d88:	d04f      	beq.n	10001e2a <_etoa+0x1da>
10001d8a:	f014 0f20 	tst.w	r4, #32
10001d8e:	4602      	mov	r2, r0
10001d90:	f100 0401 	add.w	r4, r0, #1
10001d94:	4633      	mov	r3, r6
10001d96:	bf0c      	ite	eq
10001d98:	2065      	moveq	r0, #101	@ 0x65
10001d9a:	2045      	movne	r0, #69	@ 0x45
10001d9c:	4651      	mov	r1, sl
10001d9e:	47d8      	blx	fp
10001da0:	f109 30ff 	add.w	r0, r9, #4294967295	@ 0xffffffff
10001da4:	ea87 7ce7 	eor.w	ip, r7, r7, asr #31
10001da8:	f10d 0958 	add.w	r9, sp, #88	@ 0x58
10001dac:	2200      	movs	r2, #0
10001dae:	464b      	mov	r3, r9
10001db0:	f8df 80b0 	ldr.w	r8, [pc, #176]	@ 10001e64 <_etoa+0x214>
10001db4:	ebac 7ce7 	sub.w	ip, ip, r7, asr #31
10001db8:	ea4f 7ed7 	mov.w	lr, r7, lsr #31
10001dbc:	e001      	b.n	10001dc2 <_etoa+0x172>
10001dbe:	2a20      	cmp	r2, #32
10001dc0:	d010      	beq.n	10001de4 <_etoa+0x194>
10001dc2:	46e2      	mov	sl, ip
10001dc4:	fba8 710c 	umull	r7, r1, r8, ip
10001dc8:	08c9      	lsrs	r1, r1, #3
10001dca:	eb01 0781 	add.w	r7, r1, r1, lsl #2
10001dce:	ebac 0747 	sub.w	r7, ip, r7, lsl #1
10001dd2:	3730      	adds	r7, #48	@ 0x30
10001dd4:	f1ba 0f09 	cmp.w	sl, #9
10001dd8:	468c      	mov	ip, r1
10001dda:	f102 0201 	add.w	r2, r2, #1
10001dde:	f803 7b01 	strb.w	r7, [r3], #1
10001de2:	d8ec      	bhi.n	10001dbe <_etoa+0x16e>
10001de4:	2305      	movs	r3, #5
10001de6:	9005      	str	r0, [sp, #20]
10001de8:	9306      	str	r3, [sp, #24]
10001dea:	2000      	movs	r0, #0
10001dec:	230a      	movs	r3, #10
10001dee:	9f0d      	ldr	r7, [sp, #52]	@ 0x34
10001df0:	e9cd 3003 	strd	r3, r0, [sp, #12]
10001df4:	e9cd 2e01 	strd	r2, lr, [sp, #4]
10001df8:	4633      	mov	r3, r6
10001dfa:	4622      	mov	r2, r4
10001dfc:	4639      	mov	r1, r7
10001dfe:	4658      	mov	r0, fp
10001e00:	f8cd 9000 	str.w	r9, [sp]
10001e04:	f7ff fdc6 	bl	10001994 <_ntoa_format>
10001e08:	9b11      	ldr	r3, [sp, #68]	@ 0x44
10001e0a:	4680      	mov	r8, r0
10001e0c:	b16b      	cbz	r3, 10001e2a <_etoa+0x1da>
10001e0e:	9b10      	ldr	r3, [sp, #64]	@ 0x40
10001e10:	1ac4      	subs	r4, r0, r3
10001e12:	42a5      	cmp	r5, r4
10001e14:	d909      	bls.n	10001e2a <_etoa+0x1da>
10001e16:	4642      	mov	r2, r8
10001e18:	4633      	mov	r3, r6
10001e1a:	4639      	mov	r1, r7
10001e1c:	2020      	movs	r0, #32
10001e1e:	3401      	adds	r4, #1
10001e20:	47d8      	blx	fp
10001e22:	42a5      	cmp	r5, r4
10001e24:	f108 0801 	add.w	r8, r8, #1
10001e28:	d8f5      	bhi.n	10001e16 <_etoa+0x1c6>
10001e2a:	4640      	mov	r0, r8
10001e2c:	b01f      	add	sp, #124	@ 0x7c
10001e2e:	e8bd 8ff0 	ldmia.w	sp!, {r4, r5, r6, r7, r8, r9, sl, fp, pc}
10001e32:	ed9d 7b08 	vldr	d7, [sp, #32]
10001e36:	4633      	mov	r3, r6
10001e38:	4658      	mov	r0, fp
10001e3a:	9a10      	ldr	r2, [sp, #64]	@ 0x40
10001e3c:	990d      	ldr	r1, [sp, #52]	@ 0x34
10001e3e:	ed8d 7b28 	vstr	d7, [sp, #160]	@ 0xa0
10001e42:	e9cd 542b 	strd	r5, r4, [sp, #172]	@ 0xac
10001e46:	f8cd a0a8 	str.w	sl, [sp, #168]	@ 0xa8
10001e4a:	b01f      	add	sp, #124	@ 0x7c
10001e4c:	e8bd 4ff0 	ldmia.w	sp!, {r4, r5, r6, r7, r8, r9, sl, fp, lr}
10001e50:	f000 b92e 	b.w	100020b0 <_ftoa>
10001e54:	f3af 8000 	nop.w
	...
10001e60:	7fefffff 	.word	0x7fefffff
10001e64:	cccccccd 	.word	0xcccccccd
10001e68:	f3c7 500a 	ubfx	r0, r7, #20, #11
10001e6c:	f2a0 30ff 	subw	r0, r0, #1023	@ 0x3ff
10001e70:	f7ff fcae 	bl	100017d0 <__wrap___aeabi_i2d>
10001e74:	a38a      	add	r3, pc, #552	@ (adr r3, 100020a0 <_etoa+0x450>)
10001e76:	e9d3 2300 	ldrd	r2, r3, [r3]
10001e7a:	f7ff fc35 	bl	100016e8 <__wrap___aeabi_dmul>
10001e7e:	a38a      	add	r3, pc, #552	@ (adr r3, 100020a8 <_etoa+0x458>)
10001e80:	e9d3 2300 	ldrd	r2, r3, [r3]
10001e84:	f7ff fc08 	bl	10001698 <__wrap___aeabi_dadd>
10001e88:	f3c7 0713 	ubfx	r7, r7, #0, #20
10001e8c:	e9cd 010e 	strd	r0, r1, [sp, #56]	@ 0x38
10001e90:	f047 517f 	orr.w	r1, r7, #1069547520	@ 0x3fc00000
10001e94:	4640      	mov	r0, r8
10001e96:	2200      	movs	r2, #0
10001e98:	4b7b      	ldr	r3, [pc, #492]	@ (10002088 <_etoa+0x438>)
10001e9a:	f441 1140 	orr.w	r1, r1, #3145728	@ 0x300000
10001e9e:	f7ff fc0f 	bl	100016c0 <__wrap___aeabi_dsub>
10001ea2:	a36b      	add	r3, pc, #428	@ (adr r3, 10002050 <_etoa+0x400>)
10001ea4:	e9d3 2300 	ldrd	r2, r3, [r3]
10001ea8:	f7ff fc1e 	bl	100016e8 <__wrap___aeabi_dmul>
10001eac:	4602      	mov	r2, r0
10001eae:	460b      	mov	r3, r1
10001eb0:	e9dd 010e 	ldrd	r0, r1, [sp, #56]	@ 0x38
10001eb4:	f7ff fbf0 	bl	10001698 <__wrap___aeabi_dadd>
10001eb8:	f7ff fcae 	bl	10001818 <__wrap___aeabi_d2iz>
10001ebc:	4607      	mov	r7, r0
10001ebe:	f7ff fc87 	bl	100017d0 <__wrap___aeabi_i2d>
10001ec2:	a365      	add	r3, pc, #404	@ (adr r3, 10002058 <_etoa+0x408>)
10001ec4:	e9d3 2300 	ldrd	r2, r3, [r3]
10001ec8:	4680      	mov	r8, r0
10001eca:	4689      	mov	r9, r1
10001ecc:	f7ff fc0c 	bl	100016e8 <__wrap___aeabi_dmul>
10001ed0:	2200      	movs	r2, #0
10001ed2:	4b6e      	ldr	r3, [pc, #440]	@ (1000208c <_etoa+0x43c>)
10001ed4:	f7ff fbe0 	bl	10001698 <__wrap___aeabi_dadd>
10001ed8:	f7ff fc9e 	bl	10001818 <__wrap___aeabi_d2iz>
10001edc:	4603      	mov	r3, r0
10001ede:	4649      	mov	r1, r9
10001ee0:	4640      	mov	r0, r8
10001ee2:	9312      	str	r3, [sp, #72]	@ 0x48
10001ee4:	a35e      	add	r3, pc, #376	@ (adr r3, 10002060 <_etoa+0x410>)
10001ee6:	e9d3 2300 	ldrd	r2, r3, [r3]
10001eea:	f7ff fbfd 	bl	100016e8 <__wrap___aeabi_dmul>
10001eee:	4680      	mov	r8, r0
10001ef0:	9812      	ldr	r0, [sp, #72]	@ 0x48
10001ef2:	4689      	mov	r9, r1
10001ef4:	f7ff fc6c 	bl	100017d0 <__wrap___aeabi_i2d>
10001ef8:	a35b      	add	r3, pc, #364	@ (adr r3, 10002068 <_etoa+0x418>)
10001efa:	e9d3 2300 	ldrd	r2, r3, [r3]
10001efe:	f7ff fbf3 	bl	100016e8 <__wrap___aeabi_dmul>
10001f02:	4602      	mov	r2, r0
10001f04:	460b      	mov	r3, r1
10001f06:	4640      	mov	r0, r8
10001f08:	4649      	mov	r1, r9
10001f0a:	f7ff fbd9 	bl	100016c0 <__wrap___aeabi_dsub>
10001f0e:	4602      	mov	r2, r0
10001f10:	460b      	mov	r3, r1
10001f12:	4680      	mov	r8, r0
10001f14:	4689      	mov	r9, r1
10001f16:	f7ff fbe7 	bl	100016e8 <__wrap___aeabi_dmul>
10001f1a:	4642      	mov	r2, r8
10001f1c:	464b      	mov	r3, r9
10001f1e:	e9cd 010e 	strd	r0, r1, [sp, #56]	@ 0x38
10001f22:	4640      	mov	r0, r8
10001f24:	4649      	mov	r1, r9
10001f26:	f7ff fbb7 	bl	10001698 <__wrap___aeabi_dadd>
10001f2a:	2200      	movs	r2, #0
10001f2c:	e9cd 0114 	strd	r0, r1, [sp, #80]	@ 0x50
10001f30:	e9dd 010e 	ldrd	r0, r1, [sp, #56]	@ 0x38
10001f34:	4b56      	ldr	r3, [pc, #344]	@ (10002090 <_etoa+0x440>)
10001f36:	f7ff fbfd 	bl	10001734 <__wrap___aeabi_ddiv>
10001f3a:	2200      	movs	r2, #0
10001f3c:	4b55      	ldr	r3, [pc, #340]	@ (10002094 <_etoa+0x444>)
10001f3e:	f7ff fbab 	bl	10001698 <__wrap___aeabi_dadd>
10001f42:	4602      	mov	r2, r0
10001f44:	460b      	mov	r3, r1
10001f46:	e9dd 010e 	ldrd	r0, r1, [sp, #56]	@ 0x38
10001f4a:	f7ff fbf3 	bl	10001734 <__wrap___aeabi_ddiv>
10001f4e:	2200      	movs	r2, #0
10001f50:	4b51      	ldr	r3, [pc, #324]	@ (10002098 <_etoa+0x448>)
10001f52:	f7ff fba1 	bl	10001698 <__wrap___aeabi_dadd>
10001f56:	4602      	mov	r2, r0
10001f58:	460b      	mov	r3, r1
10001f5a:	e9dd 010e 	ldrd	r0, r1, [sp, #56]	@ 0x38
10001f5e:	f7ff fbe9 	bl	10001734 <__wrap___aeabi_ddiv>
10001f62:	4642      	mov	r2, r8
10001f64:	464b      	mov	r3, r9
10001f66:	4680      	mov	r8, r0
10001f68:	4689      	mov	r9, r1
10001f6a:	2000      	movs	r0, #0
10001f6c:	f04f 4180 	mov.w	r1, #1073741824	@ 0x40000000
10001f70:	f7ff fba6 	bl	100016c0 <__wrap___aeabi_dsub>
10001f74:	4602      	mov	r2, r0
10001f76:	460b      	mov	r3, r1
10001f78:	4640      	mov	r0, r8
10001f7a:	4649      	mov	r1, r9
10001f7c:	f7ff fb8c 	bl	10001698 <__wrap___aeabi_dadd>
10001f80:	4602      	mov	r2, r0
10001f82:	460b      	mov	r3, r1
10001f84:	e9dd 0114 	ldrd	r0, r1, [sp, #80]	@ 0x50
10001f88:	f7ff fbd4 	bl	10001734 <__wrap___aeabi_ddiv>
10001f8c:	2200      	movs	r2, #0
10001f8e:	4b43      	ldr	r3, [pc, #268]	@ (1000209c <_etoa+0x44c>)
10001f90:	f7ff fb82 	bl	10001698 <__wrap___aeabi_dadd>
10001f94:	9b12      	ldr	r3, [sp, #72]	@ 0x48
10001f96:	2200      	movs	r2, #0
10001f98:	f203 3cff 	addw	ip, r3, #1023	@ 0x3ff
10001f9c:	ea4f 530c 	mov.w	r3, ip, lsl #20
10001fa0:	f7ff fba2 	bl	100016e8 <__wrap___aeabi_dmul>
10001fa4:	4680      	mov	r8, r0
10001fa6:	4689      	mov	r9, r1
10001fa8:	e9dd 010a 	ldrd	r0, r1, [sp, #40]	@ 0x28
10001fac:	4642      	mov	r2, r8
10001fae:	464b      	mov	r3, r9
10001fb0:	e9cd 890e 	strd	r8, r9, [sp, #56]	@ 0x38
10001fb4:	f7ff fc66 	bl	10001884 <__wrap___aeabi_dcmplt>
10001fb8:	bb68      	cbnz	r0, 10002016 <_etoa+0x3c6>
10001fba:	4643      	mov	r3, r8
10001fbc:	4649      	mov	r1, r9
10001fbe:	f107 0263 	add.w	r2, r7, #99	@ 0x63
10001fc2:	2ac6      	cmp	r2, #198	@ 0xc6
10001fc4:	9a11      	ldr	r2, [sp, #68]	@ 0x44
10001fc6:	bf8c      	ite	hi
10001fc8:	f04f 0905 	movhi.w	r9, #5
10001fcc:	f04f 0904 	movls.w	r9, #4
10001fd0:	2a00      	cmp	r2, #0
10001fd2:	f43f ae9f 	beq.w	10001d14 <_etoa+0xc4>
10001fd6:	430b      	orrs	r3, r1
10001fd8:	f43f ae8e 	beq.w	10001cf8 <_etoa+0xa8>
10001fdc:	e9dd 010a 	ldrd	r0, r1, [sp, #40]	@ 0x28
10001fe0:	a323      	add	r3, pc, #140	@ (adr r3, 10002070 <_etoa+0x420>)
10001fe2:	e9d3 2300 	ldrd	r2, r3, [r3]
10001fe6:	f7ff fc61 	bl	100018ac <__wrap___aeabi_dcmpge>
10001fea:	b148      	cbz	r0, 10002000 <_etoa+0x3b0>
10001fec:	e9dd 010a 	ldrd	r0, r1, [sp, #40]	@ 0x28
10001ff0:	a321      	add	r3, pc, #132	@ (adr r3, 10002078 <_etoa+0x428>)
10001ff2:	e9d3 2300 	ldrd	r2, r3, [r3]
10001ff6:	f7ff fc45 	bl	10001884 <__wrap___aeabi_dcmplt>
10001ffa:	2800      	cmp	r0, #0
10001ffc:	f47f ae7c 	bne.w	10001cf8 <_etoa+0xa8>
10002000:	f1ba 0f00 	cmp.w	sl, #0
10002004:	f43f ae86 	beq.w	10001d14 <_etoa+0xc4>
10002008:	9b13      	ldr	r3, [sp, #76]	@ 0x4c
1000200a:	2b00      	cmp	r3, #0
1000200c:	f43f ae82 	beq.w	10001d14 <_etoa+0xc4>
10002010:	f10a 3aff 	add.w	sl, sl, #4294967295	@ 0xffffffff
10002014:	e67e      	b.n	10001d14 <_etoa+0xc4>
10002016:	2200      	movs	r2, #0
10002018:	4b1e      	ldr	r3, [pc, #120]	@ (10002094 <_etoa+0x444>)
1000201a:	4640      	mov	r0, r8
1000201c:	4649      	mov	r1, r9
1000201e:	f7ff fb89 	bl	10001734 <__wrap___aeabi_ddiv>
10002022:	460a      	mov	r2, r1
10002024:	4601      	mov	r1, r0
10002026:	4603      	mov	r3, r0
10002028:	e9cd 120e 	strd	r1, r2, [sp, #56]	@ 0x38
1000202c:	3f01      	subs	r7, #1
1000202e:	4611      	mov	r1, r2
10002030:	e7c5      	b.n	10001fbe <_etoa+0x36e>
10002032:	ed9f 7b13 	vldr	d7, [pc, #76]	@ 10002080 <_etoa+0x430>
10002036:	4617      	mov	r7, r2
10002038:	f04f 0904 	mov.w	r9, #4
1000203c:	ed8d 7b0e 	vstr	d7, [sp, #56]	@ 0x38
10002040:	e668      	b.n	10001d14 <_etoa+0xc4>
10002042:	f108 4300 	add.w	r3, r8, #2147483648	@ 0x80000000
10002046:	970a      	str	r7, [sp, #40]	@ 0x28
10002048:	930b      	str	r3, [sp, #44]	@ 0x2c
1000204a:	e63c      	b.n	10001cc6 <_etoa+0x76>
1000204c:	f3af 8000 	nop.w
10002050:	636f4361 	.word	0x636f4361
10002054:	3fd287a7 	.word	0x3fd287a7
10002058:	0979a371 	.word	0x0979a371
1000205c:	400a934f 	.word	0x400a934f
10002060:	bbb55516 	.word	0xbbb55516
10002064:	40026bb1 	.word	0x40026bb1
10002068:	fefa39ef 	.word	0xfefa39ef
1000206c:	3fe62e42 	.word	0x3fe62e42
10002070:	eb1c432d 	.word	0xeb1c432d
10002074:	3f1a36e2 	.word	0x3f1a36e2
10002078:	00000000 	.word	0x00000000
1000207c:	412e8480 	.word	0x412e8480
	...
10002088:	3ff80000 	.word	0x3ff80000
1000208c:	3fe00000 	.word	0x3fe00000
10002090:	402c0000 	.word	0x402c0000
10002094:	40240000 	.word	0x40240000
10002098:	40180000 	.word	0x40180000
1000209c:	3ff00000 	.word	0x3ff00000
100020a0:	509f79fb 	.word	0x509f79fb
100020a4:	3fd34413 	.word	0x3fd34413
100020a8:	8b60c8b3 	.word	0x8b60c8b3
100020ac:	3fc68a28 	.word	0x3fc68a28

100020b0 <_ftoa>:
100020b0:	e92d 4ff0 	stmdb	sp!, {r4, r5, r6, r7, r8, r9, sl, fp, lr}
100020b4:	b097      	sub	sp, #92	@ 0x5c
100020b6:	e9dd 8920 	ldrd	r8, r9, [sp, #128]	@ 0x80
100020ba:	e9cd 0104 	strd	r0, r1, [sp, #16]
100020be:	e9dd 4b22 	ldrd	r4, fp, [sp, #136]	@ 0x88
100020c2:	e9cd 2306 	strd	r2, r3, [sp, #24]
100020c6:	4640      	mov	r0, r8
100020c8:	4642      	mov	r2, r8
100020ca:	464b      	mov	r3, r9
100020cc:	4649      	mov	r1, r9
100020ce:	f8dd a090 	ldr.w	sl, [sp, #144]	@ 0x90
100020d2:	f7ff fbc5 	bl	10001860 <__wrap___aeabi_dcmpun>
100020d6:	2800      	cmp	r0, #0
100020d8:	f040 81c5 	bne.w	10002466 <_ftoa+0x3b6>
100020dc:	4640      	mov	r0, r8
100020de:	4649      	mov	r1, r9
100020e0:	f04f 32ff 	mov.w	r2, #4294967295	@ 0xffffffff
100020e4:	f46f 1380 	mvn.w	r3, #1048576	@ 0x100000
100020e8:	f7ff fbcc 	bl	10001884 <__wrap___aeabi_dcmplt>
100020ec:	2800      	cmp	r0, #0
100020ee:	f040 811d 	bne.w	1000232c <_ftoa+0x27c>
100020f2:	4640      	mov	r0, r8
100020f4:	4649      	mov	r1, r9
100020f6:	f04f 32ff 	mov.w	r2, #4294967295	@ 0xffffffff
100020fa:	4bc1      	ldr	r3, [pc, #772]	@ (10002400 <_ftoa+0x350>)
100020fc:	f7ff fbea 	bl	100018d4 <__wrap___aeabi_dcmpgt>
10002100:	2800      	cmp	r0, #0
10002102:	f040 80e3 	bne.w	100022cc <_ftoa+0x21c>
10002106:	a3b8      	add	r3, pc, #736	@ (adr r3, 100023e8 <_ftoa+0x338>)
10002108:	e9d3 2300 	ldrd	r2, r3, [r3]
1000210c:	4640      	mov	r0, r8
1000210e:	4649      	mov	r1, r9
10002110:	f7ff fbe0 	bl	100018d4 <__wrap___aeabi_dcmpgt>
10002114:	2800      	cmp	r0, #0
10002116:	f040 80cb 	bne.w	100022b0 <_ftoa+0x200>
1000211a:	a3b5      	add	r3, pc, #724	@ (adr r3, 100023f0 <_ftoa+0x340>)
1000211c:	e9d3 2300 	ldrd	r2, r3, [r3]
10002120:	4640      	mov	r0, r8
10002122:	4649      	mov	r1, r9
10002124:	f7ff fbae 	bl	10001884 <__wrap___aeabi_dcmplt>
10002128:	2800      	cmp	r0, #0
1000212a:	f040 80c1 	bne.w	100022b0 <_ftoa+0x200>
1000212e:	4640      	mov	r0, r8
10002130:	4649      	mov	r1, r9
10002132:	2200      	movs	r2, #0
10002134:	2300      	movs	r3, #0
10002136:	f7ff fba5 	bl	10001884 <__wrap___aeabi_dcmplt>
1000213a:	2800      	cmp	r0, #0
1000213c:	f040 80e0 	bne.w	10002300 <_ftoa+0x250>
10002140:	f41a 6580 	ands.w	r5, sl, #1024	@ 0x400
10002144:	900d      	str	r0, [sp, #52]	@ 0x34
10002146:	f000 80e9 	beq.w	1000231c <_ftoa+0x26c>
1000214a:	2c09      	cmp	r4, #9
1000214c:	f240 8196 	bls.w	1000247c <_ftoa+0x3cc>
10002150:	ab0e      	add	r3, sp, #56	@ 0x38
10002152:	461a      	mov	r2, r3
10002154:	930c      	str	r3, [sp, #48]	@ 0x30
10002156:	2130      	movs	r1, #48	@ 0x30
10002158:	2300      	movs	r3, #0
1000215a:	f1a4 0509 	sub.w	r5, r4, #9
1000215e:	3301      	adds	r3, #1
10002160:	2b20      	cmp	r3, #32
10002162:	f802 1b01 	strb.w	r1, [r2], #1
10002166:	eba4 0603 	sub.w	r6, r4, r3
1000216a:	f000 813a 	beq.w	100023e2 <_ftoa+0x332>
1000216e:	42ab      	cmp	r3, r5
10002170:	d1f5      	bne.n	1000215e <_ftoa+0xae>
10002172:	ed9f 7b9d 	vldr	d7, [pc, #628]	@ 100023e8 <_ftoa+0x338>
10002176:	ed8d 7b08 	vstr	d7, [sp, #32]
1000217a:	4649      	mov	r1, r9
1000217c:	4640      	mov	r0, r8
1000217e:	f7ff fb4b 	bl	10001818 <__wrap___aeabi_d2iz>
10002182:	4604      	mov	r4, r0
10002184:	f7ff fb24 	bl	100017d0 <__wrap___aeabi_i2d>
10002188:	4602      	mov	r2, r0
1000218a:	460b      	mov	r3, r1
1000218c:	4640      	mov	r0, r8
1000218e:	4649      	mov	r1, r9
10002190:	f7ff fa96 	bl	100016c0 <__wrap___aeabi_dsub>
10002194:	e9dd 2308 	ldrd	r2, r3, [sp, #32]
10002198:	f7ff faa6 	bl	100016e8 <__wrap___aeabi_dmul>
1000219c:	4602      	mov	r2, r0
1000219e:	460b      	mov	r3, r1
100021a0:	e9cd 230a 	strd	r2, r3, [sp, #40]	@ 0x28
100021a4:	f7ff fb4a 	bl	1000183c <__wrap___aeabi_d2uiz>
100021a8:	4607      	mov	r7, r0
100021aa:	f7ff fb23 	bl	100017f4 <__wrap___aeabi_ui2d>
100021ae:	4602      	mov	r2, r0
100021b0:	460b      	mov	r3, r1
100021b2:	e9dd 010a 	ldrd	r0, r1, [sp, #40]	@ 0x28
100021b6:	f7ff fa83 	bl	100016c0 <__wrap___aeabi_dsub>
100021ba:	4602      	mov	r2, r0
100021bc:	460b      	mov	r3, r1
100021be:	e9cd 230a 	strd	r2, r3, [sp, #40]	@ 0x28
100021c2:	2200      	movs	r2, #0
100021c4:	4b8f      	ldr	r3, [pc, #572]	@ (10002404 <_ftoa+0x354>)
100021c6:	f7ff fb85 	bl	100018d4 <__wrap___aeabi_dcmpgt>
100021ca:	2800      	cmp	r0, #0
100021cc:	f000 80db 	beq.w	10002386 <_ftoa+0x2d6>
100021d0:	3701      	adds	r7, #1
100021d2:	4638      	mov	r0, r7
100021d4:	f7ff fb0e 	bl	100017f4 <__wrap___aeabi_ui2d>
100021d8:	e9dd 2308 	ldrd	r2, r3, [sp, #32]
100021dc:	f7ff fb66 	bl	100018ac <__wrap___aeabi_dcmpge>
100021e0:	b108      	cbz	r0, 100021e6 <_ftoa+0x136>
100021e2:	2700      	movs	r7, #0
100021e4:	3401      	adds	r4, #1
100021e6:	2e00      	cmp	r6, #0
100021e8:	f040 80b1 	bne.w	1000234e <_ftoa+0x29e>
100021ec:	4620      	mov	r0, r4
100021ee:	f7ff faef 	bl	100017d0 <__wrap___aeabi_i2d>
100021f2:	4602      	mov	r2, r0
100021f4:	460b      	mov	r3, r1
100021f6:	4640      	mov	r0, r8
100021f8:	4649      	mov	r1, r9
100021fa:	f7ff fa61 	bl	100016c0 <__wrap___aeabi_dsub>
100021fe:	2200      	movs	r2, #0
10002200:	4b80      	ldr	r3, [pc, #512]	@ (10002404 <_ftoa+0x354>)
10002202:	4606      	mov	r6, r0
10002204:	460f      	mov	r7, r1
10002206:	f7ff fb3d 	bl	10001884 <__wrap___aeabi_dcmplt>
1000220a:	b940      	cbnz	r0, 1000221e <_ftoa+0x16e>
1000220c:	4630      	mov	r0, r6
1000220e:	4639      	mov	r1, r7
10002210:	2200      	movs	r2, #0
10002212:	4b7c      	ldr	r3, [pc, #496]	@ (10002404 <_ftoa+0x354>)
10002214:	f7ff fb5e 	bl	100018d4 <__wrap___aeabi_dcmpgt>
10002218:	2800      	cmp	r0, #0
1000221a:	f000 8115 	beq.w	10002448 <_ftoa+0x398>
1000221e:	9b0c      	ldr	r3, [sp, #48]	@ 0x30
10002220:	1e69      	subs	r1, r5, #1
10002222:	4879      	ldr	r0, [pc, #484]	@ (10002408 <_ftoa+0x358>)
10002224:	4419      	add	r1, r3
10002226:	e010      	b.n	1000224a <_ftoa+0x19a>
10002228:	fb80 6204 	smull	r6, r2, r0, r4
1000222c:	ebc3 03a2 	rsb	r3, r3, r2, asr #2
10002230:	eb03 0283 	add.w	r2, r3, r3, lsl #2
10002234:	eba4 0442 	sub.w	r4, r4, r2, lsl #1
10002238:	f104 0230 	add.w	r2, r4, #48	@ 0x30
1000223c:	3501      	adds	r5, #1
1000223e:	461c      	mov	r4, r3
10002240:	f801 2f01 	strb.w	r2, [r1, #1]!
10002244:	2b00      	cmp	r3, #0
10002246:	f000 80ab 	beq.w	100023a0 <_ftoa+0x2f0>
1000224a:	2d20      	cmp	r5, #32
1000224c:	ea4f 73e4 	mov.w	r3, r4, asr #31
10002250:	d1ea      	bne.n	10002228 <_ftoa+0x178>
10002252:	f00a 0303 	and.w	r3, sl, #3
10002256:	2b01      	cmp	r3, #1
10002258:	d11c      	bne.n	10002294 <_ftoa+0x1e4>
1000225a:	f1bb 0f00 	cmp.w	fp, #0
1000225e:	d019      	beq.n	10002294 <_ftoa+0x1e4>
10002260:	9b0d      	ldr	r3, [sp, #52]	@ 0x34
10002262:	2b00      	cmp	r3, #0
10002264:	f040 80f9 	bne.w	1000245a <_ftoa+0x3aa>
10002268:	f01a 0f0c 	tst.w	sl, #12
1000226c:	f040 80f5 	bne.w	1000245a <_ftoa+0x3aa>
10002270:	45ab      	cmp	fp, r5
10002272:	f240 80d3 	bls.w	1000241c <_ftoa+0x36c>
10002276:	2d20      	cmp	r5, #32
10002278:	d00b      	beq.n	10002292 <_ftoa+0x1e2>
1000227a:	2230      	movs	r2, #48	@ 0x30
1000227c:	990c      	ldr	r1, [sp, #48]	@ 0x30
1000227e:	1e6b      	subs	r3, r5, #1
10002280:	440b      	add	r3, r1
10002282:	3501      	adds	r5, #1
10002284:	455d      	cmp	r5, fp
10002286:	f803 2f01 	strb.w	r2, [r3, #1]!
1000228a:	f000 808d 	beq.w	100023a8 <_ftoa+0x2f8>
1000228e:	2d20      	cmp	r5, #32
10002290:	d1f7      	bne.n	10002282 <_ftoa+0x1d2>
10002292:	2520      	movs	r5, #32
10002294:	e9dd 2306 	ldrd	r2, r3, [sp, #24]
10002298:	e9dd 0104 	ldrd	r0, r1, [sp, #16]
1000229c:	9c0c      	ldr	r4, [sp, #48]	@ 0x30
1000229e:	e9cd ba02 	strd	fp, sl, [sp, #8]
100022a2:	9501      	str	r5, [sp, #4]
100022a4:	9400      	str	r4, [sp, #0]
100022a6:	f7ff fb27 	bl	100018f8 <_out_rev>
100022aa:	b017      	add	sp, #92	@ 0x5c
100022ac:	e8bd 8ff0 	ldmia.w	sp!, {r4, r5, r6, r7, r8, r9, sl, fp, pc}
100022b0:	e9cd 8920 	strd	r8, r9, [sp, #128]	@ 0x80
100022b4:	e9dd 2306 	ldrd	r2, r3, [sp, #24]
100022b8:	e9dd 0104 	ldrd	r0, r1, [sp, #16]
100022bc:	e9cd ba23 	strd	fp, sl, [sp, #140]	@ 0x8c
100022c0:	9422      	str	r4, [sp, #136]	@ 0x88
100022c2:	b017      	add	sp, #92	@ 0x5c
100022c4:	e8bd 4ff0 	ldmia.w	sp!, {r4, r5, r6, r7, r8, r9, sl, fp, lr}
100022c8:	f7ff bcc2 	b.w	10001c50 <_etoa>
100022cc:	4d4f      	ldr	r5, [pc, #316]	@ (1000240c <_ftoa+0x35c>)
100022ce:	f8cd a08c 	str.w	sl, [sp, #140]	@ 0x8c
100022d2:	f00a 0a04 	and.w	sl, sl, #4
100022d6:	f1ba 0f00 	cmp.w	sl, #0
100022da:	4c4d      	ldr	r4, [pc, #308]	@ (10002410 <_ftoa+0x360>)
100022dc:	bf18      	it	ne
100022de:	462c      	movne	r4, r5
100022e0:	e9dd 2306 	ldrd	r2, r3, [sp, #24]
100022e4:	e9dd 0104 	ldrd	r0, r1, [sp, #16]
100022e8:	9420      	str	r4, [sp, #128]	@ 0x80
100022ea:	bf0c      	ite	eq
100022ec:	2403      	moveq	r4, #3
100022ee:	2404      	movne	r4, #4
100022f0:	f8cd b088 	str.w	fp, [sp, #136]	@ 0x88
100022f4:	9421      	str	r4, [sp, #132]	@ 0x84
100022f6:	b017      	add	sp, #92	@ 0x5c
100022f8:	e8bd 4ff0 	ldmia.w	sp!, {r4, r5, r6, r7, r8, r9, sl, fp, lr}
100022fc:	f7ff bafc 	b.w	100018f8 <_out_rev>
10002300:	464b      	mov	r3, r9
10002302:	4642      	mov	r2, r8
10002304:	2000      	movs	r0, #0
10002306:	2100      	movs	r1, #0
10002308:	f7ff f9da 	bl	100016c0 <__wrap___aeabi_dsub>
1000230c:	2301      	movs	r3, #1
1000230e:	f41a 6580 	ands.w	r5, sl, #1024	@ 0x400
10002312:	4680      	mov	r8, r0
10002314:	4689      	mov	r9, r1
10002316:	930d      	str	r3, [sp, #52]	@ 0x34
10002318:	f47f af17 	bne.w	1000214a <_ftoa+0x9a>
1000231c:	ed9f 7b36 	vldr	d7, [pc, #216]	@ 100023f8 <_ftoa+0x348>
10002320:	ab0e      	add	r3, sp, #56	@ 0x38
10002322:	2606      	movs	r6, #6
10002324:	ed8d 7b08 	vstr	d7, [sp, #32]
10002328:	930c      	str	r3, [sp, #48]	@ 0x30
1000232a:	e726      	b.n	1000217a <_ftoa+0xca>
1000232c:	2404      	movs	r4, #4
1000232e:	e9dd 2306 	ldrd	r2, r3, [sp, #24]
10002332:	e9dd 0104 	ldrd	r0, r1, [sp, #16]
10002336:	4d37      	ldr	r5, [pc, #220]	@ (10002414 <_ftoa+0x364>)
10002338:	f8cd a08c 	str.w	sl, [sp, #140]	@ 0x8c
1000233c:	f8cd b088 	str.w	fp, [sp, #136]	@ 0x88
10002340:	9520      	str	r5, [sp, #128]	@ 0x80
10002342:	9421      	str	r4, [sp, #132]	@ 0x84
10002344:	b017      	add	sp, #92	@ 0x5c
10002346:	e8bd 4ff0 	ldmia.w	sp!, {r4, r5, r6, r7, r8, r9, sl, fp, lr}
1000234a:	f7ff bad5 	b.w	100018f8 <_out_rev>
1000234e:	9b0c      	ldr	r3, [sp, #48]	@ 0x30
10002350:	1e68      	subs	r0, r5, #1
10002352:	f8df c0c4 	ldr.w	ip, [pc, #196]	@ 10002418 <_ftoa+0x368>
10002356:	4418      	add	r0, r3
10002358:	e00d      	b.n	10002376 <_ftoa+0x2c6>
1000235a:	fbac 2107 	umull	r2, r1, ip, r7
1000235e:	08c9      	lsrs	r1, r1, #3
10002360:	eb01 0281 	add.w	r2, r1, r1, lsl #2
10002364:	eba7 0242 	sub.w	r2, r7, r2, lsl #1
10002368:	3230      	adds	r2, #48	@ 0x30
1000236a:	2f09      	cmp	r7, #9
1000236c:	f800 2f01 	strb.w	r2, [r0, #1]!
10002370:	d927      	bls.n	100023c2 <_ftoa+0x312>
10002372:	460f      	mov	r7, r1
10002374:	461d      	mov	r5, r3
10002376:	2d20      	cmp	r5, #32
10002378:	f105 0301 	add.w	r3, r5, #1
1000237c:	f106 36ff 	add.w	r6, r6, #4294967295	@ 0xffffffff
10002380:	d1eb      	bne.n	1000235a <_ftoa+0x2aa>
10002382:	2520      	movs	r5, #32
10002384:	e74b      	b.n	1000221e <_ftoa+0x16e>
10002386:	2200      	movs	r2, #0
10002388:	e9dd 010a 	ldrd	r0, r1, [sp, #40]	@ 0x28
1000238c:	4b1d      	ldr	r3, [pc, #116]	@ (10002404 <_ftoa+0x354>)
1000238e:	f7ff fa79 	bl	10001884 <__wrap___aeabi_dcmplt>
10002392:	2800      	cmp	r0, #0
10002394:	f47f af27 	bne.w	100021e6 <_ftoa+0x136>
10002398:	2f00      	cmp	r7, #0
1000239a:	d15a      	bne.n	10002452 <_ftoa+0x3a2>
1000239c:	3701      	adds	r7, #1
1000239e:	e722      	b.n	100021e6 <_ftoa+0x136>
100023a0:	f00a 0303 	and.w	r3, sl, #3
100023a4:	2b01      	cmp	r3, #1
100023a6:	d075      	beq.n	10002494 <_ftoa+0x3e4>
100023a8:	2d20      	cmp	r5, #32
100023aa:	f43f af73 	beq.w	10002294 <_ftoa+0x1e4>
100023ae:	9b0d      	ldr	r3, [sp, #52]	@ 0x34
100023b0:	b3bb      	cbz	r3, 10002422 <_ftoa+0x372>
100023b2:	222d      	movs	r2, #45	@ 0x2d
100023b4:	f105 0358 	add.w	r3, r5, #88	@ 0x58
100023b8:	446b      	add	r3, sp
100023ba:	f803 2c20 	strb.w	r2, [r3, #-32]
100023be:	3501      	adds	r5, #1
100023c0:	e768      	b.n	10002294 <_ftoa+0x1e4>
100023c2:	2b20      	cmp	r3, #32
100023c4:	d0dd      	beq.n	10002382 <_ftoa+0x2d2>
100023c6:	b3ae      	cbz	r6, 10002434 <_ftoa+0x384>
100023c8:	9a0c      	ldr	r2, [sp, #48]	@ 0x30
100023ca:	441e      	add	r6, r3
100023cc:	4415      	add	r5, r2
100023ce:	2230      	movs	r2, #48	@ 0x30
100023d0:	e001      	b.n	100023d6 <_ftoa+0x326>
100023d2:	42b3      	cmp	r3, r6
100023d4:	d02e      	beq.n	10002434 <_ftoa+0x384>
100023d6:	3301      	adds	r3, #1
100023d8:	2b20      	cmp	r3, #32
100023da:	f805 2f01 	strb.w	r2, [r5, #1]!
100023de:	d1f8      	bne.n	100023d2 <_ftoa+0x322>
100023e0:	e7cf      	b.n	10002382 <_ftoa+0x2d2>
100023e2:	461d      	mov	r5, r3
100023e4:	e6c5      	b.n	10002172 <_ftoa+0xc2>
100023e6:	bf00      	nop
100023e8:	00000000 	.word	0x00000000
100023ec:	41cdcd65 	.word	0x41cdcd65
100023f0:	00000000 	.word	0x00000000
100023f4:	c1cdcd65 	.word	0xc1cdcd65
100023f8:	00000000 	.word	0x00000000
100023fc:	412e8480 	.word	0x412e8480
10002400:	7fefffff 	.word	0x7fefffff
10002404:	3fe00000 	.word	0x3fe00000
10002408:	66666667 	.word	0x66666667
1000240c:	10005e08 	.word	0x10005e08
10002410:	10005e10 	.word	0x10005e10
10002414:	10005e18 	.word	0x10005e18
10002418:	cccccccd 	.word	0xcccccccd
1000241c:	2d20      	cmp	r5, #32
1000241e:	f43f af39 	beq.w	10002294 <_ftoa+0x1e4>
10002422:	f01a 0f04 	tst.w	sl, #4
10002426:	d10d      	bne.n	10002444 <_ftoa+0x394>
10002428:	f01a 0f08 	tst.w	sl, #8
1000242c:	f43f af32 	beq.w	10002294 <_ftoa+0x1e4>
10002430:	2220      	movs	r2, #32
10002432:	e7bf      	b.n	100023b4 <_ftoa+0x304>
10002434:	212e      	movs	r1, #46	@ 0x2e
10002436:	f103 0258 	add.w	r2, r3, #88	@ 0x58
1000243a:	446a      	add	r2, sp
1000243c:	f802 1c20 	strb.w	r1, [r2, #-32]
10002440:	1c5d      	adds	r5, r3, #1
10002442:	e6ec      	b.n	1000221e <_ftoa+0x16e>
10002444:	222b      	movs	r2, #43	@ 0x2b
10002446:	e7b5      	b.n	100023b4 <_ftoa+0x304>
10002448:	07e3      	lsls	r3, r4, #31
1000244a:	f57f aee8 	bpl.w	1000221e <_ftoa+0x16e>
1000244e:	3401      	adds	r4, #1
10002450:	e6e5      	b.n	1000221e <_ftoa+0x16e>
10002452:	07fa      	lsls	r2, r7, #31
10002454:	f57f aec7 	bpl.w	100021e6 <_ftoa+0x136>
10002458:	e7a0      	b.n	1000239c <_ftoa+0x2ec>
1000245a:	f10b 3bff 	add.w	fp, fp, #4294967295	@ 0xffffffff
1000245e:	45ab      	cmp	fp, r5
10002460:	f63f af09 	bhi.w	10002276 <_ftoa+0x1c6>
10002464:	e7a0      	b.n	100023a8 <_ftoa+0x2f8>
10002466:	2403      	movs	r4, #3
10002468:	e9dd 2306 	ldrd	r2, r3, [sp, #24]
1000246c:	e9dd 0104 	ldrd	r0, r1, [sp, #16]
10002470:	4d0a      	ldr	r5, [pc, #40]	@ (1000249c <_ftoa+0x3ec>)
10002472:	f8cd a08c 	str.w	sl, [sp, #140]	@ 0x8c
10002476:	f8cd b088 	str.w	fp, [sp, #136]	@ 0x88
1000247a:	e761      	b.n	10002340 <_ftoa+0x290>
1000247c:	4b08      	ldr	r3, [pc, #32]	@ (100024a0 <_ftoa+0x3f0>)
1000247e:	4626      	mov	r6, r4
10002480:	eb03 03c4 	add.w	r3, r3, r4, lsl #3
10002484:	ed93 7b00 	vldr	d7, [r3]
10002488:	ab0e      	add	r3, sp, #56	@ 0x38
1000248a:	ed8d 7b08 	vstr	d7, [sp, #32]
1000248e:	2500      	movs	r5, #0
10002490:	930c      	str	r3, [sp, #48]	@ 0x30
10002492:	e672      	b.n	1000217a <_ftoa+0xca>
10002494:	f1bb 0f00 	cmp.w	fp, #0
10002498:	d086      	beq.n	100023a8 <_ftoa+0x2f8>
1000249a:	e6e1      	b.n	10002260 <_ftoa+0x1b0>
1000249c:	10005e14 	.word	0x10005e14
100024a0:	10005f10 	.word	0x10005f10

100024a4 <_vsnprintf>:
100024a4:	e92d 4ff0 	stmdb	sp!, {r4, r5, r6, r7, r8, r9, sl, fp, lr}
100024a8:	469a      	mov	sl, r3
100024aa:	b09b      	sub	sp, #108	@ 0x6c
100024ac:	9c24      	ldr	r4, [sp, #144]	@ 0x90
100024ae:	4d96      	ldr	r5, [pc, #600]	@ (10002708 <_vsnprintf+0x264>)
100024b0:	940b      	str	r4, [sp, #44]	@ 0x2c
100024b2:	4c96      	ldr	r4, [pc, #600]	@ (1000270c <_vsnprintf+0x268>)
100024b4:	1e0b      	subs	r3, r1, #0
100024b6:	bf18      	it	ne
100024b8:	4683      	movne	fp, r0
100024ba:	6025      	str	r5, [r4, #0]
100024bc:	f89a 0000 	ldrb.w	r0, [sl]
100024c0:	4c93      	ldr	r4, [pc, #588]	@ (10002710 <_vsnprintf+0x26c>)
100024c2:	930a      	str	r3, [sp, #40]	@ 0x28
100024c4:	bf08      	it	eq
100024c6:	46a3      	moveq	fp, r4
100024c8:	9209      	str	r2, [sp, #36]	@ 0x24
100024ca:	2800      	cmp	r0, #0
100024cc:	f000 82bc 	beq.w	10002a48 <_vsnprintf+0x5a4>
100024d0:	f04f 0900 	mov.w	r9, #0
100024d4:	e00a      	b.n	100024ec <_vsnprintf+0x48>
100024d6:	464a      	mov	r2, r9
100024d8:	9b09      	ldr	r3, [sp, #36]	@ 0x24
100024da:	990a      	ldr	r1, [sp, #40]	@ 0x28
100024dc:	f109 0901 	add.w	r9, r9, #1
100024e0:	47d8      	blx	fp
100024e2:	f89a 0000 	ldrb.w	r0, [sl]
100024e6:	2800      	cmp	r0, #0
100024e8:	f000 80ce 	beq.w	10002688 <_vsnprintf+0x1e4>
100024ec:	2825      	cmp	r0, #37	@ 0x25
100024ee:	f10a 0a01 	add.w	sl, sl, #1
100024f2:	d1f0      	bne.n	100024d6 <_vsnprintf+0x32>
100024f4:	2300      	movs	r3, #0
100024f6:	4652      	mov	r2, sl
100024f8:	f812 0b01 	ldrb.w	r0, [r2], #1
100024fc:	f1a0 0120 	sub.w	r1, r0, #32
10002500:	2910      	cmp	r1, #16
10002502:	d80a      	bhi.n	1000251a <_vsnprintf+0x76>
10002504:	e8df f001 	tbb	[pc, r1]
10002508:	3c090940 	.word	0x3c090940
1000250c:	09090909 	.word	0x09090909
10002510:	38090909 	.word	0x38090909
10002514:	09093409 	.word	0x09093409
10002518:	30          	.byte	0x30
10002519:	00          	.byte	0x00
1000251a:	f1a0 0130 	sub.w	r1, r0, #48	@ 0x30
1000251e:	2909      	cmp	r1, #9
10002520:	f240 808c 	bls.w	1000263c <_vsnprintf+0x198>
10002524:	282a      	cmp	r0, #42	@ 0x2a
10002526:	f000 80f5 	beq.w	10002714 <_vsnprintf+0x270>
1000252a:	2100      	movs	r1, #0
1000252c:	910c      	str	r1, [sp, #48]	@ 0x30
1000252e:	282e      	cmp	r0, #46	@ 0x2e
10002530:	f000 8099 	beq.w	10002666 <_vsnprintf+0x1c2>
10002534:	2700      	movs	r7, #0
10002536:	f1a0 0168 	sub.w	r1, r0, #104	@ 0x68
1000253a:	2912      	cmp	r1, #18
1000253c:	d82d      	bhi.n	1000259a <_vsnprintf+0xf6>
1000253e:	e8df f011 	tbh	[pc, r1, lsl #1]
10002542:	0157      	.short	0x0157
10002544:	0151002c 	.word	0x0151002c
10002548:	0145002c 	.word	0x0145002c
1000254c:	002c002c 	.word	0x002c002c
10002550:	002c002c 	.word	0x002c002c
10002554:	002c002c 	.word	0x002c002c
10002558:	0027002c 	.word	0x0027002c
1000255c:	002c002c 	.word	0x002c002c
10002560:	002c002c 	.word	0x002c002c
10002564:	0027002c 	.word	0x0027002c
10002568:	4692      	mov	sl, r2
1000256a:	f043 0301 	orr.w	r3, r3, #1
1000256e:	e7c2      	b.n	100024f6 <_vsnprintf+0x52>
10002570:	4692      	mov	sl, r2
10002572:	f043 0302 	orr.w	r3, r3, #2
10002576:	e7be      	b.n	100024f6 <_vsnprintf+0x52>
10002578:	4692      	mov	sl, r2
1000257a:	f043 0304 	orr.w	r3, r3, #4
1000257e:	e7ba      	b.n	100024f6 <_vsnprintf+0x52>
10002580:	4692      	mov	sl, r2
10002582:	f043 0310 	orr.w	r3, r3, #16
10002586:	e7b6      	b.n	100024f6 <_vsnprintf+0x52>
10002588:	4692      	mov	sl, r2
1000258a:	f043 0308 	orr.w	r3, r3, #8
1000258e:	e7b2      	b.n	100024f6 <_vsnprintf+0x52>
10002590:	f89a 0001 	ldrb.w	r0, [sl, #1]
10002594:	f443 7380 	orr.w	r3, r3, #256	@ 0x100
10002598:	3201      	adds	r2, #1
1000259a:	2867      	cmp	r0, #103	@ 0x67
1000259c:	4692      	mov	sl, r2
1000259e:	f200 8082 	bhi.w	100026a6 <_vsnprintf+0x202>
100025a2:	2824      	cmp	r0, #36	@ 0x24
100025a4:	f240 80c6 	bls.w	10002734 <_vsnprintf+0x290>
100025a8:	f1a0 0225 	sub.w	r2, r0, #37	@ 0x25
100025ac:	2a42      	cmp	r2, #66	@ 0x42
100025ae:	f200 80c1 	bhi.w	10002734 <_vsnprintf+0x290>
100025b2:	e8df f012 	tbh	[pc, r2, lsl #1]
100025b6:	015f      	.short	0x015f
100025b8:	00bf00bf 	.word	0x00bf00bf
100025bc:	00bf00bf 	.word	0x00bf00bf
100025c0:	00bf00bf 	.word	0x00bf00bf
100025c4:	00bf00bf 	.word	0x00bf00bf
100025c8:	00bf00bf 	.word	0x00bf00bf
100025cc:	00bf00bf 	.word	0x00bf00bf
100025d0:	00bf00bf 	.word	0x00bf00bf
100025d4:	00bf00bf 	.word	0x00bf00bf
100025d8:	00bf00bf 	.word	0x00bf00bf
100025dc:	00bf00bf 	.word	0x00bf00bf
100025e0:	00bf00bf 	.word	0x00bf00bf
100025e4:	00bf00bf 	.word	0x00bf00bf
100025e8:	00bf00bf 	.word	0x00bf00bf
100025ec:	00bf00bf 	.word	0x00bf00bf
100025f0:	00bf00bf 	.word	0x00bf00bf
100025f4:	012600bf 	.word	0x012600bf
100025f8:	01260145 	.word	0x01260145
100025fc:	00bf00bf 	.word	0x00bf00bf
10002600:	00bf00bf 	.word	0x00bf00bf
10002604:	00bf00bf 	.word	0x00bf00bf
10002608:	00bf00bf 	.word	0x00bf00bf
1000260c:	00bf00bf 	.word	0x00bf00bf
10002610:	00bf00bf 	.word	0x00bf00bf
10002614:	00bf00bf 	.word	0x00bf00bf
10002618:	00bf00bf 	.word	0x00bf00bf
1000261c:	00bf01d3 	.word	0x00bf01d3
10002620:	00bf00bf 	.word	0x00bf00bf
10002624:	00bf00bf 	.word	0x00bf00bf
10002628:	00bf00bf 	.word	0x00bf00bf
1000262c:	00bf00bf 	.word	0x00bf00bf
10002630:	016701d3 	.word	0x016701d3
10002634:	012601d3 	.word	0x012601d3
10002638:	01260145 	.word	0x01260145
1000263c:	2100      	movs	r1, #0
1000263e:	e000      	b.n	10002642 <_vsnprintf+0x19e>
10002640:	3201      	adds	r2, #1
10002642:	eb01 0181 	add.w	r1, r1, r1, lsl #2
10002646:	eb00 0141 	add.w	r1, r0, r1, lsl #1
1000264a:	7810      	ldrb	r0, [r2, #0]
1000264c:	4692      	mov	sl, r2
1000264e:	f1a0 0430 	sub.w	r4, r0, #48	@ 0x30
10002652:	2c09      	cmp	r4, #9
10002654:	f1a1 0130 	sub.w	r1, r1, #48	@ 0x30
10002658:	d9f2      	bls.n	10002640 <_vsnprintf+0x19c>
1000265a:	282e      	cmp	r0, #46	@ 0x2e
1000265c:	910c      	str	r1, [sp, #48]	@ 0x30
1000265e:	f102 0201 	add.w	r2, r2, #1
10002662:	f47f af67 	bne.w	10002534 <_vsnprintf+0x90>
10002666:	f89a 0001 	ldrb.w	r0, [sl, #1]
1000266a:	4611      	mov	r1, r2
1000266c:	f1a0 0630 	sub.w	r6, r0, #48	@ 0x30
10002670:	2e09      	cmp	r6, #9
10002672:	f443 6380 	orr.w	r3, r3, #1024	@ 0x400
10002676:	f240 8131 	bls.w	100028dc <_vsnprintf+0x438>
1000267a:	282a      	cmp	r0, #42	@ 0x2a
1000267c:	f000 813e 	beq.w	100028fc <_vsnprintf+0x458>
10002680:	4692      	mov	sl, r2
10002682:	2700      	movs	r7, #0
10002684:	3201      	adds	r2, #1
10002686:	e756      	b.n	10002536 <_vsnprintf+0x92>
10002688:	464c      	mov	r4, r9
1000268a:	9b09      	ldr	r3, [sp, #36]	@ 0x24
1000268c:	4599      	cmp	r9, r3
1000268e:	d301      	bcc.n	10002694 <_vsnprintf+0x1f0>
10002690:	f103 39ff 	add.w	r9, r3, #4294967295	@ 0xffffffff
10002694:	464a      	mov	r2, r9
10002696:	2000      	movs	r0, #0
10002698:	9b09      	ldr	r3, [sp, #36]	@ 0x24
1000269a:	990a      	ldr	r1, [sp, #40]	@ 0x28
1000269c:	47d8      	blx	fp
1000269e:	4620      	mov	r0, r4
100026a0:	b01b      	add	sp, #108	@ 0x6c
100026a2:	e8bd 8ff0 	ldmia.w	sp!, {r4, r5, r6, r7, r8, r9, sl, fp, pc}
100026a6:	f1a0 0269 	sub.w	r2, r0, #105	@ 0x69
100026aa:	b2d2      	uxtb	r2, r2
100026ac:	2a0f      	cmp	r2, #15
100026ae:	d841      	bhi.n	10002734 <_vsnprintf+0x290>
100026b0:	2601      	movs	r6, #1
100026b2:	f249 0141 	movw	r1, #36929	@ 0x9041
100026b6:	4096      	lsls	r6, r2
100026b8:	400e      	ands	r6, r1
100026ba:	f040 8101 	bne.w	100028c0 <_vsnprintf+0x41c>
100026be:	2a0a      	cmp	r2, #10
100026c0:	d03f      	beq.n	10002742 <_vsnprintf+0x29e>
100026c2:	2a07      	cmp	r2, #7
100026c4:	d136      	bne.n	10002734 <_vsnprintf+0x290>
100026c6:	9c0b      	ldr	r4, [sp, #44]	@ 0x2c
100026c8:	f854 2b04 	ldr.w	r2, [r4], #4
100026cc:	2a00      	cmp	r2, #0
100026ce:	f000 8128 	beq.w	10002922 <_vsnprintf+0x47e>
100026d2:	f043 0121 	orr.w	r1, r3, #33	@ 0x21
100026d6:	f10d 0e48 	add.w	lr, sp, #72	@ 0x48
100026da:	4670      	mov	r0, lr
100026dc:	e003      	b.n	100026e6 <_vsnprintf+0x242>
100026de:	2e20      	cmp	r6, #32
100026e0:	f000 8129 	beq.w	10002936 <_vsnprintf+0x492>
100026e4:	461a      	mov	r2, r3
100026e6:	f002 050f 	and.w	r5, r2, #15
100026ea:	462b      	mov	r3, r5
100026ec:	2d09      	cmp	r5, #9
100026ee:	bf94      	ite	ls
100026f0:	3330      	addls	r3, #48	@ 0x30
100026f2:	3337      	addhi	r3, #55	@ 0x37
100026f4:	2a0f      	cmp	r2, #15
100026f6:	f800 3b01 	strb.w	r3, [r0], #1
100026fa:	f106 0601 	add.w	r6, r6, #1
100026fe:	ea4f 1312 	mov.w	r3, r2, lsr #4
10002702:	d8ec      	bhi.n	100026de <_vsnprintf+0x23a>
10002704:	e117      	b.n	10002936 <_vsnprintf+0x492>
10002706:	bf00      	nop
10002708:	100024a5 	.word	0x100024a5
1000270c:	20001f3c 	.word	0x20001f3c
10002710:	100018f5 	.word	0x100018f5
10002714:	9c0b      	ldr	r4, [sp, #44]	@ 0x2c
10002716:	f89a 0001 	ldrb.w	r0, [sl, #1]
1000271a:	f854 5b04 	ldr.w	r5, [r4], #4
1000271e:	4692      	mov	sl, r2
10002720:	2d00      	cmp	r5, #0
10002722:	bfbd      	ittte	lt
10002724:	4269      	neglt	r1, r5
10002726:	f043 0302 	orrlt.w	r3, r3, #2
1000272a:	910c      	strlt	r1, [sp, #48]	@ 0x30
1000272c:	950c      	strge	r5, [sp, #48]	@ 0x30
1000272e:	940b      	str	r4, [sp, #44]	@ 0x2c
10002730:	3201      	adds	r2, #1
10002732:	e6fc      	b.n	1000252e <_vsnprintf+0x8a>
10002734:	464a      	mov	r2, r9
10002736:	9b09      	ldr	r3, [sp, #36]	@ 0x24
10002738:	990a      	ldr	r1, [sp, #40]	@ 0x28
1000273a:	f109 0901 	add.w	r9, r9, #1
1000273e:	47d8      	blx	fp
10002740:	e6cf      	b.n	100024e2 <_vsnprintf+0x3e>
10002742:	990b      	ldr	r1, [sp, #44]	@ 0x2c
10002744:	f851 8b04 	ldr.w	r8, [r1], #4
10002748:	f898 2000 	ldrb.w	r2, [r8]
1000274c:	4610      	mov	r0, r2
1000274e:	2f00      	cmp	r7, #0
10002750:	f040 80e1 	bne.w	10002916 <_vsnprintf+0x472>
10002754:	b172      	cbz	r2, 10002774 <_vsnprintf+0x2d0>
10002756:	f06f 0c01 	mvn.w	ip, #1
1000275a:	f10c 0c01 	add.w	ip, ip, #1
1000275e:	4646      	mov	r6, r8
10002760:	44c4      	add	ip, r8
10002762:	e001      	b.n	10002768 <_vsnprintf+0x2c4>
10002764:	4566      	cmp	r6, ip
10002766:	d003      	beq.n	10002770 <_vsnprintf+0x2cc>
10002768:	f816 4f01 	ldrb.w	r4, [r6, #1]!
1000276c:	2c00      	cmp	r4, #0
1000276e:	d1f9      	bne.n	10002764 <_vsnprintf+0x2c0>
10002770:	eba6 0608 	sub.w	r6, r6, r8
10002774:	f413 6c80 	ands.w	ip, r3, #1024	@ 0x400
10002778:	d002      	beq.n	10002780 <_vsnprintf+0x2dc>
1000277a:	42be      	cmp	r6, r7
1000277c:	bf28      	it	cs
1000277e:	463e      	movcs	r6, r7
10002780:	f013 0402 	ands.w	r4, r3, #2
10002784:	f000 8187 	beq.w	10002a96 <_vsnprintf+0x5f2>
10002788:	2a00      	cmp	r2, #0
1000278a:	f000 812b 	beq.w	100029e4 <_vsnprintf+0x540>
1000278e:	f1bc 0f00 	cmp.w	ip, #0
10002792:	f000 8141 	beq.w	10002a18 <_vsnprintf+0x574>
10002796:	940b      	str	r4, [sp, #44]	@ 0x2c
10002798:	960d      	str	r6, [sp, #52]	@ 0x34
1000279a:	464a      	mov	r2, r9
1000279c:	e9dd 5409 	ldrd	r5, r4, [sp, #36]	@ 0x24
100027a0:	460e      	mov	r6, r1
100027a2:	444f      	add	r7, r9
100027a4:	e008      	b.n	100027b8 <_vsnprintf+0x314>
100027a6:	462b      	mov	r3, r5
100027a8:	4621      	mov	r1, r4
100027aa:	47d8      	blx	fp
100027ac:	f818 0f01 	ldrb.w	r0, [r8, #1]!
100027b0:	f109 0901 	add.w	r9, r9, #1
100027b4:	b110      	cbz	r0, 100027bc <_vsnprintf+0x318>
100027b6:	464a      	mov	r2, r9
100027b8:	454f      	cmp	r7, r9
100027ba:	d1f4      	bne.n	100027a6 <_vsnprintf+0x302>
100027bc:	4631      	mov	r1, r6
100027be:	9c0b      	ldr	r4, [sp, #44]	@ 0x2c
100027c0:	9e0d      	ldr	r6, [sp, #52]	@ 0x34
100027c2:	2c00      	cmp	r4, #0
100027c4:	f040 810e 	bne.w	100029e4 <_vsnprintf+0x540>
100027c8:	910b      	str	r1, [sp, #44]	@ 0x2c
100027ca:	e68a      	b.n	100024e2 <_vsnprintf+0x3e>
100027cc:	f89a 0001 	ldrb.w	r0, [sl, #1]
100027d0:	286c      	cmp	r0, #108	@ 0x6c
100027d2:	f47f aedf 	bne.w	10002594 <_vsnprintf+0xf0>
100027d6:	f89a 0002 	ldrb.w	r0, [sl, #2]
100027da:	f443 7340 	orr.w	r3, r3, #768	@ 0x300
100027de:	f10a 0203 	add.w	r2, sl, #3
100027e2:	e6da      	b.n	1000259a <_vsnprintf+0xf6>
100027e4:	f89a 0001 	ldrb.w	r0, [sl, #1]
100027e8:	f443 7300 	orr.w	r3, r3, #512	@ 0x200
100027ec:	3201      	adds	r2, #1
100027ee:	e6d4      	b.n	1000259a <_vsnprintf+0xf6>
100027f0:	f89a 0001 	ldrb.w	r0, [sl, #1]
100027f4:	2868      	cmp	r0, #104	@ 0x68
100027f6:	f000 8120 	beq.w	10002a3a <_vsnprintf+0x596>
100027fa:	f043 0380 	orr.w	r3, r3, #128	@ 0x80
100027fe:	3201      	adds	r2, #1
10002800:	e6cb      	b.n	1000259a <_vsnprintf+0xf6>
10002802:	2867      	cmp	r0, #103	@ 0x67
10002804:	f000 80e7 	beq.w	100029d6 <_vsnprintf+0x532>
10002808:	2847      	cmp	r0, #71	@ 0x47
1000280a:	f000 8100 	beq.w	10002a0e <_vsnprintf+0x56a>
1000280e:	2845      	cmp	r0, #69	@ 0x45
10002810:	f000 80ff 	beq.w	10002a12 <_vsnprintf+0x56e>
10002814:	9c0b      	ldr	r4, [sp, #44]	@ 0x2c
10002816:	9304      	str	r3, [sp, #16]
10002818:	9b0c      	ldr	r3, [sp, #48]	@ 0x30
1000281a:	3407      	adds	r4, #7
1000281c:	e9cd 7302 	strd	r7, r3, [sp, #8]
10002820:	f024 0307 	bic.w	r3, r4, #7
10002824:	461c      	mov	r4, r3
10002826:	e9dd 3109 	ldrd	r3, r1, [sp, #36]	@ 0x24
1000282a:	e8f4 6702 	ldrd	r6, r7, [r4], #8
1000282e:	464a      	mov	r2, r9
10002830:	4658      	mov	r0, fp
10002832:	e9cd 6700 	strd	r6, r7, [sp]
10002836:	940b      	str	r4, [sp, #44]	@ 0x2c
10002838:	f7ff fa0a 	bl	10001c50 <_etoa>
1000283c:	4681      	mov	r9, r0
1000283e:	e650      	b.n	100024e2 <_vsnprintf+0x3e>
10002840:	2846      	cmp	r0, #70	@ 0x46
10002842:	9c0b      	ldr	r4, [sp, #44]	@ 0x2c
10002844:	bf08      	it	eq
10002846:	f043 0320 	orreq.w	r3, r3, #32
1000284a:	9304      	str	r3, [sp, #16]
1000284c:	9b0c      	ldr	r3, [sp, #48]	@ 0x30
1000284e:	3407      	adds	r4, #7
10002850:	e9cd 7302 	strd	r7, r3, [sp, #8]
10002854:	f024 0307 	bic.w	r3, r4, #7
10002858:	461c      	mov	r4, r3
1000285a:	e9dd 3109 	ldrd	r3, r1, [sp, #36]	@ 0x24
1000285e:	e8f4 6702 	ldrd	r6, r7, [r4], #8
10002862:	464a      	mov	r2, r9
10002864:	4658      	mov	r0, fp
10002866:	e9cd 6700 	strd	r6, r7, [sp]
1000286a:	940b      	str	r4, [sp, #44]	@ 0x2c
1000286c:	f7ff fc20 	bl	100020b0 <_ftoa>
10002870:	4681      	mov	r9, r0
10002872:	e636      	b.n	100024e2 <_vsnprintf+0x3e>
10002874:	464a      	mov	r2, r9
10002876:	2025      	movs	r0, #37	@ 0x25
10002878:	9b09      	ldr	r3, [sp, #36]	@ 0x24
1000287a:	990a      	ldr	r1, [sp, #40]	@ 0x28
1000287c:	f109 0901 	add.w	r9, r9, #1
10002880:	47d8      	blx	fp
10002882:	e62e      	b.n	100024e2 <_vsnprintf+0x3e>
10002884:	9a0b      	ldr	r2, [sp, #44]	@ 0x2c
10002886:	079c      	lsls	r4, r3, #30
10002888:	f102 0704 	add.w	r7, r2, #4
1000288c:	f109 0601 	add.w	r6, r9, #1
10002890:	f140 80e6 	bpl.w	10002a60 <_vsnprintf+0x5bc>
10002894:	7810      	ldrb	r0, [r2, #0]
10002896:	9b09      	ldr	r3, [sp, #36]	@ 0x24
10002898:	464a      	mov	r2, r9
1000289a:	990a      	ldr	r1, [sp, #40]	@ 0x28
1000289c:	47d8      	blx	fp
1000289e:	9b0c      	ldr	r3, [sp, #48]	@ 0x30
100028a0:	2b01      	cmp	r3, #1
100028a2:	f240 812c 	bls.w	10002afe <_vsnprintf+0x65a>
100028a6:	e9dd 5409 	ldrd	r5, r4, [sp, #36]	@ 0x24
100028aa:	4499      	add	r9, r3
100028ac:	4632      	mov	r2, r6
100028ae:	462b      	mov	r3, r5
100028b0:	4621      	mov	r1, r4
100028b2:	2020      	movs	r0, #32
100028b4:	3601      	adds	r6, #1
100028b6:	47d8      	blx	fp
100028b8:	454e      	cmp	r6, r9
100028ba:	d1f7      	bne.n	100028ac <_vsnprintf+0x408>
100028bc:	970b      	str	r7, [sp, #44]	@ 0x2c
100028be:	e610      	b.n	100024e2 <_vsnprintf+0x3e>
100028c0:	286f      	cmp	r0, #111	@ 0x6f
100028c2:	f000 808b 	beq.w	100029dc <_vsnprintf+0x538>
100028c6:	f240 8165 	bls.w	10002b94 <_vsnprintf+0x6f0>
100028ca:	2878      	cmp	r0, #120	@ 0x78
100028cc:	f000 8108 	beq.w	10002ae0 <_vsnprintf+0x63c>
100028d0:	f04f 080a 	mov.w	r8, #10
100028d4:	f023 0310 	bic.w	r3, r3, #16
100028d8:	46c4      	mov	ip, r8
100028da:	e047      	b.n	1000296c <_vsnprintf+0x4c8>
100028dc:	2700      	movs	r7, #0
100028de:	eb07 0787 	add.w	r7, r7, r7, lsl #2
100028e2:	eb00 0047 	add.w	r0, r0, r7, lsl #1
100028e6:	f1a0 0730 	sub.w	r7, r0, #48	@ 0x30
100028ea:	f811 0f01 	ldrb.w	r0, [r1, #1]!
100028ee:	f1a0 0230 	sub.w	r2, r0, #48	@ 0x30
100028f2:	2a09      	cmp	r2, #9
100028f4:	d9f3      	bls.n	100028de <_vsnprintf+0x43a>
100028f6:	468a      	mov	sl, r1
100028f8:	1c4a      	adds	r2, r1, #1
100028fa:	e61c      	b.n	10002536 <_vsnprintf+0x92>
100028fc:	9c0b      	ldr	r4, [sp, #44]	@ 0x2c
100028fe:	f89a 0002 	ldrb.w	r0, [sl, #2]
10002902:	f854 7b04 	ldr.w	r7, [r4], #4
10002906:	f10a 0a02 	add.w	sl, sl, #2
1000290a:	f10a 0201 	add.w	r2, sl, #1
1000290e:	940b      	str	r4, [sp, #44]	@ 0x2c
10002910:	ea27 77e7 	bic.w	r7, r7, r7, asr #31
10002914:	e60f      	b.n	10002536 <_vsnprintf+0x92>
10002916:	2a00      	cmp	r2, #0
10002918:	f43f af2c 	beq.w	10002774 <_vsnprintf+0x2d0>
1000291c:	f107 3cff 	add.w	ip, r7, #4294967295	@ 0xffffffff
10002920:	e71b      	b.n	1000275a <_vsnprintf+0x2b6>
10002922:	f023 0110 	bic.w	r1, r3, #16
10002926:	f413 6280 	ands.w	r2, r3, #1024	@ 0x400
1000292a:	f041 0121 	orr.w	r1, r1, #33	@ 0x21
1000292e:	f43f aed2 	beq.w	100026d6 <_vsnprintf+0x232>
10002932:	f10d 0e48 	add.w	lr, sp, #72	@ 0x48
10002936:	2308      	movs	r3, #8
10002938:	2010      	movs	r0, #16
1000293a:	9305      	str	r3, [sp, #20]
1000293c:	2300      	movs	r3, #0
1000293e:	464a      	mov	r2, r9
10002940:	e9cd 3002 	strd	r3, r0, [sp, #8]
10002944:	9106      	str	r1, [sp, #24]
10002946:	4658      	mov	r0, fp
10002948:	e9dd 3109 	ldrd	r3, r1, [sp, #36]	@ 0x24
1000294c:	e9cd e600 	strd	lr, r6, [sp]
10002950:	9704      	str	r7, [sp, #16]
10002952:	f7ff f81f 	bl	10001994 <_ntoa_format>
10002956:	940b      	str	r4, [sp, #44]	@ 0x2c
10002958:	4681      	mov	r9, r0
1000295a:	e5c2      	b.n	100024e2 <_vsnprintf+0x3e>
1000295c:	2858      	cmp	r0, #88	@ 0x58
1000295e:	d079      	beq.n	10002a54 <_vsnprintf+0x5b0>
10002960:	2862      	cmp	r0, #98	@ 0x62
10002962:	f040 8251 	bne.w	10002e08 <_vsnprintf+0x964>
10002966:	f04f 0802 	mov.w	r8, #2
1000296a:	46c4      	mov	ip, r8
1000296c:	f413 6080 	ands.w	r0, r3, #1024	@ 0x400
10002970:	d16d      	bne.n	10002a4e <_vsnprintf+0x5aa>
10002972:	f023 030c 	bic.w	r3, r3, #12
10002976:	f413 7200 	ands.w	r2, r3, #512	@ 0x200
1000297a:	f040 80c2 	bne.w	10002b02 <_vsnprintf+0x65e>
1000297e:	990b      	ldr	r1, [sp, #44]	@ 0x2c
10002980:	3104      	adds	r1, #4
10002982:	910d      	str	r1, [sp, #52]	@ 0x34
10002984:	f413 7180 	ands.w	r1, r3, #256	@ 0x100
10002988:	f040 822e 	bne.w	10002de8 <_vsnprintf+0x944>
1000298c:	065e      	lsls	r6, r3, #25
1000298e:	9a0b      	ldr	r2, [sp, #44]	@ 0x2c
10002990:	f140 80aa 	bpl.w	10002ae8 <_vsnprintf+0x644>
10002994:	7812      	ldrb	r2, [r2, #0]
10002996:	2a00      	cmp	r2, #0
10002998:	f040 80da 	bne.w	10002b50 <_vsnprintf+0x6ac>
1000299c:	f023 0310 	bic.w	r3, r3, #16
100029a0:	2800      	cmp	r0, #0
100029a2:	f000 80d5 	beq.w	10002b50 <_vsnprintf+0x6ac>
100029a6:	4611      	mov	r1, r2
100029a8:	f10d 0e48 	add.w	lr, sp, #72	@ 0x48
100029ac:	9306      	str	r3, [sp, #24]
100029ae:	9b0c      	ldr	r3, [sp, #48]	@ 0x30
100029b0:	f8cd c00c 	str.w	ip, [sp, #12]
100029b4:	e9cd 7304 	strd	r7, r3, [sp, #16]
100029b8:	9101      	str	r1, [sp, #4]
100029ba:	2300      	movs	r3, #0
100029bc:	464a      	mov	r2, r9
100029be:	9302      	str	r3, [sp, #8]
100029c0:	4658      	mov	r0, fp
100029c2:	e9dd 3109 	ldrd	r3, r1, [sp, #36]	@ 0x24
100029c6:	f8cd e000 	str.w	lr, [sp]
100029ca:	f7fe ffe3 	bl	10001994 <_ntoa_format>
100029ce:	9b0d      	ldr	r3, [sp, #52]	@ 0x34
100029d0:	4681      	mov	r9, r0
100029d2:	930b      	str	r3, [sp, #44]	@ 0x2c
100029d4:	e585      	b.n	100024e2 <_vsnprintf+0x3e>
100029d6:	f443 6300 	orr.w	r3, r3, #2048	@ 0x800
100029da:	e71b      	b.n	10002814 <_vsnprintf+0x370>
100029dc:	f04f 0808 	mov.w	r8, #8
100029e0:	46c4      	mov	ip, r8
100029e2:	e7c3      	b.n	1000296c <_vsnprintf+0x4c8>
100029e4:	9b0c      	ldr	r3, [sp, #48]	@ 0x30
100029e6:	464c      	mov	r4, r9
100029e8:	42b3      	cmp	r3, r6
100029ea:	f67f aeed 	bls.w	100027c8 <_vsnprintf+0x324>
100029ee:	460f      	mov	r7, r1
100029f0:	444b      	add	r3, r9
100029f2:	eba3 0906 	sub.w	r9, r3, r6
100029f6:	e9dd 6509 	ldrd	r6, r5, [sp, #36]	@ 0x24
100029fa:	4622      	mov	r2, r4
100029fc:	4633      	mov	r3, r6
100029fe:	4629      	mov	r1, r5
10002a00:	2020      	movs	r0, #32
10002a02:	3401      	adds	r4, #1
10002a04:	47d8      	blx	fp
10002a06:	454c      	cmp	r4, r9
10002a08:	d1f7      	bne.n	100029fa <_vsnprintf+0x556>
10002a0a:	4639      	mov	r1, r7
10002a0c:	e6dc      	b.n	100027c8 <_vsnprintf+0x324>
10002a0e:	f443 6300 	orr.w	r3, r3, #2048	@ 0x800
10002a12:	f043 0320 	orr.w	r3, r3, #32
10002a16:	e6fd      	b.n	10002814 <_vsnprintf+0x370>
10002a18:	460f      	mov	r7, r1
10002a1a:	940b      	str	r4, [sp, #44]	@ 0x2c
10002a1c:	e9dd 5409 	ldrd	r5, r4, [sp, #36]	@ 0x24
10002a20:	464a      	mov	r2, r9
10002a22:	462b      	mov	r3, r5
10002a24:	4621      	mov	r1, r4
10002a26:	47d8      	blx	fp
10002a28:	f818 0f01 	ldrb.w	r0, [r8, #1]!
10002a2c:	f109 0901 	add.w	r9, r9, #1
10002a30:	2800      	cmp	r0, #0
10002a32:	d1f5      	bne.n	10002a20 <_vsnprintf+0x57c>
10002a34:	4639      	mov	r1, r7
10002a36:	9c0b      	ldr	r4, [sp, #44]	@ 0x2c
10002a38:	e6c3      	b.n	100027c2 <_vsnprintf+0x31e>
10002a3a:	f89a 0002 	ldrb.w	r0, [sl, #2]
10002a3e:	f043 03c0 	orr.w	r3, r3, #192	@ 0xc0
10002a42:	f10a 0203 	add.w	r2, sl, #3
10002a46:	e5a8      	b.n	1000259a <_vsnprintf+0xf6>
10002a48:	4604      	mov	r4, r0
10002a4a:	4681      	mov	r9, r0
10002a4c:	e61d      	b.n	1000268a <_vsnprintf+0x1e6>
10002a4e:	f023 030d 	bic.w	r3, r3, #13
10002a52:	e790      	b.n	10002976 <_vsnprintf+0x4d2>
10002a54:	f04f 0810 	mov.w	r8, #16
10002a58:	f043 0320 	orr.w	r3, r3, #32
10002a5c:	46c4      	mov	ip, r8
10002a5e:	e785      	b.n	1000296c <_vsnprintf+0x4c8>
10002a60:	9b0c      	ldr	r3, [sp, #48]	@ 0x30
10002a62:	2b01      	cmp	r3, #1
10002a64:	d945      	bls.n	10002af2 <_vsnprintf+0x64e>
10002a66:	e9dd 5409 	ldrd	r5, r4, [sp, #36]	@ 0x24
10002a6a:	464e      	mov	r6, r9
10002a6c:	f109 38ff 	add.w	r8, r9, #4294967295	@ 0xffffffff
10002a70:	4498      	add	r8, r3
10002a72:	4632      	mov	r2, r6
10002a74:	462b      	mov	r3, r5
10002a76:	4621      	mov	r1, r4
10002a78:	2020      	movs	r0, #32
10002a7a:	3601      	adds	r6, #1
10002a7c:	47d8      	blx	fp
10002a7e:	4546      	cmp	r6, r8
10002a80:	d1f7      	bne.n	10002a72 <_vsnprintf+0x5ce>
10002a82:	9b0c      	ldr	r3, [sp, #48]	@ 0x30
10002a84:	4632      	mov	r2, r6
10002a86:	4499      	add	r9, r3
10002a88:	9b0b      	ldr	r3, [sp, #44]	@ 0x2c
10002a8a:	7818      	ldrb	r0, [r3, #0]
10002a8c:	e9dd 3109 	ldrd	r3, r1, [sp, #36]	@ 0x24
10002a90:	47d8      	blx	fp
10002a92:	970b      	str	r7, [sp, #44]	@ 0x2c
10002a94:	e525      	b.n	100024e2 <_vsnprintf+0x3e>
10002a96:	9b0c      	ldr	r3, [sp, #48]	@ 0x30
10002a98:	42b3      	cmp	r3, r6
10002a9a:	f240 81ee 	bls.w	10002e7a <_vsnprintf+0x9d6>
10002a9e:	e9cd 480d 	strd	r4, r8, [sp, #52]	@ 0x34
10002aa2:	e9dd 5409 	ldrd	r5, r4, [sp, #36]	@ 0x24
10002aa6:	4688      	mov	r8, r1
10002aa8:	444b      	add	r3, r9
10002aaa:	1b9e      	subs	r6, r3, r6
10002aac:	f8cd c02c 	str.w	ip, [sp, #44]	@ 0x2c
10002ab0:	464a      	mov	r2, r9
10002ab2:	462b      	mov	r3, r5
10002ab4:	4621      	mov	r1, r4
10002ab6:	2020      	movs	r0, #32
10002ab8:	f109 0901 	add.w	r9, r9, #1
10002abc:	47d8      	blx	fp
10002abe:	45b1      	cmp	r9, r6
10002ac0:	d1f6      	bne.n	10002ab0 <_vsnprintf+0x60c>
10002ac2:	4641      	mov	r1, r8
10002ac4:	f8dd 8038 	ldr.w	r8, [sp, #56]	@ 0x38
10002ac8:	9b0c      	ldr	r3, [sp, #48]	@ 0x30
10002aca:	f8dd c02c 	ldr.w	ip, [sp, #44]	@ 0x2c
10002ace:	9c0d      	ldr	r4, [sp, #52]	@ 0x34
10002ad0:	f898 2000 	ldrb.w	r2, [r8]
10002ad4:	1c5e      	adds	r6, r3, #1
10002ad6:	4610      	mov	r0, r2
10002ad8:	2a00      	cmp	r2, #0
10002ada:	f47f ae58 	bne.w	1000278e <_vsnprintf+0x2ea>
10002ade:	e673      	b.n	100027c8 <_vsnprintf+0x324>
10002ae0:	f04f 0810 	mov.w	r8, #16
10002ae4:	46c4      	mov	ip, r8
10002ae6:	e741      	b.n	1000296c <_vsnprintf+0x4c8>
10002ae8:	061d      	lsls	r5, r3, #24
10002aea:	bf4c      	ite	mi
10002aec:	8812      	ldrhmi	r2, [r2, #0]
10002aee:	6812      	ldrpl	r2, [r2, #0]
10002af0:	e751      	b.n	10002996 <_vsnprintf+0x4f2>
10002af2:	4613      	mov	r3, r2
10002af4:	464a      	mov	r2, r9
10002af6:	7818      	ldrb	r0, [r3, #0]
10002af8:	e9dd 3109 	ldrd	r3, r1, [sp, #36]	@ 0x24
10002afc:	47d8      	blx	fp
10002afe:	46b1      	mov	r9, r6
10002b00:	e6dc      	b.n	100028bc <_vsnprintf+0x418>
10002b02:	9c0b      	ldr	r4, [sp, #44]	@ 0x2c
10002b04:	3407      	adds	r4, #7
10002b06:	f024 0407 	bic.w	r4, r4, #7
10002b0a:	4622      	mov	r2, r4
10002b0c:	6865      	ldr	r5, [r4, #4]
10002b0e:	f852 4b08 	ldr.w	r4, [r2], #8
10002b12:	920b      	str	r2, [sp, #44]	@ 0x2c
10002b14:	ea54 0205 	orrs.w	r2, r4, r5
10002b18:	f040 812c 	bne.w	10002d74 <_vsnprintf+0x8d0>
10002b1c:	f023 0310 	bic.w	r3, r3, #16
10002b20:	2800      	cmp	r0, #0
10002b22:	f000 8127 	beq.w	10002d74 <_vsnprintf+0x8d0>
10002b26:	2600      	movs	r6, #0
10002b28:	f10d 0e48 	add.w	lr, sp, #72	@ 0x48
10002b2c:	9306      	str	r3, [sp, #24]
10002b2e:	9b0c      	ldr	r3, [sp, #48]	@ 0x30
10002b30:	464a      	mov	r2, r9
10002b32:	e9cd 7304 	strd	r7, r3, [sp, #16]
10002b36:	2300      	movs	r3, #0
10002b38:	e9cd e600 	strd	lr, r6, [sp]
10002b3c:	f8cd c00c 	str.w	ip, [sp, #12]
10002b40:	9302      	str	r3, [sp, #8]
10002b42:	4658      	mov	r0, fp
10002b44:	e9dd 3109 	ldrd	r3, r1, [sp, #36]	@ 0x24
10002b48:	f7fe ff24 	bl	10001994 <_ntoa_format>
10002b4c:	4681      	mov	r9, r0
10002b4e:	e4c8      	b.n	100024e2 <_vsnprintf+0x3e>
10002b50:	f013 0f20 	tst.w	r3, #32
10002b54:	bf14      	ite	ne
10002b56:	2041      	movne	r0, #65	@ 0x41
10002b58:	2061      	moveq	r0, #97	@ 0x61
10002b5a:	f10d 0e48 	add.w	lr, sp, #72	@ 0x48
10002b5e:	4676      	mov	r6, lr
10002b60:	f1a0 080a 	sub.w	r8, r0, #10
10002b64:	e003      	b.n	10002b6e <_vsnprintf+0x6ca>
10002b66:	2920      	cmp	r1, #32
10002b68:	f43f af20 	beq.w	100029ac <_vsnprintf+0x508>
10002b6c:	4622      	mov	r2, r4
10002b6e:	fbb2 f4fc 	udiv	r4, r2, ip
10002b72:	fb0c 2514 	mls	r5, ip, r4, r2
10002b76:	b2e8      	uxtb	r0, r5
10002b78:	2d09      	cmp	r5, #9
10002b7a:	f100 0530 	add.w	r5, r0, #48	@ 0x30
10002b7e:	bf8a      	itet	hi
10002b80:	4440      	addhi	r0, r8
10002b82:	b2e8      	uxtbls	r0, r5
10002b84:	b2c0      	uxtbhi	r0, r0
10002b86:	4562      	cmp	r2, ip
10002b88:	f806 0b01 	strb.w	r0, [r6], #1
10002b8c:	f101 0101 	add.w	r1, r1, #1
10002b90:	d2e9      	bcs.n	10002b66 <_vsnprintf+0x6c2>
10002b92:	e70b      	b.n	100029ac <_vsnprintf+0x508>
10002b94:	f023 0210 	bic.w	r2, r3, #16
10002b98:	2869      	cmp	r0, #105	@ 0x69
10002b9a:	920d      	str	r2, [sp, #52]	@ 0x34
10002b9c:	f040 816f 	bne.w	10002e7e <_vsnprintf+0x9da>
10002ba0:	f413 6280 	ands.w	r2, r3, #1024	@ 0x400
10002ba4:	d004      	beq.n	10002bb0 <_vsnprintf+0x70c>
10002ba6:	f44f 6280 	mov.w	r2, #1024	@ 0x400
10002baa:	f023 0311 	bic.w	r3, r3, #17
10002bae:	930d      	str	r3, [sp, #52]	@ 0x34
10002bb0:	9b0d      	ldr	r3, [sp, #52]	@ 0x34
10002bb2:	f413 7600 	ands.w	r6, r3, #512	@ 0x200
10002bb6:	d140      	bne.n	10002c3a <_vsnprintf+0x796>
10002bb8:	9b0b      	ldr	r3, [sp, #44]	@ 0x2c
10002bba:	f103 0804 	add.w	r8, r3, #4
10002bbe:	9b0d      	ldr	r3, [sp, #52]	@ 0x34
10002bc0:	f413 7080 	ands.w	r0, r3, #256	@ 0x100
10002bc4:	f040 8098 	bne.w	10002cf8 <_vsnprintf+0x854>
10002bc8:	0659      	lsls	r1, r3, #25
10002bca:	f140 80c6 	bpl.w	10002d5a <_vsnprintf+0x8b6>
10002bce:	9b0b      	ldr	r3, [sp, #44]	@ 0x2c
10002bd0:	7819      	ldrb	r1, [r3, #0]
10002bd2:	460c      	mov	r4, r1
10002bd4:	0fcb      	lsrs	r3, r1, #31
10002bd6:	2900      	cmp	r1, #0
10002bd8:	f000 80b9 	beq.w	10002d4e <_vsnprintf+0x8aa>
10002bdc:	4622      	mov	r2, r4
10002bde:	f10d 0e48 	add.w	lr, sp, #72	@ 0x48
10002be2:	4674      	mov	r4, lr
10002be4:	4616      	mov	r6, r2
10002be6:	f8df c2a0 	ldr.w	ip, [pc, #672]	@ 10002e88 <_vsnprintf+0x9e4>
10002bea:	e001      	b.n	10002bf0 <_vsnprintf+0x74c>
10002bec:	2820      	cmp	r0, #32
10002bee:	d00f      	beq.n	10002c10 <_vsnprintf+0x76c>
10002bf0:	4635      	mov	r5, r6
10002bf2:	fbac 2106 	umull	r2, r1, ip, r6
10002bf6:	08c9      	lsrs	r1, r1, #3
10002bf8:	eb01 0281 	add.w	r2, r1, r1, lsl #2
10002bfc:	eba6 0242 	sub.w	r2, r6, r2, lsl #1
10002c00:	3230      	adds	r2, #48	@ 0x30
10002c02:	2d09      	cmp	r5, #9
10002c04:	460e      	mov	r6, r1
10002c06:	f100 0001 	add.w	r0, r0, #1
10002c0a:	f804 2b01 	strb.w	r2, [r4], #1
10002c0e:	d8ed      	bhi.n	10002bec <_vsnprintf+0x748>
10002c10:	9a0d      	ldr	r2, [sp, #52]	@ 0x34
10002c12:	e9cd 0301 	strd	r0, r3, [sp, #4]
10002c16:	9206      	str	r2, [sp, #24]
10002c18:	9a0c      	ldr	r2, [sp, #48]	@ 0x30
10002c1a:	e9cd 7204 	strd	r7, r2, [sp, #16]
10002c1e:	230a      	movs	r3, #10
10002c20:	464a      	mov	r2, r9
10002c22:	9303      	str	r3, [sp, #12]
10002c24:	4658      	mov	r0, fp
10002c26:	e9dd 3109 	ldrd	r3, r1, [sp, #36]	@ 0x24
10002c2a:	f8cd e000 	str.w	lr, [sp]
10002c2e:	f7fe feb1 	bl	10001994 <_ntoa_format>
10002c32:	f8cd 802c 	str.w	r8, [sp, #44]	@ 0x2c
10002c36:	4681      	mov	r9, r0
10002c38:	e453      	b.n	100024e2 <_vsnprintf+0x3e>
10002c3a:	9c0b      	ldr	r4, [sp, #44]	@ 0x2c
10002c3c:	3407      	adds	r4, #7
10002c3e:	f024 0407 	bic.w	r4, r4, #7
10002c42:	4621      	mov	r1, r4
10002c44:	4608      	mov	r0, r1
10002c46:	6863      	ldr	r3, [r4, #4]
10002c48:	f850 1b08 	ldr.w	r1, [r0], #8
10002c4c:	0fdc      	lsrs	r4, r3, #31
10002c4e:	900b      	str	r0, [sp, #44]	@ 0x2c
10002c50:	ea51 0003 	orrs.w	r0, r1, r3
10002c54:	f000 80c3 	beq.w	10002dde <_vsnprintf+0x93a>
10002c58:	460a      	mov	r2, r1
10002c5a:	1e19      	subs	r1, r3, #0
10002c5c:	db48      	blt.n	10002cf0 <_vsnprintf+0x84c>
10002c5e:	4613      	mov	r3, r2
10002c60:	f10d 0e48 	add.w	lr, sp, #72	@ 0x48
10002c64:	46f4      	mov	ip, lr
10002c66:	2600      	movs	r6, #0
10002c68:	e9cd 940e 	strd	r9, r4, [sp, #56]	@ 0x38
10002c6c:	f8df 8218 	ldr.w	r8, [pc, #536]	@ 10002e88 <_vsnprintf+0x9e4>
10002c70:	e001      	b.n	10002c76 <_vsnprintf+0x7d2>
10002c72:	2e20      	cmp	r6, #32
10002c74:	d02d      	beq.n	10002cd2 <_vsnprintf+0x82e>
10002c76:	185a      	adds	r2, r3, r1
10002c78:	f142 0200 	adc.w	r2, r2, #0
10002c7c:	fba8 5902 	umull	r5, r9, r8, r2
10002c80:	f029 0503 	bic.w	r5, r9, #3
10002c84:	eb05 0599 	add.w	r5, r5, r9, lsr #2
10002c88:	1b52      	subs	r2, r2, r5
10002c8a:	461c      	mov	r4, r3
10002c8c:	1a9b      	subs	r3, r3, r2
10002c8e:	f161 0500 	sbc.w	r5, r1, #0
10002c92:	4608      	mov	r0, r1
10002c94:	f04f 31cc 	mov.w	r1, #3435973836	@ 0xcccccccc
10002c98:	fb01 f103 	mul.w	r1, r1, r3
10002c9c:	fb08 1105 	mla	r1, r8, r5, r1
10002ca0:	fba3 5308 	umull	r5, r3, r3, r8
10002ca4:	4419      	add	r1, r3
10002ca6:	2305      	movs	r3, #5
10002ca8:	f005 0901 	and.w	r9, r5, #1
10002cac:	fba9 3903 	umull	r3, r9, r9, r3
10002cb0:	189b      	adds	r3, r3, r2
10002cb2:	2c0a      	cmp	r4, #10
10002cb4:	f103 0330 	add.w	r3, r3, #48	@ 0x30
10002cb8:	ea4f 0555 	mov.w	r5, r5, lsr #1
10002cbc:	f170 0000 	sbcs.w	r0, r0, #0
10002cc0:	f80c 3b01 	strb.w	r3, [ip], #1
10002cc4:	f106 0601 	add.w	r6, r6, #1
10002cc8:	ea45 73c1 	orr.w	r3, r5, r1, lsl #31
10002ccc:	ea4f 0151 	mov.w	r1, r1, lsr #1
10002cd0:	d2cf      	bcs.n	10002c72 <_vsnprintf+0x7ce>
10002cd2:	e9dd 940e 	ldrd	r9, r4, [sp, #56]	@ 0x38
10002cd6:	9b0d      	ldr	r3, [sp, #52]	@ 0x34
10002cd8:	464a      	mov	r2, r9
10002cda:	9306      	str	r3, [sp, #24]
10002cdc:	9b0c      	ldr	r3, [sp, #48]	@ 0x30
10002cde:	e9cd 6401 	strd	r6, r4, [sp, #4]
10002ce2:	e9cd 7304 	strd	r7, r3, [sp, #16]
10002ce6:	230a      	movs	r3, #10
10002ce8:	f8cd e000 	str.w	lr, [sp]
10002cec:	9303      	str	r3, [sp, #12]
10002cee:	e728      	b.n	10002b42 <_vsnprintf+0x69e>
10002cf0:	4252      	negs	r2, r2
10002cf2:	eb61 0141 	sbc.w	r1, r1, r1, lsl #1
10002cf6:	e7b2      	b.n	10002c5e <_vsnprintf+0x7ba>
10002cf8:	9b0b      	ldr	r3, [sp, #44]	@ 0x2c
10002cfa:	6819      	ldr	r1, [r3, #0]
10002cfc:	0fcb      	lsrs	r3, r1, #31
10002cfe:	2900      	cmp	r1, #0
10002d00:	f000 80ab 	beq.w	10002e5a <_vsnprintf+0x9b6>
10002d04:	ea81 72e1 	eor.w	r2, r1, r1, asr #31
10002d08:	eba2 72e1 	sub.w	r2, r2, r1, asr #31
10002d0c:	f10d 0e48 	add.w	lr, sp, #72	@ 0x48
10002d10:	4670      	mov	r0, lr
10002d12:	f8df c174 	ldr.w	ip, [pc, #372]	@ 10002e88 <_vsnprintf+0x9e4>
10002d16:	e001      	b.n	10002d1c <_vsnprintf+0x878>
10002d18:	2e20      	cmp	r6, #32
10002d1a:	d010      	beq.n	10002d3e <_vsnprintf+0x89a>
10002d1c:	4615      	mov	r5, r2
10002d1e:	fbac 4102 	umull	r4, r1, ip, r2
10002d22:	08c9      	lsrs	r1, r1, #3
10002d24:	eb01 0481 	add.w	r4, r1, r1, lsl #2
10002d28:	eba2 0444 	sub.w	r4, r2, r4, lsl #1
10002d2c:	f104 0230 	add.w	r2, r4, #48	@ 0x30
10002d30:	2d09      	cmp	r5, #9
10002d32:	f800 2b01 	strb.w	r2, [r0], #1
10002d36:	f106 0601 	add.w	r6, r6, #1
10002d3a:	460a      	mov	r2, r1
10002d3c:	d8ec      	bhi.n	10002d18 <_vsnprintf+0x874>
10002d3e:	9a0d      	ldr	r2, [sp, #52]	@ 0x34
10002d40:	e9cd 6301 	strd	r6, r3, [sp, #4]
10002d44:	9206      	str	r2, [sp, #24]
10002d46:	9a0c      	ldr	r2, [sp, #48]	@ 0x30
10002d48:	e9cd 7204 	strd	r7, r2, [sp, #16]
10002d4c:	e767      	b.n	10002c1e <_vsnprintf+0x77a>
10002d4e:	2a00      	cmp	r2, #0
10002d50:	f43f af45 	beq.w	10002bde <_vsnprintf+0x73a>
10002d54:	f10d 0e48 	add.w	lr, sp, #72	@ 0x48
10002d58:	e75a      	b.n	10002c10 <_vsnprintf+0x76c>
10002d5a:	f013 0f80 	tst.w	r3, #128	@ 0x80
10002d5e:	9b0b      	ldr	r3, [sp, #44]	@ 0x2c
10002d60:	f000 8081 	beq.w	10002e66 <_vsnprintf+0x9c2>
10002d64:	f9b3 1000 	ldrsh.w	r1, [r3]
10002d68:	ea81 74e1 	eor.w	r4, r1, r1, asr #31
10002d6c:	eba4 74e1 	sub.w	r4, r4, r1, asr #31
10002d70:	b2a4      	uxth	r4, r4
10002d72:	e72f      	b.n	10002bd4 <_vsnprintf+0x730>
10002d74:	f013 0f20 	tst.w	r3, #32
10002d78:	bf14      	ite	ne
10002d7a:	2241      	movne	r2, #65	@ 0x41
10002d7c:	2261      	moveq	r2, #97	@ 0x61
10002d7e:	f10d 0e48 	add.w	lr, sp, #72	@ 0x48
10002d82:	3a0a      	subs	r2, #10
10002d84:	e9cd 970d 	strd	r9, r7, [sp, #52]	@ 0x34
10002d88:	f8cd b044 	str.w	fp, [sp, #68]	@ 0x44
10002d8c:	2600      	movs	r6, #0
10002d8e:	4677      	mov	r7, lr
10002d90:	46f3      	mov	fp, lr
10002d92:	4691      	mov	r9, r2
10002d94:	e9cd 3c0f 	strd	r3, ip, [sp, #60]	@ 0x3c
10002d98:	e003      	b.n	10002da2 <_vsnprintf+0x8fe>
10002d9a:	2e20      	cmp	r6, #32
10002d9c:	d017      	beq.n	10002dce <_vsnprintf+0x92a>
10002d9e:	4604      	mov	r4, r0
10002da0:	460d      	mov	r5, r1
10002da2:	4629      	mov	r1, r5
10002da4:	4642      	mov	r2, r8
10002da6:	2300      	movs	r3, #0
10002da8:	4620      	mov	r0, r4
10002daa:	f002 ff81 	bl	10005cb0 <____aeabi_uldivmod_veneer>
10002dae:	b2d2      	uxtb	r2, r2
10002db0:	2a09      	cmp	r2, #9
10002db2:	f102 0330 	add.w	r3, r2, #48	@ 0x30
10002db6:	bf88      	it	hi
10002db8:	eb02 0309 	addhi.w	r3, r2, r9
10002dbc:	4544      	cmp	r4, r8
10002dbe:	b2db      	uxtb	r3, r3
10002dc0:	f175 0500 	sbcs.w	r5, r5, #0
10002dc4:	f807 3b01 	strb.w	r3, [r7], #1
10002dc8:	f106 0601 	add.w	r6, r6, #1
10002dcc:	d2e5      	bcs.n	10002d9a <_vsnprintf+0x8f6>
10002dce:	46de      	mov	lr, fp
10002dd0:	e9dd 970d 	ldrd	r9, r7, [sp, #52]	@ 0x34
10002dd4:	e9dd 3c0f 	ldrd	r3, ip, [sp, #60]	@ 0x3c
10002dd8:	f8dd b044 	ldr.w	fp, [sp, #68]	@ 0x44
10002ddc:	e6a6      	b.n	10002b2c <_vsnprintf+0x688>
10002dde:	2a00      	cmp	r2, #0
10002de0:	d147      	bne.n	10002e72 <_vsnprintf+0x9ce>
10002de2:	4613      	mov	r3, r2
10002de4:	4611      	mov	r1, r2
10002de6:	e73b      	b.n	10002c60 <_vsnprintf+0x7bc>
10002de8:	990b      	ldr	r1, [sp, #44]	@ 0x2c
10002dea:	6809      	ldr	r1, [r1, #0]
10002dec:	b9a1      	cbnz	r1, 10002e18 <_vsnprintf+0x974>
10002dee:	f023 0310 	bic.w	r3, r3, #16
10002df2:	b188      	cbz	r0, 10002e18 <_vsnprintf+0x974>
10002df4:	f10d 0e48 	add.w	lr, sp, #72	@ 0x48
10002df8:	9306      	str	r3, [sp, #24]
10002dfa:	9b0c      	ldr	r3, [sp, #48]	@ 0x30
10002dfc:	f8cd c00c 	str.w	ip, [sp, #12]
10002e00:	e9cd 7304 	strd	r7, r3, [sp, #16]
10002e04:	9201      	str	r2, [sp, #4]
10002e06:	e5d8      	b.n	100029ba <_vsnprintf+0x516>
10002e08:	f413 6280 	ands.w	r2, r3, #1024	@ 0x400
10002e0c:	f47f aecb 	bne.w	10002ba6 <_vsnprintf+0x702>
10002e10:	f023 0310 	bic.w	r3, r3, #16
10002e14:	930d      	str	r3, [sp, #52]	@ 0x34
10002e16:	e6cb      	b.n	10002bb0 <_vsnprintf+0x70c>
10002e18:	f013 0f20 	tst.w	r3, #32
10002e1c:	bf14      	ite	ne
10002e1e:	2041      	movne	r0, #65	@ 0x41
10002e20:	2061      	moveq	r0, #97	@ 0x61
10002e22:	f10d 0e48 	add.w	lr, sp, #72	@ 0x48
10002e26:	4676      	mov	r6, lr
10002e28:	f1a0 080a 	sub.w	r8, r0, #10
10002e2c:	e002      	b.n	10002e34 <_vsnprintf+0x990>
10002e2e:	2a20      	cmp	r2, #32
10002e30:	d0e2      	beq.n	10002df8 <_vsnprintf+0x954>
10002e32:	4621      	mov	r1, r4
10002e34:	fbb1 f4fc 	udiv	r4, r1, ip
10002e38:	fb0c 1514 	mls	r5, ip, r4, r1
10002e3c:	b2e8      	uxtb	r0, r5
10002e3e:	2d09      	cmp	r5, #9
10002e40:	f100 0530 	add.w	r5, r0, #48	@ 0x30
10002e44:	bf8a      	itet	hi
10002e46:	4440      	addhi	r0, r8
10002e48:	b2e8      	uxtbls	r0, r5
10002e4a:	b2c0      	uxtbhi	r0, r0
10002e4c:	4561      	cmp	r1, ip
10002e4e:	f806 0b01 	strb.w	r0, [r6], #1
10002e52:	f102 0201 	add.w	r2, r2, #1
10002e56:	d2ea      	bcs.n	10002e2e <_vsnprintf+0x98a>
10002e58:	e7ce      	b.n	10002df8 <_vsnprintf+0x954>
10002e5a:	2a00      	cmp	r2, #0
10002e5c:	f43f af56 	beq.w	10002d0c <_vsnprintf+0x868>
10002e60:	f10d 0e48 	add.w	lr, sp, #72	@ 0x48
10002e64:	e76b      	b.n	10002d3e <_vsnprintf+0x89a>
10002e66:	6819      	ldr	r1, [r3, #0]
10002e68:	ea81 74e1 	eor.w	r4, r1, r1, asr #31
10002e6c:	eba4 74e1 	sub.w	r4, r4, r1, asr #31
10002e70:	e6b0      	b.n	10002bd4 <_vsnprintf+0x730>
10002e72:	2600      	movs	r6, #0
10002e74:	f10d 0e48 	add.w	lr, sp, #72	@ 0x48
10002e78:	e72d      	b.n	10002cd6 <_vsnprintf+0x832>
10002e7a:	3601      	adds	r6, #1
10002e7c:	e62b      	b.n	10002ad6 <_vsnprintf+0x632>
10002e7e:	f04f 080a 	mov.w	r8, #10
10002e82:	4613      	mov	r3, r2
10002e84:	46c4      	mov	ip, r8
10002e86:	e571      	b.n	1000296c <_vsnprintf+0x4c8>
10002e88:	cccccccd 	.word	0xcccccccd

10002e8c <vfctprintf>:
10002e8c:	b570      	push	{r4, r5, r6, lr}
10002e8e:	4694      	mov	ip, r2
10002e90:	461e      	mov	r6, r3
10002e92:	4605      	mov	r5, r0
10002e94:	460c      	mov	r4, r1
10002e96:	b084      	sub	sp, #16
10002e98:	f04f 32ff 	mov.w	r2, #4294967295	@ 0xffffffff
10002e9c:	4663      	mov	r3, ip
10002e9e:	a902      	add	r1, sp, #8
10002ea0:	9600      	str	r6, [sp, #0]
10002ea2:	4803      	ldr	r0, [pc, #12]	@ (10002eb0 <vfctprintf+0x24>)
10002ea4:	e9cd 5402 	strd	r5, r4, [sp, #8]
10002ea8:	f7ff fafc 	bl	100024a4 <_vsnprintf>
10002eac:	b004      	add	sp, #16
10002eae:	bd70      	pop	{r4, r5, r6, pc}
10002eb0:	10001c41 	.word	0x10001c41

10002eb4 <weak_raw_vprintf>:
10002eb4:	b510      	push	{r4, lr}
10002eb6:	4b09      	ldr	r3, [pc, #36]	@ (10002edc <weak_raw_vprintf+0x28>)
10002eb8:	b084      	sub	sp, #16
10002eba:	681c      	ldr	r4, [r3, #0]
10002ebc:	b14c      	cbz	r4, 10002ed2 <weak_raw_vprintf+0x1e>
10002ebe:	4603      	mov	r3, r0
10002ec0:	9100      	str	r1, [sp, #0]
10002ec2:	f04f 32ff 	mov.w	r2, #4294967295	@ 0xffffffff
10002ec6:	a903      	add	r1, sp, #12
10002ec8:	4805      	ldr	r0, [pc, #20]	@ (10002ee0 <weak_raw_vprintf+0x2c>)
10002eca:	47a0      	blx	r4
10002ecc:	2001      	movs	r0, #1
10002ece:	b004      	add	sp, #16
10002ed0:	bd10      	pop	{r4, pc}
10002ed2:	f000 f97d 	bl	100031d0 <__wrap_puts>
10002ed6:	4620      	mov	r0, r4
10002ed8:	b004      	add	sp, #16
10002eda:	bd10      	pop	{r4, pc}
10002edc:	20001f3c 	.word	0x20001f3c
10002ee0:	10001c39 	.word	0x10001c39

10002ee4 <_exit>:
10002ee4:	be00      	bkpt	0x0000
10002ee6:	e7fd      	b.n	10002ee4 <_exit>

10002ee8 <exit>:
10002ee8:	b508      	push	{r3, lr}
10002eea:	f7ff fffb 	bl	10002ee4 <_exit>
10002eee:	bf00      	nop

10002ef0 <runtime_init>:
10002ef0:	b538      	push	{r3, r4, r5, lr}
10002ef2:	4c06      	ldr	r4, [pc, #24]	@ (10002f0c <runtime_init+0x1c>)
10002ef4:	4d06      	ldr	r5, [pc, #24]	@ (10002f10 <runtime_init+0x20>)
10002ef6:	f7fe fac3 	bl	10001480 <runtime_run_initializers>
10002efa:	42ac      	cmp	r4, r5
10002efc:	d204      	bcs.n	10002f08 <runtime_init+0x18>
10002efe:	f854 3b04 	ldr.w	r3, [r4], #4
10002f02:	4798      	blx	r3
10002f04:	42ac      	cmp	r4, r5
10002f06:	d3fa      	bcc.n	10002efe <runtime_init+0xe>
10002f08:	bd38      	pop	{r3, r4, r5, pc}
10002f0a:	bf00      	nop
10002f0c:	10005d28 	.word	0x10005d28
10002f10:	10005d34 	.word	0x10005d34

10002f14 <stdio_out_chars_no_crlf>:
10002f14:	6803      	ldr	r3, [r0, #0]
10002f16:	4608      	mov	r0, r1
10002f18:	4611      	mov	r1, r2
10002f1a:	4718      	bx	r3

10002f1c <stdio_out_chars_crlf>:
10002f1c:	7d43      	ldrb	r3, [r0, #21]
10002f1e:	e92d 47f0 	stmdb	sp!, {r4, r5, r6, r7, r8, r9, sl, lr}
10002f22:	4681      	mov	r9, r0
10002f24:	460f      	mov	r7, r1
10002f26:	4616      	mov	r6, r2
10002f28:	2b00      	cmp	r3, #0
10002f2a:	d043      	beq.n	10002fb4 <stdio_out_chars_crlf+0x98>
10002f2c:	2a00      	cmp	r2, #0
10002f2e:	dd3b      	ble.n	10002fa8 <stdio_out_chars_crlf+0x8c>
10002f30:	7d03      	ldrb	r3, [r0, #20]
10002f32:	2000      	movs	r0, #0
10002f34:	1e4d      	subs	r5, r1, #1
10002f36:	4601      	mov	r1, r0
10002f38:	f815 2f01 	ldrb.w	r2, [r5, #1]!
10002f3c:	f8df 8084 	ldr.w	r8, [pc, #132]	@ 10002fc4 <stdio_out_chars_crlf+0xa8>
10002f40:	2a0a      	cmp	r2, #10
10002f42:	f101 0401 	add.w	r4, r1, #1
10002f46:	d00e      	beq.n	10002f66 <stdio_out_chars_crlf+0x4a>
10002f48:	42a6      	cmp	r6, r4
10002f4a:	d01c      	beq.n	10002f86 <stdio_out_chars_crlf+0x6a>
10002f4c:	782b      	ldrb	r3, [r5, #0]
10002f4e:	4621      	mov	r1, r4
10002f50:	f1a3 030d 	sub.w	r3, r3, #13
10002f54:	fab3 f383 	clz	r3, r3
10002f58:	f815 2f01 	ldrb.w	r2, [r5, #1]!
10002f5c:	095b      	lsrs	r3, r3, #5
10002f5e:	2a0a      	cmp	r2, #10
10002f60:	f101 0401 	add.w	r4, r1, #1
10002f64:	d1f0      	bne.n	10002f48 <stdio_out_chars_crlf+0x2c>
10002f66:	2b00      	cmp	r3, #0
10002f68:	d1ee      	bne.n	10002f48 <stdio_out_chars_crlf+0x2c>
10002f6a:	4281      	cmp	r1, r0
10002f6c:	eba1 0100 	sub.w	r1, r1, r0
10002f70:	4438      	add	r0, r7
10002f72:	dc1b      	bgt.n	10002fac <stdio_out_chars_crlf+0x90>
10002f74:	2102      	movs	r1, #2
10002f76:	4640      	mov	r0, r8
10002f78:	f8d9 3000 	ldr.w	r3, [r9]
10002f7c:	4798      	blx	r3
10002f7e:	42a6      	cmp	r6, r4
10002f80:	d008      	beq.n	10002f94 <stdio_out_chars_crlf+0x78>
10002f82:	4620      	mov	r0, r4
10002f84:	e7e2      	b.n	10002f4c <stdio_out_chars_crlf+0x30>
10002f86:	4286      	cmp	r6, r0
10002f88:	dd04      	ble.n	10002f94 <stdio_out_chars_crlf+0x78>
10002f8a:	1a31      	subs	r1, r6, r0
10002f8c:	f8d9 3000 	ldr.w	r3, [r9]
10002f90:	4438      	add	r0, r7
10002f92:	4798      	blx	r3
10002f94:	4437      	add	r7, r6
10002f96:	f817 3c01 	ldrb.w	r3, [r7, #-1]
10002f9a:	f1a3 030d 	sub.w	r3, r3, #13
10002f9e:	fab3 f383 	clz	r3, r3
10002fa2:	095b      	lsrs	r3, r3, #5
10002fa4:	f889 3014 	strb.w	r3, [r9, #20]
10002fa8:	e8bd 87f0 	ldmia.w	sp!, {r4, r5, r6, r7, r8, r9, sl, pc}
10002fac:	f8d9 3000 	ldr.w	r3, [r9]
10002fb0:	4798      	blx	r3
10002fb2:	e7df      	b.n	10002f74 <stdio_out_chars_crlf+0x58>
10002fb4:	4638      	mov	r0, r7
10002fb6:	f8d9 3000 	ldr.w	r3, [r9]
10002fba:	4611      	mov	r1, r2
10002fbc:	e8bd 47f0 	ldmia.w	sp!, {r4, r5, r6, r7, r8, r9, sl, lr}
10002fc0:	4718      	bx	r3
10002fc2:	bf00      	nop
10002fc4:	10005f60 	.word	0x10005f60

10002fc8 <stdio_buffered_printer>:
10002fc8:	680b      	ldr	r3, [r1, #0]
10002fca:	e92d 41f0 	stmdb	sp!, {r4, r5, r6, r7, r8, lr}
10002fce:	2b80      	cmp	r3, #128	@ 0x80
10002fd0:	460d      	mov	r5, r1
10002fd2:	4606      	mov	r6, r0
10002fd4:	d005      	beq.n	10002fe2 <stdio_buffered_printer+0x1a>
10002fd6:	1c5a      	adds	r2, r3, #1
10002fd8:	442b      	add	r3, r5
10002fda:	602a      	str	r2, [r5, #0]
10002fdc:	711e      	strb	r6, [r3, #4]
10002fde:	e8bd 81f0 	ldmia.w	sp!, {r4, r5, r6, r7, r8, pc}
10002fe2:	4b0f      	ldr	r3, [pc, #60]	@ (10003020 <stdio_buffered_printer+0x58>)
10002fe4:	681c      	ldr	r4, [r3, #0]
10002fe6:	b1a4      	cbz	r4, 10003012 <stdio_buffered_printer+0x4a>
10002fe8:	4f0e      	ldr	r7, [pc, #56]	@ (10003024 <stdio_buffered_printer+0x5c>)
10002fea:	f101 0804 	add.w	r8, r1, #4
10002fee:	e001      	b.n	10002ff4 <stdio_buffered_printer+0x2c>
10002ff0:	6924      	ldr	r4, [r4, #16]
10002ff2:	b174      	cbz	r4, 10003012 <stdio_buffered_printer+0x4a>
10002ff4:	6823      	ldr	r3, [r4, #0]
10002ff6:	2b00      	cmp	r3, #0
10002ff8:	d0fa      	beq.n	10002ff0 <stdio_buffered_printer+0x28>
10002ffa:	683b      	ldr	r3, [r7, #0]
10002ffc:	b10b      	cbz	r3, 10003002 <stdio_buffered_printer+0x3a>
10002ffe:	42a3      	cmp	r3, r4
10003000:	d1f6      	bne.n	10002ff0 <stdio_buffered_printer+0x28>
10003002:	4620      	mov	r0, r4
10003004:	4641      	mov	r1, r8
10003006:	682a      	ldr	r2, [r5, #0]
10003008:	f7ff ff88 	bl	10002f1c <stdio_out_chars_crlf>
1000300c:	6924      	ldr	r4, [r4, #16]
1000300e:	2c00      	cmp	r4, #0
10003010:	d1f0      	bne.n	10002ff4 <stdio_buffered_printer+0x2c>
10003012:	2300      	movs	r3, #0
10003014:	2201      	movs	r2, #1
10003016:	442b      	add	r3, r5
10003018:	602a      	str	r2, [r5, #0]
1000301a:	711e      	strb	r6, [r3, #4]
1000301c:	e8bd 81f0 	ldmia.w	sp!, {r4, r5, r6, r7, r8, pc}
10003020:	20001b30 	.word	0x20001b30
10003024:	20001b38 	.word	0x20001b38

10003028 <stdio_put_string>:
10003028:	e92d 47f0 	stmdb	sp!, {r4, r5, r6, r7, r8, r9, sl, lr}
1000302c:	b082      	sub	sp, #8
1000302e:	460d      	mov	r5, r1
10003030:	4692      	mov	sl, r2
10003032:	4699      	mov	r9, r3
10003034:	4607      	mov	r7, r0
10003036:	f7fe f88f 	bl	10001158 <time_us_64>
1000303a:	f04f 36ff 	mov.w	r6, #4294967295	@ 0xffffffff
1000303e:	f06f 4400 	mvn.w	r4, #2147483648	@ 0x80000000
10003042:	4a2f      	ldr	r2, [pc, #188]	@ (10003100 <stdio_put_string+0xd8>)
10003044:	1882      	adds	r2, r0, r2
10003046:	f141 0300 	adc.w	r3, r1, #0
1000304a:	4296      	cmp	r6, r2
1000304c:	eb74 0103 	sbcs.w	r1, r4, r3
10003050:	bf3c      	itt	cc
10003052:	4632      	movcc	r2, r6
10003054:	4623      	movcc	r3, r4
10003056:	482b      	ldr	r0, [pc, #172]	@ (10003104 <stdio_put_string+0xdc>)
10003058:	f002 fe3a 	bl	10005cd0 <__mutex_try_enter_block_until_veneer>
1000305c:	1c6b      	adds	r3, r5, #1
1000305e:	4680      	mov	r8, r0
10003060:	d103      	bne.n	1000306a <stdio_put_string+0x42>
10003062:	4638      	mov	r0, r7
10003064:	f002 fd98 	bl	10005b98 <strlen>
10003068:	4605      	mov	r5, r0
1000306a:	4b27      	ldr	r3, [pc, #156]	@ (10003108 <stdio_put_string+0xe0>)
1000306c:	4e27      	ldr	r6, [pc, #156]	@ (1000310c <stdio_put_string+0xe4>)
1000306e:	681c      	ldr	r4, [r3, #0]
10003070:	4b27      	ldr	r3, [pc, #156]	@ (10003110 <stdio_put_string+0xe8>)
10003072:	f1b9 0f00 	cmp.w	r9, #0
10003076:	bf18      	it	ne
10003078:	461e      	movne	r6, r3
1000307a:	b1b4      	cbz	r4, 100030aa <stdio_put_string+0x82>
1000307c:	f1ba 0f00 	cmp.w	sl, #0
10003080:	d11a      	bne.n	100030b8 <stdio_put_string+0x90>
10003082:	f8df 9090 	ldr.w	r9, [pc, #144]	@ 10003114 <stdio_put_string+0xec>
10003086:	e001      	b.n	1000308c <stdio_put_string+0x64>
10003088:	6924      	ldr	r4, [r4, #16]
1000308a:	b174      	cbz	r4, 100030aa <stdio_put_string+0x82>
1000308c:	6823      	ldr	r3, [r4, #0]
1000308e:	2b00      	cmp	r3, #0
10003090:	d0fa      	beq.n	10003088 <stdio_put_string+0x60>
10003092:	f8d9 3000 	ldr.w	r3, [r9]
10003096:	b10b      	cbz	r3, 1000309c <stdio_put_string+0x74>
10003098:	429c      	cmp	r4, r3
1000309a:	d1f5      	bne.n	10003088 <stdio_put_string+0x60>
1000309c:	4620      	mov	r0, r4
1000309e:	462a      	mov	r2, r5
100030a0:	4639      	mov	r1, r7
100030a2:	47b0      	blx	r6
100030a4:	6924      	ldr	r4, [r4, #16]
100030a6:	2c00      	cmp	r4, #0
100030a8:	d1f0      	bne.n	1000308c <stdio_put_string+0x64>
100030aa:	f1b8 0f00 	cmp.w	r8, #0
100030ae:	d11f      	bne.n	100030f0 <stdio_put_string+0xc8>
100030b0:	4628      	mov	r0, r5
100030b2:	b002      	add	sp, #8
100030b4:	e8bd 87f0 	ldmia.w	sp!, {r4, r5, r6, r7, r8, r9, sl, pc}
100030b8:	f04f 0a0a 	mov.w	sl, #10
100030bc:	f8df 9054 	ldr.w	r9, [pc, #84]	@ 10003114 <stdio_put_string+0xec>
100030c0:	e002      	b.n	100030c8 <stdio_put_string+0xa0>
100030c2:	6924      	ldr	r4, [r4, #16]
100030c4:	2c00      	cmp	r4, #0
100030c6:	d0f0      	beq.n	100030aa <stdio_put_string+0x82>
100030c8:	6823      	ldr	r3, [r4, #0]
100030ca:	2b00      	cmp	r3, #0
100030cc:	d0f9      	beq.n	100030c2 <stdio_put_string+0x9a>
100030ce:	f8d9 3000 	ldr.w	r3, [r9]
100030d2:	b10b      	cbz	r3, 100030d8 <stdio_put_string+0xb0>
100030d4:	42a3      	cmp	r3, r4
100030d6:	d1f4      	bne.n	100030c2 <stdio_put_string+0x9a>
100030d8:	462a      	mov	r2, r5
100030da:	4639      	mov	r1, r7
100030dc:	4620      	mov	r0, r4
100030de:	47b0      	blx	r6
100030e0:	2201      	movs	r2, #1
100030e2:	4620      	mov	r0, r4
100030e4:	f10d 0107 	add.w	r1, sp, #7
100030e8:	f88d a007 	strb.w	sl, [sp, #7]
100030ec:	47b0      	blx	r6
100030ee:	e7e8      	b.n	100030c2 <stdio_put_string+0x9a>
100030f0:	4804      	ldr	r0, [pc, #16]	@ (10003104 <stdio_put_string+0xdc>)
100030f2:	f002 fde1 	bl	10005cb8 <__mutex_exit_veneer>
100030f6:	4628      	mov	r0, r5
100030f8:	b002      	add	sp, #8
100030fa:	e8bd 87f0 	ldmia.w	sp!, {r4, r5, r6, r7, r8, r9, sl, pc}
100030fe:	bf00      	nop
10003100:	000f4240 	.word	0x000f4240
10003104:	200011d4 	.word	0x200011d4
10003108:	20001b30 	.word	0x20001b30
1000310c:	10002f15 	.word	0x10002f15
10003110:	10002f1d 	.word	0x10002f1d
10003114:	20001b38 	.word	0x20001b38

10003118 <stdio_set_driver_enabled>:
10003118:	4a0a      	ldr	r2, [pc, #40]	@ (10003144 <stdio_set_driver_enabled+0x2c>)
1000311a:	6813      	ldr	r3, [r2, #0]
1000311c:	b14b      	cbz	r3, 10003132 <stdio_set_driver_enabled+0x1a>
1000311e:	4283      	cmp	r3, r0
10003120:	d102      	bne.n	10003128 <stdio_set_driver_enabled+0x10>
10003122:	e009      	b.n	10003138 <stdio_set_driver_enabled+0x20>
10003124:	4298      	cmp	r0, r3
10003126:	d007      	beq.n	10003138 <stdio_set_driver_enabled+0x20>
10003128:	f103 0210 	add.w	r2, r3, #16
1000312c:	691b      	ldr	r3, [r3, #16]
1000312e:	2b00      	cmp	r3, #0
10003130:	d1f8      	bne.n	10003124 <stdio_set_driver_enabled+0xc>
10003132:	b101      	cbz	r1, 10003136 <stdio_set_driver_enabled+0x1e>
10003134:	6010      	str	r0, [r2, #0]
10003136:	4770      	bx	lr
10003138:	2900      	cmp	r1, #0
1000313a:	d1fc      	bne.n	10003136 <stdio_set_driver_enabled+0x1e>
1000313c:	6903      	ldr	r3, [r0, #16]
1000313e:	6013      	str	r3, [r2, #0]
10003140:	6101      	str	r1, [r0, #16]
10003142:	4770      	bx	lr
10003144:	20001b30 	.word	0x20001b30

10003148 <stdio_init_all>:
10003148:	f000 bae0 	b.w	1000370c <stdio_usb_init>

1000314c <__wrap_putchar>:
1000314c:	b5f0      	push	{r4, r5, r6, r7, lr}
1000314e:	b083      	sub	sp, #12
10003150:	4606      	mov	r6, r0
10003152:	f88d 0007 	strb.w	r0, [sp, #7]
10003156:	f7fd ffff 	bl	10001158 <time_us_64>
1000315a:	f04f 35ff 	mov.w	r5, #4294967295	@ 0xffffffff
1000315e:	f06f 4400 	mvn.w	r4, #2147483648	@ 0x80000000
10003162:	4a17      	ldr	r2, [pc, #92]	@ (100031c0 <__wrap_putchar+0x74>)
10003164:	1882      	adds	r2, r0, r2
10003166:	f141 0300 	adc.w	r3, r1, #0
1000316a:	4295      	cmp	r5, r2
1000316c:	eb74 0103 	sbcs.w	r1, r4, r3
10003170:	bf3c      	itt	cc
10003172:	4623      	movcc	r3, r4
10003174:	462a      	movcc	r2, r5
10003176:	4813      	ldr	r0, [pc, #76]	@ (100031c4 <__wrap_putchar+0x78>)
10003178:	f002 fdaa 	bl	10005cd0 <__mutex_try_enter_block_until_veneer>
1000317c:	4b12      	ldr	r3, [pc, #72]	@ (100031c8 <__wrap_putchar+0x7c>)
1000317e:	4607      	mov	r7, r0
10003180:	681c      	ldr	r4, [r3, #0]
10003182:	b19c      	cbz	r4, 100031ac <__wrap_putchar+0x60>
10003184:	4d11      	ldr	r5, [pc, #68]	@ (100031cc <__wrap_putchar+0x80>)
10003186:	e001      	b.n	1000318c <__wrap_putchar+0x40>
10003188:	6924      	ldr	r4, [r4, #16]
1000318a:	b17c      	cbz	r4, 100031ac <__wrap_putchar+0x60>
1000318c:	6823      	ldr	r3, [r4, #0]
1000318e:	2b00      	cmp	r3, #0
10003190:	d0fa      	beq.n	10003188 <__wrap_putchar+0x3c>
10003192:	682b      	ldr	r3, [r5, #0]
10003194:	b10b      	cbz	r3, 1000319a <__wrap_putchar+0x4e>
10003196:	429c      	cmp	r4, r3
10003198:	d1f6      	bne.n	10003188 <__wrap_putchar+0x3c>
1000319a:	4620      	mov	r0, r4
1000319c:	2201      	movs	r2, #1
1000319e:	f10d 0107 	add.w	r1, sp, #7
100031a2:	f7ff febb 	bl	10002f1c <stdio_out_chars_crlf>
100031a6:	6924      	ldr	r4, [r4, #16]
100031a8:	2c00      	cmp	r4, #0
100031aa:	d1ef      	bne.n	1000318c <__wrap_putchar+0x40>
100031ac:	b917      	cbnz	r7, 100031b4 <__wrap_putchar+0x68>
100031ae:	4630      	mov	r0, r6
100031b0:	b003      	add	sp, #12
100031b2:	bdf0      	pop	{r4, r5, r6, r7, pc}
100031b4:	4803      	ldr	r0, [pc, #12]	@ (100031c4 <__wrap_putchar+0x78>)
100031b6:	f002 fd7f 	bl	10005cb8 <__mutex_exit_veneer>
100031ba:	4630      	mov	r0, r6
100031bc:	b003      	add	sp, #12
100031be:	bdf0      	pop	{r4, r5, r6, r7, pc}
100031c0:	000f4240 	.word	0x000f4240
100031c4:	200011d4 	.word	0x200011d4
100031c8:	20001b30 	.word	0x20001b30
100031cc:	20001b38 	.word	0x20001b38

100031d0 <__wrap_puts>:
100031d0:	b538      	push	{r3, r4, r5, lr}
100031d2:	4604      	mov	r4, r0
100031d4:	f002 fce0 	bl	10005b98 <strlen>
100031d8:	2301      	movs	r3, #1
100031da:	4605      	mov	r5, r0
100031dc:	461a      	mov	r2, r3
100031de:	4620      	mov	r0, r4
100031e0:	4629      	mov	r1, r5
100031e2:	f7ff ff21 	bl	10003028 <stdio_put_string>
100031e6:	4b08      	ldr	r3, [pc, #32]	@ (10003208 <__wrap_puts+0x38>)
100031e8:	681c      	ldr	r4, [r3, #0]
100031ea:	b12c      	cbz	r4, 100031f8 <__wrap_puts+0x28>
100031ec:	6863      	ldr	r3, [r4, #4]
100031ee:	b12b      	cbz	r3, 100031fc <__wrap_puts+0x2c>
100031f0:	4798      	blx	r3
100031f2:	6924      	ldr	r4, [r4, #16]
100031f4:	2c00      	cmp	r4, #0
100031f6:	d1f9      	bne.n	100031ec <__wrap_puts+0x1c>
100031f8:	4628      	mov	r0, r5
100031fa:	bd38      	pop	{r3, r4, r5, pc}
100031fc:	6924      	ldr	r4, [r4, #16]
100031fe:	2c00      	cmp	r4, #0
10003200:	d1f4      	bne.n	100031ec <__wrap_puts+0x1c>
10003202:	4628      	mov	r0, r5
10003204:	bd38      	pop	{r3, r4, r5, pc}
10003206:	bf00      	nop
10003208:	20001b30 	.word	0x20001b30

1000320c <__wrap_vprintf>:
1000320c:	e92d 41f0 	stmdb	sp!, {r4, r5, r6, r7, r8, lr}
10003210:	b0a2      	sub	sp, #136	@ 0x88
10003212:	4604      	mov	r4, r0
10003214:	460d      	mov	r5, r1
10003216:	f7fd ff9f 	bl	10001158 <time_us_64>
1000321a:	f04f 37ff 	mov.w	r7, #4294967295	@ 0xffffffff
1000321e:	f06f 4600 	mvn.w	r6, #2147483648	@ 0x80000000
10003222:	4a27      	ldr	r2, [pc, #156]	@ (100032c0 <__wrap_vprintf+0xb4>)
10003224:	1882      	adds	r2, r0, r2
10003226:	f141 0300 	adc.w	r3, r1, #0
1000322a:	4297      	cmp	r7, r2
1000322c:	eb76 0103 	sbcs.w	r1, r6, r3
10003230:	bf3c      	itt	cc
10003232:	463a      	movcc	r2, r7
10003234:	4633      	movcc	r3, r6
10003236:	4823      	ldr	r0, [pc, #140]	@ (100032c4 <__wrap_vprintf+0xb8>)
10003238:	f002 fd4a 	bl	10005cd0 <__mutex_try_enter_block_until_veneer>
1000323c:	2600      	movs	r6, #0
1000323e:	462b      	mov	r3, r5
10003240:	4607      	mov	r7, r0
10003242:	4622      	mov	r2, r4
10003244:	4820      	ldr	r0, [pc, #128]	@ (100032c8 <__wrap_vprintf+0xbc>)
10003246:	a901      	add	r1, sp, #4
10003248:	9601      	str	r6, [sp, #4]
1000324a:	f7ff fe1f 	bl	10002e8c <vfctprintf>
1000324e:	9b01      	ldr	r3, [sp, #4]
10003250:	4606      	mov	r6, r0
10003252:	b97b      	cbnz	r3, 10003274 <__wrap_vprintf+0x68>
10003254:	4b1d      	ldr	r3, [pc, #116]	@ (100032cc <__wrap_vprintf+0xc0>)
10003256:	681c      	ldr	r4, [r3, #0]
10003258:	b12c      	cbz	r4, 10003266 <__wrap_vprintf+0x5a>
1000325a:	6863      	ldr	r3, [r4, #4]
1000325c:	b143      	cbz	r3, 10003270 <__wrap_vprintf+0x64>
1000325e:	4798      	blx	r3
10003260:	6924      	ldr	r4, [r4, #16]
10003262:	2c00      	cmp	r4, #0
10003264:	d1f9      	bne.n	1000325a <__wrap_vprintf+0x4e>
10003266:	bb0f      	cbnz	r7, 100032ac <__wrap_vprintf+0xa0>
10003268:	4630      	mov	r0, r6
1000326a:	b022      	add	sp, #136	@ 0x88
1000326c:	e8bd 81f0 	ldmia.w	sp!, {r4, r5, r6, r7, r8, pc}
10003270:	6924      	ldr	r4, [r4, #16]
10003272:	e7f1      	b.n	10003258 <__wrap_vprintf+0x4c>
10003274:	f8df 8054 	ldr.w	r8, [pc, #84]	@ 100032cc <__wrap_vprintf+0xc0>
10003278:	f8d8 5000 	ldr.w	r5, [r8]
1000327c:	b1ed      	cbz	r5, 100032ba <__wrap_vprintf+0xae>
1000327e:	4c14      	ldr	r4, [pc, #80]	@ (100032d0 <__wrap_vprintf+0xc4>)
10003280:	e001      	b.n	10003286 <__wrap_vprintf+0x7a>
10003282:	692d      	ldr	r5, [r5, #16]
10003284:	b175      	cbz	r5, 100032a4 <__wrap_vprintf+0x98>
10003286:	682b      	ldr	r3, [r5, #0]
10003288:	2b00      	cmp	r3, #0
1000328a:	d0fa      	beq.n	10003282 <__wrap_vprintf+0x76>
1000328c:	6823      	ldr	r3, [r4, #0]
1000328e:	b10b      	cbz	r3, 10003294 <__wrap_vprintf+0x88>
10003290:	42ab      	cmp	r3, r5
10003292:	d1f6      	bne.n	10003282 <__wrap_vprintf+0x76>
10003294:	4628      	mov	r0, r5
10003296:	9a01      	ldr	r2, [sp, #4]
10003298:	a902      	add	r1, sp, #8
1000329a:	f7ff fe3f 	bl	10002f1c <stdio_out_chars_crlf>
1000329e:	692d      	ldr	r5, [r5, #16]
100032a0:	2d00      	cmp	r5, #0
100032a2:	d1f0      	bne.n	10003286 <__wrap_vprintf+0x7a>
100032a4:	f8d8 4000 	ldr.w	r4, [r8]
100032a8:	9501      	str	r5, [sp, #4]
100032aa:	e7d5      	b.n	10003258 <__wrap_vprintf+0x4c>
100032ac:	4805      	ldr	r0, [pc, #20]	@ (100032c4 <__wrap_vprintf+0xb8>)
100032ae:	f002 fd03 	bl	10005cb8 <__mutex_exit_veneer>
100032b2:	4630      	mov	r0, r6
100032b4:	b022      	add	sp, #136	@ 0x88
100032b6:	e8bd 81f0 	ldmia.w	sp!, {r4, r5, r6, r7, r8, pc}
100032ba:	9501      	str	r5, [sp, #4]
100032bc:	e7d3      	b.n	10003266 <__wrap_vprintf+0x5a>
100032be:	bf00      	nop
100032c0:	000f4240 	.word	0x000f4240
100032c4:	200011d4 	.word	0x200011d4
100032c8:	10002fc9 	.word	0x10002fc9
100032cc:	20001b30 	.word	0x20001b30
100032d0:	20001b38 	.word	0x20001b38

100032d4 <__wrap_printf>:
100032d4:	b40f      	push	{r0, r1, r2, r3}
100032d6:	b500      	push	{lr}
100032d8:	b083      	sub	sp, #12
100032da:	a904      	add	r1, sp, #16
100032dc:	f851 0b04 	ldr.w	r0, [r1], #4
100032e0:	9101      	str	r1, [sp, #4]
100032e2:	f7ff ff93 	bl	1000320c <__wrap_vprintf>
100032e6:	b003      	add	sp, #12
100032e8:	f85d eb04 	ldr.w	lr, [sp], #4
100032ec:	b004      	add	sp, #16
100032ee:	4770      	bx	lr

100032f0 <resetd_init>:
100032f0:	4770      	bx	lr
100032f2:	bf00      	nop

100032f4 <resetd_reset>:
100032f4:	2200      	movs	r2, #0
100032f6:	4b01      	ldr	r3, [pc, #4]	@ (100032fc <resetd_reset+0x8>)
100032f8:	701a      	strb	r2, [r3, #0]
100032fa:	4770      	bx	lr
100032fc:	20001f99 	.word	0x20001f99

10003300 <resetd_open>:
10003300:	794b      	ldrb	r3, [r1, #5]
10003302:	2bff      	cmp	r3, #255	@ 0xff
10003304:	d10b      	bne.n	1000331e <resetd_open+0x1e>
10003306:	7988      	ldrb	r0, [r1, #6]
10003308:	b948      	cbnz	r0, 1000331e <resetd_open+0x1e>
1000330a:	79cb      	ldrb	r3, [r1, #7]
1000330c:	2b01      	cmp	r3, #1
1000330e:	d107      	bne.n	10003320 <resetd_open+0x20>
10003310:	2a08      	cmp	r2, #8
10003312:	d905      	bls.n	10003320 <resetd_open+0x20>
10003314:	4b03      	ldr	r3, [pc, #12]	@ (10003324 <resetd_open+0x24>)
10003316:	788a      	ldrb	r2, [r1, #2]
10003318:	2009      	movs	r0, #9
1000331a:	701a      	strb	r2, [r3, #0]
1000331c:	4770      	bx	lr
1000331e:	2000      	movs	r0, #0
10003320:	4770      	bx	lr
10003322:	bf00      	nop
10003324:	20001f99 	.word	0x20001f99

10003328 <resetd_xfer_cb>:
10003328:	2001      	movs	r0, #1
1000332a:	4770      	bx	lr

1000332c <resetd_control_xfer_cb>:
1000332c:	2901      	cmp	r1, #1
1000332e:	d001      	beq.n	10003334 <resetd_control_xfer_cb+0x8>
10003330:	2001      	movs	r0, #1
10003332:	4770      	bx	lr
10003334:	b508      	push	{r3, lr}
10003336:	4b10      	ldr	r3, [pc, #64]	@ (10003378 <resetd_control_xfer_cb+0x4c>)
10003338:	8891      	ldrh	r1, [r2, #4]
1000333a:	781b      	ldrb	r3, [r3, #0]
1000333c:	4299      	cmp	r1, r3
1000333e:	d001      	beq.n	10003344 <resetd_control_xfer_cb+0x18>
10003340:	2000      	movs	r0, #0
10003342:	bd08      	pop	{r3, pc}
10003344:	7853      	ldrb	r3, [r2, #1]
10003346:	2b01      	cmp	r3, #1
10003348:	d008      	beq.n	1000335c <resetd_control_xfer_cb+0x30>
1000334a:	2b02      	cmp	r3, #2
1000334c:	d1f8      	bne.n	10003340 <resetd_control_xfer_cb+0x14>
1000334e:	2100      	movs	r1, #0
10003350:	2264      	movs	r2, #100	@ 0x64
10003352:	4608      	mov	r0, r1
10003354:	f7fd ffd0 	bl	100012f8 <watchdog_reboot>
10003358:	2001      	movs	r0, #1
1000335a:	bd08      	pop	{r3, pc}
1000335c:	8851      	ldrh	r1, [r2, #2]
1000335e:	05cb      	lsls	r3, r1, #23
10003360:	bf4b      	itete	mi
10003362:	0a4a      	lsrmi	r2, r1, #9
10003364:	0a4a      	lsrpl	r2, r1, #9
10003366:	4610      	movmi	r0, r2
10003368:	f04f 30ff 	movpl.w	r0, #4294967295	@ 0xffffffff
1000336c:	f002 0201 	and.w	r2, r2, #1
10003370:	f001 017f 	and.w	r1, r1, #127	@ 0x7f
10003374:	f7fe f83e 	bl	100013f4 <rom_reset_usb_boot_extra>
10003378:	20001f99 	.word	0x20001f99

1000337c <tud_descriptor_bos_cb>:
1000337c:	4800      	ldr	r0, [pc, #0]	@ (10003380 <tud_descriptor_bos_cb+0x4>)
1000337e:	4770      	bx	lr
10003380:	1000602c 	.word	0x1000602c

10003384 <tud_vendor_control_xfer_cb>:
10003384:	2901      	cmp	r1, #1
10003386:	d107      	bne.n	10003398 <tud_vendor_control_xfer_cb+0x14>
10003388:	7853      	ldrb	r3, [r2, #1]
1000338a:	2b01      	cmp	r3, #1
1000338c:	d102      	bne.n	10003394 <tud_vendor_control_xfer_cb+0x10>
1000338e:	8893      	ldrh	r3, [r2, #4]
10003390:	2b07      	cmp	r3, #7
10003392:	d003      	beq.n	1000339c <tud_vendor_control_xfer_cb+0x18>
10003394:	2000      	movs	r0, #0
10003396:	4770      	bx	lr
10003398:	2001      	movs	r0, #1
1000339a:	4770      	bx	lr
1000339c:	4611      	mov	r1, r2
1000339e:	23a6      	movs	r3, #166	@ 0xa6
100033a0:	4a01      	ldr	r2, [pc, #4]	@ (100033a8 <tud_vendor_control_xfer_cb+0x24>)
100033a2:	f001 ba41 	b.w	10004828 <tud_control_xfer>
100033a6:	bf00      	nop
100033a8:	10005f84 	.word	0x10005f84

100033ac <usbd_app_driver_get_cb>:
100033ac:	4603      	mov	r3, r0
100033ae:	2201      	movs	r2, #1
100033b0:	4801      	ldr	r0, [pc, #4]	@ (100033b8 <usbd_app_driver_get_cb+0xc>)
100033b2:	701a      	strb	r2, [r3, #0]
100033b4:	4770      	bx	lr
100033b6:	bf00      	nop
100033b8:	10005f64 	.word	0x10005f64

100033bc <tud_cdc_line_coding_cb>:
100033bc:	b508      	push	{r3, lr}
100033be:	680b      	ldr	r3, [r1, #0]
100033c0:	f5b3 6f96 	cmp.w	r3, #1200	@ 0x4b0
100033c4:	d000      	beq.n	100033c8 <tud_cdc_line_coding_cb+0xc>
100033c6:	bd08      	pop	{r3, pc}
100033c8:	2200      	movs	r2, #0
100033ca:	f04f 30ff 	mov.w	r0, #4294967295	@ 0xffffffff
100033ce:	4611      	mov	r1, r2
100033d0:	f7fe f810 	bl	100013f4 <rom_reset_usb_boot_extra>

100033d4 <stdio_usb_set_chars_available_callback>:
100033d4:	4a02      	ldr	r2, [pc, #8]	@ (100033e0 <stdio_usb_set_chars_available_callback+0xc>)
100033d6:	4b03      	ldr	r3, [pc, #12]	@ (100033e4 <stdio_usb_set_chars_available_callback+0x10>)
100033d8:	6010      	str	r0, [r2, #0]
100033da:	6019      	str	r1, [r3, #0]
100033dc:	4770      	bx	lr
100033de:	bf00      	nop
100033e0:	20001ad0 	.word	0x20001ad0
100033e4:	20001ad4 	.word	0x20001ad4

100033e8 <timer_task>:
100033e8:	4b18      	ldr	r3, [pc, #96]	@ (1000344c <timer_task+0x64>)
100033ea:	b570      	push	{r4, r5, r6, lr}
100033ec:	681a      	ldr	r2, [r3, #0]
100033ee:	2a00      	cmp	r2, #0
100033f0:	d028      	beq.n	10003444 <timer_task+0x5c>
100033f2:	f3ef 8110 	mrs	r1, PRIMASK
100033f6:	b672      	cpsid	i
100033f8:	e8d2 4fcf 	ldaexb	r4, [r2]
100033fc:	2001      	movs	r0, #1
100033fe:	2c00      	cmp	r4, #0
10003400:	d1fa      	bne.n	100033f8 <timer_task+0x10>
10003402:	e8c2 0f44 	strexb	r4, r0, [r2]
10003406:	2c00      	cmp	r4, #0
10003408:	d1f6      	bne.n	100033f8 <timer_task+0x10>
1000340a:	f3bf 8f5f 	dmb	sy
1000340e:	2200      	movs	r2, #0
10003410:	4c0f      	ldr	r4, [pc, #60]	@ (10003450 <timer_task+0x68>)
10003412:	6818      	ldr	r0, [r3, #0]
10003414:	6059      	str	r1, [r3, #4]
10003416:	7022      	strb	r2, [r4, #0]
10003418:	e8c0 2f8f 	stlb	r2, [r0]
1000341c:	f381 8810 	msr	PRIMASK, r1
10003420:	2400      	movs	r4, #0
10003422:	2500      	movs	r5, #0
10003424:	4e0b      	ldr	r6, [pc, #44]	@ (10003454 <timer_task+0x6c>)
10003426:	7830      	ldrb	r0, [r6, #0]
10003428:	f7fd f868 	bl	100004fc <irq_is_enabled>
1000342c:	b920      	cbnz	r0, 10003438 <timer_task+0x50>
1000342e:	2400      	movs	r4, #0
10003430:	2500      	movs	r5, #0
10003432:	4620      	mov	r0, r4
10003434:	4629      	mov	r1, r5
10003436:	bd70      	pop	{r4, r5, r6, pc}
10003438:	7830      	ldrb	r0, [r6, #0]
1000343a:	f7fd f86f 	bl	1000051c <irq_set_pending>
1000343e:	4620      	mov	r0, r4
10003440:	4629      	mov	r1, r5
10003442:	bd70      	pop	{r4, r5, r6, pc}
10003444:	f44f 747a 	mov.w	r4, #1000	@ 0x3e8
10003448:	2500      	movs	r5, #0
1000344a:	e7eb      	b.n	10003424 <timer_task+0x3c>
1000344c:	20001f48 	.word	0x20001f48
10003450:	20001f9b 	.word	0x20001f9b
10003454:	20001f9a 	.word	0x20001f9a

10003458 <usb_irq>:
10003458:	4b01      	ldr	r3, [pc, #4]	@ (10003460 <usb_irq+0x8>)
1000345a:	7818      	ldrb	r0, [r3, #0]
1000345c:	f7fd b85e 	b.w	1000051c <irq_set_pending>
10003460:	20001f9a 	.word	0x20001f9a

10003464 <stdio_usb_in_chars>:
10003464:	b538      	push	{r3, r4, r5, lr}
10003466:	4604      	mov	r4, r0
10003468:	2000      	movs	r0, #0
1000346a:	460d      	mov	r5, r1
1000346c:	f001 fb08 	bl	10004a80 <tud_cdc_n_connected>
10003470:	b3a8      	cbz	r0, 100034de <stdio_usb_in_chars+0x7a>
10003472:	2000      	movs	r0, #0
10003474:	f001 fb1a 	bl	10004aac <tud_cdc_n_available>
10003478:	b388      	cbz	r0, 100034de <stdio_usb_in_chars+0x7a>
1000347a:	f7fd fe6d 	bl	10001158 <time_us_64>
1000347e:	f04f 3eff 	mov.w	lr, #4294967295	@ 0xffffffff
10003482:	f06f 4c00 	mvn.w	ip, #2147483648	@ 0x80000000
10003486:	4a17      	ldr	r2, [pc, #92]	@ (100034e4 <stdio_usb_in_chars+0x80>)
10003488:	1882      	adds	r2, r0, r2
1000348a:	f141 0300 	adc.w	r3, r1, #0
1000348e:	4596      	cmp	lr, r2
10003490:	eb7c 0103 	sbcs.w	r1, ip, r3
10003494:	bf3c      	itt	cc
10003496:	4672      	movcc	r2, lr
10003498:	4663      	movcc	r3, ip
1000349a:	4813      	ldr	r0, [pc, #76]	@ (100034e8 <stdio_usb_in_chars+0x84>)
1000349c:	f002 fc18 	bl	10005cd0 <__mutex_try_enter_block_until_veneer>
100034a0:	b1e8      	cbz	r0, 100034de <stdio_usb_in_chars+0x7a>
100034a2:	2000      	movs	r0, #0
100034a4:	f001 faec 	bl	10004a80 <tud_cdc_n_connected>
100034a8:	b958      	cbnz	r0, 100034c2 <stdio_usb_in_chars+0x5e>
100034aa:	2100      	movs	r1, #0
100034ac:	f04f 30ff 	mov.w	r0, #4294967295	@ 0xffffffff
100034b0:	f000 fd12 	bl	10003ed8 <tud_task_ext>
100034b4:	f06f 0402 	mvn.w	r4, #2
100034b8:	480b      	ldr	r0, [pc, #44]	@ (100034e8 <stdio_usb_in_chars+0x84>)
100034ba:	f002 fbfd 	bl	10005cb8 <__mutex_exit_veneer>
100034be:	4620      	mov	r0, r4
100034c0:	bd38      	pop	{r3, r4, r5, pc}
100034c2:	2000      	movs	r0, #0
100034c4:	f001 faf2 	bl	10004aac <tud_cdc_n_available>
100034c8:	2800      	cmp	r0, #0
100034ca:	d0ee      	beq.n	100034aa <stdio_usb_in_chars+0x46>
100034cc:	4621      	mov	r1, r4
100034ce:	462a      	mov	r2, r5
100034d0:	2000      	movs	r0, #0
100034d2:	f001 faf7 	bl	10004ac4 <tud_cdc_n_read>
100034d6:	4604      	mov	r4, r0
100034d8:	2800      	cmp	r0, #0
100034da:	d1ed      	bne.n	100034b8 <stdio_usb_in_chars+0x54>
100034dc:	e7ea      	b.n	100034b4 <stdio_usb_in_chars+0x50>
100034de:	f06f 0402 	mvn.w	r4, #2
100034e2:	e7ec      	b.n	100034be <stdio_usb_in_chars+0x5a>
100034e4:	000f4240 	.word	0x000f4240
100034e8:	20001f7c 	.word	0x20001f7c

100034ec <stdio_usb_out_flush>:
100034ec:	b508      	push	{r3, lr}
100034ee:	f7fd fe33 	bl	10001158 <time_us_64>
100034f2:	f04f 3eff 	mov.w	lr, #4294967295	@ 0xffffffff
100034f6:	f06f 4c00 	mvn.w	ip, #2147483648	@ 0x80000000
100034fa:	4a0f      	ldr	r2, [pc, #60]	@ (10003538 <stdio_usb_out_flush+0x4c>)
100034fc:	1882      	adds	r2, r0, r2
100034fe:	f141 0300 	adc.w	r3, r1, #0
10003502:	4596      	cmp	lr, r2
10003504:	eb7c 0103 	sbcs.w	r1, ip, r3
10003508:	bf3c      	itt	cc
1000350a:	4672      	movcc	r2, lr
1000350c:	4663      	movcc	r3, ip
1000350e:	480b      	ldr	r0, [pc, #44]	@ (1000353c <stdio_usb_out_flush+0x50>)
10003510:	f002 fbde 	bl	10005cd0 <__mutex_try_enter_block_until_veneer>
10003514:	b170      	cbz	r0, 10003534 <stdio_usb_out_flush+0x48>
10003516:	f04f 30ff 	mov.w	r0, #4294967295	@ 0xffffffff
1000351a:	2100      	movs	r1, #0
1000351c:	f000 fcdc 	bl	10003ed8 <tud_task_ext>
10003520:	2000      	movs	r0, #0
10003522:	f001 fb15 	bl	10004b50 <tud_cdc_n_write_flush>
10003526:	2800      	cmp	r0, #0
10003528:	d1f5      	bne.n	10003516 <stdio_usb_out_flush+0x2a>
1000352a:	e8bd 4008 	ldmia.w	sp!, {r3, lr}
1000352e:	4803      	ldr	r0, [pc, #12]	@ (1000353c <stdio_usb_out_flush+0x50>)
10003530:	f002 bbc2 	b.w	10005cb8 <__mutex_exit_veneer>
10003534:	bd08      	pop	{r3, pc}
10003536:	bf00      	nop
10003538:	000f4240 	.word	0x000f4240
1000353c:	20001f7c 	.word	0x20001f7c

10003540 <stdio_usb_out_chars>:
10003540:	e92d 43f8 	stmdb	sp!, {r3, r4, r5, r6, r7, r8, r9, lr}
10003544:	4607      	mov	r7, r0
10003546:	460e      	mov	r6, r1
10003548:	f7fd fe06 	bl	10001158 <time_us_64>
1000354c:	f04f 35ff 	mov.w	r5, #4294967295	@ 0xffffffff
10003550:	f06f 4400 	mvn.w	r4, #2147483648	@ 0x80000000
10003554:	4a33      	ldr	r2, [pc, #204]	@ (10003624 <stdio_usb_out_chars+0xe4>)
10003556:	1882      	adds	r2, r0, r2
10003558:	f141 0300 	adc.w	r3, r1, #0
1000355c:	4295      	cmp	r5, r2
1000355e:	eb74 0103 	sbcs.w	r1, r4, r3
10003562:	bf3c      	itt	cc
10003564:	462a      	movcc	r2, r5
10003566:	4623      	movcc	r3, r4
10003568:	482f      	ldr	r0, [pc, #188]	@ (10003628 <stdio_usb_out_chars+0xe8>)
1000356a:	f002 fbb1 	bl	10005cd0 <__mutex_try_enter_block_until_veneer>
1000356e:	b908      	cbnz	r0, 10003574 <stdio_usb_out_chars+0x34>
10003570:	e8bd 83f8 	ldmia.w	sp!, {r3, r4, r5, r6, r7, r8, r9, pc}
10003574:	2000      	movs	r0, #0
10003576:	f001 fa83 	bl	10004a80 <tud_cdc_n_connected>
1000357a:	2800      	cmp	r0, #0
1000357c:	d048      	beq.n	10003610 <stdio_usb_out_chars+0xd0>
1000357e:	2e00      	cmp	r6, #0
10003580:	dd41      	ble.n	10003606 <stdio_usb_out_chars+0xc6>
10003582:	2500      	movs	r5, #0
10003584:	f8df 80a4 	ldr.w	r8, [pc, #164]	@ 1000362c <stdio_usb_out_chars+0xec>
10003588:	f8df 90a4 	ldr.w	r9, [pc, #164]	@ 10003630 <stdio_usb_out_chars+0xf0>
1000358c:	e013      	b.n	100035b6 <stdio_usb_out_chars+0x76>
1000358e:	4622      	mov	r2, r4
10003590:	2000      	movs	r0, #0
10003592:	f001 fb23 	bl	10004bdc <tud_cdc_n_write>
10003596:	2100      	movs	r1, #0
10003598:	4604      	mov	r4, r0
1000359a:	f04f 30ff 	mov.w	r0, #4294967295	@ 0xffffffff
1000359e:	f000 fc9b 	bl	10003ed8 <tud_task_ext>
100035a2:	2000      	movs	r0, #0
100035a4:	f001 fad4 	bl	10004b50 <tud_cdc_n_write_flush>
100035a8:	f7fd fdd6 	bl	10001158 <time_us_64>
100035ac:	e9c8 0100 	strd	r0, r1, [r8]
100035b0:	4425      	add	r5, r4
100035b2:	42ae      	cmp	r6, r5
100035b4:	dd27      	ble.n	10003606 <stdio_usb_out_chars+0xc6>
100035b6:	2000      	movs	r0, #0
100035b8:	f001 fb32 	bl	10004c20 <tud_cdc_n_write_available>
100035bc:	1b74      	subs	r4, r6, r5
100035be:	4284      	cmp	r4, r0
100035c0:	bfa8      	it	ge
100035c2:	4604      	movge	r4, r0
100035c4:	1979      	adds	r1, r7, r5
100035c6:	2c00      	cmp	r4, #0
100035c8:	d1e1      	bne.n	1000358e <stdio_usb_out_chars+0x4e>
100035ca:	4621      	mov	r1, r4
100035cc:	f04f 30ff 	mov.w	r0, #4294967295	@ 0xffffffff
100035d0:	f000 fc82 	bl	10003ed8 <tud_task_ext>
100035d4:	4620      	mov	r0, r4
100035d6:	f001 fabb 	bl	10004b50 <tud_cdc_n_write_flush>
100035da:	4620      	mov	r0, r4
100035dc:	f001 fa50 	bl	10004a80 <tud_cdc_n_connected>
100035e0:	b188      	cbz	r0, 10003606 <stdio_usb_out_chars+0xc6>
100035e2:	4620      	mov	r0, r4
100035e4:	f001 fb1c 	bl	10004c20 <tud_cdc_n_write_available>
100035e8:	2800      	cmp	r0, #0
100035ea:	d1e2      	bne.n	100035b2 <stdio_usb_out_chars+0x72>
100035ec:	f7fd fdb4 	bl	10001158 <time_us_64>
100035f0:	f8d8 3000 	ldr.w	r3, [r8]
100035f4:	f8d8 2004 	ldr.w	r2, [r8, #4]
100035f8:	eb13 0309 	adds.w	r3, r3, r9
100035fc:	f142 0200 	adc.w	r2, r2, #0
10003600:	4283      	cmp	r3, r0
10003602:	418a      	sbcs	r2, r1
10003604:	d2d5      	bcs.n	100035b2 <stdio_usb_out_chars+0x72>
10003606:	4808      	ldr	r0, [pc, #32]	@ (10003628 <stdio_usb_out_chars+0xe8>)
10003608:	e8bd 43f8 	ldmia.w	sp!, {r3, r4, r5, r6, r7, r8, r9, lr}
1000360c:	f002 bb54 	b.w	10005cb8 <__mutex_exit_veneer>
10003610:	2000      	movs	r0, #0
10003612:	2100      	movs	r1, #0
10003614:	4b05      	ldr	r3, [pc, #20]	@ (1000362c <stdio_usb_out_chars+0xec>)
10003616:	e9c3 0100 	strd	r0, r1, [r3]
1000361a:	e8bd 43f8 	ldmia.w	sp!, {r3, r4, r5, r6, r7, r8, r9, lr}
1000361e:	4802      	ldr	r0, [pc, #8]	@ (10003628 <stdio_usb_out_chars+0xe8>)
10003620:	f002 bb4a 	b.w	10005cb8 <__mutex_exit_veneer>
10003624:	000f4240 	.word	0x000f4240
10003628:	20001f7c 	.word	0x20001f7c
1000362c:	20001428 	.word	0x20001428
10003630:	0007a120 	.word	0x0007a120

10003634 <low_priority_worker_irq>:
10003634:	b530      	push	{r4, r5, lr}
10003636:	2100      	movs	r1, #0
10003638:	b085      	sub	sp, #20
1000363a:	482e      	ldr	r0, [pc, #184]	@ (100036f4 <low_priority_worker_irq+0xc0>)
1000363c:	f002 fb50 	bl	10005ce0 <__mutex_try_enter_veneer>
10003640:	b9f0      	cbnz	r0, 10003680 <low_priority_worker_irq+0x4c>
10003642:	4b2d      	ldr	r3, [pc, #180]	@ (100036f8 <low_priority_worker_irq+0xc4>)
10003644:	681a      	ldr	r2, [r3, #0]
10003646:	b1ca      	cbz	r2, 1000367c <low_priority_worker_irq+0x48>
10003648:	f3ef 8110 	mrs	r1, PRIMASK
1000364c:	b672      	cpsid	i
1000364e:	e8d2 5fcf 	ldaexb	r5, [r2]
10003652:	2401      	movs	r4, #1
10003654:	2d00      	cmp	r5, #0
10003656:	d1fa      	bne.n	1000364e <low_priority_worker_irq+0x1a>
10003658:	e8c2 4f45 	strexb	r5, r4, [r2]
1000365c:	2d00      	cmp	r5, #0
1000365e:	d1f6      	bne.n	1000364e <low_priority_worker_irq+0x1a>
10003660:	f3bf 8f5f 	dmb	sy
10003664:	4c25      	ldr	r4, [pc, #148]	@ (100036fc <low_priority_worker_irq+0xc8>)
10003666:	681d      	ldr	r5, [r3, #0]
10003668:	7822      	ldrb	r2, [r4, #0]
1000366a:	6059      	str	r1, [r3, #4]
1000366c:	b2d3      	uxtb	r3, r2
1000366e:	2201      	movs	r2, #1
10003670:	7022      	strb	r2, [r4, #0]
10003672:	e8c5 0f8f 	stlb	r0, [r5]
10003676:	f381 8810 	msr	PRIMASK, r1
1000367a:	b1cb      	cbz	r3, 100036b0 <low_priority_worker_irq+0x7c>
1000367c:	b005      	add	sp, #20
1000367e:	bd30      	pop	{r4, r5, pc}
10003680:	2100      	movs	r1, #0
10003682:	f04f 30ff 	mov.w	r0, #4294967295	@ 0xffffffff
10003686:	f000 fc27 	bl	10003ed8 <tud_task_ext>
1000368a:	2000      	movs	r0, #0
1000368c:	f001 fa0e 	bl	10004aac <tud_cdc_n_available>
10003690:	4604      	mov	r4, r0
10003692:	4818      	ldr	r0, [pc, #96]	@ (100036f4 <low_priority_worker_irq+0xc0>)
10003694:	f002 fb10 	bl	10005cb8 <__mutex_exit_veneer>
10003698:	2c00      	cmp	r4, #0
1000369a:	d0ef      	beq.n	1000367c <low_priority_worker_irq+0x48>
1000369c:	4b18      	ldr	r3, [pc, #96]	@ (10003700 <low_priority_worker_irq+0xcc>)
1000369e:	681b      	ldr	r3, [r3, #0]
100036a0:	2b00      	cmp	r3, #0
100036a2:	d0eb      	beq.n	1000367c <low_priority_worker_irq+0x48>
100036a4:	4a17      	ldr	r2, [pc, #92]	@ (10003704 <low_priority_worker_irq+0xd0>)
100036a6:	6810      	ldr	r0, [r2, #0]
100036a8:	b005      	add	sp, #20
100036aa:	e8bd 4030 	ldmia.w	sp!, {r4, r5, lr}
100036ae:	4718      	bx	r3
100036b0:	f7fd fb4e 	bl	10000d50 <alarm_pool_get_default>
100036b4:	4604      	mov	r4, r0
100036b6:	f7fd fd4f 	bl	10001158 <time_us_64>
100036ba:	f04f 3cff 	mov.w	ip, #4294967295	@ 0xffffffff
100036be:	f06f 4500 	mvn.w	r5, #2147483648	@ 0x80000000
100036c2:	f510 727a 	adds.w	r2, r0, #1000	@ 0x3e8
100036c6:	f141 0300 	adc.w	r3, r1, #0
100036ca:	4594      	cmp	ip, r2
100036cc:	eb75 0103 	sbcs.w	r1, r5, r3
100036d0:	bf38      	it	cc
100036d2:	462b      	movcc	r3, r5
100036d4:	f04f 0100 	mov.w	r1, #0
100036d8:	f04f 0501 	mov.w	r5, #1
100036dc:	4620      	mov	r0, r4
100036de:	4c0a      	ldr	r4, [pc, #40]	@ (10003708 <low_priority_worker_irq+0xd4>)
100036e0:	bf38      	it	cc
100036e2:	4662      	movcc	r2, ip
100036e4:	e9cd 1501 	strd	r1, r5, [sp, #4]
100036e8:	9400      	str	r4, [sp, #0]
100036ea:	f7fd fb35 	bl	10000d58 <alarm_pool_add_alarm_at>
100036ee:	b005      	add	sp, #20
100036f0:	bd30      	pop	{r4, r5, pc}
100036f2:	bf00      	nop
100036f4:	20001f7c 	.word	0x20001f7c
100036f8:	20001f48 	.word	0x20001f48
100036fc:	20001f9b 	.word	0x20001f9b
10003700:	20001ad0 	.word	0x20001ad0
10003704:	20001ad4 	.word	0x20001ad4
10003708:	100033e9 	.word	0x100033e9

1000370c <stdio_usb_init>:
1000370c:	f04f 4350 	mov.w	r3, #3489660928	@ 0xd0000000
10003710:	b530      	push	{r4, r5, lr}
10003712:	b085      	sub	sp, #20
10003714:	681c      	ldr	r4, [r3, #0]
10003716:	f7fd fb1b 	bl	10000d50 <alarm_pool_get_default>
1000371a:	f7fd fc2f 	bl	10000f7c <alarm_pool_core_num>
1000371e:	42a0      	cmp	r0, r4
10003720:	d002      	beq.n	10003728 <stdio_usb_init+0x1c>
10003722:	2000      	movs	r0, #0
10003724:	b005      	add	sp, #20
10003726:	bd30      	pop	{r4, r5, pc}
10003728:	2100      	movs	r1, #0
1000372a:	4b2a      	ldr	r3, [pc, #168]	@ (100037d4 <stdio_usb_init+0xc8>)
1000372c:	4608      	mov	r0, r1
1000372e:	781b      	ldrb	r3, [r3, #0]
10003730:	f001 fd46 	bl	100051c0 <tusb_rhport_init>
10003734:	4828      	ldr	r0, [pc, #160]	@ (100037d8 <stdio_usb_init+0xcc>)
10003736:	6803      	ldr	r3, [r0, #0]
10003738:	2b00      	cmp	r3, #0
1000373a:	d047      	beq.n	100037cc <stdio_usb_init+0xc0>
1000373c:	2001      	movs	r0, #1
1000373e:	f7fd f88b 	bl	10000858 <user_irq_claim_unused>
10003742:	4603      	mov	r3, r0
10003744:	4c25      	ldr	r4, [pc, #148]	@ (100037dc <stdio_usb_init+0xd0>)
10003746:	4926      	ldr	r1, [pc, #152]	@ (100037e0 <stdio_usb_init+0xd4>)
10003748:	b2c0      	uxtb	r0, r0
1000374a:	7023      	strb	r3, [r4, #0]
1000374c:	f7fc ff02 	bl	10000554 <irq_set_exclusive_handler>
10003750:	7820      	ldrb	r0, [r4, #0]
10003752:	2101      	movs	r1, #1
10003754:	f7fc febc 	bl	100004d0 <irq_set_enabled>
10003758:	200e      	movs	r0, #14
1000375a:	f7fc feeb 	bl	10000534 <irq_has_shared_handler>
1000375e:	bb40      	cbnz	r0, 100037b2 <stdio_usb_init+0xa6>
10003760:	4b20      	ldr	r3, [pc, #128]	@ (100037e4 <stdio_usb_init+0xd8>)
10003762:	2501      	movs	r5, #1
10003764:	e9c3 0000 	strd	r0, r0, [r3]
10003768:	f7fd faf2 	bl	10000d50 <alarm_pool_get_default>
1000376c:	4604      	mov	r4, r0
1000376e:	f7fd fcf3 	bl	10001158 <time_us_64>
10003772:	f04f 3eff 	mov.w	lr, #4294967295	@ 0xffffffff
10003776:	f06f 4c00 	mvn.w	ip, #2147483648	@ 0x80000000
1000377a:	f510 727a 	adds.w	r2, r0, #1000	@ 0x3e8
1000377e:	f141 0300 	adc.w	r3, r1, #0
10003782:	4596      	cmp	lr, r2
10003784:	eb7c 0103 	sbcs.w	r1, ip, r3
10003788:	f04f 0100 	mov.w	r1, #0
1000378c:	4620      	mov	r0, r4
1000378e:	4c16      	ldr	r4, [pc, #88]	@ (100037e8 <stdio_usb_init+0xdc>)
10003790:	bf3c      	itt	cc
10003792:	4672      	movcc	r2, lr
10003794:	4663      	movcc	r3, ip
10003796:	e9cd 1501 	strd	r1, r5, [sp, #4]
1000379a:	9400      	str	r4, [sp, #0]
1000379c:	f7fd fadc 	bl	10000d58 <alarm_pool_add_alarm_at>
100037a0:	2800      	cmp	r0, #0
100037a2:	dbbe      	blt.n	10003722 <stdio_usb_init+0x16>
100037a4:	2101      	movs	r1, #1
100037a6:	4811      	ldr	r0, [pc, #68]	@ (100037ec <stdio_usb_init+0xe0>)
100037a8:	f7ff fcb6 	bl	10003118 <stdio_set_driver_enabled>
100037ac:	2001      	movs	r0, #1
100037ae:	b005      	add	sp, #20
100037b0:	bd30      	pop	{r4, r5, pc}
100037b2:	2001      	movs	r0, #1
100037b4:	f7fc fe48 	bl	10000448 <spin_lock_claim_unused>
100037b8:	4601      	mov	r1, r0
100037ba:	480a      	ldr	r0, [pc, #40]	@ (100037e4 <stdio_usb_init+0xd8>)
100037bc:	f7fd f8a8 	bl	10000910 <critical_section_init_with_lock_num>
100037c0:	2200      	movs	r2, #0
100037c2:	200e      	movs	r0, #14
100037c4:	490a      	ldr	r1, [pc, #40]	@ (100037f0 <stdio_usb_init+0xe4>)
100037c6:	f7fc fef5 	bl	100005b4 <irq_add_shared_handler>
100037ca:	e7eb      	b.n	100037a4 <stdio_usb_init+0x98>
100037cc:	f7fd f884 	bl	100008d8 <mutex_init>
100037d0:	e7b4      	b.n	1000373c <stdio_usb_init+0x30>
100037d2:	bf00      	nop
100037d4:	10006140 	.word	0x10006140
100037d8:	20001f7c 	.word	0x20001f7c
100037dc:	20001f9a 	.word	0x20001f9a
100037e0:	10003635 	.word	0x10003635
100037e4:	20001f48 	.word	0x20001f48
100037e8:	100033e9 	.word	0x100033e9
100037ec:	2000119c 	.word	0x2000119c
100037f0:	10003459 	.word	0x10003459

100037f4 <tud_descriptor_device_cb>:
100037f4:	4800      	ldr	r0, [pc, #0]	@ (100037f8 <tud_descriptor_device_cb+0x4>)
100037f6:	4770      	bx	lr
100037f8:	100060c8 	.word	0x100060c8

100037fc <tud_descriptor_configuration_cb>:
100037fc:	4800      	ldr	r0, [pc, #0]	@ (10003800 <tud_descriptor_configuration_cb+0x4>)
100037fe:	4770      	bx	lr
10003800:	10006074 	.word	0x10006074

10003804 <tud_descriptor_string_cb>:
10003804:	b538      	push	{r3, r4, r5, lr}
10003806:	4b18      	ldr	r3, [pc, #96]	@ (10003868 <tud_descriptor_string_cb+0x64>)
10003808:	4604      	mov	r4, r0
1000380a:	781a      	ldrb	r2, [r3, #0]
1000380c:	b30a      	cbz	r2, 10003852 <tud_descriptor_string_cb+0x4e>
1000380e:	b944      	cbnz	r4, 10003822 <tud_descriptor_string_cb+0x1e>
10003810:	f240 4209 	movw	r2, #1033	@ 0x409
10003814:	f44f 7341 	mov.w	r3, #772	@ 0x304
10003818:	4d14      	ldr	r5, [pc, #80]	@ (1000386c <tud_descriptor_string_cb+0x68>)
1000381a:	806a      	strh	r2, [r5, #2]
1000381c:	4813      	ldr	r0, [pc, #76]	@ (1000386c <tud_descriptor_string_cb+0x68>)
1000381e:	802b      	strh	r3, [r5, #0]
10003820:	bd38      	pop	{r3, r4, r5, pc}
10003822:	2c05      	cmp	r4, #5
10003824:	d81a      	bhi.n	1000385c <tud_descriptor_string_cb+0x58>
10003826:	4b12      	ldr	r3, [pc, #72]	@ (10003870 <tud_descriptor_string_cb+0x6c>)
10003828:	4d10      	ldr	r5, [pc, #64]	@ (1000386c <tud_descriptor_string_cb+0x68>)
1000382a:	f853 1024 	ldr.w	r1, [r3, r4, lsl #2]
1000382e:	4628      	mov	r0, r5
10003830:	2300      	movs	r3, #0
10003832:	3901      	subs	r1, #1
10003834:	e003      	b.n	1000383e <tud_descriptor_string_cb+0x3a>
10003836:	2b13      	cmp	r3, #19
10003838:	f820 2f02 	strh.w	r2, [r0, #2]!
1000383c:	d010      	beq.n	10003860 <tud_descriptor_string_cb+0x5c>
1000383e:	f811 2f01 	ldrb.w	r2, [r1, #1]!
10003842:	3301      	adds	r3, #1
10003844:	b2db      	uxtb	r3, r3
10003846:	2a00      	cmp	r2, #0
10003848:	d1f5      	bne.n	10003836 <tud_descriptor_string_cb+0x32>
1000384a:	005b      	lsls	r3, r3, #1
1000384c:	f443 7340 	orr.w	r3, r3, #768	@ 0x300
10003850:	e7e4      	b.n	1000381c <tud_descriptor_string_cb+0x18>
10003852:	2111      	movs	r1, #17
10003854:	4618      	mov	r0, r3
10003856:	f000 f825 	bl	100038a4 <pico_get_unique_board_id_string>
1000385a:	e7d8      	b.n	1000380e <tud_descriptor_string_cb+0xa>
1000385c:	2000      	movs	r0, #0
1000385e:	bd38      	pop	{r3, r4, r5, pc}
10003860:	f44f 734a 	mov.w	r3, #808	@ 0x328
10003864:	e7da      	b.n	1000381c <tud_descriptor_string_cb+0x18>
10003866:	bf00      	nop
10003868:	20001f84 	.word	0x20001f84
1000386c:	20001b08 	.word	0x20001b08
10003870:	1000605c 	.word	0x1000605c

10003874 <_retrieve_unique_id_on_boot>:
10003874:	b500      	push	{lr}
10003876:	f245 3047 	movw	r0, #21319	@ 0x5347
1000387a:	b08b      	sub	sp, #44	@ 0x2c
1000387c:	f7fd fdae 	bl	100013dc <rom_func_lookup>
10003880:	2201      	movs	r2, #1
10003882:	4603      	mov	r3, r0
10003884:	2109      	movs	r1, #9
10003886:	a801      	add	r0, sp, #4
10003888:	4798      	blx	r3
1000388a:	e9dd 3203 	ldrd	r3, r2, [sp, #12]
1000388e:	4904      	ldr	r1, [pc, #16]	@ (100038a0 <_retrieve_unique_id_on_boot+0x2c>)
10003890:	ba12      	rev	r2, r2
10003892:	ba1b      	rev	r3, r3
10003894:	e9c1 2300 	strd	r2, r3, [r1]
10003898:	b00b      	add	sp, #44	@ 0x2c
1000389a:	f85d fb04 	ldr.w	pc, [sp], #4
1000389e:	bf00      	nop
100038a0:	20001f70 	.word	0x20001f70

100038a4 <pico_get_unique_board_id_string>:
100038a4:	2901      	cmp	r1, #1
100038a6:	f101 33ff 	add.w	r3, r1, #4294967295	@ 0xffffffff
100038aa:	f000 80b3 	beq.w	10003a14 <pico_get_unique_board_id_string+0x170>
100038ae:	495d      	ldr	r1, [pc, #372]	@ (10003a24 <pico_get_unique_board_id_string+0x180>)
100038b0:	780a      	ldrb	r2, [r1, #0]
100038b2:	ea4f 1c12 	mov.w	ip, r2, lsr #4
100038b6:	2a9f      	cmp	r2, #159	@ 0x9f
100038b8:	bf8c      	ite	hi
100038ba:	f10c 0c37 	addhi.w	ip, ip, #55	@ 0x37
100038be:	f10c 0c30 	addls.w	ip, ip, #48	@ 0x30
100038c2:	2b01      	cmp	r3, #1
100038c4:	f880 c000 	strb.w	ip, [r0]
100038c8:	f000 80a7 	beq.w	10003a1a <pico_get_unique_board_id_string+0x176>
100038cc:	f002 020f 	and.w	r2, r2, #15
100038d0:	2a09      	cmp	r2, #9
100038d2:	bf8c      	ite	hi
100038d4:	3237      	addhi	r2, #55	@ 0x37
100038d6:	3230      	addls	r2, #48	@ 0x30
100038d8:	2b02      	cmp	r3, #2
100038da:	7042      	strb	r2, [r0, #1]
100038dc:	f000 809d 	beq.w	10003a1a <pico_get_unique_board_id_string+0x176>
100038e0:	784a      	ldrb	r2, [r1, #1]
100038e2:	ea4f 1c12 	mov.w	ip, r2, lsr #4
100038e6:	2a9f      	cmp	r2, #159	@ 0x9f
100038e8:	bf8c      	ite	hi
100038ea:	f10c 0c37 	addhi.w	ip, ip, #55	@ 0x37
100038ee:	f10c 0c30 	addls.w	ip, ip, #48	@ 0x30
100038f2:	2b03      	cmp	r3, #3
100038f4:	f880 c002 	strb.w	ip, [r0, #2]
100038f8:	f000 808f 	beq.w	10003a1a <pico_get_unique_board_id_string+0x176>
100038fc:	f002 020f 	and.w	r2, r2, #15
10003900:	2a09      	cmp	r2, #9
10003902:	bf8c      	ite	hi
10003904:	3237      	addhi	r2, #55	@ 0x37
10003906:	3230      	addls	r2, #48	@ 0x30
10003908:	2b04      	cmp	r3, #4
1000390a:	70c2      	strb	r2, [r0, #3]
1000390c:	f000 8085 	beq.w	10003a1a <pico_get_unique_board_id_string+0x176>
10003910:	788a      	ldrb	r2, [r1, #2]
10003912:	ea4f 1c12 	mov.w	ip, r2, lsr #4
10003916:	2a9f      	cmp	r2, #159	@ 0x9f
10003918:	bf8c      	ite	hi
1000391a:	f10c 0c37 	addhi.w	ip, ip, #55	@ 0x37
1000391e:	f10c 0c30 	addls.w	ip, ip, #48	@ 0x30
10003922:	2b05      	cmp	r3, #5
10003924:	f880 c004 	strb.w	ip, [r0, #4]
10003928:	d077      	beq.n	10003a1a <pico_get_unique_board_id_string+0x176>
1000392a:	f002 020f 	and.w	r2, r2, #15
1000392e:	2a09      	cmp	r2, #9
10003930:	bf8c      	ite	hi
10003932:	3237      	addhi	r2, #55	@ 0x37
10003934:	3230      	addls	r2, #48	@ 0x30
10003936:	2b06      	cmp	r3, #6
10003938:	7142      	strb	r2, [r0, #5]
1000393a:	d06e      	beq.n	10003a1a <pico_get_unique_board_id_string+0x176>
1000393c:	78ca      	ldrb	r2, [r1, #3]
1000393e:	ea4f 1c12 	mov.w	ip, r2, lsr #4
10003942:	2a9f      	cmp	r2, #159	@ 0x9f
10003944:	bf8c      	ite	hi
10003946:	f10c 0c37 	addhi.w	ip, ip, #55	@ 0x37
1000394a:	f10c 0c30 	addls.w	ip, ip, #48	@ 0x30
1000394e:	2b07      	cmp	r3, #7
10003950:	f880 c006 	strb.w	ip, [r0, #6]
10003954:	d061      	beq.n	10003a1a <pico_get_unique_board_id_string+0x176>
10003956:	f002 020f 	and.w	r2, r2, #15
1000395a:	2a09      	cmp	r2, #9
1000395c:	bf8c      	ite	hi
1000395e:	3237      	addhi	r2, #55	@ 0x37
10003960:	3230      	addls	r2, #48	@ 0x30
10003962:	2b08      	cmp	r3, #8
10003964:	71c2      	strb	r2, [r0, #7]
10003966:	d058      	beq.n	10003a1a <pico_get_unique_board_id_string+0x176>
10003968:	790a      	ldrb	r2, [r1, #4]
1000396a:	ea4f 1c12 	mov.w	ip, r2, lsr #4
1000396e:	2a9f      	cmp	r2, #159	@ 0x9f
10003970:	bf8c      	ite	hi
10003972:	f10c 0c37 	addhi.w	ip, ip, #55	@ 0x37
10003976:	f10c 0c30 	addls.w	ip, ip, #48	@ 0x30
1000397a:	2b09      	cmp	r3, #9
1000397c:	f880 c008 	strb.w	ip, [r0, #8]
10003980:	d04b      	beq.n	10003a1a <pico_get_unique_board_id_string+0x176>
10003982:	f002 020f 	and.w	r2, r2, #15
10003986:	2a09      	cmp	r2, #9
10003988:	bf8c      	ite	hi
1000398a:	3237      	addhi	r2, #55	@ 0x37
1000398c:	3230      	addls	r2, #48	@ 0x30
1000398e:	2b0a      	cmp	r3, #10
10003990:	7242      	strb	r2, [r0, #9]
10003992:	d042      	beq.n	10003a1a <pico_get_unique_board_id_string+0x176>
10003994:	794a      	ldrb	r2, [r1, #5]
10003996:	ea4f 1c12 	mov.w	ip, r2, lsr #4
1000399a:	2a9f      	cmp	r2, #159	@ 0x9f
1000399c:	bf8c      	ite	hi
1000399e:	f10c 0c37 	addhi.w	ip, ip, #55	@ 0x37
100039a2:	f10c 0c30 	addls.w	ip, ip, #48	@ 0x30
100039a6:	2b0b      	cmp	r3, #11
100039a8:	f880 c00a 	strb.w	ip, [r0, #10]
100039ac:	d035      	beq.n	10003a1a <pico_get_unique_board_id_string+0x176>
100039ae:	f002 020f 	and.w	r2, r2, #15
100039b2:	2a09      	cmp	r2, #9
100039b4:	bf8c      	ite	hi
100039b6:	3237      	addhi	r2, #55	@ 0x37
100039b8:	3230      	addls	r2, #48	@ 0x30
100039ba:	2b0c      	cmp	r3, #12
100039bc:	72c2      	strb	r2, [r0, #11]
100039be:	d02c      	beq.n	10003a1a <pico_get_unique_board_id_string+0x176>
100039c0:	798a      	ldrb	r2, [r1, #6]
100039c2:	ea4f 1c12 	mov.w	ip, r2, lsr #4
100039c6:	2a9f      	cmp	r2, #159	@ 0x9f
100039c8:	bf8c      	ite	hi
100039ca:	f10c 0c37 	addhi.w	ip, ip, #55	@ 0x37
100039ce:	f10c 0c30 	addls.w	ip, ip, #48	@ 0x30
100039d2:	2b0d      	cmp	r3, #13
100039d4:	f880 c00c 	strb.w	ip, [r0, #12]
100039d8:	d01f      	beq.n	10003a1a <pico_get_unique_board_id_string+0x176>
100039da:	f002 020f 	and.w	r2, r2, #15
100039de:	2a09      	cmp	r2, #9
100039e0:	bf8c      	ite	hi
100039e2:	3237      	addhi	r2, #55	@ 0x37
100039e4:	3230      	addls	r2, #48	@ 0x30
100039e6:	2b0e      	cmp	r3, #14
100039e8:	7342      	strb	r2, [r0, #13]
100039ea:	d016      	beq.n	10003a1a <pico_get_unique_board_id_string+0x176>
100039ec:	79ca      	ldrb	r2, [r1, #7]
100039ee:	0911      	lsrs	r1, r2, #4
100039f0:	2a9f      	cmp	r2, #159	@ 0x9f
100039f2:	bf8c      	ite	hi
100039f4:	3137      	addhi	r1, #55	@ 0x37
100039f6:	3130      	addls	r1, #48	@ 0x30
100039f8:	2b0f      	cmp	r3, #15
100039fa:	7381      	strb	r1, [r0, #14]
100039fc:	d00d      	beq.n	10003a1a <pico_get_unique_board_id_string+0x176>
100039fe:	f002 020f 	and.w	r2, r2, #15
10003a02:	2a09      	cmp	r2, #9
10003a04:	bf94      	ite	ls
10003a06:	3230      	addls	r2, #48	@ 0x30
10003a08:	3237      	addhi	r2, #55	@ 0x37
10003a0a:	2b10      	cmp	r3, #16
10003a0c:	73c2      	strb	r2, [r0, #15]
10003a0e:	bf18      	it	ne
10003a10:	3010      	addne	r0, #16
10003a12:	d002      	beq.n	10003a1a <pico_get_unique_board_id_string+0x176>
10003a14:	2300      	movs	r3, #0
10003a16:	7003      	strb	r3, [r0, #0]
10003a18:	4770      	bx	lr
10003a1a:	4418      	add	r0, r3
10003a1c:	2300      	movs	r3, #0
10003a1e:	7003      	strb	r3, [r0, #0]
10003a20:	4770      	bx	lr
10003a22:	bf00      	nop
10003a24:	20001f70 	.word	0x20001f70

10003a28 <dcd_init>:
10003a28:	b570      	push	{r4, r5, r6, lr}
10003a2a:	f000 f933 	bl	10003c94 <rp2040_usb_init>
10003a2e:	230c      	movs	r3, #12
10003a30:	2640      	movs	r6, #64	@ 0x40
10003a32:	4c1b      	ldr	r4, [pc, #108]	@ (10003aa0 <dcd_init+0x78>)
10003a34:	22ff      	movs	r2, #255	@ 0xff
10003a36:	67a3      	str	r3, [r4, #120]	@ 0x78
10003a38:	200e      	movs	r0, #14
10003a3a:	491a      	ldr	r1, [pc, #104]	@ (10003aa4 <dcd_init+0x7c>)
10003a3c:	f7fc fdba 	bl	100005b4 <irq_add_shared_handler>
10003a40:	4b19      	ldr	r3, [pc, #100]	@ (10003aa8 <dcd_init+0x80>)
10003a42:	4632      	mov	r2, r6
10003a44:	2100      	movs	r1, #0
10003a46:	4618      	mov	r0, r3
10003a48:	f001 ffd8 	bl	100059fc <memset>
10003a4c:	4603      	mov	r3, r0
10003a4e:	2100      	movs	r1, #0
10003a50:	2501      	movs	r5, #1
10003a52:	2080      	movs	r0, #128	@ 0x80
10003a54:	4a15      	ldr	r2, [pc, #84]	@ (10003aac <dcd_init+0x84>)
10003a56:	8458      	strh	r0, [r3, #34]	@ 0x22
10003a58:	609a      	str	r2, [r3, #8]
10003a5a:	3a84      	subs	r2, #132	@ 0x84
10003a5c:	705d      	strb	r5, [r3, #1]
10003a5e:	831e      	strh	r6, [r3, #24]
10003a60:	871e      	strh	r6, [r3, #56]	@ 0x38
10003a62:	6059      	str	r1, [r3, #4]
10003a64:	f8c2 1084 	str.w	r1, [r2, #132]	@ 0x84
10003a68:	f8c2 1080 	str.w	r1, [r2, #128]	@ 0x80
10003a6c:	f502 7280 	add.w	r2, r2, #256	@ 0x100
10003a70:	60da      	str	r2, [r3, #12]
10003a72:	62da      	str	r2, [r3, #44]	@ 0x2c
10003a74:	3a80      	subs	r2, #128	@ 0x80
10003a76:	f883 1021 	strb.w	r1, [r3, #33]	@ 0x21
10003a7a:	f883 103b 	strb.w	r1, [r3, #59]	@ 0x3b
10003a7e:	6259      	str	r1, [r3, #36]	@ 0x24
10003a80:	629a      	str	r2, [r3, #40]	@ 0x28
10003a82:	f04f 5600 	mov.w	r6, #536870912	@ 0x20000000
10003a86:	f002 f927 	bl	10005cd8 <__reset_non_control_endpoints_veneer>
10003a8a:	f44f 3280 	mov.w	r2, #65536	@ 0x10000
10003a8e:	4908      	ldr	r1, [pc, #32]	@ (10003ab0 <dcd_init+0x88>)
10003a90:	4b08      	ldr	r3, [pc, #32]	@ (10003ab4 <dcd_init+0x8c>)
10003a92:	6425      	str	r5, [r4, #64]	@ 0x40
10003a94:	4628      	mov	r0, r5
10003a96:	64e6      	str	r6, [r4, #76]	@ 0x4c
10003a98:	f8c4 1090 	str.w	r1, [r4, #144]	@ 0x90
10003a9c:	64da      	str	r2, [r3, #76]	@ 0x4c
10003a9e:	bd70      	pop	{r4, r5, r6, pc}
10003aa0:	50110000 	.word	0x50110000
10003aa4:	200003a9 	.word	0x200003a9
10003aa8:	20001b3c 	.word	0x20001b3c
10003aac:	50100084 	.word	0x50100084
10003ab0:	0001d010 	.word	0x0001d010
10003ab4:	50112000 	.word	0x50112000

10003ab8 <dcd_int_enable>:
10003ab8:	2101      	movs	r1, #1
10003aba:	200e      	movs	r0, #14
10003abc:	f7fc bd08 	b.w	100004d0 <irq_set_enabled>

10003ac0 <dcd_set_address>:
10003ac0:	2200      	movs	r2, #0
10003ac2:	4802      	ldr	r0, [pc, #8]	@ (10003acc <dcd_set_address+0xc>)
10003ac4:	4611      	mov	r1, r2
10003ac6:	f000 b905 	b.w	10003cd4 <hw_endpoint_xfer_start>
10003aca:	bf00      	nop
10003acc:	20001b5c 	.word	0x20001b5c

10003ad0 <dcd_sof_enable>:
10003ad0:	4b04      	ldr	r3, [pc, #16]	@ (10003ae4 <dcd_sof_enable+0x14>)
10003ad2:	7019      	strb	r1, [r3, #0]
10003ad4:	b121      	cbz	r1, 10003ae0 <dcd_sof_enable+0x10>
10003ad6:	f44f 3200 	mov.w	r2, #131072	@ 0x20000
10003ada:	4b03      	ldr	r3, [pc, #12]	@ (10003ae8 <dcd_sof_enable+0x18>)
10003adc:	f8c3 2090 	str.w	r2, [r3, #144]	@ 0x90
10003ae0:	4770      	bx	lr
10003ae2:	bf00      	nop
10003ae4:	20001f96 	.word	0x20001f96
10003ae8:	50112000 	.word	0x50112000

10003aec <dcd_edpt0_status_complete>:
10003aec:	780b      	ldrb	r3, [r1, #0]
10003aee:	065b      	lsls	r3, r3, #25
10003af0:	d102      	bne.n	10003af8 <dcd_edpt0_status_complete+0xc>
10003af2:	784b      	ldrb	r3, [r1, #1]
10003af4:	2b05      	cmp	r3, #5
10003af6:	d000      	beq.n	10003afa <dcd_edpt0_status_complete+0xe>
10003af8:	4770      	bx	lr
10003afa:	884b      	ldrh	r3, [r1, #2]
10003afc:	4a01      	ldr	r2, [pc, #4]	@ (10003b04 <dcd_edpt0_status_complete+0x18>)
10003afe:	b2db      	uxtb	r3, r3
10003b00:	6013      	str	r3, [r2, #0]
10003b02:	4770      	bx	lr
10003b04:	50110000 	.word	0x50110000

10003b08 <dcd_edpt_open>:
10003b08:	78cb      	ldrb	r3, [r1, #3]
10003b0a:	e92d 41f0 	stmdb	sp!, {r4, r5, r6, r7, r8, lr}
10003b0e:	f003 0e03 	and.w	lr, r3, #3
10003b12:	f1be 0f01 	cmp.w	lr, #1
10003b16:	f3c3 0001 	ubfx	r0, r3, #0, #2
10003b1a:	d05d      	beq.n	10003bd8 <dcd_edpt_open+0xd0>
10003b1c:	2700      	movs	r7, #0
10003b1e:	f891 c002 	ldrb.w	ip, [r1, #2]
10003b22:	4c35      	ldr	r4, [pc, #212]	@ (10003bf8 <dcd_edpt_open+0xf0>)
10003b24:	f00c 037f 	and.w	r3, ip, #127	@ 0x7f
10003b28:	005e      	lsls	r6, r3, #1
10003b2a:	8889      	ldrh	r1, [r1, #4]
10003b2c:	eb06 12dc 	add.w	r2, r6, ip, lsr #7
10003b30:	eb04 1242 	add.w	r2, r4, r2, lsl #5
10003b34:	ea4f 15dc 	mov.w	r5, ip, lsr #7
10003b38:	76d0      	strb	r0, [r2, #27]
10003b3a:	f3c1 010a 	ubfx	r1, r1, #0, #11
10003b3e:	f085 0001 	eor.w	r0, r5, #1
10003b42:	7050      	strb	r0, [r2, #1]
10003b44:	f882 c002 	strb.w	ip, [r2, #2]
10003b48:	8311      	strh	r1, [r2, #24]
10003b4a:	70d7      	strb	r7, [r2, #3]
10003b4c:	b218      	sxth	r0, r3
10003b4e:	00da      	lsls	r2, r3, #3
10003b50:	bb8d      	cbnz	r5, 10003bb6 <dcd_edpt_open+0xae>
10003b52:	482a      	ldr	r0, [pc, #168]	@ (10003bfc <dcd_edpt_open+0xf4>)
10003b54:	3204      	adds	r2, #4
10003b56:	eb04 1c83 	add.w	ip, r4, r3, lsl #6
10003b5a:	eb02 0800 	add.w	r8, r2, r0
10003b5e:	f8cc 8008 	str.w	r8, [ip, #8]
10003b62:	5017      	str	r7, [r2, r0]
10003b64:	b38b      	cbz	r3, 10003bca <dcd_edpt_open+0xc2>
10003b66:	4a26      	ldr	r2, [pc, #152]	@ (10003c00 <dcd_edpt_open+0xf8>)
10003b68:	00db      	lsls	r3, r3, #3
10003b6a:	441a      	add	r2, r3
10003b6c:	f8cc 2004 	str.w	r2, [ip, #4]
10003b70:	4b24      	ldr	r3, [pc, #144]	@ (10003c04 <dcd_edpt_open+0xfc>)
10003b72:	313f      	adds	r1, #63	@ 0x3f
10003b74:	681a      	ldr	r2, [r3, #0]
10003b76:	f021 013f 	bic.w	r1, r1, #63	@ 0x3f
10003b7a:	f1be 0f02 	cmp.w	lr, #2
10003b7e:	bf08      	it	eq
10003b80:	0049      	lsleq	r1, r1, #1
10003b82:	4411      	add	r1, r2
10003b84:	6019      	str	r1, [r3, #0]
10003b86:	4b20      	ldr	r3, [pc, #128]	@ (10003c08 <dcd_edpt_open+0x100>)
10003b88:	1977      	adds	r7, r6, r5
10003b8a:	eb04 1747 	add.w	r7, r4, r7, lsl #5
10003b8e:	4299      	cmp	r1, r3
10003b90:	60fa      	str	r2, [r7, #12]
10003b92:	d82c      	bhi.n	10003bee <dcd_edpt_open+0xe6>
10003b94:	442e      	add	r6, r5
10003b96:	eb04 1346 	add.w	r3, r4, r6, lsl #5
10003b9a:	7ed9      	ldrb	r1, [r3, #27]
10003b9c:	f082 42a0 	eor.w	r2, r2, #1342177280	@ 0x50000000
10003ba0:	f482 1280 	eor.w	r2, r2, #1048576	@ 0x100000
10003ba4:	685b      	ldr	r3, [r3, #4]
10003ba6:	ea42 6281 	orr.w	r2, r2, r1, lsl #26
10003baa:	f042 4200 	orr.w	r2, r2, #2147483648	@ 0x80000000
10003bae:	601a      	str	r2, [r3, #0]
10003bb0:	2001      	movs	r0, #1
10003bb2:	e8bd 81f0 	ldmia.w	sp!, {r4, r5, r6, r7, r8, pc}
10003bb6:	f8df c044 	ldr.w	ip, [pc, #68]	@ 10003bfc <dcd_edpt_open+0xf4>
10003bba:	eb04 1883 	add.w	r8, r4, r3, lsl #6
10003bbe:	4462      	add	r2, ip
10003bc0:	f8c8 2028 	str.w	r2, [r8, #40]	@ 0x28
10003bc4:	f84c 7030 	str.w	r7, [ip, r0, lsl #3]
10003bc8:	b94b      	cbnz	r3, 10003bde <dcd_edpt_open+0xd6>
10003bca:	2200      	movs	r2, #0
10003bcc:	490f      	ldr	r1, [pc, #60]	@ (10003c0c <dcd_edpt_open+0x104>)
10003bce:	eb04 1345 	add.w	r3, r4, r5, lsl #5
10003bd2:	60d9      	str	r1, [r3, #12]
10003bd4:	605a      	str	r2, [r3, #4]
10003bd6:	e7eb      	b.n	10003bb0 <dcd_edpt_open+0xa8>
10003bd8:	2000      	movs	r0, #0
10003bda:	e8bd 81f0 	ldmia.w	sp!, {r4, r5, r6, r7, r8, pc}
10003bde:	00db      	lsls	r3, r3, #3
10003be0:	f103 43a0 	add.w	r3, r3, #1342177280	@ 0x50000000
10003be4:	f503 1380 	add.w	r3, r3, #1048576	@ 0x100000
10003be8:	f8c8 3024 	str.w	r3, [r8, #36]	@ 0x24
10003bec:	e7c0      	b.n	10003b70 <dcd_edpt_open+0x68>
10003bee:	f7fd fc41 	bl	10001474 <hard_assertion_failure>
10003bf2:	68fa      	ldr	r2, [r7, #12]
10003bf4:	e7ce      	b.n	10003b94 <dcd_edpt_open+0x8c>
10003bf6:	bf00      	nop
10003bf8:	20001b3c 	.word	0x20001b3c
10003bfc:	50100080 	.word	0x50100080
10003c00:	50100004 	.word	0x50100004
10003c04:	20001f44 	.word	0x20001f44
10003c08:	50100fff 	.word	0x50100fff
10003c0c:	50100100 	.word	0x50100100

10003c10 <dcd_edpt_close_all>:
10003c10:	f002 b862 	b.w	10005cd8 <__reset_non_control_endpoints_veneer>

10003c14 <dcd_edpt_xfer>:
10003c14:	468c      	mov	ip, r1
10003c16:	b508      	push	{r3, lr}
10003c18:	4611      	mov	r1, r2
10003c1a:	4807      	ldr	r0, [pc, #28]	@ (10003c38 <dcd_edpt_xfer+0x24>)
10003c1c:	461a      	mov	r2, r3
10003c1e:	f00c 037f 	and.w	r3, ip, #127	@ 0x7f
10003c22:	ea4f 1cdc 	mov.w	ip, ip, lsr #7
10003c26:	eb0c 0c43 	add.w	ip, ip, r3, lsl #1
10003c2a:	eb00 104c 	add.w	r0, r0, ip, lsl #5
10003c2e:	f000 f851 	bl	10003cd4 <hw_endpoint_xfer_start>
10003c32:	2001      	movs	r0, #1
10003c34:	bd08      	pop	{r3, pc}
10003c36:	bf00      	nop
10003c38:	20001b3c 	.word	0x20001b3c

10003c3c <dcd_edpt_stall>:
10003c3c:	09cb      	lsrs	r3, r1, #7
10003c3e:	f011 017f 	ands.w	r1, r1, #127	@ 0x7f
10003c42:	d103      	bne.n	10003c4c <dcd_edpt_stall+0x10>
10003c44:	4a06      	ldr	r2, [pc, #24]	@ (10003c60 <dcd_edpt_stall+0x24>)
10003c46:	f1c3 0002 	rsb	r0, r3, #2
10003c4a:	6690      	str	r0, [r2, #104]	@ 0x68
10003c4c:	4805      	ldr	r0, [pc, #20]	@ (10003c64 <dcd_edpt_stall+0x28>)
10003c4e:	eb03 0341 	add.w	r3, r3, r1, lsl #1
10003c52:	f44f 6200 	mov.w	r2, #2048	@ 0x800
10003c56:	2100      	movs	r1, #0
10003c58:	eb00 1043 	add.w	r0, r0, r3, lsl #5
10003c5c:	f002 b834 	b.w	10005cc8 <___hw_endpoint_buffer_control_update32_veneer>
10003c60:	50112000 	.word	0x50112000
10003c64:	20001b3c 	.word	0x20001b3c

10003c68 <dcd_edpt_clear_stall>:
10003c68:	f011 037f 	ands.w	r3, r1, #127	@ 0x7f
10003c6c:	d100      	bne.n	10003c70 <dcd_edpt_clear_stall+0x8>
10003c6e:	4770      	bx	lr
10003c70:	2200      	movs	r2, #0
10003c72:	b410      	push	{r4}
10003c74:	09c8      	lsrs	r0, r1, #7
10003c76:	4c06      	ldr	r4, [pc, #24]	@ (10003c90 <dcd_edpt_clear_stall+0x28>)
10003c78:	eb00 0043 	add.w	r0, r0, r3, lsl #1
10003c7c:	eb04 1340 	add.w	r3, r4, r0, lsl #5
10003c80:	f46f 6100 	mvn.w	r1, #2048	@ 0x800
10003c84:	4618      	mov	r0, r3
10003c86:	f85d 4b04 	ldr.w	r4, [sp], #4
10003c8a:	70da      	strb	r2, [r3, #3]
10003c8c:	f002 b81c 	b.w	10005cc8 <___hw_endpoint_buffer_control_update32_veneer>
10003c90:	20001b3c 	.word	0x20001b3c

10003c94 <rp2040_usb_init>:
10003c94:	f04f 5280 	mov.w	r2, #268435456	@ 0x10000000
10003c98:	4809      	ldr	r0, [pc, #36]	@ (10003cc0 <rp2040_usb_init+0x2c>)
10003c9a:	490a      	ldr	r1, [pc, #40]	@ (10003cc4 <rp2040_usb_init+0x30>)
10003c9c:	b508      	push	{r3, lr}
10003c9e:	4b0a      	ldr	r3, [pc, #40]	@ (10003cc8 <rp2040_usb_init+0x34>)
10003ca0:	6002      	str	r2, [r0, #0]
10003ca2:	600a      	str	r2, [r1, #0]
10003ca4:	6899      	ldr	r1, [r3, #8]
10003ca6:	43c9      	mvns	r1, r1
10003ca8:	f011 5180 	ands.w	r1, r1, #268435456	@ 0x10000000
10003cac:	d1fa      	bne.n	10003ca4 <rp2040_usb_init+0x10>
10003cae:	f44f 5280 	mov.w	r2, #4096	@ 0x1000
10003cb2:	4806      	ldr	r0, [pc, #24]	@ (10003ccc <rp2040_usb_init+0x38>)
10003cb4:	f001 fea2 	bl	100059fc <memset>
10003cb8:	2209      	movs	r2, #9
10003cba:	4b05      	ldr	r3, [pc, #20]	@ (10003cd0 <rp2040_usb_init+0x3c>)
10003cbc:	675a      	str	r2, [r3, #116]	@ 0x74
10003cbe:	bd08      	pop	{r3, pc}
10003cc0:	40022000 	.word	0x40022000
10003cc4:	40023000 	.word	0x40023000
10003cc8:	40020000 	.word	0x40020000
10003ccc:	50100000 	.word	0x50100000
10003cd0:	50110000 	.word	0x50110000

10003cd4 <hw_endpoint_xfer_start>:
10003cd4:	2300      	movs	r3, #0
10003cd6:	f04f 0c01 	mov.w	ip, #1
10003cda:	b510      	push	{r4, lr}
10003cdc:	f880 c01a 	strb.w	ip, [r0, #26]
10003ce0:	8282      	strh	r2, [r0, #20]
10003ce2:	82c3      	strh	r3, [r0, #22]
10003ce4:	6101      	str	r1, [r0, #16]
10003ce6:	4604      	mov	r4, r0
10003ce8:	f001 ffea 	bl	10005cc0 <__e15_is_bulkin_ep_veneer>
10003cec:	b120      	cbz	r0, 10003cf8 <hw_endpoint_xfer_start+0x24>
10003cee:	f44f 3200 	mov.w	r2, #131072	@ 0x20000
10003cf2:	4b07      	ldr	r3, [pc, #28]	@ (10003d10 <hw_endpoint_xfer_start+0x3c>)
10003cf4:	f8c3 2090 	str.w	r2, [r3, #144]	@ 0x90
10003cf8:	4620      	mov	r0, r4
10003cfa:	f001 ffcd 	bl	10005c98 <__e15_is_critical_frame_period_veneer>
10003cfe:	b110      	cbz	r0, 10003d06 <hw_endpoint_xfer_start+0x32>
10003d00:	2301      	movs	r3, #1
10003d02:	7723      	strb	r3, [r4, #28]
10003d04:	bd10      	pop	{r4, pc}
10003d06:	4620      	mov	r0, r4
10003d08:	e8bd 4010 	ldmia.w	sp!, {r4, lr}
10003d0c:	f001 bfcc 	b.w	10005ca8 <__hw_endpoint_start_next_buffer_veneer>
10003d10:	50112000 	.word	0x50112000

10003d14 <configuration_reset>:
10003d14:	e92d 41f0 	stmdb	sp!, {r4, r5, r6, r7, r8, lr}
10003d18:	2400      	movs	r4, #0
10003d1a:	4e1d      	ldr	r6, [pc, #116]	@ (10003d90 <configuration_reset+0x7c>)
10003d1c:	4605      	mov	r5, r0
10003d1e:	4623      	mov	r3, r4
10003d20:	7832      	ldrb	r2, [r6, #0]
10003d22:	f8df 8078 	ldr.w	r8, [pc, #120]	@ 10003d9c <configuration_reset+0x88>
10003d26:	4f1b      	ldr	r7, [pc, #108]	@ (10003d94 <configuration_reset+0x80>)
10003d28:	e00d      	b.n	10003d46 <configuration_reset+0x32>
10003d2a:	683b      	ldr	r3, [r7, #0]
10003d2c:	eb13 1344 	adds.w	r3, r3, r4, lsl #5
10003d30:	d025      	beq.n	10003d7e <configuration_reset+0x6a>
10003d32:	68db      	ldr	r3, [r3, #12]
10003d34:	4628      	mov	r0, r5
10003d36:	4798      	blx	r3
10003d38:	7832      	ldrb	r2, [r6, #0]
10003d3a:	3401      	adds	r4, #1
10003d3c:	b2e4      	uxtb	r4, r4
10003d3e:	1c51      	adds	r1, r2, #1
10003d40:	42a1      	cmp	r1, r4
10003d42:	4623      	mov	r3, r4
10003d44:	db06      	blt.n	10003d54 <configuration_reset+0x40>
10003d46:	42a2      	cmp	r2, r4
10003d48:	eba3 0302 	sub.w	r3, r3, r2
10003d4c:	d8ed      	bhi.n	10003d2a <configuration_reset+0x16>
10003d4e:	eb08 1343 	add.w	r3, r8, r3, lsl #5
10003d52:	e7ee      	b.n	10003d32 <configuration_reset+0x1e>
10003d54:	4c10      	ldr	r4, [pc, #64]	@ (10003d98 <configuration_reset+0x84>)
10003d56:	2254      	movs	r2, #84	@ 0x54
10003d58:	2100      	movs	r1, #0
10003d5a:	4620      	mov	r0, r4
10003d5c:	f001 fe4e 	bl	100059fc <memset>
10003d60:	f04f 33ff 	mov.w	r3, #4294967295	@ 0xffffffff
10003d64:	1d25      	adds	r5, r4, #4
10003d66:	6063      	str	r3, [r4, #4]
10003d68:	e9c5 3301 	strd	r3, r3, [r5, #4]
10003d6c:	60eb      	str	r3, [r5, #12]
10003d6e:	f104 0014 	add.w	r0, r4, #20
10003d72:	2220      	movs	r2, #32
10003d74:	e8bd 41f0 	ldmia.w	sp!, {r4, r5, r6, r7, r8, lr}
10003d78:	21ff      	movs	r1, #255	@ 0xff
10003d7a:	f001 be3f 	b.w	100059fc <memset>
10003d7e:	f04f 23e0 	mov.w	r3, #3758153728	@ 0xe000e000
10003d82:	f8d3 3df0 	ldr.w	r3, [r3, #3568]	@ 0xdf0
10003d86:	07db      	lsls	r3, r3, #31
10003d88:	d500      	bpl.n	10003d8c <configuration_reset+0x78>
10003d8a:	be00      	bkpt	0x0000
10003d8c:	e8bd 81f0 	ldmia.w	sp!, {r4, r5, r6, r7, r8, pc}
10003d90:	20001f95 	.word	0x20001f95
10003d94:	200015e0 	.word	0x200015e0
10003d98:	200016e8 	.word	0x200016e8
10003d9c:	100060dc 	.word	0x100060dc

10003da0 <tud_event_hook_cb>:
10003da0:	4770      	bx	lr
10003da2:	bf00      	nop

10003da4 <tud_sof_cb>:
10003da4:	4770      	bx	lr
10003da6:	bf00      	nop

10003da8 <tud_descriptor_device_qualifier_cb>:
10003da8:	2000      	movs	r0, #0
10003daa:	4770      	bx	lr

10003dac <tud_descriptor_other_speed_configuration_cb>:
10003dac:	2000      	movs	r0, #0
10003dae:	4770      	bx	lr

10003db0 <tud_mount_cb>:
10003db0:	4770      	bx	lr
10003db2:	bf00      	nop

10003db4 <tud_umount_cb>:
10003db4:	4770      	bx	lr
10003db6:	bf00      	nop

10003db8 <tud_suspend_cb>:
10003db8:	4770      	bx	lr
10003dba:	bf00      	nop

10003dbc <tud_resume_cb>:
10003dbc:	4770      	bx	lr
10003dbe:	bf00      	nop

10003dc0 <tud_mounted>:
10003dc0:	4b02      	ldr	r3, [pc, #8]	@ (10003dcc <tud_mounted+0xc>)
10003dc2:	7858      	ldrb	r0, [r3, #1]
10003dc4:	3800      	subs	r0, #0
10003dc6:	bf18      	it	ne
10003dc8:	2001      	movne	r0, #1
10003dca:	4770      	bx	lr
10003dcc:	200016e8 	.word	0x200016e8

10003dd0 <tud_suspended>:
10003dd0:	4b02      	ldr	r3, [pc, #8]	@ (10003ddc <tud_suspended+0xc>)
10003dd2:	7818      	ldrb	r0, [r3, #0]
10003dd4:	f3c0 0080 	ubfx	r0, r0, #2, #1
10003dd8:	4770      	bx	lr
10003dda:	bf00      	nop
10003ddc:	200016e8 	.word	0x200016e8

10003de0 <tud_rhport_init>:
10003de0:	e92d 47f0 	stmdb	sp!, {r4, r5, r6, r7, r8, r9, sl, lr}
10003de4:	f8df a0e8 	ldr.w	sl, [pc, #232]	@ 10003ed0 <tud_rhport_init+0xf0>
10003de8:	f89a 3000 	ldrb.w	r3, [sl]
10003dec:	2bff      	cmp	r3, #255	@ 0xff
10003dee:	d002      	beq.n	10003df6 <tud_rhport_init+0x16>
10003df0:	2001      	movs	r0, #1
10003df2:	e8bd 87f0 	ldmia.w	sp!, {r4, r5, r6, r7, r8, r9, sl, pc}
10003df6:	460e      	mov	r6, r1
10003df8:	2900      	cmp	r1, #0
10003dfa:	d03e      	beq.n	10003e7a <tud_rhport_init+0x9a>
10003dfc:	2100      	movs	r1, #0
10003dfe:	2254      	movs	r2, #84	@ 0x54
10003e00:	4607      	mov	r7, r0
10003e02:	4829      	ldr	r0, [pc, #164]	@ (10003ea8 <tud_rhport_init+0xc8>)
10003e04:	f001 fdfa 	bl	100059fc <memset>
10003e08:	2200      	movs	r2, #0
10003e0a:	4c28      	ldr	r4, [pc, #160]	@ (10003eac <tud_rhport_init+0xcc>)
10003e0c:	4b28      	ldr	r3, [pc, #160]	@ (10003eb0 <tud_rhport_init+0xd0>)
10003e0e:	4620      	mov	r0, r4
10003e10:	701a      	strb	r2, [r3, #0]
10003e12:	f7fc fd61 	bl	100008d8 <mutex_init>
10003e16:	4b27      	ldr	r3, [pc, #156]	@ (10003eb4 <tud_rhport_init+0xd4>)
10003e18:	4827      	ldr	r0, [pc, #156]	@ (10003eb8 <tud_rhport_init+0xd8>)
10003e1a:	601c      	str	r4, [r3, #0]
10003e1c:	4c27      	ldr	r4, [pc, #156]	@ (10003ebc <tud_rhport_init+0xdc>)
10003e1e:	f7fc fd69 	bl	100008f4 <critical_section_init>
10003e22:	4620      	mov	r0, r4
10003e24:	f001 fdb0 	bl	10005988 <tu_fifo_clear>
10003e28:	4a25      	ldr	r2, [pc, #148]	@ (10003ec0 <tud_rhport_init+0xe0>)
10003e2a:	4b26      	ldr	r3, [pc, #152]	@ (10003ec4 <tud_rhport_init+0xe4>)
10003e2c:	4d26      	ldr	r5, [pc, #152]	@ (10003ec8 <tud_rhport_init+0xe8>)
10003e2e:	6014      	str	r4, [r2, #0]
10003e30:	b363      	cbz	r3, 10003e8c <tud_rhport_init+0xac>
10003e32:	4628      	mov	r0, r5
10003e34:	f7ff faba 	bl	100033ac <usbd_app_driver_get_cb>
10003e38:	4b24      	ldr	r3, [pc, #144]	@ (10003ecc <tud_rhport_init+0xec>)
10003e3a:	782a      	ldrb	r2, [r5, #0]
10003e3c:	6018      	str	r0, [r3, #0]
10003e3e:	2400      	movs	r4, #0
10003e40:	f8df 9090 	ldr.w	r9, [pc, #144]	@ 10003ed4 <tud_rhport_init+0xf4>
10003e44:	4623      	mov	r3, r4
10003e46:	f8df 8084 	ldr.w	r8, [pc, #132]	@ 10003ecc <tud_rhport_init+0xec>
10003e4a:	e00e      	b.n	10003e6a <tud_rhport_init+0x8a>
10003e4c:	f8d8 3000 	ldr.w	r3, [r8]
10003e50:	eb13 1344 	adds.w	r3, r3, r4, lsl #5
10003e54:	d011      	beq.n	10003e7a <tud_rhport_init+0x9a>
10003e56:	685b      	ldr	r3, [r3, #4]
10003e58:	b17b      	cbz	r3, 10003e7a <tud_rhport_init+0x9a>
10003e5a:	4798      	blx	r3
10003e5c:	782a      	ldrb	r2, [r5, #0]
10003e5e:	3401      	adds	r4, #1
10003e60:	b2e4      	uxtb	r4, r4
10003e62:	1c51      	adds	r1, r2, #1
10003e64:	42a1      	cmp	r1, r4
10003e66:	4623      	mov	r3, r4
10003e68:	db12      	blt.n	10003e90 <tud_rhport_init+0xb0>
10003e6a:	42a2      	cmp	r2, r4
10003e6c:	d8ee      	bhi.n	10003e4c <tud_rhport_init+0x6c>
10003e6e:	1a9b      	subs	r3, r3, r2
10003e70:	eb09 1343 	add.w	r3, r9, r3, lsl #5
10003e74:	685b      	ldr	r3, [r3, #4]
10003e76:	2b00      	cmp	r3, #0
10003e78:	d1ef      	bne.n	10003e5a <tud_rhport_init+0x7a>
10003e7a:	f04f 23e0 	mov.w	r3, #3758153728	@ 0xe000e000
10003e7e:	f8d3 3df0 	ldr.w	r3, [r3, #3568]	@ 0xdf0
10003e82:	07db      	lsls	r3, r3, #31
10003e84:	d500      	bpl.n	10003e88 <tud_rhport_init+0xa8>
10003e86:	be00      	bkpt	0x0000
10003e88:	2000      	movs	r0, #0
10003e8a:	e7b2      	b.n	10003df2 <tud_rhport_init+0x12>
10003e8c:	782a      	ldrb	r2, [r5, #0]
10003e8e:	e7d6      	b.n	10003e3e <tud_rhport_init+0x5e>
10003e90:	4631      	mov	r1, r6
10003e92:	4638      	mov	r0, r7
10003e94:	f88a 7000 	strb.w	r7, [sl]
10003e98:	f7ff fdc6 	bl	10003a28 <dcd_init>
10003e9c:	2800      	cmp	r0, #0
10003e9e:	d0ec      	beq.n	10003e7a <tud_rhport_init+0x9a>
10003ea0:	4638      	mov	r0, r7
10003ea2:	f7ff fe09 	bl	10003ab8 <dcd_int_enable>
10003ea6:	e7a3      	b.n	10003df0 <tud_rhport_init+0x10>
10003ea8:	200016e8 	.word	0x200016e8
10003eac:	200016e0 	.word	0x200016e0
10003eb0:	20001f97 	.word	0x20001f97
10003eb4:	2000173c 	.word	0x2000173c
10003eb8:	200011c8 	.word	0x200011c8
10003ebc:	200011b4 	.word	0x200011b4
10003ec0:	20001740 	.word	0x20001740
10003ec4:	100033ad 	.word	0x100033ad
10003ec8:	20001f95 	.word	0x20001f95
10003ecc:	200015e0 	.word	0x200015e0
10003ed0:	200011d0 	.word	0x200011d0
10003ed4:	100060dc 	.word	0x100060dc

10003ed8 <tud_task_ext>:
10003ed8:	e92d 4ff0 	stmdb	sp!, {r4, r5, r6, r7, r8, r9, sl, fp, lr}
10003edc:	f8df 92c8 	ldr.w	r9, [pc, #712]	@ 100041a8 <tud_task_ext+0x2d0>
10003ee0:	b08b      	sub	sp, #44	@ 0x2c
10003ee2:	f899 3000 	ldrb.w	r3, [r9]
10003ee6:	2bff      	cmp	r3, #255	@ 0xff
10003ee8:	f000 80f1 	beq.w	100040ce <tud_task_ext+0x1f6>
10003eec:	4ca8      	ldr	r4, [pc, #672]	@ (10004190 <tud_task_ext+0x2b8>)
10003eee:	4da9      	ldr	r5, [pc, #676]	@ (10004194 <tud_task_ext+0x2bc>)
10003ef0:	f8df a2b0 	ldr.w	sl, [pc, #688]	@ 100041a4 <tud_task_ext+0x2cc>
10003ef4:	f8df b2b4 	ldr.w	fp, [pc, #692]	@ 100041ac <tud_task_ext+0x2d4>
10003ef8:	6826      	ldr	r6, [r4, #0]
10003efa:	6973      	ldr	r3, [r6, #20]
10003efc:	f3ef 8210 	mrs	r2, PRIMASK
10003f00:	b672      	cpsid	i
10003f02:	e8d3 0fcf 	ldaexb	r0, [r3]
10003f06:	2101      	movs	r1, #1
10003f08:	2800      	cmp	r0, #0
10003f0a:	d1fa      	bne.n	10003f02 <tud_task_ext+0x2a>
10003f0c:	e8c3 1f40 	strexb	r0, r1, [r3]
10003f10:	2800      	cmp	r0, #0
10003f12:	d1f6      	bne.n	10003f02 <tud_task_ext+0x2a>
10003f14:	f3bf 8f5f 	dmb	sy
10003f18:	61b2      	str	r2, [r6, #24]
10003f1a:	4630      	mov	r0, r6
10003f1c:	a907      	add	r1, sp, #28
10003f1e:	f001 fb81 	bl	10005624 <tu_fifo_read>
10003f22:	2300      	movs	r3, #0
10003f24:	6972      	ldr	r2, [r6, #20]
10003f26:	e8c2 3f8f 	stlb	r3, [r2]
10003f2a:	69b3      	ldr	r3, [r6, #24]
10003f2c:	f383 8810 	msr	PRIMASK, r3
10003f30:	2800      	cmp	r0, #0
10003f32:	f000 80cc 	beq.w	100040ce <tud_task_ext+0x1f6>
10003f36:	f89d 301d 	ldrb.w	r3, [sp, #29]
10003f3a:	3b01      	subs	r3, #1
10003f3c:	2b07      	cmp	r3, #7
10003f3e:	f200 837d 	bhi.w	1000463c <tud_task_ext+0x764>
10003f42:	e8df f003 	tbb	[pc, r3]
10003f46:	b1a7      	.short	0xb1a7
10003f48:	358e9d95 	.word	0x358e9d95
10003f4c:	040a      	.short	0x040a
10003f4e:	9b08      	ldr	r3, [sp, #32]
10003f50:	2b00      	cmp	r3, #0
10003f52:	d0d1      	beq.n	10003ef8 <tud_task_ext+0x20>
10003f54:	9809      	ldr	r0, [sp, #36]	@ 0x24
10003f56:	4798      	blx	r3
10003f58:	e7ce      	b.n	10003ef8 <tud_task_ext+0x20>
10003f5a:	f89d 1020 	ldrb.w	r1, [sp, #32]
10003f5e:	f001 067f 	and.w	r6, r1, #127	@ 0x7f
10003f62:	eb05 0046 	add.w	r0, r5, r6, lsl #1
10003f66:	eb00 10d1 	add.w	r0, r0, r1, lsr #7
10003f6a:	f890 3034 	ldrb.w	r3, [r0, #52]	@ 0x34
10003f6e:	f023 0301 	bic.w	r3, r3, #1
10003f72:	f880 3034 	strb.w	r3, [r0, #52]	@ 0x34
10003f76:	f890 3034 	ldrb.w	r3, [r0, #52]	@ 0x34
10003f7a:	f023 0304 	bic.w	r3, r3, #4
10003f7e:	f880 3034 	strb.w	r3, [r0, #52]	@ 0x34
10003f82:	2e00      	cmp	r6, #0
10003f84:	f000 80a6 	beq.w	100040d4 <tud_task_ext+0x1fc>
10003f88:	7d03      	ldrb	r3, [r0, #20]
10003f8a:	f89a 2000 	ldrb.w	r2, [sl]
10003f8e:	4293      	cmp	r3, r2
10003f90:	f080 8093 	bcs.w	100040ba <tud_task_ext+0x1e2>
10003f94:	4a80      	ldr	r2, [pc, #512]	@ (10004198 <tud_task_ext+0x2c0>)
10003f96:	6812      	ldr	r2, [r2, #0]
10003f98:	eb12 1343 	adds.w	r3, r2, r3, lsl #5
10003f9c:	f000 8090 	beq.w	100040c0 <tud_task_ext+0x1e8>
10003fa0:	699e      	ldr	r6, [r3, #24]
10003fa2:	f89d 2021 	ldrb.w	r2, [sp, #33]	@ 0x21
10003fa6:	9b09      	ldr	r3, [sp, #36]	@ 0x24
10003fa8:	f89d 001c 	ldrb.w	r0, [sp, #28]
10003fac:	47b0      	blx	r6
10003fae:	e7a3      	b.n	10003ef8 <tud_task_ext+0x20>
10003fb0:	f89b 3000 	ldrb.w	r3, [fp]
10003fb4:	2b00      	cmp	r3, #0
10003fb6:	f000 8083 	beq.w	100040c0 <tud_task_ext+0x1e8>
10003fba:	f89b 3000 	ldrb.w	r3, [fp]
10003fbe:	3b01      	subs	r3, #1
10003fc0:	b2db      	uxtb	r3, r3
10003fc2:	f88b 3000 	strb.w	r3, [fp]
10003fc6:	f89b 3000 	ldrb.w	r3, [fp]
10003fca:	f003 00ff 	and.w	r0, r3, #255	@ 0xff
10003fce:	2b00      	cmp	r3, #0
10003fd0:	d192      	bne.n	10003ef8 <tud_task_ext+0x20>
10003fd2:	4f70      	ldr	r7, [pc, #448]	@ (10004194 <tud_task_ext+0x2bc>)
10003fd4:	f89d 801c 	ldrb.w	r8, [sp, #28]
10003fd8:	783b      	ldrb	r3, [r7, #0]
10003fda:	f043 0301 	orr.w	r3, r3, #1
10003fde:	703b      	strb	r3, [r7, #0]
10003fe0:	f897 3034 	ldrb.w	r3, [r7, #52]	@ 0x34
10003fe4:	f360 0300 	bfi	r3, r0, #0, #1
10003fe8:	f887 3034 	strb.w	r3, [r7, #52]	@ 0x34
10003fec:	f897 3034 	ldrb.w	r3, [r7, #52]	@ 0x34
10003ff0:	f360 0382 	bfi	r3, r0, #2, #1
10003ff4:	f887 3034 	strb.w	r3, [r7, #52]	@ 0x34
10003ff8:	f897 3035 	ldrb.w	r3, [r7, #53]	@ 0x35
10003ffc:	f360 0300 	bfi	r3, r0, #0, #1
10004000:	f887 3035 	strb.w	r3, [r7, #53]	@ 0x35
10004004:	f897 3035 	ldrb.w	r3, [r7, #53]	@ 0x35
10004008:	f360 0382 	bfi	r3, r0, #2, #1
1000400c:	f887 3035 	strb.w	r3, [r7, #53]	@ 0x35
10004010:	f000 fc6a 	bl	100048e8 <usbd_control_set_complete_callback>
10004014:	f89d 3020 	ldrb.w	r3, [sp, #32]
10004018:	f003 0260 	and.w	r2, r3, #96	@ 0x60
1000401c:	2a60      	cmp	r2, #96	@ 0x60
1000401e:	d06c      	beq.n	100040fa <tud_task_ext+0x222>
10004020:	2a40      	cmp	r2, #64	@ 0x40
10004022:	d07c      	beq.n	1000411e <tud_task_ext+0x246>
10004024:	f003 031f 	and.w	r3, r3, #31
10004028:	2b01      	cmp	r3, #1
1000402a:	f000 80c1 	beq.w	100041b0 <tud_task_ext+0x2d8>
1000402e:	2b02      	cmp	r3, #2
10004030:	f000 8081 	beq.w	10004136 <tud_task_ext+0x25e>
10004034:	2b00      	cmp	r3, #0
10004036:	d160      	bne.n	100040fa <tud_task_ext+0x222>
10004038:	2a20      	cmp	r2, #32
1000403a:	f000 81e9 	beq.w	10004410 <tud_task_ext+0x538>
1000403e:	2a00      	cmp	r2, #0
10004040:	d15b      	bne.n	100040fa <tud_task_ext+0x222>
10004042:	f89d 3021 	ldrb.w	r3, [sp, #33]	@ 0x21
10004046:	2b09      	cmp	r3, #9
10004048:	d857      	bhi.n	100040fa <tud_task_ext+0x222>
1000404a:	e8df f013 	tbh	[pc, r3, lsl #1]
1000404e:	01b0      	.short	0x01b0
10004050:	005601a2 	.word	0x005601a2
10004054:	005601c1 	.word	0x005601c1
10004058:	016b0195 	.word	0x016b0195
1000405c:	01600056 	.word	0x01600056
10004060:	00f4      	.short	0x00f4
10004062:	782b      	ldrb	r3, [r5, #0]
10004064:	07d9      	lsls	r1, r3, #31
10004066:	f57f af47 	bpl.w	10003ef8 <tud_task_ext+0x20>
1000406a:	f7ff fea7 	bl	10003dbc <tud_resume_cb>
1000406e:	e743      	b.n	10003ef8 <tud_task_ext+0x20>
10004070:	78eb      	ldrb	r3, [r5, #3]
10004072:	07da      	lsls	r2, r3, #31
10004074:	f57f af40 	bpl.w	10003ef8 <tud_task_ext+0x20>
10004078:	9808      	ldr	r0, [sp, #32]
1000407a:	f7ff fe93 	bl	10003da4 <tud_sof_cb>
1000407e:	e73b      	b.n	10003ef8 <tud_task_ext+0x20>
10004080:	782b      	ldrb	r3, [r5, #0]
10004082:	07d8      	lsls	r0, r3, #31
10004084:	f57f af38 	bpl.w	10003ef8 <tud_task_ext+0x20>
10004088:	7828      	ldrb	r0, [r5, #0]
1000408a:	f3c0 00c0 	ubfx	r0, r0, #3, #1
1000408e:	f7ff fe93 	bl	10003db8 <tud_suspend_cb>
10004092:	e731      	b.n	10003ef8 <tud_task_ext+0x20>
10004094:	f89d 001c 	ldrb.w	r0, [sp, #28]
10004098:	f7ff fe3c 	bl	10003d14 <configuration_reset>
1000409c:	f000 fc1a 	bl	100048d4 <usbd_control_reset>
100040a0:	f89d 3020 	ldrb.w	r3, [sp, #32]
100040a4:	70ab      	strb	r3, [r5, #2]
100040a6:	e727      	b.n	10003ef8 <tud_task_ext+0x20>
100040a8:	f89d 001c 	ldrb.w	r0, [sp, #28]
100040ac:	f7ff fe32 	bl	10003d14 <configuration_reset>
100040b0:	f000 fc10 	bl	100048d4 <usbd_control_reset>
100040b4:	f7ff fe7e 	bl	10003db4 <tud_umount_cb>
100040b8:	e71e      	b.n	10003ef8 <tud_task_ext+0x20>
100040ba:	1c50      	adds	r0, r2, #1
100040bc:	4298      	cmp	r0, r3
100040be:	da11      	bge.n	100040e4 <tud_task_ext+0x20c>
100040c0:	f04f 23e0 	mov.w	r3, #3758153728	@ 0xe000e000
100040c4:	f8d3 3df0 	ldr.w	r3, [r3, #3568]	@ 0xdf0
100040c8:	07dc      	lsls	r4, r3, #31
100040ca:	d500      	bpl.n	100040ce <tud_task_ext+0x1f6>
100040cc:	be00      	bkpt	0x0000
100040ce:	b00b      	add	sp, #44	@ 0x2c
100040d0:	e8bd 8ff0 	ldmia.w	sp!, {r4, r5, r6, r7, r8, r9, sl, fp, pc}
100040d4:	9b09      	ldr	r3, [sp, #36]	@ 0x24
100040d6:	f89d 2021 	ldrb.w	r2, [sp, #33]	@ 0x21
100040da:	f89d 001c 	ldrb.w	r0, [sp, #28]
100040de:	f000 fc17 	bl	10004910 <usbd_control_xfer_cb>
100040e2:	e709      	b.n	10003ef8 <tud_task_ext+0x20>
100040e4:	1a9b      	subs	r3, r3, r2
100040e6:	4a2d      	ldr	r2, [pc, #180]	@ (1000419c <tud_task_ext+0x2c4>)
100040e8:	eb02 1343 	add.w	r3, r2, r3, lsl #5
100040ec:	e758      	b.n	10003fa0 <tud_task_ext+0xc8>
100040ee:	f7ff fb85 	bl	100037fc <tud_descriptor_configuration_cb>
100040f2:	4602      	mov	r2, r0
100040f4:	2800      	cmp	r0, #0
100040f6:	f040 8182 	bne.w	100043fe <tud_task_ext+0x526>
100040fa:	f04f 23e0 	mov.w	r3, #3758153728	@ 0xe000e000
100040fe:	f8d3 3df0 	ldr.w	r3, [r3, #3568]	@ 0xdf0
10004102:	07de      	lsls	r6, r3, #31
10004104:	d500      	bpl.n	10004108 <tud_task_ext+0x230>
10004106:	be00      	bkpt	0x0000
10004108:	f89d 001c 	ldrb.w	r0, [sp, #28]
1000410c:	2100      	movs	r1, #0
1000410e:	f7ff fd95 	bl	10003c3c <dcd_edpt_stall>
10004112:	2180      	movs	r1, #128	@ 0x80
10004114:	f89d 001c 	ldrb.w	r0, [sp, #28]
10004118:	f7ff fd90 	bl	10003c3c <dcd_edpt_stall>
1000411c:	e6ec      	b.n	10003ef8 <tud_task_ext+0x20>
1000411e:	4820      	ldr	r0, [pc, #128]	@ (100041a0 <tud_task_ext+0x2c8>)
10004120:	f000 fbe2 	bl	100048e8 <usbd_control_set_complete_callback>
10004124:	2101      	movs	r1, #1
10004126:	4640      	mov	r0, r8
10004128:	aa08      	add	r2, sp, #32
1000412a:	f7ff f92b 	bl	10003384 <tud_vendor_control_xfer_cb>
1000412e:	2800      	cmp	r0, #0
10004130:	f47f aee2 	bne.w	10003ef8 <tud_task_ext+0x20>
10004134:	e7e8      	b.n	10004108 <tud_task_ext+0x230>
10004136:	f89d 1024 	ldrb.w	r1, [sp, #36]	@ 0x24
1000413a:	f011 0f70 	tst.w	r1, #112	@ 0x70
1000413e:	d1dc      	bne.n	100040fa <tud_task_ext+0x222>
10004140:	f001 067f 	and.w	r6, r1, #127	@ 0x7f
10004144:	eb07 0046 	add.w	r0, r7, r6, lsl #1
10004148:	4b16      	ldr	r3, [pc, #88]	@ (100041a4 <tud_task_ext+0x2cc>)
1000414a:	eb00 10d1 	add.w	r0, r0, r1, lsr #7
1000414e:	781b      	ldrb	r3, [r3, #0]
10004150:	7d00      	ldrb	r0, [r0, #20]
10004152:	0076      	lsls	r6, r6, #1
10004154:	9601      	str	r6, [sp, #4]
10004156:	4298      	cmp	r0, r3
10004158:	ea4f 16d1 	mov.w	r6, r1, lsr #7
1000415c:	9600      	str	r6, [sp, #0]
1000415e:	d359      	bcc.n	10004214 <tud_task_ext+0x33c>
10004160:	1c5e      	adds	r6, r3, #1
10004162:	4286      	cmp	r6, r0
10004164:	f2c0 8166 	blt.w	10004434 <tud_task_ext+0x55c>
10004168:	1ac0      	subs	r0, r0, r3
1000416a:	4b0c      	ldr	r3, [pc, #48]	@ (1000419c <tud_task_ext+0x2c4>)
1000416c:	eb03 1640 	add.w	r6, r3, r0, lsl #5
10004170:	2a00      	cmp	r2, #0
10004172:	f000 8163 	beq.w	1000443c <tud_task_ext+0x564>
10004176:	6970      	ldr	r0, [r6, #20]
10004178:	f000 fbb6 	bl	100048e8 <usbd_control_set_complete_callback>
1000417c:	2101      	movs	r1, #1
1000417e:	4640      	mov	r0, r8
10004180:	6973      	ldr	r3, [r6, #20]
10004182:	aa08      	add	r2, sp, #32
10004184:	4798      	blx	r3
10004186:	2800      	cmp	r0, #0
10004188:	f47f aeb6 	bne.w	10003ef8 <tud_task_ext+0x20>
1000418c:	e7bc      	b.n	10004108 <tud_task_ext+0x230>
1000418e:	bf00      	nop
10004190:	20001740 	.word	0x20001740
10004194:	200016e8 	.word	0x200016e8
10004198:	200015e0 	.word	0x200015e0
1000419c:	100060dc 	.word	0x100060dc
100041a0:	10003385 	.word	0x10003385
100041a4:	20001f95 	.word	0x20001f95
100041a8:	200011d0 	.word	0x200011d0
100041ac:	20001f97 	.word	0x20001f97
100041b0:	f89d 3024 	ldrb.w	r3, [sp, #36]	@ 0x24
100041b4:	2b0f      	cmp	r3, #15
100041b6:	d8a7      	bhi.n	10004108 <tud_task_ext+0x230>
100041b8:	4aae      	ldr	r2, [pc, #696]	@ (10004474 <tud_task_ext+0x59c>)
100041ba:	443b      	add	r3, r7
100041bc:	791b      	ldrb	r3, [r3, #4]
100041be:	7812      	ldrb	r2, [r2, #0]
100041c0:	4293      	cmp	r3, r2
100041c2:	d332      	bcc.n	1000422a <tud_task_ext+0x352>
100041c4:	1c51      	adds	r1, r2, #1
100041c6:	4299      	cmp	r1, r3
100041c8:	db9e      	blt.n	10004108 <tud_task_ext+0x230>
100041ca:	4eab      	ldr	r6, [pc, #684]	@ (10004478 <tud_task_ext+0x5a0>)
100041cc:	1a9b      	subs	r3, r3, r2
100041ce:	eb06 1643 	add.w	r6, r6, r3, lsl #5
100041d2:	6970      	ldr	r0, [r6, #20]
100041d4:	f000 fb88 	bl	100048e8 <usbd_control_set_complete_callback>
100041d8:	2101      	movs	r1, #1
100041da:	4640      	mov	r0, r8
100041dc:	6973      	ldr	r3, [r6, #20]
100041de:	aa08      	add	r2, sp, #32
100041e0:	4798      	blx	r3
100041e2:	2800      	cmp	r0, #0
100041e4:	f47f ae88 	bne.w	10003ef8 <tud_task_ext+0x20>
100041e8:	f89d 3020 	ldrb.w	r3, [sp, #32]
100041ec:	f013 0660 	ands.w	r6, r3, #96	@ 0x60
100041f0:	d18a      	bne.n	10004108 <tud_task_ext+0x230>
100041f2:	f89d 3021 	ldrb.w	r3, [sp, #33]	@ 0x21
100041f6:	3b0a      	subs	r3, #10
100041f8:	2b01      	cmp	r3, #1
100041fa:	d885      	bhi.n	10004108 <tud_task_ext+0x230>
100041fc:	f000 fb74 	bl	100048e8 <usbd_control_set_complete_callback>
10004200:	f89d 3021 	ldrb.w	r3, [sp, #33]	@ 0x21
10004204:	2b0a      	cmp	r3, #10
10004206:	f000 81f2 	beq.w	100045ee <tud_task_ext+0x716>
1000420a:	4640      	mov	r0, r8
1000420c:	a908      	add	r1, sp, #32
1000420e:	f000 faf1 	bl	100047f4 <tud_control_status>
10004212:	e671      	b.n	10003ef8 <tud_task_ext+0x20>
10004214:	4b99      	ldr	r3, [pc, #612]	@ (1000447c <tud_task_ext+0x5a4>)
10004216:	681b      	ldr	r3, [r3, #0]
10004218:	eb03 1640 	add.w	r6, r3, r0, lsl #5
1000421c:	2a00      	cmp	r2, #0
1000421e:	f000 810d 	beq.w	1000443c <tud_task_ext+0x564>
10004222:	2e00      	cmp	r6, #0
10004224:	f43f af70 	beq.w	10004108 <tud_task_ext+0x230>
10004228:	e7a5      	b.n	10004176 <tud_task_ext+0x29e>
1000422a:	4a94      	ldr	r2, [pc, #592]	@ (1000447c <tud_task_ext+0x5a4>)
1000422c:	6816      	ldr	r6, [r2, #0]
1000422e:	eb16 1643 	adds.w	r6, r6, r3, lsl #5
10004232:	d1ce      	bne.n	100041d2 <tud_task_ext+0x2fa>
10004234:	e768      	b.n	10004108 <tud_task_ext+0x230>
10004236:	787b      	ldrb	r3, [r7, #1]
10004238:	f89d 6022 	ldrb.w	r6, [sp, #34]	@ 0x22
1000423c:	429e      	cmp	r6, r3
1000423e:	f000 814f 	beq.w	100044e0 <tud_task_ext+0x608>
10004242:	787b      	ldrb	r3, [r7, #1]
10004244:	2b00      	cmp	r3, #0
10004246:	f040 81be 	bne.w	100045c6 <tud_task_ext+0x6ee>
1000424a:	707e      	strb	r6, [r7, #1]
1000424c:	2e00      	cmp	r6, #0
1000424e:	f000 8145 	beq.w	100044dc <tud_task_ext+0x604>
10004252:	1e70      	subs	r0, r6, #1
10004254:	b2c0      	uxtb	r0, r0
10004256:	f7ff fad1 	bl	100037fc <tud_descriptor_configuration_cb>
1000425a:	4603      	mov	r3, r0
1000425c:	2800      	cmp	r0, #0
1000425e:	f000 815f 	beq.w	10004520 <tud_task_ext+0x648>
10004262:	7842      	ldrb	r2, [r0, #1]
10004264:	2a02      	cmp	r2, #2
10004266:	f040 815b 	bne.w	10004520 <tud_task_ext+0x648>
1000426a:	79c1      	ldrb	r1, [r0, #7]
1000426c:	f103 0609 	add.w	r6, r3, #9
10004270:	f3c1 1240 	ubfx	r2, r1, #5, #1
10004274:	0112      	lsls	r2, r2, #4
10004276:	f3c1 1180 	ubfx	r1, r1, #6, #1
1000427a:	ea42 1241 	orr.w	r2, r2, r1, lsl #5
1000427e:	4631      	mov	r1, r6
10004280:	7838      	ldrb	r0, [r7, #0]
10004282:	f020 0030 	bic.w	r0, r0, #48	@ 0x30
10004286:	4302      	orrs	r2, r0
10004288:	703a      	strb	r2, [r7, #0]
1000428a:	885a      	ldrh	r2, [r3, #2]
1000428c:	f8cd 800c 	str.w	r8, [sp, #12]
10004290:	189a      	adds	r2, r3, r2
10004292:	9201      	str	r2, [sp, #4]
10004294:	9b01      	ldr	r3, [sp, #4]
10004296:	428b      	cmp	r3, r1
10004298:	f240 81a4 	bls.w	100045e4 <tud_task_ext+0x70c>
1000429c:	784a      	ldrb	r2, [r1, #1]
1000429e:	2a0b      	cmp	r2, #11
100042a0:	f000 81af 	beq.w	10004602 <tud_task_ext+0x72a>
100042a4:	2301      	movs	r3, #1
100042a6:	2a04      	cmp	r2, #4
100042a8:	f040 813a 	bne.w	10004520 <tud_task_ext+0x648>
100042ac:	2600      	movs	r6, #0
100042ae:	9a01      	ldr	r2, [sp, #4]
100042b0:	9600      	str	r6, [sp, #0]
100042b2:	1a52      	subs	r2, r2, r1
100042b4:	b292      	uxth	r2, r2
100042b6:	9202      	str	r2, [sp, #8]
100042b8:	4a6e      	ldr	r2, [pc, #440]	@ (10004474 <tud_task_ext+0x59c>)
100042ba:	9304      	str	r3, [sp, #16]
100042bc:	7812      	ldrb	r2, [r2, #0]
100042be:	e01d      	b.n	100042fc <tud_task_ext+0x424>
100042c0:	4b6e      	ldr	r3, [pc, #440]	@ (1000447c <tud_task_ext+0x5a4>)
100042c2:	681b      	ldr	r3, [r3, #0]
100042c4:	eb13 1846 	adds.w	r8, r3, r6, lsl #5
100042c8:	f000 812a 	beq.w	10004520 <tud_task_ext+0x648>
100042cc:	9a02      	ldr	r2, [sp, #8]
100042ce:	f8d8 3010 	ldr.w	r3, [r8, #16]
100042d2:	9803      	ldr	r0, [sp, #12]
100042d4:	9105      	str	r1, [sp, #20]
100042d6:	4798      	blx	r3
100042d8:	2808      	cmp	r0, #8
100042da:	4602      	mov	r2, r0
100042dc:	9905      	ldr	r1, [sp, #20]
100042de:	f106 0301 	add.w	r3, r6, #1
100042e2:	d903      	bls.n	100042ec <tud_task_ext+0x414>
100042e4:	9802      	ldr	r0, [sp, #8]
100042e6:	4290      	cmp	r0, r2
100042e8:	f080 80ff 	bcs.w	100044ea <tud_task_ext+0x612>
100042ec:	b2de      	uxtb	r6, r3
100042ee:	4b61      	ldr	r3, [pc, #388]	@ (10004474 <tud_task_ext+0x59c>)
100042f0:	9600      	str	r6, [sp, #0]
100042f2:	781a      	ldrb	r2, [r3, #0]
100042f4:	1c53      	adds	r3, r2, #1
100042f6:	429e      	cmp	r6, r3
100042f8:	f300 8112 	bgt.w	10004520 <tud_task_ext+0x648>
100042fc:	9b00      	ldr	r3, [sp, #0]
100042fe:	42b2      	cmp	r2, r6
10004300:	eba3 0202 	sub.w	r2, r3, r2
10004304:	d8dc      	bhi.n	100042c0 <tud_task_ext+0x3e8>
10004306:	4b5c      	ldr	r3, [pc, #368]	@ (10004478 <tud_task_ext+0x5a0>)
10004308:	eb03 1842 	add.w	r8, r3, r2, lsl #5
1000430c:	e7de      	b.n	100042cc <tud_task_ext+0x3f4>
1000430e:	787b      	ldrb	r3, [r7, #1]
10004310:	4640      	mov	r0, r8
10004312:	f88d 301a 	strb.w	r3, [sp, #26]
10004316:	f10d 021a 	add.w	r2, sp, #26
1000431a:	2301      	movs	r3, #1
1000431c:	a908      	add	r1, sp, #32
1000431e:	f000 fa83 	bl	10004828 <tud_control_xfer>
10004322:	e5e9      	b.n	10003ef8 <tud_task_ext+0x20>
10004324:	f8bd 0022 	ldrh.w	r0, [sp, #34]	@ 0x22
10004328:	0a03      	lsrs	r3, r0, #8
1000432a:	3b01      	subs	r3, #1
1000432c:	0a02      	lsrs	r2, r0, #8
1000432e:	b2c0      	uxtb	r0, r0
10004330:	2b0e      	cmp	r3, #14
10004332:	f63f aee9 	bhi.w	10004108 <tud_task_ext+0x230>
10004336:	a101      	add	r1, pc, #4	@ (adr r1, 1000433c <tud_task_ext+0x464>)
10004338:	f851 f023 	ldr.w	pc, [r1, r3, lsl #2]
1000433c:	10004551 	.word	0x10004551
10004340:	100043ed 	.word	0x100043ed
10004344:	1000458d 	.word	0x1000458d
10004348:	10004109 	.word	0x10004109
1000434c:	10004109 	.word	0x10004109
10004350:	1000456f 	.word	0x1000456f
10004354:	100043ed 	.word	0x100043ed
10004358:	10004109 	.word	0x10004109
1000435c:	10004109 	.word	0x10004109
10004360:	10004109 	.word	0x10004109
10004364:	10004109 	.word	0x10004109
10004368:	10004109 	.word	0x10004109
1000436c:	10004109 	.word	0x10004109
10004370:	10004109 	.word	0x10004109
10004374:	10004543 	.word	0x10004543
10004378:	a808      	add	r0, sp, #32
1000437a:	f000 fabb 	bl	100048f4 <usbd_control_set_request>
1000437e:	4640      	mov	r0, r8
10004380:	f89d 1022 	ldrb.w	r1, [sp, #34]	@ 0x22
10004384:	f7ff fb9c 	bl	10003ac0 <dcd_set_address>
10004388:	783b      	ldrb	r3, [r7, #0]
1000438a:	f043 0302 	orr.w	r3, r3, #2
1000438e:	703b      	strb	r3, [r7, #0]
10004390:	e5b2      	b.n	10003ef8 <tud_task_ext+0x20>
10004392:	f8bd 3022 	ldrh.w	r3, [sp, #34]	@ 0x22
10004396:	2b01      	cmp	r3, #1
10004398:	f47f aeb6 	bne.w	10004108 <tud_task_ext+0x230>
1000439c:	783b      	ldrb	r3, [r7, #0]
1000439e:	4640      	mov	r0, r8
100043a0:	f023 0308 	bic.w	r3, r3, #8
100043a4:	a908      	add	r1, sp, #32
100043a6:	703b      	strb	r3, [r7, #0]
100043a8:	f000 fa24 	bl	100047f4 <tud_control_status>
100043ac:	e5a4      	b.n	10003ef8 <tud_task_ext+0x20>
100043ae:	4640      	mov	r0, r8
100043b0:	783b      	ldrb	r3, [r7, #0]
100043b2:	089a      	lsrs	r2, r3, #2
100043b4:	f002 0202 	and.w	r2, r2, #2
100043b8:	f3c3 1340 	ubfx	r3, r3, #5, #1
100043bc:	4313      	orrs	r3, r2
100043be:	f8ad 301a 	strh.w	r3, [sp, #26]
100043c2:	f10d 021a 	add.w	r2, sp, #26
100043c6:	2302      	movs	r3, #2
100043c8:	a908      	add	r1, sp, #32
100043ca:	f000 fa2d 	bl	10004828 <tud_control_xfer>
100043ce:	e593      	b.n	10003ef8 <tud_task_ext+0x20>
100043d0:	f8bd 3022 	ldrh.w	r3, [sp, #34]	@ 0x22
100043d4:	2b01      	cmp	r3, #1
100043d6:	f47f ae97 	bne.w	10004108 <tud_task_ext+0x230>
100043da:	783b      	ldrb	r3, [r7, #0]
100043dc:	4640      	mov	r0, r8
100043de:	f043 0308 	orr.w	r3, r3, #8
100043e2:	a908      	add	r1, sp, #32
100043e4:	703b      	strb	r3, [r7, #0]
100043e6:	f000 fa05 	bl	100047f4 <tud_control_status>
100043ea:	e585      	b.n	10003ef8 <tud_task_ext+0x20>
100043ec:	2a02      	cmp	r2, #2
100043ee:	f43f ae7e 	beq.w	100040ee <tud_task_ext+0x216>
100043f2:	f7ff fcdb 	bl	10003dac <tud_descriptor_other_speed_configuration_cb>
100043f6:	4602      	mov	r2, r0
100043f8:	2800      	cmp	r0, #0
100043fa:	f43f ae85 	beq.w	10004108 <tud_task_ext+0x230>
100043fe:	4640      	mov	r0, r8
10004400:	8853      	ldrh	r3, [r2, #2]
10004402:	a908      	add	r1, sp, #32
10004404:	f000 fa10 	bl	10004828 <tud_control_xfer>
10004408:	2800      	cmp	r0, #0
1000440a:	f47f ad75 	bne.w	10003ef8 <tud_task_ext+0x20>
1000440e:	e67b      	b.n	10004108 <tud_task_ext+0x230>
10004410:	f89d 3024 	ldrb.w	r3, [sp, #36]	@ 0x24
10004414:	2b0f      	cmp	r3, #15
10004416:	f63f ae77 	bhi.w	10004108 <tud_task_ext+0x230>
1000441a:	4a16      	ldr	r2, [pc, #88]	@ (10004474 <tud_task_ext+0x59c>)
1000441c:	443b      	add	r3, r7
1000441e:	791b      	ldrb	r3, [r3, #4]
10004420:	7812      	ldrb	r2, [r2, #0]
10004422:	4293      	cmp	r3, r2
10004424:	d21d      	bcs.n	10004462 <tud_task_ext+0x58a>
10004426:	4a15      	ldr	r2, [pc, #84]	@ (1000447c <tud_task_ext+0x5a4>)
10004428:	6816      	ldr	r6, [r2, #0]
1000442a:	eb16 1643 	adds.w	r6, r6, r3, lsl #5
1000442e:	f47f aea2 	bne.w	10004176 <tud_task_ext+0x29e>
10004432:	e669      	b.n	10004108 <tud_task_ext+0x230>
10004434:	2a00      	cmp	r2, #0
10004436:	f47f ae67 	bne.w	10004108 <tud_task_ext+0x230>
1000443a:	2600      	movs	r6, #0
1000443c:	f89d 2021 	ldrb.w	r2, [sp, #33]	@ 0x21
10004440:	f002 03fd 	and.w	r3, r2, #253	@ 0xfd
10004444:	2b01      	cmp	r3, #1
10004446:	d01b      	beq.n	10004480 <tud_task_ext+0x5a8>
10004448:	2a00      	cmp	r2, #0
1000444a:	f47f ae56 	bne.w	100040fa <tud_task_ext+0x222>
1000444e:	9b01      	ldr	r3, [sp, #4]
10004450:	9a00      	ldr	r2, [sp, #0]
10004452:	443b      	add	r3, r7
10004454:	4413      	add	r3, r2
10004456:	f893 3034 	ldrb.w	r3, [r3, #52]	@ 0x34
1000445a:	4640      	mov	r0, r8
1000445c:	f3c3 0340 	ubfx	r3, r3, #1, #1
10004460:	e7ad      	b.n	100043be <tud_task_ext+0x4e6>
10004462:	1c51      	adds	r1, r2, #1
10004464:	4299      	cmp	r1, r3
10004466:	f6ff ae4f 	blt.w	10004108 <tud_task_ext+0x230>
1000446a:	4e03      	ldr	r6, [pc, #12]	@ (10004478 <tud_task_ext+0x5a0>)
1000446c:	1a9b      	subs	r3, r3, r2
1000446e:	eb06 1643 	add.w	r6, r6, r3, lsl #5
10004472:	e680      	b.n	10004176 <tud_task_ext+0x29e>
10004474:	20001f95 	.word	0x20001f95
10004478:	100060dc 	.word	0x100060dc
1000447c:	200015e0 	.word	0x200015e0
10004480:	f8bd 3022 	ldrh.w	r3, [sp, #34]	@ 0x22
10004484:	b9b3      	cbnz	r3, 100044b4 <tud_task_ext+0x5dc>
10004486:	2a01      	cmp	r2, #1
10004488:	f899 0000 	ldrb.w	r0, [r9]
1000448c:	f000 8086 	beq.w	1000459c <tud_task_ext+0x6c4>
10004490:	f7ff fbd4 	bl	10003c3c <dcd_edpt_stall>
10004494:	9b01      	ldr	r3, [sp, #4]
10004496:	9a00      	ldr	r2, [sp, #0]
10004498:	443b      	add	r3, r7
1000449a:	4413      	add	r3, r2
1000449c:	f893 2034 	ldrb.w	r2, [r3, #52]	@ 0x34
100044a0:	f042 0202 	orr.w	r2, r2, #2
100044a4:	f883 2034 	strb.w	r2, [r3, #52]	@ 0x34
100044a8:	f893 2034 	ldrb.w	r2, [r3, #52]	@ 0x34
100044ac:	f042 0201 	orr.w	r2, r2, #1
100044b0:	f883 2034 	strb.w	r2, [r3, #52]	@ 0x34
100044b4:	2e00      	cmp	r6, #0
100044b6:	f43f ad1f 	beq.w	10003ef8 <tud_task_ext+0x20>
100044ba:	6970      	ldr	r0, [r6, #20]
100044bc:	f000 fa14 	bl	100048e8 <usbd_control_set_complete_callback>
100044c0:	6973      	ldr	r3, [r6, #20]
100044c2:	2101      	movs	r1, #1
100044c4:	aa08      	add	r2, sp, #32
100044c6:	4640      	mov	r0, r8
100044c8:	4798      	blx	r3
100044ca:	2000      	movs	r0, #0
100044cc:	f000 fa0c 	bl	100048e8 <usbd_control_set_complete_callback>
100044d0:	f897 3035 	ldrb.w	r3, [r7, #53]	@ 0x35
100044d4:	07df      	lsls	r7, r3, #31
100044d6:	f53f ad0f 	bmi.w	10003ef8 <tud_task_ext+0x20>
100044da:	e696      	b.n	1000420a <tud_task_ext+0x332>
100044dc:	f7ff fc6a 	bl	10003db4 <tud_umount_cb>
100044e0:	4640      	mov	r0, r8
100044e2:	a908      	add	r1, sp, #32
100044e4:	f000 f986 	bl	100047f4 <tud_control_status>
100044e8:	e506      	b.n	10003ef8 <tud_task_ext+0x20>
100044ea:	9b04      	ldr	r3, [sp, #16]
100044ec:	2b01      	cmp	r3, #1
100044ee:	f000 809e 	beq.w	1000462e <tud_task_ext+0x756>
100044f2:	2b00      	cmp	r3, #0
100044f4:	f000 808a 	beq.w	1000460c <tud_task_ext+0x734>
100044f8:	2000      	movs	r0, #0
100044fa:	f891 8002 	ldrb.w	r8, [r1, #2]
100044fe:	e005      	b.n	1000450c <tud_task_ext+0x634>
10004500:	f88c 6004 	strb.w	r6, [ip, #4]
10004504:	fa5f fc80 	uxtb.w	ip, r0
10004508:	4563      	cmp	r3, ip
1000450a:	d97f      	bls.n	1000460c <tud_task_ext+0x734>
1000450c:	eb08 0c00 	add.w	ip, r8, r0
10004510:	fa57 fc8c 	uxtab	ip, r7, ip
10004514:	f89c e004 	ldrb.w	lr, [ip, #4]
10004518:	3001      	adds	r0, #1
1000451a:	f1be 0fff 	cmp.w	lr, #255	@ 0xff
1000451e:	d0ef      	beq.n	10004500 <tud_task_ext+0x628>
10004520:	f04f 23e0 	mov.w	r3, #3758153728	@ 0xe000e000
10004524:	f8d3 3df0 	ldr.w	r3, [r3, #3568]	@ 0xdf0
10004528:	07da      	lsls	r2, r3, #31
1000452a:	d500      	bpl.n	1000452e <tud_task_ext+0x656>
1000452c:	be00      	bkpt	0x0000
1000452e:	f04f 23e0 	mov.w	r3, #3758153728	@ 0xe000e000
10004532:	f8d3 3df0 	ldr.w	r3, [r3, #3568]	@ 0xdf0
10004536:	07db      	lsls	r3, r3, #31
10004538:	d500      	bpl.n	1000453c <tud_task_ext+0x664>
1000453a:	be00      	bkpt	0x0000
1000453c:	2300      	movs	r3, #0
1000453e:	707b      	strb	r3, [r7, #1]
10004540:	e5e2      	b.n	10004108 <tud_task_ext+0x230>
10004542:	f7fe ff1b 	bl	1000337c <tud_descriptor_bos_cb>
10004546:	4602      	mov	r2, r0
10004548:	2800      	cmp	r0, #0
1000454a:	f47f af58 	bne.w	100043fe <tud_task_ext+0x526>
1000454e:	e5db      	b.n	10004108 <tud_task_ext+0x230>
10004550:	f7ff f950 	bl	100037f4 <tud_descriptor_device_cb>
10004554:	4602      	mov	r2, r0
10004556:	2800      	cmp	r0, #0
10004558:	f43f adcf 	beq.w	100040fa <tud_task_ext+0x222>
1000455c:	4640      	mov	r0, r8
1000455e:	2312      	movs	r3, #18
10004560:	a908      	add	r1, sp, #32
10004562:	f000 f961 	bl	10004828 <tud_control_xfer>
10004566:	2800      	cmp	r0, #0
10004568:	f47f acc6 	bne.w	10003ef8 <tud_task_ext+0x20>
1000456c:	e5cc      	b.n	10004108 <tud_task_ext+0x230>
1000456e:	f7ff fc1b 	bl	10003da8 <tud_descriptor_device_qualifier_cb>
10004572:	4602      	mov	r2, r0
10004574:	2800      	cmp	r0, #0
10004576:	f43f adc7 	beq.w	10004108 <tud_task_ext+0x230>
1000457a:	4640      	mov	r0, r8
1000457c:	7813      	ldrb	r3, [r2, #0]
1000457e:	a908      	add	r1, sp, #32
10004580:	f000 f952 	bl	10004828 <tud_control_xfer>
10004584:	2800      	cmp	r0, #0
10004586:	f47f acb7 	bne.w	10003ef8 <tud_task_ext+0x20>
1000458a:	e5bd      	b.n	10004108 <tud_task_ext+0x230>
1000458c:	f8bd 1024 	ldrh.w	r1, [sp, #36]	@ 0x24
10004590:	f7ff f938 	bl	10003804 <tud_descriptor_string_cb>
10004594:	4602      	mov	r2, r0
10004596:	2800      	cmp	r0, #0
10004598:	d1ef      	bne.n	1000457a <tud_task_ext+0x6a2>
1000459a:	e5b5      	b.n	10004108 <tud_task_ext+0x230>
1000459c:	9302      	str	r3, [sp, #8]
1000459e:	f7ff fb63 	bl	10003c68 <dcd_edpt_clear_stall>
100045a2:	9a01      	ldr	r2, [sp, #4]
100045a4:	9b00      	ldr	r3, [sp, #0]
100045a6:	443a      	add	r2, r7
100045a8:	441a      	add	r2, r3
100045aa:	f892 1034 	ldrb.w	r1, [r2, #52]	@ 0x34
100045ae:	9b02      	ldr	r3, [sp, #8]
100045b0:	f363 0141 	bfi	r1, r3, #1, #1
100045b4:	f882 1034 	strb.w	r1, [r2, #52]	@ 0x34
100045b8:	f892 1034 	ldrb.w	r1, [r2, #52]	@ 0x34
100045bc:	f363 0100 	bfi	r1, r3, #0, #1
100045c0:	f882 1034 	strb.w	r1, [r2, #52]	@ 0x34
100045c4:	e776      	b.n	100044b4 <tud_task_ext+0x5dc>
100045c6:	2100      	movs	r1, #0
100045c8:	4640      	mov	r0, r8
100045ca:	f7ff fa81 	bl	10003ad0 <dcd_sof_enable>
100045ce:	4640      	mov	r0, r8
100045d0:	f7ff fb1e 	bl	10003c10 <dcd_edpt_close_all>
100045d4:	78bb      	ldrb	r3, [r7, #2]
100045d6:	4640      	mov	r0, r8
100045d8:	9300      	str	r3, [sp, #0]
100045da:	f7ff fb9b 	bl	10003d14 <configuration_reset>
100045de:	9b00      	ldr	r3, [sp, #0]
100045e0:	70bb      	strb	r3, [r7, #2]
100045e2:	e632      	b.n	1000424a <tud_task_ext+0x372>
100045e4:	f8dd 800c 	ldr.w	r8, [sp, #12]
100045e8:	f7ff fbe2 	bl	10003db0 <tud_mount_cb>
100045ec:	e778      	b.n	100044e0 <tud_task_ext+0x608>
100045ee:	4640      	mov	r0, r8
100045f0:	2301      	movs	r3, #1
100045f2:	a908      	add	r1, sp, #32
100045f4:	f10d 021a 	add.w	r2, sp, #26
100045f8:	f88d 601a 	strb.w	r6, [sp, #26]
100045fc:	f000 f914 	bl	10004828 <tud_control_xfer>
10004600:	e47a      	b.n	10003ef8 <tud_task_ext+0x20>
10004602:	780a      	ldrb	r2, [r1, #0]
10004604:	78cb      	ldrb	r3, [r1, #3]
10004606:	4411      	add	r1, r2
10004608:	784a      	ldrb	r2, [r1, #1]
1000460a:	e64c      	b.n	100042a6 <tud_task_ext+0x3ce>
1000460c:	4633      	mov	r3, r6
1000460e:	4810      	ldr	r0, [pc, #64]	@ (10004650 <tud_task_ext+0x778>)
10004610:	9204      	str	r2, [sp, #16]
10004612:	9102      	str	r1, [sp, #8]
10004614:	f000 fe7c 	bl	10005310 <tu_edpt_bind_driver>
10004618:	4b0e      	ldr	r3, [pc, #56]	@ (10004654 <tud_task_ext+0x77c>)
1000461a:	9a04      	ldr	r2, [sp, #16]
1000461c:	9902      	ldr	r1, [sp, #8]
1000461e:	781b      	ldrb	r3, [r3, #0]
10004620:	4411      	add	r1, r2
10004622:	9a00      	ldr	r2, [sp, #0]
10004624:	3301      	adds	r3, #1
10004626:	4293      	cmp	r3, r2
10004628:	f6bf ae34 	bge.w	10004294 <tud_task_ext+0x3bc>
1000462c:	e778      	b.n	10004520 <tud_task_ext+0x648>
1000462e:	f8d8 c010 	ldr.w	ip, [r8, #16]
10004632:	4809      	ldr	r0, [pc, #36]	@ (10004658 <tud_task_ext+0x780>)
10004634:	4584      	cmp	ip, r0
10004636:	bf08      	it	eq
10004638:	2302      	moveq	r3, #2
1000463a:	e75d      	b.n	100044f8 <tud_task_ext+0x620>
1000463c:	f04f 23e0 	mov.w	r3, #3758153728	@ 0xe000e000
10004640:	f8d3 3df0 	ldr.w	r3, [r3, #3568]	@ 0xdf0
10004644:	07db      	lsls	r3, r3, #31
10004646:	f57f ac57 	bpl.w	10003ef8 <tud_task_ext+0x20>
1000464a:	be00      	bkpt	0x0000
1000464c:	e454      	b.n	10003ef8 <tud_task_ext+0x20>
1000464e:	bf00      	nop
10004650:	200016fc 	.word	0x200016fc
10004654:	20001f95 	.word	0x20001f95
10004658:	10004d21 	.word	0x10004d21

1000465c <usbd_open_edpt_pair>:
1000465c:	e92d 4ff8 	stmdb	sp!, {r3, r4, r5, r6, r7, r8, r9, sl, fp, lr}
10004660:	f8dd 8028 	ldr.w	r8, [sp, #40]	@ 0x28
10004664:	2a00      	cmp	r2, #0
10004666:	d03f      	beq.n	100046e8 <usbd_open_edpt_pair+0x8c>
10004668:	460c      	mov	r4, r1
1000466a:	461e      	mov	r6, r3
1000466c:	4615      	mov	r5, r2
1000466e:	f04f 0b00 	mov.w	fp, #0
10004672:	4f1f      	ldr	r7, [pc, #124]	@ (100046f0 <usbd_open_edpt_pair+0x94>)
10004674:	f8df 907c 	ldr.w	r9, [pc, #124]	@ 100046f4 <usbd_open_edpt_pair+0x98>
10004678:	e017      	b.n	100046aa <usbd_open_edpt_pair+0x4e>
1000467a:	4620      	mov	r0, r4
1000467c:	f899 1002 	ldrb.w	r1, [r9, #2]
10004680:	f000 fe14 	bl	100052ac <tu_edpt_validate>
10004684:	b1f8      	cbz	r0, 100046c6 <usbd_open_edpt_pair+0x6a>
10004686:	4621      	mov	r1, r4
10004688:	4650      	mov	r0, sl
1000468a:	f7ff fa3d 	bl	10003b08 <dcd_edpt_open>
1000468e:	b308      	cbz	r0, 100046d4 <usbd_open_edpt_pair+0x78>
10004690:	78a3      	ldrb	r3, [r4, #2]
10004692:	f10b 0b01 	add.w	fp, fp, #1
10004696:	09da      	lsrs	r2, r3, #7
10004698:	bf16      	itet	ne
1000469a:	9a0b      	ldrne	r2, [sp, #44]	@ 0x2c
1000469c:	f888 3000 	strbeq.w	r3, [r8]
100046a0:	7013      	strbne	r3, [r2, #0]
100046a2:	7823      	ldrb	r3, [r4, #0]
100046a4:	45ab      	cmp	fp, r5
100046a6:	441c      	add	r4, r3
100046a8:	d01e      	beq.n	100046e8 <usbd_open_edpt_pair+0x8c>
100046aa:	7863      	ldrb	r3, [r4, #1]
100046ac:	2b05      	cmp	r3, #5
100046ae:	d111      	bne.n	100046d4 <usbd_open_edpt_pair+0x78>
100046b0:	78e1      	ldrb	r1, [r4, #3]
100046b2:	f001 0103 	and.w	r1, r1, #3
100046b6:	42b1      	cmp	r1, r6
100046b8:	d10c      	bne.n	100046d4 <usbd_open_edpt_pair+0x78>
100046ba:	78a3      	ldrb	r3, [r4, #2]
100046bc:	f897 a000 	ldrb.w	sl, [r7]
100046c0:	f013 0f70 	tst.w	r3, #112	@ 0x70
100046c4:	d0d9      	beq.n	1000467a <usbd_open_edpt_pair+0x1e>
100046c6:	f04f 23e0 	mov.w	r3, #3758153728	@ 0xe000e000
100046ca:	f8d3 3df0 	ldr.w	r3, [r3, #3568]	@ 0xdf0
100046ce:	07da      	lsls	r2, r3, #31
100046d0:	d500      	bpl.n	100046d4 <usbd_open_edpt_pair+0x78>
100046d2:	be00      	bkpt	0x0000
100046d4:	f04f 23e0 	mov.w	r3, #3758153728	@ 0xe000e000
100046d8:	f8d3 3df0 	ldr.w	r3, [r3, #3568]	@ 0xdf0
100046dc:	07db      	lsls	r3, r3, #31
100046de:	d500      	bpl.n	100046e2 <usbd_open_edpt_pair+0x86>
100046e0:	be00      	bkpt	0x0000
100046e2:	2000      	movs	r0, #0
100046e4:	e8bd 8ff8 	ldmia.w	sp!, {r3, r4, r5, r6, r7, r8, r9, sl, fp, pc}
100046e8:	2001      	movs	r0, #1
100046ea:	e8bd 8ff8 	ldmia.w	sp!, {r3, r4, r5, r6, r7, r8, r9, sl, fp, pc}
100046ee:	bf00      	nop
100046f0:	200011d0 	.word	0x200011d0
100046f4:	200016e8 	.word	0x200016e8

100046f8 <usbd_edpt_open>:
100046f8:	b538      	push	{r3, r4, r5, lr}
100046fa:	4b0e      	ldr	r3, [pc, #56]	@ (10004734 <usbd_edpt_open+0x3c>)
100046fc:	781d      	ldrb	r5, [r3, #0]
100046fe:	788b      	ldrb	r3, [r1, #2]
10004700:	f013 0f70 	tst.w	r3, #112	@ 0x70
10004704:	d008      	beq.n	10004718 <usbd_edpt_open+0x20>
10004706:	f04f 23e0 	mov.w	r3, #3758153728	@ 0xe000e000
1000470a:	f8d3 3df0 	ldr.w	r3, [r3, #3568]	@ 0xdf0
1000470e:	07db      	lsls	r3, r3, #31
10004710:	d500      	bpl.n	10004714 <usbd_edpt_open+0x1c>
10004712:	be00      	bkpt	0x0000
10004714:	2000      	movs	r0, #0
10004716:	bd38      	pop	{r3, r4, r5, pc}
10004718:	4b07      	ldr	r3, [pc, #28]	@ (10004738 <usbd_edpt_open+0x40>)
1000471a:	460c      	mov	r4, r1
1000471c:	4608      	mov	r0, r1
1000471e:	7899      	ldrb	r1, [r3, #2]
10004720:	f000 fdc4 	bl	100052ac <tu_edpt_validate>
10004724:	2800      	cmp	r0, #0
10004726:	d0ee      	beq.n	10004706 <usbd_edpt_open+0xe>
10004728:	4621      	mov	r1, r4
1000472a:	4628      	mov	r0, r5
1000472c:	e8bd 4038 	ldmia.w	sp!, {r3, r4, r5, lr}
10004730:	f7ff b9ea 	b.w	10003b08 <dcd_edpt_open>
10004734:	200011d0 	.word	0x200011d0
10004738:	200016e8 	.word	0x200016e8

1000473c <usbd_edpt_claim>:
1000473c:	460b      	mov	r3, r1
1000473e:	4a06      	ldr	r2, [pc, #24]	@ (10004758 <usbd_edpt_claim+0x1c>)
10004740:	4806      	ldr	r0, [pc, #24]	@ (1000475c <usbd_edpt_claim+0x20>)
10004742:	6811      	ldr	r1, [r2, #0]
10004744:	09da      	lsrs	r2, r3, #7
10004746:	3234      	adds	r2, #52	@ 0x34
10004748:	f003 037f 	and.w	r3, r3, #127	@ 0x7f
1000474c:	eb02 0343 	add.w	r3, r2, r3, lsl #1
10004750:	4418      	add	r0, r3
10004752:	f000 bd65 	b.w	10005220 <tu_edpt_claim>
10004756:	bf00      	nop
10004758:	2000173c 	.word	0x2000173c
1000475c:	200016e8 	.word	0x200016e8

10004760 <usbd_edpt_release>:
10004760:	460b      	mov	r3, r1
10004762:	4a06      	ldr	r2, [pc, #24]	@ (1000477c <usbd_edpt_release+0x1c>)
10004764:	4806      	ldr	r0, [pc, #24]	@ (10004780 <usbd_edpt_release+0x20>)
10004766:	6811      	ldr	r1, [r2, #0]
10004768:	09da      	lsrs	r2, r3, #7
1000476a:	3234      	adds	r2, #52	@ 0x34
1000476c:	f003 037f 	and.w	r3, r3, #127	@ 0x7f
10004770:	eb02 0343 	add.w	r3, r2, r3, lsl #1
10004774:	4418      	add	r0, r3
10004776:	f000 bd7d 	b.w	10005274 <tu_edpt_release>
1000477a:	bf00      	nop
1000477c:	2000173c 	.word	0x2000173c
10004780:	200016e8 	.word	0x200016e8

10004784 <usbd_edpt_xfer>:
10004784:	b510      	push	{r4, lr}
10004786:	4c19      	ldr	r4, [pc, #100]	@ (100047ec <usbd_edpt_xfer+0x68>)
10004788:	f001 0e7f 	and.w	lr, r1, #127	@ 0x7f
1000478c:	eb04 044e 	add.w	r4, r4, lr, lsl #1
10004790:	eb04 14d1 	add.w	r4, r4, r1, lsr #7
10004794:	f894 c034 	ldrb.w	ip, [r4, #52]	@ 0x34
10004798:	4815      	ldr	r0, [pc, #84]	@ (100047f0 <usbd_edpt_xfer+0x6c>)
1000479a:	f01c 0f01 	tst.w	ip, #1
1000479e:	f104 0430 	add.w	r4, r4, #48	@ 0x30
100047a2:	7800      	ldrb	r0, [r0, #0]
100047a4:	d008      	beq.n	100047b8 <usbd_edpt_xfer+0x34>
100047a6:	f04f 23e0 	mov.w	r3, #3758153728	@ 0xe000e000
100047aa:	f8d3 3df0 	ldr.w	r3, [r3, #3568]	@ 0xdf0
100047ae:	07da      	lsls	r2, r3, #31
100047b0:	d500      	bpl.n	100047b4 <usbd_edpt_xfer+0x30>
100047b2:	be00      	bkpt	0x0000
100047b4:	2000      	movs	r0, #0
100047b6:	bd10      	pop	{r4, pc}
100047b8:	f894 c004 	ldrb.w	ip, [r4, #4]
100047bc:	f04c 0c01 	orr.w	ip, ip, #1
100047c0:	f884 c004 	strb.w	ip, [r4, #4]
100047c4:	f7ff fa26 	bl	10003c14 <dcd_edpt_xfer>
100047c8:	2800      	cmp	r0, #0
100047ca:	d1f4      	bne.n	100047b6 <usbd_edpt_xfer+0x32>
100047cc:	f04f 21e0 	mov.w	r1, #3758153728	@ 0xe000e000
100047d0:	7922      	ldrb	r2, [r4, #4]
100047d2:	f360 0200 	bfi	r2, r0, #0, #1
100047d6:	7122      	strb	r2, [r4, #4]
100047d8:	7922      	ldrb	r2, [r4, #4]
100047da:	f360 0282 	bfi	r2, r0, #2, #1
100047de:	7122      	strb	r2, [r4, #4]
100047e0:	f8d1 3df0 	ldr.w	r3, [r1, #3568]	@ 0xdf0
100047e4:	07db      	lsls	r3, r3, #31
100047e6:	d5e5      	bpl.n	100047b4 <usbd_edpt_xfer+0x30>
100047e8:	e7e3      	b.n	100047b2 <usbd_edpt_xfer+0x2e>
100047ea:	bf00      	nop
100047ec:	200016e8 	.word	0x200016e8
100047f0:	200011d0 	.word	0x200011d0

100047f4 <tud_control_status>:
100047f4:	b530      	push	{r4, r5, lr}
100047f6:	4c0b      	ldr	r4, [pc, #44]	@ (10004824 <tud_control_status+0x30>)
100047f8:	468c      	mov	ip, r1
100047fa:	46a6      	mov	lr, r4
100047fc:	4605      	mov	r5, r0
100047fe:	6808      	ldr	r0, [r1, #0]
10004800:	6849      	ldr	r1, [r1, #4]
10004802:	2300      	movs	r3, #0
10004804:	e8ae 0003 	stmia.w	lr!, {r0, r1}
10004808:	f89c 1000 	ldrb.w	r1, [ip]
1000480c:	4628      	mov	r0, r5
1000480e:	43c9      	mvns	r1, r1
10004810:	e9c4 3302 	strd	r3, r3, [r4, #8]
10004814:	e8bd 4030 	ldmia.w	sp!, {r4, r5, lr}
10004818:	461a      	mov	r2, r3
1000481a:	f001 0180 	and.w	r1, r1, #128	@ 0x80
1000481e:	f7ff bfb1 	b.w	10004784 <usbd_edpt_xfer>
10004822:	bf00      	nop
10004824:	200016a8 	.word	0x200016a8

10004828 <tud_control_xfer>:
10004828:	e92d 41f0 	stmdb	sp!, {r4, r5, r6, r7, r8, lr}
1000482c:	4f27      	ldr	r7, [pc, #156]	@ (100048cc <tud_control_xfer+0xa4>)
1000482e:	f04f 0800 	mov.w	r8, #0
10004832:	46be      	mov	lr, r7
10004834:	468c      	mov	ip, r1
10004836:	4606      	mov	r6, r0
10004838:	6808      	ldr	r0, [r1, #0]
1000483a:	6849      	ldr	r1, [r1, #4]
1000483c:	60ba      	str	r2, [r7, #8]
1000483e:	e8ae 0003 	stmia.w	lr!, {r0, r1}
10004842:	f8a7 800e 	strh.w	r8, [r7, #14]
10004846:	4615      	mov	r5, r2
10004848:	f8bc 2006 	ldrh.w	r2, [ip, #6]
1000484c:	4293      	cmp	r3, r2
1000484e:	bf28      	it	cs
10004850:	4613      	movcs	r3, r2
10004852:	81bb      	strh	r3, [r7, #12]
10004854:	b19a      	cbz	r2, 1000487e <tud_control_xfer+0x56>
10004856:	461c      	mov	r4, r3
10004858:	b32b      	cbz	r3, 100048a6 <tud_control_xfer+0x7e>
1000485a:	b1dd      	cbz	r5, 10004894 <tud_control_xfer+0x6c>
1000485c:	f997 3000 	ldrsb.w	r3, [r7]
10004860:	2c40      	cmp	r4, #64	@ 0x40
10004862:	bf28      	it	cs
10004864:	2440      	movcs	r4, #64	@ 0x40
10004866:	2b00      	cmp	r3, #0
10004868:	db28      	blt.n	100048bc <tud_control_xfer+0x94>
1000486a:	4641      	mov	r1, r8
1000486c:	4623      	mov	r3, r4
1000486e:	4630      	mov	r0, r6
10004870:	4a17      	ldr	r2, [pc, #92]	@ (100048d0 <tud_control_xfer+0xa8>)
10004872:	f7ff ff87 	bl	10004784 <usbd_edpt_xfer>
10004876:	b168      	cbz	r0, 10004894 <tud_control_xfer+0x6c>
10004878:	2001      	movs	r0, #1
1000487a:	e8bd 81f0 	ldmia.w	sp!, {r4, r5, r6, r7, r8, pc}
1000487e:	f89c 1000 	ldrb.w	r1, [ip]
10004882:	4613      	mov	r3, r2
10004884:	43c9      	mvns	r1, r1
10004886:	4630      	mov	r0, r6
10004888:	f001 0180 	and.w	r1, r1, #128	@ 0x80
1000488c:	f7ff ff7a 	bl	10004784 <usbd_edpt_xfer>
10004890:	2800      	cmp	r0, #0
10004892:	d1f1      	bne.n	10004878 <tud_control_xfer+0x50>
10004894:	f04f 23e0 	mov.w	r3, #3758153728	@ 0xe000e000
10004898:	f8d3 3df0 	ldr.w	r3, [r3, #3568]	@ 0xdf0
1000489c:	07db      	lsls	r3, r3, #31
1000489e:	d500      	bpl.n	100048a2 <tud_control_xfer+0x7a>
100048a0:	be00      	bkpt	0x0000
100048a2:	2000      	movs	r0, #0
100048a4:	e7e9      	b.n	1000487a <tud_control_xfer+0x52>
100048a6:	461a      	mov	r2, r3
100048a8:	7839      	ldrb	r1, [r7, #0]
100048aa:	f001 0180 	and.w	r1, r1, #128	@ 0x80
100048ae:	4623      	mov	r3, r4
100048b0:	4630      	mov	r0, r6
100048b2:	f7ff ff67 	bl	10004784 <usbd_edpt_xfer>
100048b6:	2800      	cmp	r0, #0
100048b8:	d1de      	bne.n	10004878 <tud_control_xfer+0x50>
100048ba:	e7eb      	b.n	10004894 <tud_control_xfer+0x6c>
100048bc:	4622      	mov	r2, r4
100048be:	4629      	mov	r1, r5
100048c0:	4803      	ldr	r0, [pc, #12]	@ (100048d0 <tud_control_xfer+0xa8>)
100048c2:	f001 f8ed 	bl	10005aa0 <memcpy>
100048c6:	2180      	movs	r1, #128	@ 0x80
100048c8:	4a01      	ldr	r2, [pc, #4]	@ (100048d0 <tud_control_xfer+0xa8>)
100048ca:	e7f0      	b.n	100048ae <tud_control_xfer+0x86>
100048cc:	200016a8 	.word	0x200016a8
100048d0:	20001668 	.word	0x20001668

100048d4 <usbd_control_reset>:
100048d4:	2200      	movs	r2, #0
100048d6:	4b03      	ldr	r3, [pc, #12]	@ (100048e4 <usbd_control_reset+0x10>)
100048d8:	e9c3 2200 	strd	r2, r2, [r3]
100048dc:	e9c3 2202 	strd	r2, r2, [r3, #8]
100048e0:	611a      	str	r2, [r3, #16]
100048e2:	4770      	bx	lr
100048e4:	200016a8 	.word	0x200016a8

100048e8 <usbd_control_set_complete_callback>:
100048e8:	4b01      	ldr	r3, [pc, #4]	@ (100048f0 <usbd_control_set_complete_callback+0x8>)
100048ea:	6118      	str	r0, [r3, #16]
100048ec:	4770      	bx	lr
100048ee:	bf00      	nop
100048f0:	200016a8 	.word	0x200016a8

100048f4 <usbd_control_set_request>:
100048f4:	b430      	push	{r4, r5}
100048f6:	4602      	mov	r2, r0
100048f8:	4c04      	ldr	r4, [pc, #16]	@ (1000490c <usbd_control_set_request+0x18>)
100048fa:	2500      	movs	r5, #0
100048fc:	4623      	mov	r3, r4
100048fe:	6800      	ldr	r0, [r0, #0]
10004900:	6851      	ldr	r1, [r2, #4]
10004902:	e9c4 5502 	strd	r5, r5, [r4, #8]
10004906:	bc30      	pop	{r4, r5}
10004908:	c303      	stmia	r3!, {r0, r1}
1000490a:	4770      	bx	lr
1000490c:	200016a8 	.word	0x200016a8

10004910 <usbd_control_xfer_cb>:
10004910:	b570      	push	{r4, r5, r6, lr}
10004912:	4c3c      	ldr	r4, [pc, #240]	@ (10004a04 <usbd_control_xfer_cb+0xf4>)
10004914:	09c9      	lsrs	r1, r1, #7
10004916:	7822      	ldrb	r2, [r4, #0]
10004918:	4606      	mov	r6, r0
1000491a:	ebb1 1fd2 	cmp.w	r1, r2, lsr #7
1000491e:	461d      	mov	r5, r3
10004920:	b082      	sub	sp, #8
10004922:	d017      	beq.n	10004954 <usbd_control_xfer_cb+0x44>
10004924:	b153      	cbz	r3, 1000493c <usbd_control_xfer_cb+0x2c>
10004926:	f04f 23e0 	mov.w	r3, #3758153728	@ 0xe000e000
1000492a:	f8d3 3df0 	ldr.w	r3, [r3, #3568]	@ 0xdf0
1000492e:	07db      	lsls	r3, r3, #31
10004930:	d402      	bmi.n	10004938 <usbd_control_xfer_cb+0x28>
10004932:	2000      	movs	r0, #0
10004934:	b002      	add	sp, #8
10004936:	bd70      	pop	{r4, r5, r6, pc}
10004938:	be00      	bkpt	0x0000
1000493a:	e7fa      	b.n	10004932 <usbd_control_xfer_cb+0x22>
1000493c:	4621      	mov	r1, r4
1000493e:	f7ff f8d5 	bl	10003aec <dcd_edpt0_status_complete>
10004942:	6923      	ldr	r3, [r4, #16]
10004944:	b11b      	cbz	r3, 1000494e <usbd_control_xfer_cb+0x3e>
10004946:	4622      	mov	r2, r4
10004948:	2103      	movs	r1, #3
1000494a:	4630      	mov	r0, r6
1000494c:	4798      	blx	r3
1000494e:	2001      	movs	r0, #1
10004950:	b002      	add	sp, #8
10004952:	bd70      	pop	{r4, r5, r6, pc}
10004954:	f994 3000 	ldrsb.w	r3, [r4]
10004958:	68a0      	ldr	r0, [r4, #8]
1000495a:	2b00      	cmp	r3, #0
1000495c:	db05      	blt.n	1000496a <usbd_control_xfer_cb+0x5a>
1000495e:	2800      	cmp	r0, #0
10004960:	d0e7      	beq.n	10004932 <usbd_control_xfer_cb+0x22>
10004962:	462a      	mov	r2, r5
10004964:	4928      	ldr	r1, [pc, #160]	@ (10004a08 <usbd_control_xfer_cb+0xf8>)
10004966:	f001 f89b 	bl	10005aa0 <memcpy>
1000496a:	89e0      	ldrh	r0, [r4, #14]
1000496c:	68a1      	ldr	r1, [r4, #8]
1000496e:	88e3      	ldrh	r3, [r4, #6]
10004970:	4428      	add	r0, r5
10004972:	b280      	uxth	r0, r0
10004974:	4429      	add	r1, r5
10004976:	4283      	cmp	r3, r0
10004978:	81e0      	strh	r0, [r4, #14]
1000497a:	60a1      	str	r1, [r4, #8]
1000497c:	d016      	beq.n	100049ac <usbd_control_xfer_cb+0x9c>
1000497e:	2d3f      	cmp	r5, #63	@ 0x3f
10004980:	d914      	bls.n	100049ac <usbd_control_xfer_cb+0x9c>
10004982:	89a2      	ldrh	r2, [r4, #12]
10004984:	f994 4000 	ldrsb.w	r4, [r4]
10004988:	1a13      	subs	r3, r2, r0
1000498a:	b29b      	uxth	r3, r3
1000498c:	2b40      	cmp	r3, #64	@ 0x40
1000498e:	bf28      	it	cs
10004990:	2340      	movcs	r3, #64	@ 0x40
10004992:	2c00      	cmp	r4, #0
10004994:	db26      	blt.n	100049e4 <usbd_control_xfer_cb+0xd4>
10004996:	4290      	cmp	r0, r2
10004998:	f04f 0100 	mov.w	r1, #0
1000499c:	d030      	beq.n	10004a00 <usbd_control_xfer_cb+0xf0>
1000499e:	4a1a      	ldr	r2, [pc, #104]	@ (10004a08 <usbd_control_xfer_cb+0xf8>)
100049a0:	4630      	mov	r0, r6
100049a2:	f7ff feef 	bl	10004784 <usbd_edpt_xfer>
100049a6:	2800      	cmp	r0, #0
100049a8:	d1d1      	bne.n	1000494e <usbd_control_xfer_cb+0x3e>
100049aa:	e7bc      	b.n	10004926 <usbd_control_xfer_cb+0x16>
100049ac:	6923      	ldr	r3, [r4, #16]
100049ae:	b123      	cbz	r3, 100049ba <usbd_control_xfer_cb+0xaa>
100049b0:	2102      	movs	r1, #2
100049b2:	4630      	mov	r0, r6
100049b4:	4a13      	ldr	r2, [pc, #76]	@ (10004a04 <usbd_control_xfer_cb+0xf4>)
100049b6:	4798      	blx	r3
100049b8:	b158      	cbz	r0, 100049d2 <usbd_control_xfer_cb+0xc2>
100049ba:	7821      	ldrb	r1, [r4, #0]
100049bc:	2300      	movs	r3, #0
100049be:	43c9      	mvns	r1, r1
100049c0:	4630      	mov	r0, r6
100049c2:	461a      	mov	r2, r3
100049c4:	f001 0180 	and.w	r1, r1, #128	@ 0x80
100049c8:	f7ff fedc 	bl	10004784 <usbd_edpt_xfer>
100049cc:	2800      	cmp	r0, #0
100049ce:	d1be      	bne.n	1000494e <usbd_control_xfer_cb+0x3e>
100049d0:	e7a9      	b.n	10004926 <usbd_control_xfer_cb+0x16>
100049d2:	4601      	mov	r1, r0
100049d4:	4630      	mov	r0, r6
100049d6:	f7ff f931 	bl	10003c3c <dcd_edpt_stall>
100049da:	2180      	movs	r1, #128	@ 0x80
100049dc:	4630      	mov	r0, r6
100049de:	f7ff f92d 	bl	10003c3c <dcd_edpt_stall>
100049e2:	e7b4      	b.n	1000494e <usbd_control_xfer_cb+0x3e>
100049e4:	4290      	cmp	r0, r2
100049e6:	d008      	beq.n	100049fa <usbd_control_xfer_cb+0xea>
100049e8:	461a      	mov	r2, r3
100049ea:	4807      	ldr	r0, [pc, #28]	@ (10004a08 <usbd_control_xfer_cb+0xf8>)
100049ec:	9301      	str	r3, [sp, #4]
100049ee:	f001 f857 	bl	10005aa0 <memcpy>
100049f2:	2180      	movs	r1, #128	@ 0x80
100049f4:	4a04      	ldr	r2, [pc, #16]	@ (10004a08 <usbd_control_xfer_cb+0xf8>)
100049f6:	9b01      	ldr	r3, [sp, #4]
100049f8:	e7d2      	b.n	100049a0 <usbd_control_xfer_cb+0x90>
100049fa:	2180      	movs	r1, #128	@ 0x80
100049fc:	2200      	movs	r2, #0
100049fe:	e7cf      	b.n	100049a0 <usbd_control_xfer_cb+0x90>
10004a00:	460a      	mov	r2, r1
10004a02:	e7cd      	b.n	100049a0 <usbd_control_xfer_cb+0x90>
10004a04:	200016a8 	.word	0x200016a8
10004a08:	20001668 	.word	0x20001668

10004a0c <_prep_out_transaction.isra.0>:
10004a0c:	e92d 41f0 	stmdb	sp!, {r4, r5, r6, r7, r8, lr}
10004a10:	4604      	mov	r4, r0
10004a12:	f7ff f9d5 	bl	10003dc0 <tud_mounted>
10004a16:	b908      	cbnz	r0, 10004a1c <_prep_out_transaction.isra.0+0x10>
10004a18:	e8bd 81f0 	ldmia.w	sp!, {r4, r5, r6, r7, r8, pc}
10004a1c:	f7ff f9d8 	bl	10003dd0 <tud_suspended>
10004a20:	4607      	mov	r7, r0
10004a22:	2800      	cmp	r0, #0
10004a24:	d1f8      	bne.n	10004a18 <_prep_out_transaction.isra.0+0xc>
10004a26:	22c8      	movs	r2, #200	@ 0xc8
10004a28:	4b13      	ldr	r3, [pc, #76]	@ (10004a78 <_prep_out_transaction.isra.0+0x6c>)
10004a2a:	fb02 3604 	mla	r6, r2, r4, r3
10004a2e:	78f1      	ldrb	r1, [r6, #3]
10004a30:	2900      	cmp	r1, #0
10004a32:	d0f1      	beq.n	10004a18 <_prep_out_transaction.isra.0+0xc>
10004a34:	f106 0510 	add.w	r5, r6, #16
10004a38:	4628      	mov	r0, r5
10004a3a:	f000 fde1 	bl	10005600 <tu_fifo_remaining>
10004a3e:	283f      	cmp	r0, #63	@ 0x3f
10004a40:	d9ea      	bls.n	10004a18 <_prep_out_transaction.isra.0+0xc>
10004a42:	4638      	mov	r0, r7
10004a44:	78f1      	ldrb	r1, [r6, #3]
10004a46:	f7ff fe79 	bl	1000473c <usbd_edpt_claim>
10004a4a:	2800      	cmp	r0, #0
10004a4c:	d0e4      	beq.n	10004a18 <_prep_out_transaction.isra.0+0xc>
10004a4e:	4628      	mov	r0, r5
10004a50:	f000 fdd6 	bl	10005600 <tu_fifo_remaining>
10004a54:	283f      	cmp	r0, #63	@ 0x3f
10004a56:	d909      	bls.n	10004a6c <_prep_out_transaction.isra.0+0x60>
10004a58:	4a08      	ldr	r2, [pc, #32]	@ (10004a7c <_prep_out_transaction.isra.0+0x70>)
10004a5a:	4638      	mov	r0, r7
10004a5c:	78f1      	ldrb	r1, [r6, #3]
10004a5e:	eb02 12c4 	add.w	r2, r2, r4, lsl #7
10004a62:	2340      	movs	r3, #64	@ 0x40
10004a64:	e8bd 41f0 	ldmia.w	sp!, {r4, r5, r6, r7, r8, lr}
10004a68:	f7ff be8c 	b.w	10004784 <usbd_edpt_xfer>
10004a6c:	4638      	mov	r0, r7
10004a6e:	78f1      	ldrb	r1, [r6, #3]
10004a70:	e8bd 41f0 	ldmia.w	sp!, {r4, r5, r6, r7, r8, lr}
10004a74:	f7ff be74 	b.w	10004760 <usbd_edpt_release>
10004a78:	200011e0 	.word	0x200011e0
10004a7c:	200015e4 	.word	0x200015e4

10004a80 <tud_cdc_n_connected>:
10004a80:	b510      	push	{r4, lr}
10004a82:	4604      	mov	r4, r0
10004a84:	f7ff f99c 	bl	10003dc0 <tud_mounted>
10004a88:	b908      	cbnz	r0, 10004a8e <tud_cdc_n_connected+0xe>
10004a8a:	2000      	movs	r0, #0
10004a8c:	bd10      	pop	{r4, pc}
10004a8e:	f7ff f99f 	bl	10003dd0 <tud_suspended>
10004a92:	2800      	cmp	r0, #0
10004a94:	d1f9      	bne.n	10004a8a <tud_cdc_n_connected+0xa>
10004a96:	22c8      	movs	r2, #200	@ 0xc8
10004a98:	4b03      	ldr	r3, [pc, #12]	@ (10004aa8 <tud_cdc_n_connected+0x28>)
10004a9a:	fb02 3304 	mla	r3, r2, r4, r3
10004a9e:	7918      	ldrb	r0, [r3, #4]
10004aa0:	f000 0001 	and.w	r0, r0, #1
10004aa4:	bd10      	pop	{r4, pc}
10004aa6:	bf00      	nop
10004aa8:	200011e0 	.word	0x200011e0

10004aac <tud_cdc_n_available>:
10004aac:	21c8      	movs	r1, #200	@ 0xc8
10004aae:	b508      	push	{r3, lr}
10004ab0:	2310      	movs	r3, #16
10004ab2:	fb01 3000 	mla	r0, r1, r0, r3
10004ab6:	4a02      	ldr	r2, [pc, #8]	@ (10004ac0 <tud_cdc_n_available+0x14>)
10004ab8:	4410      	add	r0, r2
10004aba:	f000 fd87 	bl	100055cc <tu_fifo_count>
10004abe:	bd08      	pop	{r3, pc}
10004ac0:	200011e0 	.word	0x200011e0

10004ac4 <tud_cdc_n_read>:
10004ac4:	e92d 43f8 	stmdb	sp!, {r3, r4, r5, r6, r7, r8, r9, lr}
10004ac8:	f64f 73ff 	movw	r3, #65535	@ 0xffff
10004acc:	f04f 08c8 	mov.w	r8, #200	@ 0xc8
10004ad0:	2410      	movs	r4, #16
10004ad2:	429a      	cmp	r2, r3
10004ad4:	bf28      	it	cs
10004ad6:	461a      	movcs	r2, r3
10004ad8:	fb18 4400 	smlabb	r4, r8, r0, r4
10004adc:	4f1a      	ldr	r7, [pc, #104]	@ (10004b48 <tud_cdc_n_read+0x84>)
10004ade:	4606      	mov	r6, r0
10004ae0:	443c      	add	r4, r7
10004ae2:	4620      	mov	r0, r4
10004ae4:	b292      	uxth	r2, r2
10004ae6:	f000 fde7 	bl	100056b8 <tu_fifo_read_n>
10004aea:	4605      	mov	r5, r0
10004aec:	f7ff f968 	bl	10003dc0 <tud_mounted>
10004af0:	b910      	cbnz	r0, 10004af8 <tud_cdc_n_read+0x34>
10004af2:	4628      	mov	r0, r5
10004af4:	e8bd 83f8 	ldmia.w	sp!, {r3, r4, r5, r6, r7, r8, r9, pc}
10004af8:	f7ff f96a 	bl	10003dd0 <tud_suspended>
10004afc:	4681      	mov	r9, r0
10004afe:	2800      	cmp	r0, #0
10004b00:	d1f7      	bne.n	10004af2 <tud_cdc_n_read+0x2e>
10004b02:	fb08 7706 	mla	r7, r8, r6, r7
10004b06:	78fb      	ldrb	r3, [r7, #3]
10004b08:	2b00      	cmp	r3, #0
10004b0a:	d0f2      	beq.n	10004af2 <tud_cdc_n_read+0x2e>
10004b0c:	4620      	mov	r0, r4
10004b0e:	f000 fd77 	bl	10005600 <tu_fifo_remaining>
10004b12:	283f      	cmp	r0, #63	@ 0x3f
10004b14:	d9ed      	bls.n	10004af2 <tud_cdc_n_read+0x2e>
10004b16:	4648      	mov	r0, r9
10004b18:	78f9      	ldrb	r1, [r7, #3]
10004b1a:	f7ff fe0f 	bl	1000473c <usbd_edpt_claim>
10004b1e:	2800      	cmp	r0, #0
10004b20:	d0e7      	beq.n	10004af2 <tud_cdc_n_read+0x2e>
10004b22:	4620      	mov	r0, r4
10004b24:	f000 fd6c 	bl	10005600 <tu_fifo_remaining>
10004b28:	283f      	cmp	r0, #63	@ 0x3f
10004b2a:	d908      	bls.n	10004b3e <tud_cdc_n_read+0x7a>
10004b2c:	4a07      	ldr	r2, [pc, #28]	@ (10004b4c <tud_cdc_n_read+0x88>)
10004b2e:	4648      	mov	r0, r9
10004b30:	2340      	movs	r3, #64	@ 0x40
10004b32:	78f9      	ldrb	r1, [r7, #3]
10004b34:	eb02 12c6 	add.w	r2, r2, r6, lsl #7
10004b38:	f7ff fe24 	bl	10004784 <usbd_edpt_xfer>
10004b3c:	e7d9      	b.n	10004af2 <tud_cdc_n_read+0x2e>
10004b3e:	4648      	mov	r0, r9
10004b40:	78f9      	ldrb	r1, [r7, #3]
10004b42:	f7ff fe0d 	bl	10004760 <usbd_edpt_release>
10004b46:	e7d4      	b.n	10004af2 <tud_cdc_n_read+0x2e>
10004b48:	200011e0 	.word	0x200011e0
10004b4c:	200015e4 	.word	0x200015e4

10004b50 <tud_cdc_n_write_flush>:
10004b50:	e92d 41f0 	stmdb	sp!, {r4, r5, r6, r7, r8, lr}
10004b54:	4605      	mov	r5, r0
10004b56:	f7ff f933 	bl	10003dc0 <tud_mounted>
10004b5a:	b910      	cbnz	r0, 10004b62 <tud_cdc_n_write_flush+0x12>
10004b5c:	2000      	movs	r0, #0
10004b5e:	e8bd 81f0 	ldmia.w	sp!, {r4, r5, r6, r7, r8, pc}
10004b62:	f7ff f935 	bl	10003dd0 <tud_suspended>
10004b66:	4606      	mov	r6, r0
10004b68:	2800      	cmp	r0, #0
10004b6a:	d1f7      	bne.n	10004b5c <tud_cdc_n_write_flush+0xc>
10004b6c:	f04f 08c8 	mov.w	r8, #200	@ 0xc8
10004b70:	2424      	movs	r4, #36	@ 0x24
10004b72:	fb18 4405 	smlabb	r4, r8, r5, r4
10004b76:	4f17      	ldr	r7, [pc, #92]	@ (10004bd4 <tud_cdc_n_write_flush+0x84>)
10004b78:	443c      	add	r4, r7
10004b7a:	4620      	mov	r0, r4
10004b7c:	f000 fd26 	bl	100055cc <tu_fifo_count>
10004b80:	2800      	cmp	r0, #0
10004b82:	d0eb      	beq.n	10004b5c <tud_cdc_n_write_flush+0xc>
10004b84:	fb08 7705 	mla	r7, r8, r5, r7
10004b88:	4630      	mov	r0, r6
10004b8a:	78b9      	ldrb	r1, [r7, #2]
10004b8c:	f7ff fdd6 	bl	1000473c <usbd_edpt_claim>
10004b90:	2800      	cmp	r0, #0
10004b92:	d0e3      	beq.n	10004b5c <tud_cdc_n_write_flush+0xc>
10004b94:	2240      	movs	r2, #64	@ 0x40
10004b96:	4b10      	ldr	r3, [pc, #64]	@ (10004bd8 <tud_cdc_n_write_flush+0x88>)
10004b98:	4620      	mov	r0, r4
10004b9a:	eb02 14c5 	add.w	r4, r2, r5, lsl #7
10004b9e:	441c      	add	r4, r3
10004ba0:	4621      	mov	r1, r4
10004ba2:	f000 fd89 	bl	100056b8 <tu_fifo_read_n>
10004ba6:	4605      	mov	r5, r0
10004ba8:	b180      	cbz	r0, 10004bcc <tud_cdc_n_write_flush+0x7c>
10004baa:	4603      	mov	r3, r0
10004bac:	4622      	mov	r2, r4
10004bae:	4630      	mov	r0, r6
10004bb0:	78b9      	ldrb	r1, [r7, #2]
10004bb2:	f7ff fde7 	bl	10004784 <usbd_edpt_xfer>
10004bb6:	b938      	cbnz	r0, 10004bc8 <tud_cdc_n_write_flush+0x78>
10004bb8:	f04f 23e0 	mov.w	r3, #3758153728	@ 0xe000e000
10004bbc:	f8d3 3df0 	ldr.w	r3, [r3, #3568]	@ 0xdf0
10004bc0:	07db      	lsls	r3, r3, #31
10004bc2:	d5cb      	bpl.n	10004b5c <tud_cdc_n_write_flush+0xc>
10004bc4:	be00      	bkpt	0x0000
10004bc6:	e7c9      	b.n	10004b5c <tud_cdc_n_write_flush+0xc>
10004bc8:	4628      	mov	r0, r5
10004bca:	e7c8      	b.n	10004b5e <tud_cdc_n_write_flush+0xe>
10004bcc:	78b9      	ldrb	r1, [r7, #2]
10004bce:	f7ff fdc7 	bl	10004760 <usbd_edpt_release>
10004bd2:	e7c3      	b.n	10004b5c <tud_cdc_n_write_flush+0xc>
10004bd4:	200011e0 	.word	0x200011e0
10004bd8:	200015e4 	.word	0x200015e4

10004bdc <tud_cdc_n_write>:
10004bdc:	b538      	push	{r3, r4, r5, lr}
10004bde:	f64f 73ff 	movw	r3, #65535	@ 0xffff
10004be2:	f04f 0c24 	mov.w	ip, #36	@ 0x24
10004be6:	24c8      	movs	r4, #200	@ 0xc8
10004be8:	429a      	cmp	r2, r3
10004bea:	bf28      	it	cs
10004bec:	461a      	movcs	r2, r3
10004bee:	fb14 c400 	smlabb	r4, r4, r0, ip
10004bf2:	4b0a      	ldr	r3, [pc, #40]	@ (10004c1c <tud_cdc_n_write+0x40>)
10004bf4:	b292      	uxth	r2, r2
10004bf6:	441c      	add	r4, r3
10004bf8:	4605      	mov	r5, r0
10004bfa:	4620      	mov	r0, r4
10004bfc:	f000 fe18 	bl	10005830 <tu_fifo_write_n>
10004c00:	4603      	mov	r3, r0
10004c02:	4620      	mov	r0, r4
10004c04:	461c      	mov	r4, r3
10004c06:	f000 fce1 	bl	100055cc <tu_fifo_count>
10004c0a:	283f      	cmp	r0, #63	@ 0x3f
10004c0c:	d801      	bhi.n	10004c12 <tud_cdc_n_write+0x36>
10004c0e:	4620      	mov	r0, r4
10004c10:	bd38      	pop	{r3, r4, r5, pc}
10004c12:	4628      	mov	r0, r5
10004c14:	f7ff ff9c 	bl	10004b50 <tud_cdc_n_write_flush>
10004c18:	4620      	mov	r0, r4
10004c1a:	bd38      	pop	{r3, r4, r5, pc}
10004c1c:	200011e0 	.word	0x200011e0

10004c20 <tud_cdc_n_write_available>:
10004c20:	21c8      	movs	r1, #200	@ 0xc8
10004c22:	b508      	push	{r3, lr}
10004c24:	2324      	movs	r3, #36	@ 0x24
10004c26:	fb01 3000 	mla	r0, r1, r0, r3
10004c2a:	4a02      	ldr	r2, [pc, #8]	@ (10004c34 <tud_cdc_n_write_available+0x14>)
10004c2c:	4410      	add	r0, r2
10004c2e:	f000 fce7 	bl	10005600 <tu_fifo_remaining>
10004c32:	bd08      	pop	{r3, pc}
10004c34:	200011e0 	.word	0x200011e0

10004c38 <cdcd_init>:
10004c38:	b5f0      	push	{r4, r5, r6, r7, lr}
10004c3a:	4c19      	ldr	r4, [pc, #100]	@ (10004ca0 <cdcd_init+0x68>)
10004c3c:	b083      	sub	sp, #12
10004c3e:	22c8      	movs	r2, #200	@ 0xc8
10004c40:	2100      	movs	r1, #0
10004c42:	4620      	mov	r0, r4
10004c44:	f000 feda 	bl	100059fc <memset>
10004c48:	2500      	movs	r5, #0
10004c4a:	23ff      	movs	r3, #255	@ 0xff
10004c4c:	f44f 31e1 	mov.w	r1, #115200	@ 0x1c200
10004c50:	2208      	movs	r2, #8
10004c52:	4814      	ldr	r0, [pc, #80]	@ (10004ca4 <cdcd_init+0x6c>)
10004c54:	f104 07b8 	add.w	r7, r4, #184	@ 0xb8
10004c58:	7005      	strb	r5, [r0, #0]
10004c5a:	9500      	str	r5, [sp, #0]
10004c5c:	f104 0010 	add.w	r0, r4, #16
10004c60:	7163      	strb	r3, [r4, #5]
10004c62:	60a1      	str	r1, [r4, #8]
10004c64:	73a2      	strb	r2, [r4, #14]
10004c66:	f104 0138 	add.w	r1, r4, #56	@ 0x38
10004c6a:	2301      	movs	r3, #1
10004c6c:	2240      	movs	r2, #64	@ 0x40
10004c6e:	f000 fc7d 	bl	1000556c <tu_fifo_config>
10004c72:	2301      	movs	r3, #1
10004c74:	2240      	movs	r2, #64	@ 0x40
10004c76:	f104 0178 	add.w	r1, r4, #120	@ 0x78
10004c7a:	9300      	str	r3, [sp, #0]
10004c7c:	f104 0024 	add.w	r0, r4, #36	@ 0x24
10004c80:	f000 fc74 	bl	1000556c <tu_fifo_config>
10004c84:	f104 06c0 	add.w	r6, r4, #192	@ 0xc0
10004c88:	4638      	mov	r0, r7
10004c8a:	f7fb fe25 	bl	100008d8 <mutex_init>
10004c8e:	4630      	mov	r0, r6
10004c90:	f7fb fe22 	bl	100008d8 <mutex_init>
10004c94:	e9c4 5707 	strd	r5, r7, [r4, #28]
10004c98:	e9c4 650c 	strd	r6, r5, [r4, #48]	@ 0x30
10004c9c:	b003      	add	sp, #12
10004c9e:	bdf0      	pop	{r4, r5, r6, r7, pc}
10004ca0:	200011e0 	.word	0x200011e0
10004ca4:	20001664 	.word	0x20001664

10004ca8 <cdcd_deinit>:
10004ca8:	4b09      	ldr	r3, [pc, #36]	@ (10004cd0 <cdcd_deinit+0x28>)
10004caa:	6b19      	ldr	r1, [r3, #48]	@ 0x30
10004cac:	b149      	cbz	r1, 10004cc2 <cdcd_deinit+0x1a>
10004cae:	6a1a      	ldr	r2, [r3, #32]
10004cb0:	b112      	cbz	r2, 10004cb8 <cdcd_deinit+0x10>
10004cb2:	2200      	movs	r2, #0
10004cb4:	e9c3 2207 	strd	r2, r2, [r3, #28]
10004cb8:	2200      	movs	r2, #0
10004cba:	e9c3 220c 	strd	r2, r2, [r3, #48]	@ 0x30
10004cbe:	2001      	movs	r0, #1
10004cc0:	4770      	bx	lr
10004cc2:	6a1a      	ldr	r2, [r3, #32]
10004cc4:	2a00      	cmp	r2, #0
10004cc6:	d0fa      	beq.n	10004cbe <cdcd_deinit+0x16>
10004cc8:	2001      	movs	r0, #1
10004cca:	e9c3 1107 	strd	r1, r1, [r3, #28]
10004cce:	4770      	bx	lr
10004cd0:	200011e0 	.word	0x200011e0

10004cd4 <cdcd_reset>:
10004cd4:	2200      	movs	r2, #0
10004cd6:	b510      	push	{r4, lr}
10004cd8:	4c0e      	ldr	r4, [pc, #56]	@ (10004d14 <cdcd_reset+0x40>)
10004cda:	480f      	ldr	r0, [pc, #60]	@ (10004d18 <cdcd_reset+0x44>)
10004cdc:	7823      	ldrb	r3, [r4, #0]
10004cde:	6002      	str	r2, [r0, #0]
10004ce0:	7102      	strb	r2, [r0, #4]
10004ce2:	07da      	lsls	r2, r3, #31
10004ce4:	d507      	bpl.n	10004cf6 <cdcd_reset+0x22>
10004ce6:	079b      	lsls	r3, r3, #30
10004ce8:	d50b      	bpl.n	10004d02 <cdcd_reset+0x2e>
10004cea:	e8bd 4010 	ldmia.w	sp!, {r4, lr}
10004cee:	2101      	movs	r1, #1
10004cf0:	480a      	ldr	r0, [pc, #40]	@ (10004d1c <cdcd_reset+0x48>)
10004cf2:	f000 be65 	b.w	100059c0 <tu_fifo_set_overwritable>
10004cf6:	3010      	adds	r0, #16
10004cf8:	f000 fe46 	bl	10005988 <tu_fifo_clear>
10004cfc:	7823      	ldrb	r3, [r4, #0]
10004cfe:	079b      	lsls	r3, r3, #30
10004d00:	d4f3      	bmi.n	10004cea <cdcd_reset+0x16>
10004d02:	4806      	ldr	r0, [pc, #24]	@ (10004d1c <cdcd_reset+0x48>)
10004d04:	f000 fe40 	bl	10005988 <tu_fifo_clear>
10004d08:	e8bd 4010 	ldmia.w	sp!, {r4, lr}
10004d0c:	2101      	movs	r1, #1
10004d0e:	4803      	ldr	r0, [pc, #12]	@ (10004d1c <cdcd_reset+0x48>)
10004d10:	f000 be56 	b.w	100059c0 <tu_fifo_set_overwritable>
10004d14:	20001664 	.word	0x20001664
10004d18:	200011e0 	.word	0x200011e0
10004d1c:	20001204 	.word	0x20001204

10004d20 <cdcd_open>:
10004d20:	b5f0      	push	{r4, r5, r6, r7, lr}
10004d22:	794b      	ldrb	r3, [r1, #5]
10004d24:	b083      	sub	sp, #12
10004d26:	2b02      	cmp	r3, #2
10004d28:	d003      	beq.n	10004d32 <cdcd_open+0x12>
10004d2a:	2500      	movs	r5, #0
10004d2c:	4628      	mov	r0, r5
10004d2e:	b003      	add	sp, #12
10004d30:	bdf0      	pop	{r4, r5, r6, r7, pc}
10004d32:	798b      	ldrb	r3, [r1, #6]
10004d34:	2b02      	cmp	r3, #2
10004d36:	d1f8      	bne.n	10004d2a <cdcd_open+0xa>
10004d38:	4f26      	ldr	r7, [pc, #152]	@ (10004dd4 <cdcd_open+0xb4>)
10004d3a:	78bb      	ldrb	r3, [r7, #2]
10004d3c:	b13b      	cbz	r3, 10004d4e <cdcd_open+0x2e>
10004d3e:	f04f 23e0 	mov.w	r3, #3758153728	@ 0xe000e000
10004d42:	f8d3 3df0 	ldr.w	r3, [r3, #3568]	@ 0xdf0
10004d46:	07db      	lsls	r3, r3, #31
10004d48:	d5ef      	bpl.n	10004d2a <cdcd_open+0xa>
10004d4a:	be00      	bkpt	0x0000
10004d4c:	e7ed      	b.n	10004d2a <cdcd_open+0xa>
10004d4e:	788b      	ldrb	r3, [r1, #2]
10004d50:	4606      	mov	r6, r0
10004d52:	703b      	strb	r3, [r7, #0]
10004d54:	780b      	ldrb	r3, [r1, #0]
10004d56:	2509      	movs	r5, #9
10004d58:	18cc      	adds	r4, r1, r3
10004d5a:	7861      	ldrb	r1, [r4, #1]
10004d5c:	2924      	cmp	r1, #36	@ 0x24
10004d5e:	d10b      	bne.n	10004d78 <cdcd_open+0x58>
10004d60:	2a08      	cmp	r2, #8
10004d62:	d802      	bhi.n	10004d6a <cdcd_open+0x4a>
10004d64:	e00f      	b.n	10004d86 <cdcd_open+0x66>
10004d66:	42aa      	cmp	r2, r5
10004d68:	d30d      	bcc.n	10004d86 <cdcd_open+0x66>
10004d6a:	7823      	ldrb	r3, [r4, #0]
10004d6c:	441c      	add	r4, r3
10004d6e:	7861      	ldrb	r1, [r4, #1]
10004d70:	442b      	add	r3, r5
10004d72:	2924      	cmp	r1, #36	@ 0x24
10004d74:	b29d      	uxth	r5, r3
10004d76:	d0f6      	beq.n	10004d66 <cdcd_open+0x46>
10004d78:	2905      	cmp	r1, #5
10004d7a:	d00a      	beq.n	10004d92 <cdcd_open+0x72>
10004d7c:	2904      	cmp	r1, #4
10004d7e:	d102      	bne.n	10004d86 <cdcd_open+0x66>
10004d80:	7963      	ldrb	r3, [r4, #5]
10004d82:	2b0a      	cmp	r3, #10
10004d84:	d013      	beq.n	10004dae <cdcd_open+0x8e>
10004d86:	2000      	movs	r0, #0
10004d88:	f7ff fe40 	bl	10004a0c <_prep_out_transaction.isra.0>
10004d8c:	4628      	mov	r0, r5
10004d8e:	b003      	add	sp, #12
10004d90:	bdf0      	pop	{r4, r5, r6, r7, pc}
10004d92:	4621      	mov	r1, r4
10004d94:	4630      	mov	r0, r6
10004d96:	f7ff fcaf 	bl	100046f8 <usbd_edpt_open>
10004d9a:	2800      	cmp	r0, #0
10004d9c:	d0cf      	beq.n	10004d3e <cdcd_open+0x1e>
10004d9e:	78a3      	ldrb	r3, [r4, #2]
10004da0:	707b      	strb	r3, [r7, #1]
10004da2:	7823      	ldrb	r3, [r4, #0]
10004da4:	441c      	add	r4, r3
10004da6:	442b      	add	r3, r5
10004da8:	7861      	ldrb	r1, [r4, #1]
10004daa:	b29d      	uxth	r5, r3
10004dac:	e7e6      	b.n	10004d7c <cdcd_open+0x5c>
10004dae:	4b0a      	ldr	r3, [pc, #40]	@ (10004dd8 <cdcd_open+0xb8>)
10004db0:	7827      	ldrb	r7, [r4, #0]
10004db2:	9301      	str	r3, [sp, #4]
10004db4:	3301      	adds	r3, #1
10004db6:	9300      	str	r3, [sp, #0]
10004db8:	2302      	movs	r3, #2
10004dba:	4630      	mov	r0, r6
10004dbc:	461a      	mov	r2, r3
10004dbe:	19e1      	adds	r1, r4, r7
10004dc0:	f7ff fc4c 	bl	1000465c <usbd_open_edpt_pair>
10004dc4:	2800      	cmp	r0, #0
10004dc6:	d0ba      	beq.n	10004d3e <cdcd_open+0x1e>
10004dc8:	350e      	adds	r5, #14
10004dca:	fa17 f585 	uxtah	r5, r7, r5
10004dce:	b2ad      	uxth	r5, r5
10004dd0:	e7d9      	b.n	10004d86 <cdcd_open+0x66>
10004dd2:	bf00      	nop
10004dd4:	200011e0 	.word	0x200011e0
10004dd8:	200011e2 	.word	0x200011e2

10004ddc <cdcd_control_xfer_cb>:
10004ddc:	7813      	ldrb	r3, [r2, #0]
10004dde:	f003 0360 	and.w	r3, r3, #96	@ 0x60
10004de2:	2b20      	cmp	r3, #32
10004de4:	d108      	bne.n	10004df8 <cdcd_control_xfer_cb+0x1c>
10004de6:	b570      	push	{r4, r5, r6, lr}
10004de8:	4c26      	ldr	r4, [pc, #152]	@ (10004e84 <cdcd_control_xfer_cb+0xa8>)
10004dea:	8893      	ldrh	r3, [r2, #4]
10004dec:	f894 c000 	ldrb.w	ip, [r4]
10004df0:	459c      	cmp	ip, r3
10004df2:	d003      	beq.n	10004dfc <cdcd_control_xfer_cb+0x20>
10004df4:	2000      	movs	r0, #0
10004df6:	bd70      	pop	{r4, r5, r6, pc}
10004df8:	2000      	movs	r0, #0
10004dfa:	4770      	bx	lr
10004dfc:	7853      	ldrb	r3, [r2, #1]
10004dfe:	3b20      	subs	r3, #32
10004e00:	2b03      	cmp	r3, #3
10004e02:	d8f7      	bhi.n	10004df4 <cdcd_control_xfer_cb+0x18>
10004e04:	e8df f003 	tbb	[pc, r3]
10004e08:	020d2327 	.word	0x020d2327
10004e0c:	2901      	cmp	r1, #1
10004e0e:	d02e      	beq.n	10004e6e <cdcd_control_xfer_cb+0x92>
10004e10:	2903      	cmp	r1, #3
10004e12:	d11e      	bne.n	10004e52 <cdcd_control_xfer_cb+0x76>
10004e14:	4b1c      	ldr	r3, [pc, #112]	@ (10004e88 <cdcd_control_xfer_cb+0xac>)
10004e16:	b1e3      	cbz	r3, 10004e52 <cdcd_control_xfer_cb+0x76>
10004e18:	2000      	movs	r0, #0
10004e1a:	8851      	ldrh	r1, [r2, #2]
10004e1c:	f3af 8000 	nop.w
10004e20:	e017      	b.n	10004e52 <cdcd_control_xfer_cb+0x76>
10004e22:	2901      	cmp	r1, #1
10004e24:	d023      	beq.n	10004e6e <cdcd_control_xfer_cb+0x92>
10004e26:	2903      	cmp	r1, #3
10004e28:	d113      	bne.n	10004e52 <cdcd_control_xfer_cb+0x76>
10004e2a:	8855      	ldrh	r5, [r2, #2]
10004e2c:	4817      	ldr	r0, [pc, #92]	@ (10004e8c <cdcd_control_xfer_cb+0xb0>)
10004e2e:	f005 0601 	and.w	r6, r5, #1
10004e32:	f086 0101 	eor.w	r1, r6, #1
10004e36:	7125      	strb	r5, [r4, #4]
10004e38:	f000 fdc2 	bl	100059c0 <tu_fifo_set_overwritable>
10004e3c:	4b14      	ldr	r3, [pc, #80]	@ (10004e90 <cdcd_control_xfer_cb+0xb4>)
10004e3e:	b143      	cbz	r3, 10004e52 <cdcd_control_xfer_cb+0x76>
10004e40:	4631      	mov	r1, r6
10004e42:	2000      	movs	r0, #0
10004e44:	f3c5 0240 	ubfx	r2, r5, #1, #1
10004e48:	f3af 8000 	nop.w
10004e4c:	e001      	b.n	10004e52 <cdcd_control_xfer_cb+0x76>
10004e4e:	2901      	cmp	r1, #1
10004e50:	d011      	beq.n	10004e76 <cdcd_control_xfer_cb+0x9a>
10004e52:	2001      	movs	r0, #1
10004e54:	bd70      	pop	{r4, r5, r6, pc}
10004e56:	2901      	cmp	r1, #1
10004e58:	d00d      	beq.n	10004e76 <cdcd_control_xfer_cb+0x9a>
10004e5a:	2903      	cmp	r1, #3
10004e5c:	d1f9      	bne.n	10004e52 <cdcd_control_xfer_cb+0x76>
10004e5e:	4b0d      	ldr	r3, [pc, #52]	@ (10004e94 <cdcd_control_xfer_cb+0xb8>)
10004e60:	2b00      	cmp	r3, #0
10004e62:	d0f6      	beq.n	10004e52 <cdcd_control_xfer_cb+0x76>
10004e64:	2000      	movs	r0, #0
10004e66:	490c      	ldr	r1, [pc, #48]	@ (10004e98 <cdcd_control_xfer_cb+0xbc>)
10004e68:	f7fe faa8 	bl	100033bc <tud_cdc_line_coding_cb>
10004e6c:	e7f1      	b.n	10004e52 <cdcd_control_xfer_cb+0x76>
10004e6e:	4611      	mov	r1, r2
10004e70:	f7ff fcc0 	bl	100047f4 <tud_control_status>
10004e74:	e7ed      	b.n	10004e52 <cdcd_control_xfer_cb+0x76>
10004e76:	4611      	mov	r1, r2
10004e78:	2307      	movs	r3, #7
10004e7a:	4a07      	ldr	r2, [pc, #28]	@ (10004e98 <cdcd_control_xfer_cb+0xbc>)
10004e7c:	f7ff fcd4 	bl	10004828 <tud_control_xfer>
10004e80:	e7e7      	b.n	10004e52 <cdcd_control_xfer_cb+0x76>
10004e82:	bf00      	nop
10004e84:	200011e0 	.word	0x200011e0
10004e88:	00000000 	.word	0x00000000
10004e8c:	20001204 	.word	0x20001204
10004e90:	00000000 	.word	0x00000000
10004e94:	100033bd 	.word	0x100033bd
10004e98:	200011e8 	.word	0x200011e8

10004e9c <cdcd_xfer_cb>:
10004e9c:	e92d 47f0 	stmdb	sp!, {r4, r5, r6, r7, r8, r9, sl, lr}
10004ea0:	4f36      	ldr	r7, [pc, #216]	@ (10004f7c <cdcd_xfer_cb+0xe0>)
10004ea2:	460c      	mov	r4, r1
10004ea4:	78fa      	ldrb	r2, [r7, #3]
10004ea6:	4606      	mov	r6, r0
10004ea8:	428a      	cmp	r2, r1
10004eaa:	461d      	mov	r5, r3
10004eac:	f897 c002 	ldrb.w	ip, [r7, #2]
10004eb0:	d03c      	beq.n	10004f2c <cdcd_xfer_cb+0x90>
10004eb2:	458c      	cmp	ip, r1
10004eb4:	d013      	beq.n	10004ede <cdcd_xfer_cb+0x42>
10004eb6:	f04f 23e0 	mov.w	r3, #3758153728	@ 0xe000e000
10004eba:	f8d3 3df0 	ldr.w	r3, [r3, #3568]	@ 0xdf0
10004ebe:	07db      	lsls	r3, r3, #31
10004ec0:	d500      	bpl.n	10004ec4 <cdcd_xfer_cb+0x28>
10004ec2:	be00      	bkpt	0x0000
10004ec4:	2000      	movs	r0, #0
10004ec6:	e8bd 87f0 	ldmia.w	sp!, {r4, r5, r6, r7, r8, r9, sl, pc}
10004eca:	4b2d      	ldr	r3, [pc, #180]	@ (10004f80 <cdcd_xfer_cb+0xe4>)
10004ecc:	b123      	cbz	r3, 10004ed8 <cdcd_xfer_cb+0x3c>
10004ece:	482d      	ldr	r0, [pc, #180]	@ (10004f84 <cdcd_xfer_cb+0xe8>)
10004ed0:	f000 fb8c 	bl	100055ec <tu_fifo_empty>
10004ed4:	2800      	cmp	r0, #0
10004ed6:	d04e      	beq.n	10004f76 <cdcd_xfer_cb+0xda>
10004ed8:	2000      	movs	r0, #0
10004eda:	f7ff fd97 	bl	10004a0c <_prep_out_transaction.isra.0>
10004ede:	78bb      	ldrb	r3, [r7, #2]
10004ee0:	42a3      	cmp	r3, r4
10004ee2:	d002      	beq.n	10004eea <cdcd_xfer_cb+0x4e>
10004ee4:	2001      	movs	r0, #1
10004ee6:	e8bd 87f0 	ldmia.w	sp!, {r4, r5, r6, r7, r8, r9, sl, pc}
10004eea:	4b27      	ldr	r3, [pc, #156]	@ (10004f88 <cdcd_xfer_cb+0xec>)
10004eec:	b113      	cbz	r3, 10004ef4 <cdcd_xfer_cb+0x58>
10004eee:	2000      	movs	r0, #0
10004ef0:	f3af 8000 	nop.w
10004ef4:	2000      	movs	r0, #0
10004ef6:	f7ff fe2b 	bl	10004b50 <tud_cdc_n_write_flush>
10004efa:	2800      	cmp	r0, #0
10004efc:	d1f2      	bne.n	10004ee4 <cdcd_xfer_cb+0x48>
10004efe:	4823      	ldr	r0, [pc, #140]	@ (10004f8c <cdcd_xfer_cb+0xf0>)
10004f00:	f000 fb64 	bl	100055cc <tu_fifo_count>
10004f04:	2800      	cmp	r0, #0
10004f06:	d1ed      	bne.n	10004ee4 <cdcd_xfer_cb+0x48>
10004f08:	2d00      	cmp	r5, #0
10004f0a:	d0eb      	beq.n	10004ee4 <cdcd_xfer_cb+0x48>
10004f0c:	f015 053f 	ands.w	r5, r5, #63	@ 0x3f
10004f10:	d1e8      	bne.n	10004ee4 <cdcd_xfer_cb+0x48>
10004f12:	4630      	mov	r0, r6
10004f14:	78b9      	ldrb	r1, [r7, #2]
10004f16:	f7ff fc11 	bl	1000473c <usbd_edpt_claim>
10004f1a:	2800      	cmp	r0, #0
10004f1c:	d0e2      	beq.n	10004ee4 <cdcd_xfer_cb+0x48>
10004f1e:	462b      	mov	r3, r5
10004f20:	462a      	mov	r2, r5
10004f22:	4630      	mov	r0, r6
10004f24:	78b9      	ldrb	r1, [r7, #2]
10004f26:	f7ff fc2d 	bl	10004784 <usbd_edpt_xfer>
10004f2a:	e7db      	b.n	10004ee4 <cdcd_xfer_cb+0x48>
10004f2c:	f8df 8064 	ldr.w	r8, [pc, #100]	@ 10004f94 <cdcd_xfer_cb+0xf8>
10004f30:	b29a      	uxth	r2, r3
10004f32:	4641      	mov	r1, r8
10004f34:	f107 0010 	add.w	r0, r7, #16
10004f38:	f000 fc7a 	bl	10005830 <tu_fifo_write_n>
10004f3c:	4b14      	ldr	r3, [pc, #80]	@ (10004f90 <cdcd_xfer_cb+0xf4>)
10004f3e:	2b00      	cmp	r3, #0
10004f40:	d0c3      	beq.n	10004eca <cdcd_xfer_cb+0x2e>
10004f42:	797b      	ldrb	r3, [r7, #5]
10004f44:	2bff      	cmp	r3, #255	@ 0xff
10004f46:	d0c0      	beq.n	10004eca <cdcd_xfer_cb+0x2e>
10004f48:	2d00      	cmp	r5, #0
10004f4a:	d0be      	beq.n	10004eca <cdcd_xfer_cb+0x2e>
10004f4c:	f107 0910 	add.w	r9, r7, #16
10004f50:	eb08 0a05 	add.w	sl, r8, r5
10004f54:	e002      	b.n	10004f5c <cdcd_xfer_cb+0xc0>
10004f56:	45c2      	cmp	sl, r8
10004f58:	d0b7      	beq.n	10004eca <cdcd_xfer_cb+0x2e>
10004f5a:	797b      	ldrb	r3, [r7, #5]
10004f5c:	f818 2b01 	ldrb.w	r2, [r8], #1
10004f60:	429a      	cmp	r2, r3
10004f62:	d1f8      	bne.n	10004f56 <cdcd_xfer_cb+0xba>
10004f64:	4648      	mov	r0, r9
10004f66:	f000 fb41 	bl	100055ec <tu_fifo_empty>
10004f6a:	2800      	cmp	r0, #0
10004f6c:	d1f3      	bne.n	10004f56 <cdcd_xfer_cb+0xba>
10004f6e:	7979      	ldrb	r1, [r7, #5]
10004f70:	f3af 8000 	nop.w
10004f74:	e7ef      	b.n	10004f56 <cdcd_xfer_cb+0xba>
10004f76:	f3af 8000 	nop.w
10004f7a:	e7ad      	b.n	10004ed8 <cdcd_xfer_cb+0x3c>
10004f7c:	200011e0 	.word	0x200011e0
10004f80:	00000000 	.word	0x00000000
10004f84:	200011f0 	.word	0x200011f0
10004f88:	00000000 	.word	0x00000000
10004f8c:	20001204 	.word	0x20001204
10004f90:	00000000 	.word	0x00000000
10004f94:	200015e4 	.word	0x200015e4

10004f98 <vendord_init>:
10004f98:	b5f0      	push	{r4, r5, r6, r7, lr}
10004f9a:	4c14      	ldr	r4, [pc, #80]	@ (10004fec <vendord_init+0x54>)
10004f9c:	b085      	sub	sp, #20
10004f9e:	f44f 7213 	mov.w	r2, #588	@ 0x24c
10004fa2:	2100      	movs	r1, #0
10004fa4:	4620      	mov	r0, r4
10004fa6:	f000 fd29 	bl	100059fc <memset>
10004faa:	2740      	movs	r7, #64	@ 0x40
10004fac:	2300      	movs	r3, #0
10004fae:	f44f 7680 	mov.w	r6, #256	@ 0x100
10004fb2:	4d0f      	ldr	r5, [pc, #60]	@ (10004ff0 <vendord_init+0x58>)
10004fb4:	f504 72a6 	add.w	r2, r4, #332	@ 0x14c
10004fb8:	4619      	mov	r1, r3
10004fba:	e9cd 5702 	strd	r5, r7, [sp, #8]
10004fbe:	9200      	str	r2, [sp, #0]
10004fc0:	9601      	str	r6, [sp, #4]
10004fc2:	461a      	mov	r2, r3
10004fc4:	f504 7094 	add.w	r0, r4, #296	@ 0x128
10004fc8:	f000 f9ce 	bl	10005368 <tu_edpt_stream_init>
10004fcc:	2300      	movs	r3, #0
10004fce:	f104 0128 	add.w	r1, r4, #40	@ 0x28
10004fd2:	443d      	add	r5, r7
10004fd4:	9100      	str	r1, [sp, #0]
10004fd6:	2201      	movs	r2, #1
10004fd8:	4619      	mov	r1, r3
10004fda:	e9cd 5702 	strd	r5, r7, [sp, #8]
10004fde:	9601      	str	r6, [sp, #4]
10004fe0:	1d20      	adds	r0, r4, #4
10004fe2:	f000 f9c1 	bl	10005368 <tu_edpt_stream_init>
10004fe6:	b005      	add	sp, #20
10004fe8:	bdf0      	pop	{r4, r5, r6, r7, pc}
10004fea:	bf00      	nop
10004fec:	20001884 	.word	0x20001884
10004ff0:	20001804 	.word	0x20001804

10004ff4 <vendord_deinit>:
10004ff4:	b510      	push	{r4, lr}
10004ff6:	4c05      	ldr	r4, [pc, #20]	@ (1000500c <vendord_deinit+0x18>)
10004ff8:	4620      	mov	r0, r4
10004ffa:	f000 f9e1 	bl	100053c0 <tu_edpt_stream_deinit>
10004ffe:	f5a4 7092 	sub.w	r0, r4, #292	@ 0x124
10005002:	f000 f9dd 	bl	100053c0 <tu_edpt_stream_deinit>
10005006:	2001      	movs	r0, #1
10005008:	bd10      	pop	{r4, pc}
1000500a:	bf00      	nop
1000500c:	200019ac 	.word	0x200019ac

10005010 <vendord_reset>:
10005010:	b538      	push	{r3, r4, r5, lr}
10005012:	2500      	movs	r5, #0
10005014:	4c06      	ldr	r4, [pc, #24]	@ (10005030 <vendord_reset+0x20>)
10005016:	f504 7098 	add.w	r0, r4, #304	@ 0x130
1000501a:	7025      	strb	r5, [r4, #0]
1000501c:	f000 fcb4 	bl	10005988 <tu_fifo_clear>
10005020:	f104 000c 	add.w	r0, r4, #12
10005024:	f000 fcb0 	bl	10005988 <tu_fifo_clear>
10005028:	f884 5129 	strb.w	r5, [r4, #297]	@ 0x129
1000502c:	7165      	strb	r5, [r4, #5]
1000502e:	bd38      	pop	{r3, r4, r5, pc}
10005030:	20001884 	.word	0x20001884

10005034 <vendord_open>:
10005034:	e92d 4ff8 	stmdb	sp!, {r3, r4, r5, r6, r7, r8, r9, sl, fp, lr}
10005038:	794b      	ldrb	r3, [r1, #5]
1000503a:	2bff      	cmp	r3, #255	@ 0xff
1000503c:	d002      	beq.n	10005044 <vendord_open+0x10>
1000503e:	2000      	movs	r0, #0
10005040:	e8bd 8ff8 	ldmia.w	sp!, {r3, r4, r5, r6, r7, r8, r9, sl, fp, pc}
10005044:	4d39      	ldr	r5, [pc, #228]	@ (1000512c <vendord_open+0xf8>)
10005046:	460e      	mov	r6, r1
10005048:	f895 3129 	ldrb.w	r3, [r5, #297]	@ 0x129
1000504c:	780c      	ldrb	r4, [r1, #0]
1000504e:	2b00      	cmp	r3, #0
10005050:	d1f5      	bne.n	1000503e <vendord_open+0xa>
10005052:	796f      	ldrb	r7, [r5, #5]
10005054:	2f00      	cmp	r7, #0
10005056:	d1f2      	bne.n	1000503e <vendord_open+0xa>
10005058:	788b      	ldrb	r3, [r1, #2]
1000505a:	440c      	add	r4, r1
1000505c:	702b      	strb	r3, [r5, #0]
1000505e:	790b      	ldrb	r3, [r1, #4]
10005060:	2b00      	cmp	r3, #0
10005062:	d03e      	beq.n	100050e2 <vendord_open+0xae>
10005064:	4680      	mov	r8, r0
10005066:	eb04 0b02 	add.w	fp, r4, r2
1000506a:	f505 7a98 	add.w	sl, r5, #304	@ 0x130
1000506e:	f505 7994 	add.w	r9, r5, #296	@ 0x128
10005072:	7863      	ldrb	r3, [r4, #1]
10005074:	2b05      	cmp	r3, #5
10005076:	d009      	beq.n	1000508c <vendord_open+0x58>
10005078:	45a3      	cmp	fp, r4
1000507a:	d802      	bhi.n	10005082 <vendord_open+0x4e>
1000507c:	e031      	b.n	100050e2 <vendord_open+0xae>
1000507e:	455c      	cmp	r4, fp
10005080:	d22f      	bcs.n	100050e2 <vendord_open+0xae>
10005082:	7823      	ldrb	r3, [r4, #0]
10005084:	441c      	add	r4, r3
10005086:	7863      	ldrb	r3, [r4, #1]
10005088:	2b05      	cmp	r3, #5
1000508a:	d1f8      	bne.n	1000507e <vendord_open+0x4a>
1000508c:	45a3      	cmp	fp, r4
1000508e:	d928      	bls.n	100050e2 <vendord_open+0xae>
10005090:	4621      	mov	r1, r4
10005092:	4640      	mov	r0, r8
10005094:	f7ff fb30 	bl	100046f8 <usbd_edpt_open>
10005098:	2800      	cmp	r0, #0
1000509a:	d03e      	beq.n	1000511a <vendord_open+0xe6>
1000509c:	78a3      	ldrb	r3, [r4, #2]
1000509e:	09db      	lsrs	r3, r3, #7
100050a0:	d123      	bne.n	100050ea <vendord_open+0xb6>
100050a2:	4650      	mov	r0, sl
100050a4:	f000 fc70 	bl	10005988 <tu_fifo_clear>
100050a8:	78a3      	ldrb	r3, [r4, #2]
100050aa:	f895 1128 	ldrb.w	r1, [r5, #296]	@ 0x128
100050ae:	f885 3129 	strb.w	r3, [r5, #297]	@ 0x129
100050b2:	88a3      	ldrh	r3, [r4, #4]
100050b4:	4640      	mov	r0, r8
100050b6:	f3c3 030a 	ubfx	r3, r3, #0, #11
100050ba:	f5a3 7300 	sub.w	r3, r3, #512	@ 0x200
100050be:	fab3 f383 	clz	r3, r3
100050c2:	095b      	lsrs	r3, r3, #5
100050c4:	f363 0141 	bfi	r1, r3, #1, #1
100050c8:	f885 1128 	strb.w	r1, [r5, #296]	@ 0x128
100050cc:	4649      	mov	r1, r9
100050ce:	f000 f9e5 	bl	1000549c <tu_edpt_stream_read_xfer>
100050d2:	b310      	cbz	r0, 1000511a <vendord_open+0xe6>
100050d4:	7823      	ldrb	r3, [r4, #0]
100050d6:	7931      	ldrb	r1, [r6, #4]
100050d8:	3701      	adds	r7, #1
100050da:	441c      	add	r4, r3
100050dc:	b2fb      	uxtb	r3, r7
100050de:	4299      	cmp	r1, r3
100050e0:	d8c7      	bhi.n	10005072 <vendord_open+0x3e>
100050e2:	1ba1      	subs	r1, r4, r6
100050e4:	b288      	uxth	r0, r1
100050e6:	e8bd 8ff8 	ldmia.w	sp!, {r3, r4, r5, r6, r7, r8, r9, sl, fp, pc}
100050ea:	4811      	ldr	r0, [pc, #68]	@ (10005130 <vendord_open+0xfc>)
100050ec:	f000 fc4c 	bl	10005988 <tu_fifo_clear>
100050f0:	78a3      	ldrb	r3, [r4, #2]
100050f2:	f895 c004 	ldrb.w	ip, [r5, #4]
100050f6:	716b      	strb	r3, [r5, #5]
100050f8:	88a3      	ldrh	r3, [r4, #4]
100050fa:	490e      	ldr	r1, [pc, #56]	@ (10005134 <vendord_open+0x100>)
100050fc:	f3c3 030a 	ubfx	r3, r3, #0, #11
10005100:	f5a3 7300 	sub.w	r3, r3, #512	@ 0x200
10005104:	fab3 f383 	clz	r3, r3
10005108:	095b      	lsrs	r3, r3, #5
1000510a:	f363 0c41 	bfi	ip, r3, #1, #1
1000510e:	2000      	movs	r0, #0
10005110:	f885 c004 	strb.w	ip, [r5, #4]
10005114:	f000 f98a 	bl	1000542c <tu_edpt_stream_write_xfer>
10005118:	e7dc      	b.n	100050d4 <vendord_open+0xa0>
1000511a:	f04f 23e0 	mov.w	r3, #3758153728	@ 0xe000e000
1000511e:	f8d3 3df0 	ldr.w	r3, [r3, #3568]	@ 0xdf0
10005122:	07db      	lsls	r3, r3, #31
10005124:	d58b      	bpl.n	1000503e <vendord_open+0xa>
10005126:	be00      	bkpt	0x0000
10005128:	e789      	b.n	1000503e <vendord_open+0xa>
1000512a:	bf00      	nop
1000512c:	20001884 	.word	0x20001884
10005130:	20001890 	.word	0x20001890
10005134:	20001888 	.word	0x20001888

10005138 <vendord_xfer_cb>:
10005138:	b570      	push	{r4, r5, r6, lr}
1000513a:	4c1b      	ldr	r4, [pc, #108]	@ (100051a8 <vendord_xfer_cb+0x70>)
1000513c:	4606      	mov	r6, r0
1000513e:	f894 c129 	ldrb.w	ip, [r4, #297]	@ 0x129
10005142:	461d      	mov	r5, r3
10005144:	458c      	cmp	ip, r1
10005146:	7962      	ldrb	r2, [r4, #5]
10005148:	d004      	beq.n	10005154 <vendord_xfer_cb+0x1c>
1000514a:	428a      	cmp	r2, r1
1000514c:	bf18      	it	ne
1000514e:	2000      	movne	r0, #0
10005150:	d018      	beq.n	10005184 <vendord_xfer_cb+0x4c>
10005152:	bd70      	pop	{r4, r5, r6, pc}
10005154:	f8b4 3134 	ldrh.w	r3, [r4, #308]	@ 0x134
10005158:	b963      	cbnz	r3, 10005174 <vendord_xfer_cb+0x3c>
1000515a:	4b14      	ldr	r3, [pc, #80]	@ (100051ac <vendord_xfer_cb+0x74>)
1000515c:	b123      	cbz	r3, 10005168 <vendord_xfer_cb+0x30>
1000515e:	2000      	movs	r0, #0
10005160:	4913      	ldr	r1, [pc, #76]	@ (100051b0 <vendord_xfer_cb+0x78>)
10005162:	b2aa      	uxth	r2, r5
10005164:	f3af 8000 	nop.w
10005168:	4630      	mov	r0, r6
1000516a:	4912      	ldr	r1, [pc, #72]	@ (100051b4 <vendord_xfer_cb+0x7c>)
1000516c:	f000 f996 	bl	1000549c <tu_edpt_stream_read_xfer>
10005170:	2001      	movs	r0, #1
10005172:	bd70      	pop	{r4, r5, r6, pc}
10005174:	f8d4 112c 	ldr.w	r1, [r4, #300]	@ 0x12c
10005178:	b2aa      	uxth	r2, r5
1000517a:	f504 7098 	add.w	r0, r4, #304	@ 0x130
1000517e:	f000 fb57 	bl	10005830 <tu_fifo_write_n>
10005182:	e7ea      	b.n	1000515a <vendord_xfer_cb+0x22>
10005184:	4b0c      	ldr	r3, [pc, #48]	@ (100051b8 <vendord_xfer_cb+0x80>)
10005186:	b11b      	cbz	r3, 10005190 <vendord_xfer_cb+0x58>
10005188:	2000      	movs	r0, #0
1000518a:	b2a9      	uxth	r1, r5
1000518c:	f3af 8000 	nop.w
10005190:	4630      	mov	r0, r6
10005192:	490a      	ldr	r1, [pc, #40]	@ (100051bc <vendord_xfer_cb+0x84>)
10005194:	f000 f94a 	bl	1000542c <tu_edpt_stream_write_xfer>
10005198:	2800      	cmp	r0, #0
1000519a:	d1e9      	bne.n	10005170 <vendord_xfer_cb+0x38>
1000519c:	462a      	mov	r2, r5
1000519e:	4630      	mov	r0, r6
100051a0:	4906      	ldr	r1, [pc, #24]	@ (100051bc <vendord_xfer_cb+0x84>)
100051a2:	f000 f90f 	bl	100053c4 <tu_edpt_stream_write_zlp_if_needed>
100051a6:	e7e3      	b.n	10005170 <vendord_xfer_cb+0x38>
100051a8:	20001884 	.word	0x20001884
100051ac:	00000000 	.word	0x00000000
100051b0:	20001804 	.word	0x20001804
100051b4:	200019ac 	.word	0x200019ac
100051b8:	00000000 	.word	0x00000000
100051bc:	20001888 	.word	0x20001888

100051c0 <tusb_rhport_init>:
100051c0:	b510      	push	{r4, lr}
100051c2:	b082      	sub	sp, #8
100051c4:	b1b9      	cbz	r1, 100051f6 <tusb_rhport_init+0x36>
100051c6:	2801      	cmp	r0, #1
100051c8:	d80c      	bhi.n	100051e4 <tusb_rhport_init+0x24>
100051ca:	780b      	ldrb	r3, [r1, #0]
100051cc:	b153      	cbz	r3, 100051e4 <tusb_rhport_init+0x24>
100051ce:	4c13      	ldr	r4, [pc, #76]	@ (1000521c <tusb_rhport_init+0x5c>)
100051d0:	2b01      	cmp	r3, #1
100051d2:	5423      	strb	r3, [r4, r0]
100051d4:	d002      	beq.n	100051dc <tusb_rhport_init+0x1c>
100051d6:	2001      	movs	r0, #1
100051d8:	b002      	add	sp, #8
100051da:	bd10      	pop	{r4, pc}
100051dc:	f7fe fe00 	bl	10003de0 <tud_rhport_init>
100051e0:	2800      	cmp	r0, #0
100051e2:	d1f8      	bne.n	100051d6 <tusb_rhport_init+0x16>
100051e4:	f04f 23e0 	mov.w	r3, #3758153728	@ 0xe000e000
100051e8:	f8d3 3df0 	ldr.w	r3, [r3, #3568]	@ 0xdf0
100051ec:	07db      	lsls	r3, r3, #31
100051ee:	d500      	bpl.n	100051f2 <tusb_rhport_init+0x32>
100051f0:	be00      	bkpt	0x0000
100051f2:	2000      	movs	r0, #0
100051f4:	e7f0      	b.n	100051d8 <tusb_rhport_init+0x18>
100051f6:	2401      	movs	r4, #1
100051f8:	4608      	mov	r0, r1
100051fa:	a901      	add	r1, sp, #4
100051fc:	f8ad 4004 	strh.w	r4, [sp, #4]
10005200:	f7fe fdee 	bl	10003de0 <tud_rhport_init>
10005204:	b938      	cbnz	r0, 10005216 <tusb_rhport_init+0x56>
10005206:	f04f 23e0 	mov.w	r3, #3758153728	@ 0xe000e000
1000520a:	f8d3 3df0 	ldr.w	r3, [r3, #3568]	@ 0xdf0
1000520e:	07da      	lsls	r2, r3, #31
10005210:	d5e2      	bpl.n	100051d8 <tusb_rhport_init+0x18>
10005212:	be00      	bkpt	0x0000
10005214:	e7e0      	b.n	100051d8 <tusb_rhport_init+0x18>
10005216:	4b01      	ldr	r3, [pc, #4]	@ (1000521c <tusb_rhport_init+0x5c>)
10005218:	701c      	strb	r4, [r3, #0]
1000521a:	e7dd      	b.n	100051d8 <tusb_rhport_init+0x18>
1000521c:	200016dc 	.word	0x200016dc

10005220 <tu_edpt_claim>:
10005220:	b5f8      	push	{r3, r4, r5, r6, r7, lr}
10005222:	7803      	ldrb	r3, [r0, #0]
10005224:	f013 0401 	ands.w	r4, r3, #1
10005228:	d11a      	bne.n	10005260 <tu_edpt_claim+0x40>
1000522a:	7803      	ldrb	r3, [r0, #0]
1000522c:	4605      	mov	r5, r0
1000522e:	075a      	lsls	r2, r3, #29
10005230:	f3c3 0780 	ubfx	r7, r3, #2, #1
10005234:	d501      	bpl.n	1000523a <tu_edpt_claim+0x1a>
10005236:	4620      	mov	r0, r4
10005238:	bdf8      	pop	{r3, r4, r5, r6, r7, pc}
1000523a:	460e      	mov	r6, r1
1000523c:	f04f 31ff 	mov.w	r1, #4294967295	@ 0xffffffff
10005240:	4630      	mov	r0, r6
10005242:	f000 fd2d 	bl	10005ca0 <__mutex_enter_timeout_ms_veneer>
10005246:	782b      	ldrb	r3, [r5, #0]
10005248:	f013 0401 	ands.w	r4, r3, #1
1000524c:	d10b      	bne.n	10005266 <tu_edpt_claim+0x46>
1000524e:	782b      	ldrb	r3, [r5, #0]
10005250:	075b      	lsls	r3, r3, #29
10005252:	d409      	bmi.n	10005268 <tu_edpt_claim+0x48>
10005254:	782b      	ldrb	r3, [r5, #0]
10005256:	2401      	movs	r4, #1
10005258:	f043 0304 	orr.w	r3, r3, #4
1000525c:	702b      	strb	r3, [r5, #0]
1000525e:	e003      	b.n	10005268 <tu_edpt_claim+0x48>
10005260:	2400      	movs	r4, #0
10005262:	4620      	mov	r0, r4
10005264:	bdf8      	pop	{r3, r4, r5, r6, r7, pc}
10005266:	463c      	mov	r4, r7
10005268:	4630      	mov	r0, r6
1000526a:	f000 fd25 	bl	10005cb8 <__mutex_exit_veneer>
1000526e:	4620      	mov	r0, r4
10005270:	bdf8      	pop	{r3, r4, r5, r6, r7, pc}
10005272:	bf00      	nop

10005274 <tu_edpt_release>:
10005274:	b570      	push	{r4, r5, r6, lr}
10005276:	460c      	mov	r4, r1
10005278:	4605      	mov	r5, r0
1000527a:	f04f 31ff 	mov.w	r1, #4294967295	@ 0xffffffff
1000527e:	4620      	mov	r0, r4
10005280:	f000 fd0e 	bl	10005ca0 <__mutex_enter_timeout_ms_veneer>
10005284:	782b      	ldrb	r3, [r5, #0]
10005286:	f3c3 0680 	ubfx	r6, r3, #2, #1
1000528a:	075b      	lsls	r3, r3, #29
1000528c:	d508      	bpl.n	100052a0 <tu_edpt_release+0x2c>
1000528e:	782b      	ldrb	r3, [r5, #0]
10005290:	f013 0301 	ands.w	r3, r3, #1
10005294:	bf11      	iteee	ne
10005296:	2600      	movne	r6, #0
10005298:	782a      	ldrbeq	r2, [r5, #0]
1000529a:	f363 0282 	bfieq	r2, r3, #2, #1
1000529e:	702a      	strbeq	r2, [r5, #0]
100052a0:	4620      	mov	r0, r4
100052a2:	f000 fd09 	bl	10005cb8 <__mutex_exit_veneer>
100052a6:	4630      	mov	r0, r6
100052a8:	bd70      	pop	{r4, r5, r6, pc}
100052aa:	bf00      	nop

100052ac <tu_edpt_validate>:
100052ac:	78c3      	ldrb	r3, [r0, #3]
100052ae:	8882      	ldrh	r2, [r0, #4]
100052b0:	f003 0003 	and.w	r0, r3, #3
100052b4:	2802      	cmp	r0, #2
100052b6:	f3c2 020a 	ubfx	r2, r2, #0, #11
100052ba:	d01f      	beq.n	100052fc <tu_edpt_validate+0x50>
100052bc:	2803      	cmp	r0, #3
100052be:	d003      	beq.n	100052c8 <tu_edpt_validate+0x1c>
100052c0:	2801      	cmp	r0, #1
100052c2:	d00a      	beq.n	100052da <tu_edpt_validate+0x2e>
100052c4:	2000      	movs	r0, #0
100052c6:	4770      	bx	lr
100052c8:	2902      	cmp	r1, #2
100052ca:	bf14      	ite	ne
100052cc:	2340      	movne	r3, #64	@ 0x40
100052ce:	f44f 6380 	moveq.w	r3, #1024	@ 0x400
100052d2:	4293      	cmp	r3, r2
100052d4:	d309      	bcc.n	100052ea <tu_edpt_validate+0x3e>
100052d6:	2001      	movs	r0, #1
100052d8:	4770      	bx	lr
100052da:	2902      	cmp	r1, #2
100052dc:	f240 33ff 	movw	r3, #1023	@ 0x3ff
100052e0:	bf08      	it	eq
100052e2:	f44f 6380 	moveq.w	r3, #1024	@ 0x400
100052e6:	4293      	cmp	r3, r2
100052e8:	d2f6      	bcs.n	100052d8 <tu_edpt_validate+0x2c>
100052ea:	f04f 23e0 	mov.w	r3, #3758153728	@ 0xe000e000
100052ee:	f8d3 3df0 	ldr.w	r3, [r3, #3568]	@ 0xdf0
100052f2:	07db      	lsls	r3, r3, #31
100052f4:	d5e6      	bpl.n	100052c4 <tu_edpt_validate+0x18>
100052f6:	be00      	bkpt	0x0000
100052f8:	2000      	movs	r0, #0
100052fa:	4770      	bx	lr
100052fc:	2902      	cmp	r1, #2
100052fe:	d002      	beq.n	10005306 <tu_edpt_validate+0x5a>
10005300:	2a40      	cmp	r2, #64	@ 0x40
10005302:	d9e8      	bls.n	100052d6 <tu_edpt_validate+0x2a>
10005304:	e7f1      	b.n	100052ea <tu_edpt_validate+0x3e>
10005306:	f5b2 7f00 	cmp.w	r2, #512	@ 0x200
1000530a:	d0e4      	beq.n	100052d6 <tu_edpt_validate+0x2a>
1000530c:	e7ed      	b.n	100052ea <tu_edpt_validate+0x3e>
1000530e:	bf00      	nop

10005310 <tu_edpt_bind_driver>:
10005310:	440a      	add	r2, r1
10005312:	4291      	cmp	r1, r2
10005314:	d226      	bcs.n	10005364 <tu_edpt_bind_driver+0x54>
10005316:	f891 c001 	ldrb.w	ip, [r1, #1]
1000531a:	f1bc 0f05 	cmp.w	ip, #5
1000531e:	d005      	beq.n	1000532c <tu_edpt_bind_driver+0x1c>
10005320:	f891 c000 	ldrb.w	ip, [r1]
10005324:	4461      	add	r1, ip
10005326:	428a      	cmp	r2, r1
10005328:	d8f5      	bhi.n	10005316 <tu_edpt_bind_driver+0x6>
1000532a:	4770      	bx	lr
1000532c:	b500      	push	{lr}
1000532e:	f891 c002 	ldrb.w	ip, [r1, #2]
10005332:	f00c 0e7f 	and.w	lr, ip, #127	@ 0x7f
10005336:	eb00 0e4e 	add.w	lr, r0, lr, lsl #1
1000533a:	ea4f 1cdc 	mov.w	ip, ip, lsr #7
1000533e:	f80e 300c 	strb.w	r3, [lr, ip]
10005342:	f891 c000 	ldrb.w	ip, [r1]
10005346:	4461      	add	r1, ip
10005348:	428a      	cmp	r2, r1
1000534a:	d909      	bls.n	10005360 <tu_edpt_bind_driver+0x50>
1000534c:	f891 c001 	ldrb.w	ip, [r1, #1]
10005350:	f1bc 0f05 	cmp.w	ip, #5
10005354:	d0eb      	beq.n	1000532e <tu_edpt_bind_driver+0x1e>
10005356:	f891 c000 	ldrb.w	ip, [r1]
1000535a:	4461      	add	r1, ip
1000535c:	428a      	cmp	r2, r1
1000535e:	d8f5      	bhi.n	1000534c <tu_edpt_bind_driver+0x3c>
10005360:	f85d fb04 	ldr.w	pc, [sp], #4
10005364:	4770      	bx	lr
10005366:	bf00      	nop

10005368 <tu_edpt_stream_init>:
10005368:	e92d 41f0 	stmdb	sp!, {r4, r5, r6, r7, r8, lr}
1000536c:	468e      	mov	lr, r1
1000536e:	b082      	sub	sp, #8
10005370:	9300      	str	r3, [sp, #0]
10005372:	f890 c000 	ldrb.w	ip, [r0]
10005376:	9e08      	ldr	r6, [sp, #32]
10005378:	f8bd 7024 	ldrh.w	r7, [sp, #36]	@ 0x24
1000537c:	f36e 0c00 	bfi	ip, lr, #0, #1
10005380:	4604      	mov	r4, r0
10005382:	4615      	mov	r5, r2
10005384:	2301      	movs	r3, #1
10005386:	4631      	mov	r1, r6
10005388:	463a      	mov	r2, r7
1000538a:	f800 cb08 	strb.w	ip, [r0], #8
1000538e:	f8bd 802c 	ldrh.w	r8, [sp, #44]	@ 0x2c
10005392:	f000 f8eb 	bl	1000556c <tu_fifo_config>
10005396:	b106      	cbz	r6, 1000539a <tu_edpt_stream_init+0x32>
10005398:	b93f      	cbnz	r7, 100053aa <tu_edpt_stream_init+0x42>
1000539a:	2001      	movs	r0, #1
1000539c:	9b0a      	ldr	r3, [sp, #40]	@ 0x28
1000539e:	f8a4 8002 	strh.w	r8, [r4, #2]
100053a2:	6063      	str	r3, [r4, #4]
100053a4:	b002      	add	sp, #8
100053a6:	e8bd 81f0 	ldmia.w	sp!, {r4, r5, r6, r7, r8, pc}
100053aa:	f104 061c 	add.w	r6, r4, #28
100053ae:	4630      	mov	r0, r6
100053b0:	f7fb fa92 	bl	100008d8 <mutex_init>
100053b4:	b10d      	cbz	r5, 100053ba <tu_edpt_stream_init+0x52>
100053b6:	4635      	mov	r5, r6
100053b8:	2600      	movs	r6, #0
100053ba:	e9c4 5605 	strd	r5, r6, [r4, #20]
100053be:	e7ec      	b.n	1000539a <tu_edpt_stream_init+0x32>

100053c0 <tu_edpt_stream_deinit>:
100053c0:	2001      	movs	r0, #1
100053c2:	4770      	bx	lr

100053c4 <tu_edpt_stream_write_zlp_if_needed>:
100053c4:	b5f8      	push	{r3, r4, r5, r6, r7, lr}
100053c6:	4607      	mov	r7, r0
100053c8:	4608      	mov	r0, r1
100053ca:	f240 13ff 	movw	r3, #511	@ 0x1ff
100053ce:	4615      	mov	r5, r2
100053d0:	f810 2b08 	ldrb.w	r2, [r0], #8
100053d4:	460c      	mov	r4, r1
100053d6:	f012 0f02 	tst.w	r2, #2
100053da:	bf0c      	ite	eq
100053dc:	263f      	moveq	r6, #63	@ 0x3f
100053de:	461e      	movne	r6, r3
100053e0:	f000 f8f4 	bl	100055cc <tu_fifo_count>
100053e4:	b928      	cbnz	r0, 100053f2 <tu_edpt_stream_write_zlp_if_needed+0x2e>
100053e6:	b125      	cbz	r5, 100053f2 <tu_edpt_stream_write_zlp_if_needed+0x2e>
100053e8:	422e      	tst	r6, r5
100053ea:	d102      	bne.n	100053f2 <tu_edpt_stream_write_zlp_if_needed+0x2e>
100053ec:	7823      	ldrb	r3, [r4, #0]
100053ee:	07da      	lsls	r2, r3, #31
100053f0:	d501      	bpl.n	100053f6 <tu_edpt_stream_write_zlp_if_needed+0x32>
100053f2:	2000      	movs	r0, #0
100053f4:	bdf8      	pop	{r3, r4, r5, r6, r7, pc}
100053f6:	4638      	mov	r0, r7
100053f8:	7861      	ldrb	r1, [r4, #1]
100053fa:	f7ff f99f 	bl	1000473c <usbd_edpt_claim>
100053fe:	2800      	cmp	r0, #0
10005400:	d0f7      	beq.n	100053f2 <tu_edpt_stream_write_zlp_if_needed+0x2e>
10005402:	7823      	ldrb	r3, [r4, #0]
10005404:	f013 0301 	ands.w	r3, r3, #1
10005408:	d007      	beq.n	1000541a <tu_edpt_stream_write_zlp_if_needed+0x56>
1000540a:	f04f 23e0 	mov.w	r3, #3758153728	@ 0xe000e000
1000540e:	f8d3 3df0 	ldr.w	r3, [r3, #3568]	@ 0xdf0
10005412:	07db      	lsls	r3, r3, #31
10005414:	d5ed      	bpl.n	100053f2 <tu_edpt_stream_write_zlp_if_needed+0x2e>
10005416:	be00      	bkpt	0x0000
10005418:	e7eb      	b.n	100053f2 <tu_edpt_stream_write_zlp_if_needed+0x2e>
1000541a:	461a      	mov	r2, r3
1000541c:	4638      	mov	r0, r7
1000541e:	7861      	ldrb	r1, [r4, #1]
10005420:	f7ff f9b0 	bl	10004784 <usbd_edpt_xfer>
10005424:	2800      	cmp	r0, #0
10005426:	d0f0      	beq.n	1000540a <tu_edpt_stream_write_zlp_if_needed+0x46>
10005428:	bdf8      	pop	{r3, r4, r5, r6, r7, pc}
1000542a:	bf00      	nop

1000542c <tu_edpt_stream_write_xfer>:
1000542c:	b570      	push	{r4, r5, r6, lr}
1000542e:	f101 0508 	add.w	r5, r1, #8
10005432:	4606      	mov	r6, r0
10005434:	4628      	mov	r0, r5
10005436:	460c      	mov	r4, r1
10005438:	f000 f8c8 	bl	100055cc <tu_fifo_count>
1000543c:	b110      	cbz	r0, 10005444 <tu_edpt_stream_write_xfer+0x18>
1000543e:	7823      	ldrb	r3, [r4, #0]
10005440:	07d8      	lsls	r0, r3, #31
10005442:	d501      	bpl.n	10005448 <tu_edpt_stream_write_xfer+0x1c>
10005444:	2000      	movs	r0, #0
10005446:	bd70      	pop	{r4, r5, r6, pc}
10005448:	4630      	mov	r0, r6
1000544a:	7861      	ldrb	r1, [r4, #1]
1000544c:	f7ff f976 	bl	1000473c <usbd_edpt_claim>
10005450:	2800      	cmp	r0, #0
10005452:	d0f7      	beq.n	10005444 <tu_edpt_stream_write_xfer+0x18>
10005454:	4628      	mov	r0, r5
10005456:	8862      	ldrh	r2, [r4, #2]
10005458:	6861      	ldr	r1, [r4, #4]
1000545a:	f000 f92d 	bl	100056b8 <tu_fifo_read_n>
1000545e:	7823      	ldrb	r3, [r4, #0]
10005460:	4605      	mov	r5, r0
10005462:	b148      	cbz	r0, 10005478 <tu_edpt_stream_write_xfer+0x4c>
10005464:	07d9      	lsls	r1, r3, #31
10005466:	d50e      	bpl.n	10005486 <tu_edpt_stream_write_xfer+0x5a>
10005468:	f04f 23e0 	mov.w	r3, #3758153728	@ 0xe000e000
1000546c:	f8d3 3df0 	ldr.w	r3, [r3, #3568]	@ 0xdf0
10005470:	07da      	lsls	r2, r3, #31
10005472:	d5e7      	bpl.n	10005444 <tu_edpt_stream_write_xfer+0x18>
10005474:	be00      	bkpt	0x0000
10005476:	e7e5      	b.n	10005444 <tu_edpt_stream_write_xfer+0x18>
10005478:	07db      	lsls	r3, r3, #31
1000547a:	d4e3      	bmi.n	10005444 <tu_edpt_stream_write_xfer+0x18>
1000547c:	4630      	mov	r0, r6
1000547e:	7861      	ldrb	r1, [r4, #1]
10005480:	f7ff f96e 	bl	10004760 <usbd_edpt_release>
10005484:	e7de      	b.n	10005444 <tu_edpt_stream_write_xfer+0x18>
10005486:	4603      	mov	r3, r0
10005488:	6862      	ldr	r2, [r4, #4]
1000548a:	4630      	mov	r0, r6
1000548c:	7861      	ldrb	r1, [r4, #1]
1000548e:	f7ff f979 	bl	10004784 <usbd_edpt_xfer>
10005492:	2800      	cmp	r0, #0
10005494:	d0e8      	beq.n	10005468 <tu_edpt_stream_write_xfer+0x3c>
10005496:	4628      	mov	r0, r5
10005498:	bd70      	pop	{r4, r5, r6, pc}
1000549a:	bf00      	nop

1000549c <tu_edpt_stream_read_xfer>:
1000549c:	898a      	ldrh	r2, [r1, #12]
1000549e:	e92d 41f0 	stmdb	sp!, {r4, r5, r6, r7, r8, lr}
100054a2:	780b      	ldrb	r3, [r1, #0]
100054a4:	460c      	mov	r4, r1
100054a6:	4605      	mov	r5, r0
100054a8:	b98a      	cbnz	r2, 100054ce <tu_edpt_stream_read_xfer+0x32>
100054aa:	07df      	lsls	r7, r3, #31
100054ac:	d425      	bmi.n	100054fa <tu_edpt_stream_read_xfer+0x5e>
100054ae:	7849      	ldrb	r1, [r1, #1]
100054b0:	f7ff f944 	bl	1000473c <usbd_edpt_claim>
100054b4:	b308      	cbz	r0, 100054fa <tu_edpt_stream_read_xfer+0x5e>
100054b6:	7822      	ldrb	r2, [r4, #0]
100054b8:	8863      	ldrh	r3, [r4, #2]
100054ba:	07d6      	lsls	r6, r2, #31
100054bc:	d53f      	bpl.n	1000553e <tu_edpt_stream_read_xfer+0xa2>
100054be:	f04f 23e0 	mov.w	r3, #3758153728	@ 0xe000e000
100054c2:	f8d3 3df0 	ldr.w	r3, [r3, #3568]	@ 0xdf0
100054c6:	07da      	lsls	r2, r3, #31
100054c8:	d517      	bpl.n	100054fa <tu_edpt_stream_read_xfer+0x5e>
100054ca:	be00      	bkpt	0x0000
100054cc:	e015      	b.n	100054fa <tu_edpt_stream_read_xfer+0x5e>
100054ce:	f003 0302 	and.w	r3, r3, #2
100054d2:	f101 0808 	add.w	r8, r1, #8
100054d6:	2b00      	cmp	r3, #0
100054d8:	4640      	mov	r0, r8
100054da:	bf0c      	ite	eq
100054dc:	2740      	moveq	r7, #64	@ 0x40
100054de:	f44f 7700 	movne.w	r7, #512	@ 0x200
100054e2:	f64f 76c0 	movw	r6, #65472	@ 0xffc0
100054e6:	bf18      	it	ne
100054e8:	f44f 467e 	movne.w	r6, #65024	@ 0xfe00
100054ec:	f000 f888 	bl	10005600 <tu_fifo_remaining>
100054f0:	4287      	cmp	r7, r0
100054f2:	d802      	bhi.n	100054fa <tu_edpt_stream_read_xfer+0x5e>
100054f4:	7823      	ldrb	r3, [r4, #0]
100054f6:	07d8      	lsls	r0, r3, #31
100054f8:	d502      	bpl.n	10005500 <tu_edpt_stream_read_xfer+0x64>
100054fa:	2000      	movs	r0, #0
100054fc:	e8bd 81f0 	ldmia.w	sp!, {r4, r5, r6, r7, r8, pc}
10005500:	4628      	mov	r0, r5
10005502:	7861      	ldrb	r1, [r4, #1]
10005504:	f7ff f91a 	bl	1000473c <usbd_edpt_claim>
10005508:	2800      	cmp	r0, #0
1000550a:	d0f6      	beq.n	100054fa <tu_edpt_stream_read_xfer+0x5e>
1000550c:	4640      	mov	r0, r8
1000550e:	f000 f877 	bl	10005600 <tu_fifo_remaining>
10005512:	4287      	cmp	r7, r0
10005514:	d81f      	bhi.n	10005556 <tu_edpt_stream_read_xfer+0xba>
10005516:	7823      	ldrb	r3, [r4, #0]
10005518:	8862      	ldrh	r2, [r4, #2]
1000551a:	07d9      	lsls	r1, r3, #31
1000551c:	d4cf      	bmi.n	100054be <tu_edpt_stream_read_xfer+0x22>
1000551e:	4030      	ands	r0, r6
10005520:	4290      	cmp	r0, r2
10005522:	bf28      	it	cs
10005524:	4610      	movcs	r0, r2
10005526:	7861      	ldrb	r1, [r4, #1]
10005528:	4606      	mov	r6, r0
1000552a:	b1e0      	cbz	r0, 10005566 <tu_edpt_stream_read_xfer+0xca>
1000552c:	6862      	ldr	r2, [r4, #4]
1000552e:	4633      	mov	r3, r6
10005530:	4628      	mov	r0, r5
10005532:	f7ff f927 	bl	10004784 <usbd_edpt_xfer>
10005536:	2800      	cmp	r0, #0
10005538:	d0c1      	beq.n	100054be <tu_edpt_stream_read_xfer+0x22>
1000553a:	4630      	mov	r0, r6
1000553c:	e7de      	b.n	100054fc <tu_edpt_stream_read_xfer+0x60>
1000553e:	7861      	ldrb	r1, [r4, #1]
10005540:	b13b      	cbz	r3, 10005552 <tu_edpt_stream_read_xfer+0xb6>
10005542:	6862      	ldr	r2, [r4, #4]
10005544:	4628      	mov	r0, r5
10005546:	f7ff f91d 	bl	10004784 <usbd_edpt_xfer>
1000554a:	2800      	cmp	r0, #0
1000554c:	d0b7      	beq.n	100054be <tu_edpt_stream_read_xfer+0x22>
1000554e:	8860      	ldrh	r0, [r4, #2]
10005550:	e7d4      	b.n	100054fc <tu_edpt_stream_read_xfer+0x60>
10005552:	461a      	mov	r2, r3
10005554:	e7f6      	b.n	10005544 <tu_edpt_stream_read_xfer+0xa8>
10005556:	7823      	ldrb	r3, [r4, #0]
10005558:	07db      	lsls	r3, r3, #31
1000555a:	d4ce      	bmi.n	100054fa <tu_edpt_stream_read_xfer+0x5e>
1000555c:	4628      	mov	r0, r5
1000555e:	7861      	ldrb	r1, [r4, #1]
10005560:	f7ff f8fe 	bl	10004760 <usbd_edpt_release>
10005564:	e7c9      	b.n	100054fa <tu_edpt_stream_read_xfer+0x5e>
10005566:	4602      	mov	r2, r0
10005568:	e7e1      	b.n	1000552e <tu_edpt_stream_read_xfer+0x92>
1000556a:	bf00      	nop

1000556c <tu_fifo_config>:
1000556c:	e92d 41f0 	stmdb	sp!, {r4, r5, r6, r7, r8, lr}
10005570:	f5b2 4f00 	cmp.w	r2, #32768	@ 0x8000
10005574:	f89d 8018 	ldrb.w	r8, [sp, #24]
10005578:	d824      	bhi.n	100055c4 <tu_fifo_config+0x58>
1000557a:	4604      	mov	r4, r0
1000557c:	68c0      	ldr	r0, [r0, #12]
1000557e:	4617      	mov	r7, r2
10005580:	460e      	mov	r6, r1
10005582:	461d      	mov	r5, r3
10005584:	b118      	cbz	r0, 1000558e <tu_fifo_config+0x22>
10005586:	f04f 31ff 	mov.w	r1, #4294967295	@ 0xffffffff
1000558a:	f000 fb89 	bl	10005ca0 <__mutex_enter_timeout_ms_veneer>
1000558e:	6920      	ldr	r0, [r4, #16]
10005590:	b118      	cbz	r0, 1000559a <tu_fifo_config+0x2e>
10005592:	f04f 31ff 	mov.w	r1, #4294967295	@ 0xffffffff
10005596:	f000 fb83 	bl	10005ca0 <__mutex_enter_timeout_ms_veneer>
1000559a:	2200      	movs	r2, #0
1000559c:	f3c5 030e 	ubfx	r3, r5, #0, #15
100055a0:	68e0      	ldr	r0, [r4, #12]
100055a2:	ea43 33c8 	orr.w	r3, r3, r8, lsl #15
100055a6:	8162      	strh	r2, [r4, #10]
100055a8:	6026      	str	r6, [r4, #0]
100055aa:	80a7      	strh	r7, [r4, #4]
100055ac:	80e3      	strh	r3, [r4, #6]
100055ae:	8122      	strh	r2, [r4, #8]
100055b0:	b108      	cbz	r0, 100055b6 <tu_fifo_config+0x4a>
100055b2:	f000 fb81 	bl	10005cb8 <__mutex_exit_veneer>
100055b6:	6920      	ldr	r0, [r4, #16]
100055b8:	b108      	cbz	r0, 100055be <tu_fifo_config+0x52>
100055ba:	f000 fb7d 	bl	10005cb8 <__mutex_exit_veneer>
100055be:	2001      	movs	r0, #1
100055c0:	e8bd 81f0 	ldmia.w	sp!, {r4, r5, r6, r7, r8, pc}
100055c4:	2000      	movs	r0, #0
100055c6:	e8bd 81f0 	ldmia.w	sp!, {r4, r5, r6, r7, r8, pc}
100055ca:	bf00      	nop

100055cc <tu_fifo_count>:
100055cc:	8903      	ldrh	r3, [r0, #8]
100055ce:	8942      	ldrh	r2, [r0, #10]
100055d0:	b29b      	uxth	r3, r3
100055d2:	b292      	uxth	r2, r2
100055d4:	8880      	ldrh	r0, [r0, #4]
100055d6:	4293      	cmp	r3, r2
100055d8:	bf36      	itet	cc
100055da:	ebc2 0240 	rsbcc	r2, r2, r0, lsl #1
100055de:	1a9b      	subcs	r3, r3, r2
100055e0:	189b      	addcc	r3, r3, r2
100055e2:	b29b      	uxth	r3, r3
100055e4:	4298      	cmp	r0, r3
100055e6:	bf28      	it	cs
100055e8:	4618      	movcs	r0, r3
100055ea:	4770      	bx	lr

100055ec <tu_fifo_empty>:
100055ec:	8902      	ldrh	r2, [r0, #8]
100055ee:	8943      	ldrh	r3, [r0, #10]
100055f0:	b290      	uxth	r0, r2
100055f2:	b29b      	uxth	r3, r3
100055f4:	1ac0      	subs	r0, r0, r3
100055f6:	fab0 f080 	clz	r0, r0
100055fa:	0940      	lsrs	r0, r0, #5
100055fc:	4770      	bx	lr
100055fe:	bf00      	nop

10005600 <tu_fifo_remaining>:
10005600:	8903      	ldrh	r3, [r0, #8]
10005602:	8942      	ldrh	r2, [r0, #10]
10005604:	b29b      	uxth	r3, r3
10005606:	8880      	ldrh	r0, [r0, #4]
10005608:	b292      	uxth	r2, r2
1000560a:	4293      	cmp	r3, r2
1000560c:	bf36      	itet	cc
1000560e:	ebc2 0240 	rsbcc	r2, r2, r0, lsl #1
10005612:	1a9b      	subcs	r3, r3, r2
10005614:	189b      	addcc	r3, r3, r2
10005616:	b29b      	uxth	r3, r3
10005618:	4298      	cmp	r0, r3
1000561a:	bf86      	itte	hi
1000561c:	1ac0      	subhi	r0, r0, r3
1000561e:	b280      	uxthhi	r0, r0
10005620:	2000      	movls	r0, #0
10005622:	4770      	bx	lr

10005624 <tu_fifo_read>:
10005624:	b538      	push	{r3, r4, r5, lr}
10005626:	4604      	mov	r4, r0
10005628:	6900      	ldr	r0, [r0, #16]
1000562a:	460d      	mov	r5, r1
1000562c:	b118      	cbz	r0, 10005636 <tu_fifo_read+0x12>
1000562e:	f04f 31ff 	mov.w	r1, #4294967295	@ 0xffffffff
10005632:	f000 fb35 	bl	10005ca0 <__mutex_enter_timeout_ms_veneer>
10005636:	8921      	ldrh	r1, [r4, #8]
10005638:	8963      	ldrh	r3, [r4, #10]
1000563a:	b289      	uxth	r1, r1
1000563c:	b29b      	uxth	r3, r3
1000563e:	88a2      	ldrh	r2, [r4, #4]
10005640:	4299      	cmp	r1, r3
10005642:	bf36      	itet	cc
10005644:	ebc3 0042 	rsbcc	r0, r3, r2, lsl #1
10005648:	1ac8      	subcs	r0, r1, r3
1000564a:	1840      	addcc	r0, r0, r1
1000564c:	b280      	uxth	r0, r0
1000564e:	b350      	cbz	r0, 100056a6 <tu_fifo_read+0x82>
10005650:	4282      	cmp	r2, r0
10005652:	d209      	bcs.n	10005668 <tu_fifo_read+0x44>
10005654:	4291      	cmp	r1, r2
10005656:	bf2c      	ite	cs
10005658:	1a89      	subcs	r1, r1, r2
1000565a:	1889      	addcc	r1, r1, r2
1000565c:	b28b      	uxth	r3, r1
1000565e:	429a      	cmp	r2, r3
10005660:	8163      	strh	r3, [r4, #10]
10005662:	d803      	bhi.n	1000566c <tu_fifo_read+0x48>
10005664:	1a9b      	subs	r3, r3, r2
10005666:	b29b      	uxth	r3, r3
10005668:	429a      	cmp	r2, r3
1000566a:	d9fb      	bls.n	10005664 <tu_fifo_read+0x40>
1000566c:	88e2      	ldrh	r2, [r4, #6]
1000566e:	6821      	ldr	r1, [r4, #0]
10005670:	f3c2 020e 	ubfx	r2, r2, #0, #15
10005674:	fb02 1103 	mla	r1, r2, r3, r1
10005678:	4628      	mov	r0, r5
1000567a:	f000 fa11 	bl	10005aa0 <memcpy>
1000567e:	8961      	ldrh	r1, [r4, #10]
10005680:	2501      	movs	r5, #1
10005682:	b289      	uxth	r1, r1
10005684:	1c4b      	adds	r3, r1, #1
10005686:	b29b      	uxth	r3, r3
10005688:	4299      	cmp	r1, r3
1000568a:	88a2      	ldrh	r2, [r4, #4]
1000568c:	d90e      	bls.n	100056ac <tu_fifo_read+0x88>
1000568e:	2300      	movs	r3, #0
10005690:	fa02 f105 	lsl.w	r1, r2, r5
10005694:	1a5b      	subs	r3, r3, r1
10005696:	b29b      	uxth	r3, r3
10005698:	6920      	ldr	r0, [r4, #16]
1000569a:	8163      	strh	r3, [r4, #10]
1000569c:	b108      	cbz	r0, 100056a2 <tu_fifo_read+0x7e>
1000569e:	f000 fb0b 	bl	10005cb8 <__mutex_exit_veneer>
100056a2:	4628      	mov	r0, r5
100056a4:	bd38      	pop	{r3, r4, r5, pc}
100056a6:	4605      	mov	r5, r0
100056a8:	8963      	ldrh	r3, [r4, #10]
100056aa:	b29b      	uxth	r3, r3
100056ac:	ebb3 0f42 	cmp.w	r3, r2, lsl #1
100056b0:	ea4f 0142 	mov.w	r1, r2, lsl #1
100056b4:	dbf0      	blt.n	10005698 <tu_fifo_read+0x74>
100056b6:	e7ed      	b.n	10005694 <tu_fifo_read+0x70>

100056b8 <tu_fifo_read_n>:
100056b8:	e92d 47f0 	stmdb	sp!, {r4, r5, r6, r7, r8, r9, sl, lr}
100056bc:	4606      	mov	r6, r0
100056be:	6900      	ldr	r0, [r0, #16]
100056c0:	4688      	mov	r8, r1
100056c2:	4691      	mov	r9, r2
100056c4:	b118      	cbz	r0, 100056ce <tu_fifo_read_n+0x16>
100056c6:	f04f 31ff 	mov.w	r1, #4294967295	@ 0xffffffff
100056ca:	f000 fae9 	bl	10005ca0 <__mutex_enter_timeout_ms_veneer>
100056ce:	8933      	ldrh	r3, [r6, #8]
100056d0:	8974      	ldrh	r4, [r6, #10]
100056d2:	b29b      	uxth	r3, r3
100056d4:	b2a4      	uxth	r4, r4
100056d6:	88b5      	ldrh	r5, [r6, #4]
100056d8:	42a3      	cmp	r3, r4
100056da:	bf36      	itet	cc
100056dc:	ebc4 0745 	rsbcc	r7, r4, r5, lsl #1
100056e0:	1b1f      	subcs	r7, r3, r4
100056e2:	18ff      	addcc	r7, r7, r3
100056e4:	b2bf      	uxth	r7, r7
100056e6:	2f00      	cmp	r7, #0
100056e8:	d04a      	beq.n	10005780 <tu_fifo_read_n+0xc8>
100056ea:	42bd      	cmp	r5, r7
100056ec:	d340      	bcc.n	10005770 <tu_fifo_read_n+0xb8>
100056ee:	45b9      	cmp	r9, r7
100056f0:	bf28      	it	cs
100056f2:	46b9      	movcs	r9, r7
100056f4:	42a5      	cmp	r5, r4
100056f6:	fa1f f789 	uxth.w	r7, r9
100056fa:	d803      	bhi.n	10005704 <tu_fifo_read_n+0x4c>
100056fc:	1b64      	subs	r4, r4, r5
100056fe:	b2a4      	uxth	r4, r4
10005700:	42a5      	cmp	r5, r4
10005702:	d9fb      	bls.n	100056fc <tu_fifo_read_n+0x44>
10005704:	f8b6 a006 	ldrh.w	sl, [r6, #6]
10005708:	1b2b      	subs	r3, r5, r4
1000570a:	6831      	ldr	r1, [r6, #0]
1000570c:	b29b      	uxth	r3, r3
1000570e:	f3ca 020e 	ubfx	r2, sl, #0, #15
10005712:	429f      	cmp	r7, r3
10005714:	4692      	mov	sl, r2
10005716:	fb02 1104 	mla	r1, r2, r4, r1
1000571a:	d923      	bls.n	10005764 <tu_fifo_read_n+0xac>
1000571c:	fb13 f302 	smulbb	r3, r3, r2
10005720:	fa1f f983 	uxth.w	r9, r3
10005724:	464a      	mov	r2, r9
10005726:	4640      	mov	r0, r8
10005728:	1b7d      	subs	r5, r7, r5
1000572a:	f000 f9b9 	bl	10005aa0 <memcpy>
1000572e:	1962      	adds	r2, r4, r5
10005730:	fb12 f20a 	smulbb	r2, r2, sl
10005734:	6831      	ldr	r1, [r6, #0]
10005736:	eb08 0009 	add.w	r0, r8, r9
1000573a:	b292      	uxth	r2, r2
1000573c:	f000 f9b0 	bl	10005aa0 <memcpy>
10005740:	8972      	ldrh	r2, [r6, #10]
10005742:	88b5      	ldrh	r5, [r6, #4]
10005744:	b292      	uxth	r2, r2
10005746:	19d3      	adds	r3, r2, r7
10005748:	b29b      	uxth	r3, r3
1000574a:	429a      	cmp	r2, r3
1000574c:	d91a      	bls.n	10005784 <tu_fifo_read_n+0xcc>
1000574e:	006a      	lsls	r2, r5, #1
10005750:	1a9b      	subs	r3, r3, r2
10005752:	b29b      	uxth	r3, r3
10005754:	6930      	ldr	r0, [r6, #16]
10005756:	8173      	strh	r3, [r6, #10]
10005758:	b108      	cbz	r0, 1000575e <tu_fifo_read_n+0xa6>
1000575a:	f000 faad 	bl	10005cb8 <__mutex_exit_veneer>
1000575e:	4638      	mov	r0, r7
10005760:	e8bd 87f0 	ldmia.w	sp!, {r4, r5, r6, r7, r8, r9, sl, pc}
10005764:	4640      	mov	r0, r8
10005766:	fb07 f202 	mul.w	r2, r7, r2
1000576a:	f000 f999 	bl	10005aa0 <memcpy>
1000576e:	e7e7      	b.n	10005740 <tu_fifo_read_n+0x88>
10005770:	42ab      	cmp	r3, r5
10005772:	bf2c      	ite	cs
10005774:	1b5b      	subcs	r3, r3, r5
10005776:	195b      	addcc	r3, r3, r5
10005778:	b29c      	uxth	r4, r3
1000577a:	462f      	mov	r7, r5
1000577c:	8174      	strh	r4, [r6, #10]
1000577e:	e7b6      	b.n	100056ee <tu_fifo_read_n+0x36>
10005780:	8973      	ldrh	r3, [r6, #10]
10005782:	b29b      	uxth	r3, r3
10005784:	ebb3 0f45 	cmp.w	r3, r5, lsl #1
10005788:	ea4f 0245 	mov.w	r2, r5, lsl #1
1000578c:	dbe2      	blt.n	10005754 <tu_fifo_read_n+0x9c>
1000578e:	e7df      	b.n	10005750 <tu_fifo_read_n+0x98>

10005790 <tu_fifo_write>:
10005790:	b5f8      	push	{r3, r4, r5, r6, r7, lr}
10005792:	4604      	mov	r4, r0
10005794:	68c0      	ldr	r0, [r0, #12]
10005796:	460e      	mov	r6, r1
10005798:	b118      	cbz	r0, 100057a2 <tu_fifo_write+0x12>
1000579a:	f04f 31ff 	mov.w	r1, #4294967295	@ 0xffffffff
1000579e:	f000 fa7f 	bl	10005ca0 <__mutex_enter_timeout_ms_veneer>
100057a2:	8925      	ldrh	r5, [r4, #8]
100057a4:	8923      	ldrh	r3, [r4, #8]
100057a6:	8961      	ldrh	r1, [r4, #10]
100057a8:	b29b      	uxth	r3, r3
100057aa:	b289      	uxth	r1, r1
100057ac:	88a2      	ldrh	r2, [r4, #4]
100057ae:	428b      	cmp	r3, r1
100057b0:	bf36      	itet	cc
100057b2:	ebc1 0142 	rsbcc	r1, r1, r2, lsl #1
100057b6:	1a5b      	subcs	r3, r3, r1
100057b8:	185b      	addcc	r3, r3, r1
100057ba:	b29b      	uxth	r3, r3
100057bc:	429a      	cmp	r2, r3
100057be:	b2ad      	uxth	r5, r5
100057c0:	d808      	bhi.n	100057d4 <tu_fifo_write+0x44>
100057c2:	79e7      	ldrb	r7, [r4, #7]
100057c4:	09ff      	lsrs	r7, r7, #7
100057c6:	d105      	bne.n	100057d4 <tu_fifo_write+0x44>
100057c8:	68e0      	ldr	r0, [r4, #12]
100057ca:	b108      	cbz	r0, 100057d0 <tu_fifo_write+0x40>
100057cc:	f000 fa74 	bl	10005cb8 <__mutex_exit_veneer>
100057d0:	4638      	mov	r0, r7
100057d2:	bdf8      	pop	{r3, r4, r5, r6, r7, pc}
100057d4:	4295      	cmp	r5, r2
100057d6:	d319      	bcc.n	1000580c <tu_fifo_write+0x7c>
100057d8:	462b      	mov	r3, r5
100057da:	1a9b      	subs	r3, r3, r2
100057dc:	b29b      	uxth	r3, r3
100057de:	4293      	cmp	r3, r2
100057e0:	d2fb      	bcs.n	100057da <tu_fifo_write+0x4a>
100057e2:	88e2      	ldrh	r2, [r4, #6]
100057e4:	6820      	ldr	r0, [r4, #0]
100057e6:	f3c2 020e 	ubfx	r2, r2, #0, #15
100057ea:	fb02 0003 	mla	r0, r2, r3, r0
100057ee:	4631      	mov	r1, r6
100057f0:	f000 f956 	bl	10005aa0 <memcpy>
100057f4:	1c6b      	adds	r3, r5, #1
100057f6:	b29b      	uxth	r3, r3
100057f8:	429d      	cmp	r5, r3
100057fa:	88a2      	ldrh	r2, [r4, #4]
100057fc:	d912      	bls.n	10005824 <tu_fifo_write+0x94>
100057fe:	2300      	movs	r3, #0
10005800:	0051      	lsls	r1, r2, #1
10005802:	1a5b      	subs	r3, r3, r1
10005804:	b29b      	uxth	r3, r3
10005806:	2701      	movs	r7, #1
10005808:	8123      	strh	r3, [r4, #8]
1000580a:	e7dd      	b.n	100057c8 <tu_fifo_write+0x38>
1000580c:	88e2      	ldrh	r2, [r4, #6]
1000580e:	6820      	ldr	r0, [r4, #0]
10005810:	f3c2 020e 	ubfx	r2, r2, #0, #15
10005814:	fb05 0002 	mla	r0, r5, r2, r0
10005818:	4631      	mov	r1, r6
1000581a:	f000 f941 	bl	10005aa0 <memcpy>
1000581e:	3501      	adds	r5, #1
10005820:	88a2      	ldrh	r2, [r4, #4]
10005822:	b2ab      	uxth	r3, r5
10005824:	ebb3 0f42 	cmp.w	r3, r2, lsl #1
10005828:	ea4f 0142 	mov.w	r1, r2, lsl #1
1000582c:	dbeb      	blt.n	10005806 <tu_fifo_write+0x76>
1000582e:	e7e8      	b.n	10005802 <tu_fifo_write+0x72>

10005830 <tu_fifo_write_n>:
10005830:	e92d 4ff0 	stmdb	sp!, {r4, r5, r6, r7, r8, r9, sl, fp, lr}
10005834:	4616      	mov	r6, r2
10005836:	b083      	sub	sp, #12
10005838:	2a00      	cmp	r2, #0
1000583a:	d04c      	beq.n	100058d6 <tu_fifo_write_n+0xa6>
1000583c:	4605      	mov	r5, r0
1000583e:	68c0      	ldr	r0, [r0, #12]
10005840:	4688      	mov	r8, r1
10005842:	b118      	cbz	r0, 1000584c <tu_fifo_write_n+0x1c>
10005844:	f04f 31ff 	mov.w	r1, #4294967295	@ 0xffffffff
10005848:	f000 fa2a 	bl	10005ca0 <__mutex_enter_timeout_ms_veneer>
1000584c:	79ea      	ldrb	r2, [r5, #7]
1000584e:	892f      	ldrh	r7, [r5, #8]
10005850:	8969      	ldrh	r1, [r5, #10]
10005852:	09d2      	lsrs	r2, r2, #7
10005854:	88ab      	ldrh	r3, [r5, #4]
10005856:	b2bf      	uxth	r7, r7
10005858:	b289      	uxth	r1, r1
1000585a:	d140      	bne.n	100058de <tu_fifo_write_n+0xae>
1000585c:	428f      	cmp	r7, r1
1000585e:	bf36      	itet	cc
10005860:	ebc1 0143 	rsbcc	r1, r1, r3, lsl #1
10005864:	1a79      	subcs	r1, r7, r1
10005866:	19c9      	addcc	r1, r1, r7
10005868:	b289      	uxth	r1, r1
1000586a:	4299      	cmp	r1, r3
1000586c:	d241      	bcs.n	100058f2 <tu_fifo_write_n+0xc2>
1000586e:	1a59      	subs	r1, r3, r1
10005870:	b289      	uxth	r1, r1
10005872:	428e      	cmp	r6, r1
10005874:	bf28      	it	cs
10005876:	460e      	movcs	r6, r1
10005878:	f8b5 a006 	ldrh.w	sl, [r5, #6]
1000587c:	eb07 0906 	add.w	r9, r7, r6
10005880:	eba6 0b03 	sub.w	fp, r6, r3
10005884:	f3ca 0a0e 	ubfx	sl, sl, #0, #15
10005888:	fa1f f989 	uxth.w	r9, r9
1000588c:	fa1f fb8b 	uxth.w	fp, fp
10005890:	429f      	cmp	r7, r3
10005892:	463c      	mov	r4, r7
10005894:	d303      	bcc.n	1000589e <tu_fifo_write_n+0x6e>
10005896:	1ae4      	subs	r4, r4, r3
10005898:	b2a4      	uxth	r4, r4
1000589a:	429c      	cmp	r4, r3
1000589c:	d2fb      	bcs.n	10005896 <tu_fifo_write_n+0x66>
1000589e:	1b1b      	subs	r3, r3, r4
100058a0:	6828      	ldr	r0, [r5, #0]
100058a2:	b29b      	uxth	r3, r3
100058a4:	42b3      	cmp	r3, r6
100058a6:	fb0a 0004 	mla	r0, sl, r4, r0
100058aa:	d34b      	bcc.n	10005944 <tu_fifo_write_n+0x114>
100058ac:	4641      	mov	r1, r8
100058ae:	fb0a f206 	mul.w	r2, sl, r6
100058b2:	f000 f8f5 	bl	10005aa0 <memcpy>
100058b6:	88aa      	ldrh	r2, [r5, #4]
100058b8:	454f      	cmp	r7, r9
100058ba:	ea4f 0342 	mov.w	r3, r2, lsl #1
100058be:	d802      	bhi.n	100058c6 <tu_fifo_write_n+0x96>
100058c0:	ebb9 0f42 	cmp.w	r9, r2, lsl #1
100058c4:	db03      	blt.n	100058ce <tu_fifo_write_n+0x9e>
100058c6:	eba9 0303 	sub.w	r3, r9, r3
100058ca:	fa1f f983 	uxth.w	r9, r3
100058ce:	68e8      	ldr	r0, [r5, #12]
100058d0:	f8a5 9008 	strh.w	r9, [r5, #8]
100058d4:	b988      	cbnz	r0, 100058fa <tu_fifo_write_n+0xca>
100058d6:	4630      	mov	r0, r6
100058d8:	b003      	add	sp, #12
100058da:	e8bd 8ff0 	ldmia.w	sp!, {r4, r5, r6, r7, r8, r9, sl, fp, pc}
100058de:	f8b5 a006 	ldrh.w	sl, [r5, #6]
100058e2:	429e      	cmp	r6, r3
100058e4:	f3ca 0a0e 	ubfx	sl, sl, #0, #15
100058e8:	d30d      	bcc.n	10005906 <tu_fifo_write_n+0xd6>
100058ea:	2b00      	cmp	r3, #0
100058ec:	d13f      	bne.n	1000596e <tu_fifo_write_n+0x13e>
100058ee:	461e      	mov	r6, r3
100058f0:	e000      	b.n	100058f4 <tu_fifo_write_n+0xc4>
100058f2:	2600      	movs	r6, #0
100058f4:	68e8      	ldr	r0, [r5, #12]
100058f6:	2800      	cmp	r0, #0
100058f8:	d0ed      	beq.n	100058d6 <tu_fifo_write_n+0xa6>
100058fa:	f000 f9dd 	bl	10005cb8 <__mutex_exit_veneer>
100058fe:	4630      	mov	r0, r6
10005900:	b003      	add	sp, #12
10005902:	e8bd 8ff0 	ldmia.w	sp!, {r4, r5, r6, r7, r8, r9, sl, fp, pc}
10005906:	428f      	cmp	r7, r1
10005908:	bf36      	itet	cc
1000590a:	ebc1 0243 	rsbcc	r2, r1, r3, lsl #1
1000590e:	1a7a      	subcs	r2, r7, r1
10005910:	19d2      	addcc	r2, r2, r7
10005912:	b292      	uxth	r2, r2
10005914:	0058      	lsls	r0, r3, #1
10005916:	4432      	add	r2, r6
10005918:	eba6 0b03 	sub.w	fp, r6, r3
1000591c:	4282      	cmp	r2, r0
1000591e:	fa1f fb8b 	uxth.w	fp, fp
10005922:	db0a      	blt.n	1000593a <tu_fifo_write_n+0x10a>
10005924:	eb01 0903 	add.w	r9, r1, r3
10005928:	fa1f f989 	uxth.w	r9, r9
1000592c:	eba9 0706 	sub.w	r7, r9, r6
10005930:	b2bf      	uxth	r7, r7
10005932:	42b9      	cmp	r1, r7
10005934:	d918      	bls.n	10005968 <tu_fifo_write_n+0x138>
10005936:	1a38      	subs	r0, r7, r0
10005938:	b287      	uxth	r7, r0
1000593a:	eb06 0907 	add.w	r9, r6, r7
1000593e:	fa1f f989 	uxth.w	r9, r9
10005942:	e7a5      	b.n	10005890 <tu_fifo_write_n+0x60>
10005944:	fb13 f30a 	smulbb	r3, r3, sl
10005948:	445c      	add	r4, fp
1000594a:	fb14 f40a 	smulbb	r4, r4, sl
1000594e:	b29a      	uxth	r2, r3
10005950:	4641      	mov	r1, r8
10005952:	9201      	str	r2, [sp, #4]
10005954:	f000 f8a4 	bl	10005aa0 <memcpy>
10005958:	9a01      	ldr	r2, [sp, #4]
1000595a:	6828      	ldr	r0, [r5, #0]
1000595c:	eb08 0102 	add.w	r1, r8, r2
10005960:	b2a2      	uxth	r2, r4
10005962:	f000 f89d 	bl	10005aa0 <memcpy>
10005966:	e7a6      	b.n	100058b6 <tu_fifo_write_n+0x86>
10005968:	42b8      	cmp	r0, r7
1000596a:	dc91      	bgt.n	10005890 <tu_fifo_write_n+0x60>
1000596c:	e7e3      	b.n	10005936 <tu_fifo_write_n+0x106>
1000596e:	1af6      	subs	r6, r6, r3
10005970:	eb01 0903 	add.w	r9, r1, r3
10005974:	fb0a 8806 	mla	r8, sl, r6, r8
10005978:	460f      	mov	r7, r1
1000597a:	461e      	mov	r6, r3
1000597c:	f04f 0b00 	mov.w	fp, #0
10005980:	fa1f f989 	uxth.w	r9, r9
10005984:	e784      	b.n	10005890 <tu_fifo_write_n+0x60>
10005986:	bf00      	nop

10005988 <tu_fifo_clear>:
10005988:	b510      	push	{r4, lr}
1000598a:	4604      	mov	r4, r0
1000598c:	68c0      	ldr	r0, [r0, #12]
1000598e:	b118      	cbz	r0, 10005998 <tu_fifo_clear+0x10>
10005990:	f04f 31ff 	mov.w	r1, #4294967295	@ 0xffffffff
10005994:	f000 f984 	bl	10005ca0 <__mutex_enter_timeout_ms_veneer>
10005998:	6920      	ldr	r0, [r4, #16]
1000599a:	b118      	cbz	r0, 100059a4 <tu_fifo_clear+0x1c>
1000599c:	f04f 31ff 	mov.w	r1, #4294967295	@ 0xffffffff
100059a0:	f000 f97e 	bl	10005ca0 <__mutex_enter_timeout_ms_veneer>
100059a4:	2300      	movs	r3, #0
100059a6:	68e0      	ldr	r0, [r4, #12]
100059a8:	8163      	strh	r3, [r4, #10]
100059aa:	8123      	strh	r3, [r4, #8]
100059ac:	b108      	cbz	r0, 100059b2 <tu_fifo_clear+0x2a>
100059ae:	f000 f983 	bl	10005cb8 <__mutex_exit_veneer>
100059b2:	6920      	ldr	r0, [r4, #16]
100059b4:	b108      	cbz	r0, 100059ba <tu_fifo_clear+0x32>
100059b6:	f000 f97f 	bl	10005cb8 <__mutex_exit_veneer>
100059ba:	2001      	movs	r0, #1
100059bc:	bd10      	pop	{r4, pc}
100059be:	bf00      	nop

100059c0 <tu_fifo_set_overwritable>:
100059c0:	b538      	push	{r3, r4, r5, lr}
100059c2:	4604      	mov	r4, r0
100059c4:	68c0      	ldr	r0, [r0, #12]
100059c6:	460d      	mov	r5, r1
100059c8:	b118      	cbz	r0, 100059d2 <tu_fifo_set_overwritable+0x12>
100059ca:	f04f 31ff 	mov.w	r1, #4294967295	@ 0xffffffff
100059ce:	f000 f967 	bl	10005ca0 <__mutex_enter_timeout_ms_veneer>
100059d2:	6920      	ldr	r0, [r4, #16]
100059d4:	b118      	cbz	r0, 100059de <tu_fifo_set_overwritable+0x1e>
100059d6:	f04f 31ff 	mov.w	r1, #4294967295	@ 0xffffffff
100059da:	f000 f961 	bl	10005ca0 <__mutex_enter_timeout_ms_veneer>
100059de:	79e3      	ldrb	r3, [r4, #7]
100059e0:	68e0      	ldr	r0, [r4, #12]
100059e2:	f365 13c7 	bfi	r3, r5, #7, #1
100059e6:	71e3      	strb	r3, [r4, #7]
100059e8:	b108      	cbz	r0, 100059ee <tu_fifo_set_overwritable+0x2e>
100059ea:	f000 f965 	bl	10005cb8 <__mutex_exit_veneer>
100059ee:	6920      	ldr	r0, [r4, #16]
100059f0:	b108      	cbz	r0, 100059f6 <tu_fifo_set_overwritable+0x36>
100059f2:	f000 f961 	bl	10005cb8 <__mutex_exit_veneer>
100059f6:	2001      	movs	r0, #1
100059f8:	bd38      	pop	{r3, r4, r5, pc}
100059fa:	bf00      	nop

100059fc <memset>:
100059fc:	b570      	push	{r4, r5, r6, lr}
100059fe:	0786      	lsls	r6, r0, #30
10005a00:	d047      	beq.n	10005a92 <memset+0x96>
10005a02:	1e54      	subs	r4, r2, #1
10005a04:	2a00      	cmp	r2, #0
10005a06:	d03e      	beq.n	10005a86 <memset+0x8a>
10005a08:	b2ca      	uxtb	r2, r1
10005a0a:	4603      	mov	r3, r0
10005a0c:	e001      	b.n	10005a12 <memset+0x16>
10005a0e:	3c01      	subs	r4, #1
10005a10:	d339      	bcc.n	10005a86 <memset+0x8a>
10005a12:	f803 2b01 	strb.w	r2, [r3], #1
10005a16:	079d      	lsls	r5, r3, #30
10005a18:	d1f9      	bne.n	10005a0e <memset+0x12>
10005a1a:	2c03      	cmp	r4, #3
10005a1c:	d92c      	bls.n	10005a78 <memset+0x7c>
10005a1e:	b2cd      	uxtb	r5, r1
10005a20:	2c0f      	cmp	r4, #15
10005a22:	eb05 2505 	add.w	r5, r5, r5, lsl #8
10005a26:	eb05 4505 	add.w	r5, r5, r5, lsl #16
10005a2a:	d935      	bls.n	10005a98 <memset+0x9c>
10005a2c:	f1a4 0c10 	sub.w	ip, r4, #16
10005a30:	f103 0e10 	add.w	lr, r3, #16
10005a34:	461a      	mov	r2, r3
10005a36:	f02c 060f 	bic.w	r6, ip, #15
10005a3a:	ea4f 1c1c 	mov.w	ip, ip, lsr #4
10005a3e:	44b6      	add	lr, r6
10005a40:	e9c2 5500 	strd	r5, r5, [r2]
10005a44:	e9c2 5502 	strd	r5, r5, [r2, #8]
10005a48:	3210      	adds	r2, #16
10005a4a:	4572      	cmp	r2, lr
10005a4c:	d1f8      	bne.n	10005a40 <memset+0x44>
10005a4e:	f10c 0201 	add.w	r2, ip, #1
10005a52:	f014 0f0c 	tst.w	r4, #12
10005a56:	f004 0c0f 	and.w	ip, r4, #15
10005a5a:	eb03 1202 	add.w	r2, r3, r2, lsl #4
10005a5e:	d013      	beq.n	10005a88 <memset+0x8c>
10005a60:	f1ac 0304 	sub.w	r3, ip, #4
10005a64:	f023 0303 	bic.w	r3, r3, #3
10005a68:	3304      	adds	r3, #4
10005a6a:	4413      	add	r3, r2
10005a6c:	f842 5b04 	str.w	r5, [r2], #4
10005a70:	4293      	cmp	r3, r2
10005a72:	d1fb      	bne.n	10005a6c <memset+0x70>
10005a74:	f00c 0403 	and.w	r4, ip, #3
10005a78:	b12c      	cbz	r4, 10005a86 <memset+0x8a>
10005a7a:	b2c9      	uxtb	r1, r1
10005a7c:	441c      	add	r4, r3
10005a7e:	f803 1b01 	strb.w	r1, [r3], #1
10005a82:	42a3      	cmp	r3, r4
10005a84:	d1fb      	bne.n	10005a7e <memset+0x82>
10005a86:	bd70      	pop	{r4, r5, r6, pc}
10005a88:	4664      	mov	r4, ip
10005a8a:	4613      	mov	r3, r2
10005a8c:	2c00      	cmp	r4, #0
10005a8e:	d1f4      	bne.n	10005a7a <memset+0x7e>
10005a90:	e7f9      	b.n	10005a86 <memset+0x8a>
10005a92:	4603      	mov	r3, r0
10005a94:	4614      	mov	r4, r2
10005a96:	e7c0      	b.n	10005a1a <memset+0x1e>
10005a98:	461a      	mov	r2, r3
10005a9a:	46a4      	mov	ip, r4
10005a9c:	e7e0      	b.n	10005a60 <memset+0x64>
10005a9e:	bf00      	nop

10005aa0 <memcpy>:
10005aa0:	4684      	mov	ip, r0
10005aa2:	ea41 0300 	orr.w	r3, r1, r0
10005aa6:	f013 0303 	ands.w	r3, r3, #3
10005aaa:	d149      	bne.n	10005b40 <memcpy+0xa0>
10005aac:	3a40      	subs	r2, #64	@ 0x40
10005aae:	d323      	bcc.n	10005af8 <memcpy+0x58>
10005ab0:	680b      	ldr	r3, [r1, #0]
10005ab2:	6003      	str	r3, [r0, #0]
10005ab4:	684b      	ldr	r3, [r1, #4]
10005ab6:	6043      	str	r3, [r0, #4]
10005ab8:	688b      	ldr	r3, [r1, #8]
10005aba:	6083      	str	r3, [r0, #8]
10005abc:	68cb      	ldr	r3, [r1, #12]
10005abe:	60c3      	str	r3, [r0, #12]
10005ac0:	690b      	ldr	r3, [r1, #16]
10005ac2:	6103      	str	r3, [r0, #16]
10005ac4:	694b      	ldr	r3, [r1, #20]
10005ac6:	6143      	str	r3, [r0, #20]
10005ac8:	698b      	ldr	r3, [r1, #24]
10005aca:	6183      	str	r3, [r0, #24]
10005acc:	69cb      	ldr	r3, [r1, #28]
10005ace:	61c3      	str	r3, [r0, #28]
10005ad0:	6a0b      	ldr	r3, [r1, #32]
10005ad2:	6203      	str	r3, [r0, #32]
10005ad4:	6a4b      	ldr	r3, [r1, #36]	@ 0x24
10005ad6:	6243      	str	r3, [r0, #36]	@ 0x24
10005ad8:	6a8b      	ldr	r3, [r1, #40]	@ 0x28
10005ada:	6283      	str	r3, [r0, #40]	@ 0x28
10005adc:	6acb      	ldr	r3, [r1, #44]	@ 0x2c
10005ade:	62c3      	str	r3, [r0, #44]	@ 0x2c
10005ae0:	6b0b      	ldr	r3, [r1, #48]	@ 0x30
10005ae2:	6303      	str	r3, [r0, #48]	@ 0x30
10005ae4:	6b4b      	ldr	r3, [r1, #52]	@ 0x34
10005ae6:	6343      	str	r3, [r0, #52]	@ 0x34
10005ae8:	6b8b      	ldr	r3, [r1, #56]	@ 0x38
10005aea:	6383      	str	r3, [r0, #56]	@ 0x38
10005aec:	6bcb      	ldr	r3, [r1, #60]	@ 0x3c
10005aee:	63c3      	str	r3, [r0, #60]	@ 0x3c
10005af0:	3040      	adds	r0, #64	@ 0x40
10005af2:	3140      	adds	r1, #64	@ 0x40
10005af4:	3a40      	subs	r2, #64	@ 0x40
10005af6:	d2db      	bcs.n	10005ab0 <memcpy+0x10>
10005af8:	3230      	adds	r2, #48	@ 0x30
10005afa:	d30b      	bcc.n	10005b14 <memcpy+0x74>
10005afc:	680b      	ldr	r3, [r1, #0]
10005afe:	6003      	str	r3, [r0, #0]
10005b00:	684b      	ldr	r3, [r1, #4]
10005b02:	6043      	str	r3, [r0, #4]
10005b04:	688b      	ldr	r3, [r1, #8]
10005b06:	6083      	str	r3, [r0, #8]
10005b08:	68cb      	ldr	r3, [r1, #12]
10005b0a:	60c3      	str	r3, [r0, #12]
10005b0c:	3010      	adds	r0, #16
10005b0e:	3110      	adds	r1, #16
10005b10:	3a10      	subs	r2, #16
10005b12:	d2f3      	bcs.n	10005afc <memcpy+0x5c>
10005b14:	320c      	adds	r2, #12
10005b16:	d305      	bcc.n	10005b24 <memcpy+0x84>
10005b18:	f851 3b04 	ldr.w	r3, [r1], #4
10005b1c:	f840 3b04 	str.w	r3, [r0], #4
10005b20:	3a04      	subs	r2, #4
10005b22:	d2f9      	bcs.n	10005b18 <memcpy+0x78>
10005b24:	3204      	adds	r2, #4
10005b26:	d008      	beq.n	10005b3a <memcpy+0x9a>
10005b28:	07d2      	lsls	r2, r2, #31
10005b2a:	bf1c      	itt	ne
10005b2c:	f811 3b01 	ldrbne.w	r3, [r1], #1
10005b30:	f800 3b01 	strbne.w	r3, [r0], #1
10005b34:	d301      	bcc.n	10005b3a <memcpy+0x9a>
10005b36:	880b      	ldrh	r3, [r1, #0]
10005b38:	8003      	strh	r3, [r0, #0]
10005b3a:	4660      	mov	r0, ip
10005b3c:	4770      	bx	lr
10005b3e:	bf00      	nop
10005b40:	2a08      	cmp	r2, #8
10005b42:	d313      	bcc.n	10005b6c <memcpy+0xcc>
10005b44:	078b      	lsls	r3, r1, #30
10005b46:	d0b1      	beq.n	10005aac <memcpy+0xc>
10005b48:	f010 0303 	ands.w	r3, r0, #3
10005b4c:	d0ae      	beq.n	10005aac <memcpy+0xc>
10005b4e:	f1c3 0304 	rsb	r3, r3, #4
10005b52:	1ad2      	subs	r2, r2, r3
10005b54:	07db      	lsls	r3, r3, #31
10005b56:	bf1c      	itt	ne
10005b58:	f811 3b01 	ldrbne.w	r3, [r1], #1
10005b5c:	f800 3b01 	strbne.w	r3, [r0], #1
10005b60:	d3a4      	bcc.n	10005aac <memcpy+0xc>
10005b62:	f831 3b02 	ldrh.w	r3, [r1], #2
10005b66:	f820 3b02 	strh.w	r3, [r0], #2
10005b6a:	e79f      	b.n	10005aac <memcpy+0xc>
10005b6c:	3a04      	subs	r2, #4
10005b6e:	d3d9      	bcc.n	10005b24 <memcpy+0x84>
10005b70:	3a01      	subs	r2, #1
10005b72:	f811 3b01 	ldrb.w	r3, [r1], #1
10005b76:	f800 3b01 	strb.w	r3, [r0], #1
10005b7a:	d2f9      	bcs.n	10005b70 <memcpy+0xd0>
10005b7c:	780b      	ldrb	r3, [r1, #0]
10005b7e:	7003      	strb	r3, [r0, #0]
10005b80:	784b      	ldrb	r3, [r1, #1]
10005b82:	7043      	strb	r3, [r0, #1]
10005b84:	788b      	ldrb	r3, [r1, #2]
10005b86:	7083      	strb	r3, [r0, #2]
10005b88:	4660      	mov	r0, ip
10005b8a:	4770      	bx	lr

10005b8c <atexit>:
10005b8c:	2300      	movs	r3, #0
10005b8e:	4601      	mov	r1, r0
10005b90:	461a      	mov	r2, r3
10005b92:	4618      	mov	r0, r3
10005b94:	f000 b842 	b.w	10005c1c <__register_exitproc>

10005b98 <strlen>:
10005b98:	f020 0103 	bic.w	r1, r0, #3
10005b9c:	f010 0003 	ands.w	r0, r0, #3
10005ba0:	f1c0 0000 	rsb	r0, r0, #0
10005ba4:	f851 3b04 	ldr.w	r3, [r1], #4
10005ba8:	f100 0c04 	add.w	ip, r0, #4
10005bac:	ea4f 0ccc 	mov.w	ip, ip, lsl #3
10005bb0:	f06f 0200 	mvn.w	r2, #0
10005bb4:	bf1c      	itt	ne
10005bb6:	fa22 f20c 	lsrne.w	r2, r2, ip
10005bba:	4313      	orrne	r3, r2
10005bbc:	f04f 0c01 	mov.w	ip, #1
10005bc0:	ea4c 2c0c 	orr.w	ip, ip, ip, lsl #8
10005bc4:	ea4c 4c0c 	orr.w	ip, ip, ip, lsl #16
10005bc8:	eba3 020c 	sub.w	r2, r3, ip
10005bcc:	ea22 0203 	bic.w	r2, r2, r3
10005bd0:	ea12 12cc 	ands.w	r2, r2, ip, lsl #7
10005bd4:	bf04      	itt	eq
10005bd6:	f851 3b04 	ldreq.w	r3, [r1], #4
10005bda:	3004      	addeq	r0, #4
10005bdc:	d0f4      	beq.n	10005bc8 <strlen+0x30>
10005bde:	f1c2 0100 	rsb	r1, r2, #0
10005be2:	ea02 0201 	and.w	r2, r2, r1
10005be6:	fab2 f282 	clz	r2, r2
10005bea:	f1c2 021f 	rsb	r2, r2, #31
10005bee:	eb00 00d2 	add.w	r0, r0, r2, lsr #3
10005bf2:	4770      	bx	lr

10005bf4 <__libc_fini_array>:
10005bf4:	b538      	push	{r3, r4, r5, lr}
10005bf6:	4d07      	ldr	r5, [pc, #28]	@ (10005c14 <__libc_fini_array+0x20>)
10005bf8:	4c07      	ldr	r4, [pc, #28]	@ (10005c18 <__libc_fini_array+0x24>)
10005bfa:	1b2c      	subs	r4, r5, r4
10005bfc:	10a4      	asrs	r4, r4, #2
10005bfe:	d005      	beq.n	10005c0c <__libc_fini_array+0x18>
10005c00:	3c01      	subs	r4, #1
10005c02:	f855 3d04 	ldr.w	r3, [r5, #-4]!
10005c06:	4798      	blx	r3
10005c08:	2c00      	cmp	r4, #0
10005c0a:	d1f9      	bne.n	10005c00 <__libc_fini_array+0xc>
10005c0c:	e8bd 4038 	ldmia.w	sp!, {r3, r4, r5, lr}
10005c10:	f000 b840 	b.w	10005c94 <_fini>
10005c14:	10005d34 	.word	0x10005d34
10005c18:	10005d34 	.word	0x10005d34

10005c1c <__register_exitproc>:
10005c1c:	b470      	push	{r4, r5, r6}
10005c1e:	4d16      	ldr	r5, [pc, #88]	@ (10005c78 <__register_exitproc+0x5c>)
10005c20:	682c      	ldr	r4, [r5, #0]
10005c22:	b31c      	cbz	r4, 10005c6c <__register_exitproc+0x50>
10005c24:	6865      	ldr	r5, [r4, #4]
10005c26:	2d1f      	cmp	r5, #31
10005c28:	dc23      	bgt.n	10005c72 <__register_exitproc+0x56>
10005c2a:	b938      	cbnz	r0, 10005c3c <__register_exitproc+0x20>
10005c2c:	1c6b      	adds	r3, r5, #1
10005c2e:	2000      	movs	r0, #0
10005c30:	3502      	adds	r5, #2
10005c32:	6063      	str	r3, [r4, #4]
10005c34:	f844 1025 	str.w	r1, [r4, r5, lsl #2]
10005c38:	bc70      	pop	{r4, r5, r6}
10005c3a:	4770      	bx	lr
10005c3c:	eb04 0c85 	add.w	ip, r4, r5, lsl #2
10005c40:	2802      	cmp	r0, #2
10005c42:	f8cc 2088 	str.w	r2, [ip, #136]	@ 0x88
10005c46:	f04f 0201 	mov.w	r2, #1
10005c4a:	f8d4 6188 	ldr.w	r6, [r4, #392]	@ 0x188
10005c4e:	fa02 f205 	lsl.w	r2, r2, r5
10005c52:	ea46 0602 	orr.w	r6, r6, r2
10005c56:	f8c4 6188 	str.w	r6, [r4, #392]	@ 0x188
10005c5a:	f8cc 3108 	str.w	r3, [ip, #264]	@ 0x108
10005c5e:	d1e5      	bne.n	10005c2c <__register_exitproc+0x10>
10005c60:	f8d4 318c 	ldr.w	r3, [r4, #396]	@ 0x18c
10005c64:	4313      	orrs	r3, r2
10005c66:	f8c4 318c 	str.w	r3, [r4, #396]	@ 0x18c
10005c6a:	e7df      	b.n	10005c2c <__register_exitproc+0x10>
10005c6c:	4c03      	ldr	r4, [pc, #12]	@ (10005c7c <__register_exitproc+0x60>)
10005c6e:	602c      	str	r4, [r5, #0]
10005c70:	e7d8      	b.n	10005c24 <__register_exitproc+0x8>
10005c72:	f04f 30ff 	mov.w	r0, #4294967295	@ 0xffffffff
10005c76:	e7df      	b.n	10005c38 <__register_exitproc+0x1c>
10005c78:	200015dc 	.word	0x200015dc
10005c7c:	2000144c 	.word	0x2000144c

10005c80 <register_fini>:
10005c80:	4b02      	ldr	r3, [pc, #8]	@ (10005c8c <register_fini+0xc>)
10005c82:	b113      	cbz	r3, 10005c8a <register_fini+0xa>
10005c84:	4802      	ldr	r0, [pc, #8]	@ (10005c90 <register_fini+0x10>)
10005c86:	f7ff bf81 	b.w	10005b8c <atexit>
10005c8a:	4770      	bx	lr
10005c8c:	00000000 	.word	0x00000000
10005c90:	10005bf5 	.word	0x10005bf5

10005c94 <_fini>:
10005c94:	b5f8      	push	{r3, r4, r5, r6, r7, lr}
10005c96:	bf00      	nop

10005c98 <__e15_is_critical_frame_period_veneer>:
10005c98:	f85f f000 	ldr.w	pc, [pc]	@ 10005c9c <__e15_is_critical_frame_period_veneer+0x4>
10005c9c:	20000a95 	.word	0x20000a95

10005ca0 <__mutex_enter_timeout_ms_veneer>:
10005ca0:	f85f f000 	ldr.w	pc, [pc]	@ 10005ca4 <__mutex_enter_timeout_ms_veneer+0x4>
10005ca4:	2000023d 	.word	0x2000023d

10005ca8 <__hw_endpoint_start_next_buffer_veneer>:
10005ca8:	f85f f000 	ldr.w	pc, [pc]	@ 10005cac <__hw_endpoint_start_next_buffer_veneer+0x4>
10005cac:	20000b0d 	.word	0x20000b0d

10005cb0 <____aeabi_uldivmod_veneer>:
10005cb0:	f85f f000 	ldr.w	pc, [pc]	@ 10005cb4 <____aeabi_uldivmod_veneer+0x4>
10005cb4:	20000dd1 	.word	0x20000dd1

10005cb8 <__mutex_exit_veneer>:
10005cb8:	f85f f000 	ldr.w	pc, [pc]	@ 10005cbc <__mutex_exit_veneer+0x4>
10005cbc:	20000275 	.word	0x20000275

10005cc0 <__e15_is_bulkin_ep_veneer>:
10005cc0:	f85f f000 	ldr.w	pc, [pc]	@ 10005cc4 <__e15_is_bulkin_ep_veneer+0x4>
10005cc4:	20000a6d 	.word	0x20000a6d

10005cc8 <___hw_endpoint_buffer_control_update32_veneer>:
10005cc8:	f85f f000 	ldr.w	pc, [pc]	@ 10005ccc <___hw_endpoint_buffer_control_update32_veneer+0x4>
10005ccc:	20000ac9 	.word	0x20000ac9

10005cd0 <__mutex_try_enter_block_until_veneer>:
10005cd0:	f85f f000 	ldr.w	pc, [pc]	@ 10005cd4 <__mutex_try_enter_block_until_veneer+0x4>
10005cd4:	200001d1 	.word	0x200001d1

10005cd8 <__reset_non_control_endpoints_veneer>:
10005cd8:	f85f f000 	ldr.w	pc, [pc]	@ 10005cdc <__reset_non_control_endpoints_veneer+0x4>
10005cdc:	200002b1 	.word	0x200002b1

10005ce0 <__mutex_try_enter_veneer>:
10005ce0:	f85f f000 	ldr.w	pc, [pc]	@ 10005ce4 <__mutex_try_enter_veneer+0x4>
10005ce4:	20000111 	.word	0x20000111

10005ce8 <__pre_init_runtime_init_bootrom_reset>:
10005ce8:	1000152d                                -...

10005cec <__pre_init_runtime_init_early_resets>:
10005cec:	100014a1                                ....

10005cf0 <__pre_init_runtime_init_usb_power_down>:
10005cf0:	100014d5                                ....

10005cf4 <__pre_init_runtime_init_clocks>:
10005cf4:	10001579                                y...

10005cf8 <__pre_init_runtime_init_post_clock_resets>:
10005cf8:	1000150d                                ....

10005cfc <__pre_init_runtime_init_boot_locks_reset>:
10005cfc:	10001425                                %...

10005d00 <__pre_init_runtime_init_spin_locks_reset>:
10005d00:	10001555                                U...

10005d04 <__pre_init_runtime_init_bootrom_locking_enable>:
10005d04:	10001411                                ....

10005d08 <__pre_init_runtime_init_mutex>:
10005d08:	1000088d                                ....

10005d0c <__pre_init_runtime_init_install_ram_vector_table>:
10005d0c:	10001559                                Y...

10005d10 <__pre_init_runtime_init_default_alarm_pool>:
10005d10:	10000c51                                Q...

10005d14 <__pre_init_first_per_core_initializer>:
10005d14:	10001471                                q...

10005d18 <__pre_init_runtime_init_per_core_bootrom_reset>:
10005d18:	10001541                                A...

10005d1c <__pre_init_runtime_init_per_core_enable_coprocessors>:
10005d1c:	100014f1                                ....

10005d20 <__pre_init_spinlock_set_extexclall>:
10005d20:	10000469                                i...

10005d24 <__pre_init_runtime_init_per_core_irq_priorities>:
10005d24:	10000491                                ....

10005d28 <__init_array_start>:
10005d28:	10005c81 	.word	0x10005c81

10005d2c <__frame_dummy_init_array_entry>:
10005d2c:	1000025d 10003875                       ]...u8..

Disassembly of section .data:

20000110 <mutex_try_enter>:
20000110:	4603      	mov	r3, r0
20000112:	b500      	push	{lr}
20000114:	6802      	ldr	r2, [r0, #0]
20000116:	f3ef 8c10 	mrs	ip, PRIMASK
2000011a:	b672      	cpsid	i
2000011c:	e8d2 efcf 	ldaexb	lr, [r2]
20000120:	2001      	movs	r0, #1
20000122:	f1be 0f00 	cmp.w	lr, #0
20000126:	d1f9      	bne.n	2000011c <mutex_try_enter+0xc>
20000128:	e8c2 0f4e 	strexb	lr, r0, [r2]
2000012c:	f1be 0f00 	cmp.w	lr, #0
20000130:	d1f4      	bne.n	2000011c <mutex_try_enter+0xc>
20000132:	f3bf 8f5f 	dmb	sy
20000136:	f993 2004 	ldrsb.w	r2, [r3, #4]
2000013a:	2a00      	cmp	r2, #0
2000013c:	db0a      	blt.n	20000154 <mutex_try_enter+0x44>
2000013e:	b101      	cbz	r1, 20000142 <mutex_try_enter+0x32>
20000140:	600a      	str	r2, [r1, #0]
20000142:	2000      	movs	r0, #0
20000144:	2200      	movs	r2, #0
20000146:	681b      	ldr	r3, [r3, #0]
20000148:	e8c3 2f8f 	stlb	r2, [r3]
2000014c:	f38c 8810 	msr	PRIMASK, ip
20000150:	f85d fb04 	ldr.w	pc, [sp], #4
20000154:	f04f 4250 	mov.w	r2, #3489660928	@ 0xd0000000
20000158:	6812      	ldr	r2, [r2, #0]
2000015a:	2001      	movs	r0, #1
2000015c:	711a      	strb	r2, [r3, #4]
2000015e:	e7f1      	b.n	20000144 <mutex_try_enter+0x34>

20000160 <mutex_enter_block_until>:
20000160:	f04f 4150 	mov.w	r1, #3489660928	@ 0xd0000000
20000164:	e92d 41f0 	stmdb	sp!, {r4, r5, r6, r7, r8, lr}
20000168:	2700      	movs	r7, #0
2000016a:	4604      	mov	r4, r0
2000016c:	4616      	mov	r6, r2
2000016e:	461d      	mov	r5, r3
20000170:	f8d1 8000 	ldr.w	r8, [r1]
20000174:	e009      	b.n	2000018a <mutex_enter_block_until+0x2a>
20000176:	6823      	ldr	r3, [r4, #0]
20000178:	e8c3 7f8f 	stlb	r7, [r3]
2000017c:	f38c 8810 	msr	PRIMASK, ip
20000180:	4630      	mov	r0, r6
20000182:	4629      	mov	r1, r5
20000184:	f000 ffc4 	bl	20001110 <__best_effort_wfe_or_timeout_veneer>
20000188:	b9f0      	cbnz	r0, 200001c8 <mutex_enter_block_until+0x68>
2000018a:	6821      	ldr	r1, [r4, #0]
2000018c:	f3ef 8c10 	mrs	ip, PRIMASK
20000190:	b672      	cpsid	i
20000192:	e8d1 2fcf 	ldaexb	r2, [r1]
20000196:	2301      	movs	r3, #1
20000198:	2a00      	cmp	r2, #0
2000019a:	d1fa      	bne.n	20000192 <mutex_enter_block_until+0x32>
2000019c:	e8c1 3f42 	strexb	r2, r3, [r1]
200001a0:	2a00      	cmp	r2, #0
200001a2:	d1f6      	bne.n	20000192 <mutex_enter_block_until+0x32>
200001a4:	f3bf 8f5f 	dmb	sy
200001a8:	f994 e004 	ldrsb.w	lr, [r4, #4]
200001ac:	f1be 0f00 	cmp.w	lr, #0
200001b0:	dae1      	bge.n	20000176 <mutex_enter_block_until+0x16>
200001b2:	2300      	movs	r3, #0
200001b4:	6822      	ldr	r2, [r4, #0]
200001b6:	f884 8004 	strb.w	r8, [r4, #4]
200001ba:	e8c2 3f8f 	stlb	r3, [r2]
200001be:	f38c 8810 	msr	PRIMASK, ip
200001c2:	2001      	movs	r0, #1
200001c4:	e8bd 81f0 	ldmia.w	sp!, {r4, r5, r6, r7, r8, pc}
200001c8:	2000      	movs	r0, #0
200001ca:	e8bd 81f0 	ldmia.w	sp!, {r4, r5, r6, r7, r8, pc}
200001ce:	bf00      	nop

200001d0 <mutex_try_enter_block_until>:
200001d0:	b530      	push	{r4, r5, lr}
200001d2:	4601      	mov	r1, r0
200001d4:	6804      	ldr	r4, [r0, #0]
200001d6:	f3ef 8c10 	mrs	ip, PRIMASK
200001da:	b672      	cpsid	i
200001dc:	e8d4 efcf 	ldaexb	lr, [r4]
200001e0:	2501      	movs	r5, #1
200001e2:	f1be 0f00 	cmp.w	lr, #0
200001e6:	d1f9      	bne.n	200001dc <mutex_try_enter_block_until+0xc>
200001e8:	e8c4 5f4e 	strexb	lr, r5, [r4]
200001ec:	f1be 0f00 	cmp.w	lr, #0
200001f0:	d1f4      	bne.n	200001dc <mutex_try_enter_block_until+0xc>
200001f2:	f3bf 8f5f 	dmb	sy
200001f6:	f990 4004 	ldrsb.w	r4, [r0, #4]
200001fa:	2c00      	cmp	r4, #0
200001fc:	db11      	blt.n	20000222 <mutex_try_enter_block_until+0x52>
200001fe:	2100      	movs	r1, #0
20000200:	6805      	ldr	r5, [r0, #0]
20000202:	e8c5 1f8f 	stlb	r1, [r5]
20000206:	f38c 8810 	msr	PRIMASK, ip
2000020a:	f04f 4c50 	mov.w	ip, #3489660928	@ 0xd0000000
2000020e:	f99c c000 	ldrsb.w	ip, [ip]
20000212:	45a4      	cmp	ip, r4
20000214:	d101      	bne.n	2000021a <mutex_try_enter_block_until+0x4a>
20000216:	4608      	mov	r0, r1
20000218:	bd30      	pop	{r4, r5, pc}
2000021a:	e8bd 4030 	ldmia.w	sp!, {r4, r5, lr}
2000021e:	f7ff bf9f 	b.w	20000160 <mutex_enter_block_until>
20000222:	f04f 4050 	mov.w	r0, #3489660928	@ 0xd0000000
20000226:	6800      	ldr	r0, [r0, #0]
20000228:	2300      	movs	r3, #0
2000022a:	680a      	ldr	r2, [r1, #0]
2000022c:	7108      	strb	r0, [r1, #4]
2000022e:	e8c2 3f8f 	stlb	r3, [r2]
20000232:	f38c 8810 	msr	PRIMASK, ip
20000236:	2001      	movs	r0, #1
20000238:	bd30      	pop	{r4, r5, pc}
2000023a:	bf00      	nop

2000023c <mutex_enter_timeout_ms>:
2000023c:	b570      	push	{r4, r5, r6, lr}
2000023e:	4605      	mov	r5, r0
20000240:	460c      	mov	r4, r1
20000242:	f000 ff69 	bl	20001118 <__time_us_64_veneer>
20000246:	4602      	mov	r2, r0
20000248:	460b      	mov	r3, r1
2000024a:	f44f 707a 	mov.w	r0, #1000	@ 0x3e8
2000024e:	f04f 3eff 	mov.w	lr, #4294967295	@ 0xffffffff
20000252:	f06f 4c00 	mvn.w	ip, #2147483648	@ 0x80000000
20000256:	fbe4 2300 	umlal	r2, r3, r4, r0
2000025a:	4596      	cmp	lr, r2
2000025c:	eb7c 0103 	sbcs.w	r1, ip, r3
20000260:	bf38      	it	cc
20000262:	4672      	movcc	r2, lr
20000264:	4628      	mov	r0, r5
20000266:	e8bd 4070 	ldmia.w	sp!, {r4, r5, r6, lr}
2000026a:	bf38      	it	cc
2000026c:	4663      	movcc	r3, ip
2000026e:	f7ff bf77 	b.w	20000160 <mutex_enter_block_until>
20000272:	bf00      	nop

20000274 <mutex_exit>:
20000274:	6803      	ldr	r3, [r0, #0]
20000276:	f3ef 8210 	mrs	r2, PRIMASK
2000027a:	b672      	cpsid	i
2000027c:	e8d3 cfcf 	ldaexb	ip, [r3]
20000280:	2101      	movs	r1, #1
20000282:	f1bc 0f00 	cmp.w	ip, #0
20000286:	d1f9      	bne.n	2000027c <mutex_exit+0x8>
20000288:	e8c3 1f4c 	strexb	ip, r1, [r3]
2000028c:	f1bc 0f00 	cmp.w	ip, #0
20000290:	d1f4      	bne.n	2000027c <mutex_exit+0x8>
20000292:	f3bf 8f5f 	dmb	sy
20000296:	f04f 0cff 	mov.w	ip, #255	@ 0xff
2000029a:	2300      	movs	r3, #0
2000029c:	6801      	ldr	r1, [r0, #0]
2000029e:	f880 c004 	strb.w	ip, [r0, #4]
200002a2:	e8c1 3f8f 	stlb	r3, [r1]
200002a6:	f382 8810 	msr	PRIMASK, r2
200002aa:	bf40      	sev
200002ac:	4770      	bx	lr
200002ae:	bf00      	nop

200002b0 <reset_non_control_endpoints>:
200002b0:	2100      	movs	r1, #0
200002b2:	b508      	push	{r3, lr}
200002b4:	4b13      	ldr	r3, [pc, #76]	@ (20000304 <reset_non_control_endpoints+0x54>)
200002b6:	f44f 7270 	mov.w	r2, #960	@ 0x3c0
200002ba:	6099      	str	r1, [r3, #8]
200002bc:	4812      	ldr	r0, [pc, #72]	@ (20000308 <reset_non_control_endpoints+0x58>)
200002be:	60d9      	str	r1, [r3, #12]
200002c0:	6119      	str	r1, [r3, #16]
200002c2:	6159      	str	r1, [r3, #20]
200002c4:	6199      	str	r1, [r3, #24]
200002c6:	61d9      	str	r1, [r3, #28]
200002c8:	6219      	str	r1, [r3, #32]
200002ca:	6259      	str	r1, [r3, #36]	@ 0x24
200002cc:	6299      	str	r1, [r3, #40]	@ 0x28
200002ce:	62d9      	str	r1, [r3, #44]	@ 0x2c
200002d0:	6319      	str	r1, [r3, #48]	@ 0x30
200002d2:	6359      	str	r1, [r3, #52]	@ 0x34
200002d4:	6399      	str	r1, [r3, #56]	@ 0x38
200002d6:	63d9      	str	r1, [r3, #60]	@ 0x3c
200002d8:	6419      	str	r1, [r3, #64]	@ 0x40
200002da:	6459      	str	r1, [r3, #68]	@ 0x44
200002dc:	6499      	str	r1, [r3, #72]	@ 0x48
200002de:	64d9      	str	r1, [r3, #76]	@ 0x4c
200002e0:	6519      	str	r1, [r3, #80]	@ 0x50
200002e2:	6559      	str	r1, [r3, #84]	@ 0x54
200002e4:	6599      	str	r1, [r3, #88]	@ 0x58
200002e6:	65d9      	str	r1, [r3, #92]	@ 0x5c
200002e8:	6619      	str	r1, [r3, #96]	@ 0x60
200002ea:	6659      	str	r1, [r3, #100]	@ 0x64
200002ec:	6699      	str	r1, [r3, #104]	@ 0x68
200002ee:	66d9      	str	r1, [r3, #108]	@ 0x6c
200002f0:	6719      	str	r1, [r3, #112]	@ 0x70
200002f2:	6759      	str	r1, [r3, #116]	@ 0x74
200002f4:	6799      	str	r1, [r3, #120]	@ 0x78
200002f6:	67d9      	str	r1, [r3, #124]	@ 0x7c
200002f8:	f000 ff1a 	bl	20001130 <__memset_veneer>
200002fc:	4b03      	ldr	r3, [pc, #12]	@ (2000030c <reset_non_control_endpoints+0x5c>)
200002fe:	4a04      	ldr	r2, [pc, #16]	@ (20000310 <reset_non_control_endpoints+0x60>)
20000300:	601a      	str	r2, [r3, #0]
20000302:	bd08      	pop	{r3, pc}
20000304:	50100000 	.word	0x50100000
20000308:	20001b7c 	.word	0x20001b7c
2000030c:	20001f44 	.word	0x20001f44
20000310:	50100180 	.word	0x50100180

20000314 <hw_handle_buff_status>:
20000314:	e92d 4ff0 	stmdb	sp!, {r4, r5, r6, r7, r8, r9, sl, fp, lr}
20000318:	4b20      	ldr	r3, [pc, #128]	@ (2000039c <hw_handle_buff_status+0x88>)
2000031a:	b085      	sub	sp, #20
2000031c:	6d9e      	ldr	r6, [r3, #88]	@ 0x58
2000031e:	b30e      	cbz	r6, 20000364 <hw_handle_buff_status+0x50>
20000320:	2400      	movs	r4, #0
20000322:	2501      	movs	r5, #1
20000324:	4f1e      	ldr	r7, [pc, #120]	@ (200003a0 <hw_handle_buff_status+0x8c>)
20000326:	e001      	b.n	2000032c <hw_handle_buff_status+0x18>
20000328:	2c20      	cmp	r4, #32
2000032a:	d01b      	beq.n	20000364 <hw_handle_buff_status+0x50>
2000032c:	ea06 0305 	and.w	r3, r6, r5
20000330:	1c62      	adds	r2, r4, #1
20000332:	4621      	mov	r1, r4
20000334:	46aa      	mov	sl, r5
20000336:	b2d4      	uxtb	r4, r2
20000338:	006d      	lsls	r5, r5, #1
2000033a:	2b00      	cmp	r3, #0
2000033c:	d0f4      	beq.n	20000328 <hw_handle_buff_status+0x14>
2000033e:	2302      	movs	r3, #2
20000340:	f004 0801 	and.w	r8, r4, #1
20000344:	ea4f 0951 	mov.w	r9, r1, lsr #1
20000348:	fb13 8b09 	smlabb	fp, r3, r9, r8
2000034c:	4b15      	ldr	r3, [pc, #84]	@ (200003a4 <hw_handle_buff_status+0x90>)
2000034e:	eb07 1b4b 	add.w	fp, r7, fp, lsl #5
20000352:	4658      	mov	r0, fp
20000354:	f8c3 a058 	str.w	sl, [r3, #88]	@ 0x58
20000358:	f000 fc0a 	bl	20000b70 <hw_endpoint_xfer_continue>
2000035c:	b928      	cbnz	r0, 2000036a <hw_handle_buff_status+0x56>
2000035e:	ea36 060a 	bics.w	r6, r6, sl
20000362:	d1e1      	bne.n	20000328 <hw_handle_buff_status+0x14>
20000364:	b005      	add	sp, #20
20000366:	e8bd 8ff0 	ldmia.w	sp!, {r4, r5, r6, r7, r8, r9, sl, fp, pc}
2000036a:	f44f 62e0 	mov.w	r2, #1792	@ 0x700
2000036e:	f8ad 2004 	strh.w	r2, [sp, #4]
20000372:	2200      	movs	r2, #0
20000374:	eb08 0349 	add.w	r3, r8, r9, lsl #1
20000378:	eb07 1343 	add.w	r3, r7, r3, lsl #5
2000037c:	f88d 2009 	strb.w	r2, [sp, #9]
20000380:	789a      	ldrb	r2, [r3, #2]
20000382:	8adb      	ldrh	r3, [r3, #22]
20000384:	a801      	add	r0, sp, #4
20000386:	2101      	movs	r1, #1
20000388:	f88d 2008 	strb.w	r2, [sp, #8]
2000038c:	9303      	str	r3, [sp, #12]
2000038e:	f000 fc0d 	bl	20000bac <dcd_event_handler>
20000392:	4658      	mov	r0, fp
20000394:	f000 fb92 	bl	20000abc <hw_endpoint_reset_transfer>
20000398:	e7e1      	b.n	2000035e <hw_handle_buff_status+0x4a>
2000039a:	bf00      	nop
2000039c:	50110000 	.word	0x50110000
200003a0:	20001b3c 	.word	0x20001b3c
200003a4:	50113000 	.word	0x50113000

200003a8 <dcd_rp2040_irq>:
200003a8:	b5f0      	push	{r4, r5, r6, r7, lr}
200003aa:	4bb2      	ldr	r3, [pc, #712]	@ (20000674 <dcd_rp2040_irq+0x2cc>)
200003ac:	b085      	sub	sp, #20
200003ae:	f8d3 5098 	ldr.w	r5, [r3, #152]	@ 0x98
200003b2:	f415 3600 	ands.w	r6, r5, #131072	@ 0x20000
200003b6:	d074      	beq.n	200004a2 <dcd_rp2040_irq+0xfa>
200003b8:	4baf      	ldr	r3, [pc, #700]	@ (20000678 <dcd_rp2040_irq+0x2d0>)
200003ba:	4cb0      	ldr	r4, [pc, #704]	@ (2000067c <dcd_rp2040_irq+0x2d4>)
200003bc:	6a99      	ldr	r1, [r3, #40]	@ 0x28
200003be:	f894 303b 	ldrb.w	r3, [r4, #59]	@ 0x3b
200003c2:	4aaf      	ldr	r2, [pc, #700]	@ (20000680 <dcd_rp2040_irq+0x2d8>)
200003c4:	2b02      	cmp	r3, #2
200003c6:	6011      	str	r1, [r2, #0]
200003c8:	f000 80f9 	beq.w	200005be <dcd_rp2040_irq+0x216>
200003cc:	2600      	movs	r6, #0
200003ce:	f894 307b 	ldrb.w	r3, [r4, #123]	@ 0x7b
200003d2:	2b02      	cmp	r3, #2
200003d4:	f000 81d4 	beq.w	20000780 <dcd_rp2040_irq+0x3d8>
200003d8:	f894 30bb 	ldrb.w	r3, [r4, #187]	@ 0xbb
200003dc:	2b02      	cmp	r3, #2
200003de:	f000 81c5 	beq.w	2000076c <dcd_rp2040_irq+0x3c4>
200003e2:	f894 30fb 	ldrb.w	r3, [r4, #251]	@ 0xfb
200003e6:	2b02      	cmp	r3, #2
200003e8:	f000 81b6 	beq.w	20000758 <dcd_rp2040_irq+0x3b0>
200003ec:	f894 313b 	ldrb.w	r3, [r4, #315]	@ 0x13b
200003f0:	2b02      	cmp	r3, #2
200003f2:	f000 81a6 	beq.w	20000742 <dcd_rp2040_irq+0x39a>
200003f6:	f894 317b 	ldrb.w	r3, [r4, #379]	@ 0x17b
200003fa:	2b02      	cmp	r3, #2
200003fc:	f000 8196 	beq.w	2000072c <dcd_rp2040_irq+0x384>
20000400:	f894 31bb 	ldrb.w	r3, [r4, #443]	@ 0x1bb
20000404:	2b02      	cmp	r3, #2
20000406:	f000 8186 	beq.w	20000716 <dcd_rp2040_irq+0x36e>
2000040a:	f894 31fb 	ldrb.w	r3, [r4, #507]	@ 0x1fb
2000040e:	2b02      	cmp	r3, #2
20000410:	f000 8176 	beq.w	20000700 <dcd_rp2040_irq+0x358>
20000414:	f894 323b 	ldrb.w	r3, [r4, #571]	@ 0x23b
20000418:	2b02      	cmp	r3, #2
2000041a:	f000 8165 	beq.w	200006e8 <dcd_rp2040_irq+0x340>
2000041e:	f894 327b 	ldrb.w	r3, [r4, #635]	@ 0x27b
20000422:	2b02      	cmp	r3, #2
20000424:	f000 8154 	beq.w	200006d0 <dcd_rp2040_irq+0x328>
20000428:	f894 32bb 	ldrb.w	r3, [r4, #699]	@ 0x2bb
2000042c:	2b02      	cmp	r3, #2
2000042e:	f000 8143 	beq.w	200006b8 <dcd_rp2040_irq+0x310>
20000432:	f894 32fb 	ldrb.w	r3, [r4, #763]	@ 0x2fb
20000436:	2b02      	cmp	r3, #2
20000438:	f000 8132 	beq.w	200006a0 <dcd_rp2040_irq+0x2f8>
2000043c:	f894 333b 	ldrb.w	r3, [r4, #827]	@ 0x33b
20000440:	2b02      	cmp	r3, #2
20000442:	f000 810a 	beq.w	2000065a <dcd_rp2040_irq+0x2b2>
20000446:	f894 337b 	ldrb.w	r3, [r4, #891]	@ 0x37b
2000044a:	2b02      	cmp	r3, #2
2000044c:	f000 80c9 	beq.w	200005e2 <dcd_rp2040_irq+0x23a>
20000450:	f894 33bb 	ldrb.w	r3, [r4, #955]	@ 0x3bb
20000454:	2b02      	cmp	r3, #2
20000456:	f000 80ec 	beq.w	20000632 <dcd_rp2040_irq+0x28a>
2000045a:	f894 33fb 	ldrb.w	r3, [r4, #1019]	@ 0x3fb
2000045e:	2b02      	cmp	r3, #2
20000460:	f000 80d6 	beq.w	20000610 <dcd_rp2040_irq+0x268>
20000464:	b93e      	cbnz	r6, 20000476 <dcd_rp2040_irq+0xce>
20000466:	4b87      	ldr	r3, [pc, #540]	@ (20000684 <dcd_rp2040_irq+0x2dc>)
20000468:	781b      	ldrb	r3, [r3, #0]
2000046a:	b923      	cbnz	r3, 20000476 <dcd_rp2040_irq+0xce>
2000046c:	f44f 3200 	mov.w	r2, #131072	@ 0x20000
20000470:	4b85      	ldr	r3, [pc, #532]	@ (20000688 <dcd_rp2040_irq+0x2e0>)
20000472:	f8c3 2090 	str.w	r2, [r3, #144]	@ 0x90
20000476:	f44f 7240 	mov.w	r2, #768	@ 0x300
2000047a:	4b7e      	ldr	r3, [pc, #504]	@ (20000674 <dcd_rp2040_irq+0x2cc>)
2000047c:	2101      	movs	r1, #1
2000047e:	6c9b      	ldr	r3, [r3, #72]	@ 0x48
20000480:	a801      	add	r0, sp, #4
20000482:	f3c3 030a 	ubfx	r3, r3, #0, #11
20000486:	f8ad 2004 	strh.w	r2, [sp, #4]
2000048a:	9302      	str	r3, [sp, #8]
2000048c:	f000 fb8e 	bl	20000bac <dcd_event_handler>
20000490:	06ea      	lsls	r2, r5, #27
20000492:	f44f 3600 	mov.w	r6, #131072	@ 0x20000
20000496:	4c7d      	ldr	r4, [pc, #500]	@ (2000068c <dcd_rp2040_irq+0x2e4>)
20000498:	d507      	bpl.n	200004aa <dcd_rp2040_irq+0x102>
2000049a:	f7ff ff3b 	bl	20000314 <hw_handle_buff_status>
2000049e:	4626      	mov	r6, r4
200004a0:	e003      	b.n	200004aa <dcd_rp2040_irq+0x102>
200004a2:	06ea      	lsls	r2, r5, #27
200004a4:	f04f 0410 	mov.w	r4, #16
200004a8:	d4f7      	bmi.n	2000049a <dcd_rp2040_irq+0xf2>
200004aa:	03eb      	lsls	r3, r5, #15
200004ac:	d532      	bpl.n	20000514 <dcd_rp2040_irq+0x16c>
200004ae:	4c73      	ldr	r4, [pc, #460]	@ (2000067c <dcd_rp2040_irq+0x2d4>)
200004b0:	f446 3680 	orr.w	r6, r6, #65536	@ 0x10000
200004b4:	7ea3      	ldrb	r3, [r4, #26]
200004b6:	b19b      	cbz	r3, 200004e0 <dcd_rp2040_irq+0x138>
200004b8:	2102      	movs	r1, #2
200004ba:	4b75      	ldr	r3, [pc, #468]	@ (20000690 <dcd_rp2040_irq+0x2e8>)
200004bc:	4a6d      	ldr	r2, [pc, #436]	@ (20000674 <dcd_rp2040_irq+0x2cc>)
200004be:	6619      	str	r1, [r3, #96]	@ 0x60
200004c0:	6e53      	ldr	r3, [r2, #100]	@ 0x64
200004c2:	079f      	lsls	r7, r3, #30
200004c4:	d5fc      	bpl.n	200004c0 <dcd_rp2040_irq+0x118>
200004c6:	f44f 5240 	mov.w	r2, #12288	@ 0x3000
200004ca:	2100      	movs	r1, #0
200004cc:	486b      	ldr	r0, [pc, #428]	@ (2000067c <dcd_rp2040_irq+0x2d4>)
200004ce:	f000 fafb 	bl	20000ac8 <_hw_endpoint_buffer_control_update32>
200004d2:	486a      	ldr	r0, [pc, #424]	@ (2000067c <dcd_rp2040_irq+0x2d4>)
200004d4:	f000 faf2 	bl	20000abc <hw_endpoint_reset_transfer>
200004d8:	2202      	movs	r2, #2
200004da:	4b6b      	ldr	r3, [pc, #428]	@ (20000688 <dcd_rp2040_irq+0x2e0>)
200004dc:	665a      	str	r2, [r3, #100]	@ 0x64
200004de:	661a      	str	r2, [r3, #96]	@ 0x60
200004e0:	2301      	movs	r3, #1
200004e2:	f894 203a 	ldrb.w	r2, [r4, #58]	@ 0x3a
200004e6:	70e3      	strb	r3, [r4, #3]
200004e8:	b9fa      	cbnz	r2, 2000052a <dcd_rp2040_irq+0x182>
200004ea:	2301      	movs	r3, #1
200004ec:	f44f 61c0 	mov.w	r1, #1536	@ 0x600
200004f0:	4a68      	ldr	r2, [pc, #416]	@ (20000694 <dcd_rp2040_irq+0x2ec>)
200004f2:	f884 3023 	strb.w	r3, [r4, #35]	@ 0x23
200004f6:	f8ad 1004 	strh.w	r1, [sp, #4]
200004fa:	e892 0003 	ldmia.w	r2, {r0, r1}
200004fe:	aa04      	add	r2, sp, #16
20000500:	e902 0003 	stmdb	r2, {r0, r1}
20000504:	4619      	mov	r1, r3
20000506:	a801      	add	r0, sp, #4
20000508:	f000 fb50 	bl	20000bac <dcd_event_handler>
2000050c:	f44f 3200 	mov.w	r2, #131072	@ 0x20000
20000510:	4b5d      	ldr	r3, [pc, #372]	@ (20000688 <dcd_rp2040_irq+0x2e0>)
20000512:	651a      	str	r2, [r3, #80]	@ 0x50
20000514:	04e9      	lsls	r1, r5, #19
20000516:	d41d      	bmi.n	20000554 <dcd_rp2040_irq+0x1ac>
20000518:	046a      	lsls	r2, r5, #17
2000051a:	d432      	bmi.n	20000582 <dcd_rp2040_irq+0x1da>
2000051c:	042b      	lsls	r3, r5, #16
2000051e:	d43f      	bmi.n	200005a0 <dcd_rp2040_irq+0x1f8>
20000520:	42ae      	cmp	r6, r5
20000522:	f040 81a5 	bne.w	20000870 <dcd_rp2040_irq+0x4c8>
20000526:	b005      	add	sp, #20
20000528:	bdf0      	pop	{r4, r5, r6, r7, pc}
2000052a:	4a59      	ldr	r2, [pc, #356]	@ (20000690 <dcd_rp2040_irq+0x2e8>)
2000052c:	6613      	str	r3, [r2, #96]	@ 0x60
2000052e:	f5a2 5200 	sub.w	r2, r2, #8192	@ 0x2000
20000532:	6e53      	ldr	r3, [r2, #100]	@ 0x64
20000534:	07d8      	lsls	r0, r3, #31
20000536:	d5fc      	bpl.n	20000532 <dcd_rp2040_irq+0x18a>
20000538:	f44f 5240 	mov.w	r2, #12288	@ 0x3000
2000053c:	2100      	movs	r1, #0
2000053e:	4856      	ldr	r0, [pc, #344]	@ (20000698 <dcd_rp2040_irq+0x2f0>)
20000540:	f000 fac2 	bl	20000ac8 <_hw_endpoint_buffer_control_update32>
20000544:	4854      	ldr	r0, [pc, #336]	@ (20000698 <dcd_rp2040_irq+0x2f0>)
20000546:	f000 fab9 	bl	20000abc <hw_endpoint_reset_transfer>
2000054a:	2201      	movs	r2, #1
2000054c:	4b4e      	ldr	r3, [pc, #312]	@ (20000688 <dcd_rp2040_irq+0x2e0>)
2000054e:	665a      	str	r2, [r3, #100]	@ 0x64
20000550:	661a      	str	r2, [r3, #96]	@ 0x60
20000552:	e7ca      	b.n	200004ea <dcd_rp2040_irq+0x142>
20000554:	2400      	movs	r4, #0
20000556:	4b47      	ldr	r3, [pc, #284]	@ (20000674 <dcd_rp2040_irq+0x2cc>)
20000558:	f446 5680 	orr.w	r6, r6, #4096	@ 0x1000
2000055c:	601c      	str	r4, [r3, #0]
2000055e:	f7ff fea7 	bl	200002b0 <reset_non_control_endpoints>
20000562:	f44f 7380 	mov.w	r3, #256	@ 0x100
20000566:	2101      	movs	r1, #1
20000568:	a801      	add	r0, sp, #4
2000056a:	f8ad 3004 	strh.w	r3, [sp, #4]
2000056e:	f88d 4008 	strb.w	r4, [sp, #8]
20000572:	f000 fb1b 	bl	20000bac <dcd_event_handler>
20000576:	f44f 2200 	mov.w	r2, #524288	@ 0x80000
2000057a:	4b43      	ldr	r3, [pc, #268]	@ (20000688 <dcd_rp2040_irq+0x2e0>)
2000057c:	651a      	str	r2, [r3, #80]	@ 0x50
2000057e:	046a      	lsls	r2, r5, #17
20000580:	d5cc      	bpl.n	2000051c <dcd_rp2040_irq+0x174>
20000582:	f44f 6380 	mov.w	r3, #1024	@ 0x400
20000586:	2101      	movs	r1, #1
20000588:	a801      	add	r0, sp, #4
2000058a:	f8ad 3004 	strh.w	r3, [sp, #4]
2000058e:	f000 fb0d 	bl	20000bac <dcd_event_handler>
20000592:	2210      	movs	r2, #16
20000594:	4b3c      	ldr	r3, [pc, #240]	@ (20000688 <dcd_rp2040_irq+0x2e0>)
20000596:	f446 4680 	orr.w	r6, r6, #16384	@ 0x4000
2000059a:	651a      	str	r2, [r3, #80]	@ 0x50
2000059c:	042b      	lsls	r3, r5, #16
2000059e:	d5bf      	bpl.n	20000520 <dcd_rp2040_irq+0x178>
200005a0:	f44f 63a0 	mov.w	r3, #1280	@ 0x500
200005a4:	2101      	movs	r1, #1
200005a6:	a801      	add	r0, sp, #4
200005a8:	f8ad 3004 	strh.w	r3, [sp, #4]
200005ac:	f000 fafe 	bl	20000bac <dcd_event_handler>
200005b0:	f44f 6200 	mov.w	r2, #2048	@ 0x800
200005b4:	4b34      	ldr	r3, [pc, #208]	@ (20000688 <dcd_rp2040_irq+0x2e0>)
200005b6:	f446 4600 	orr.w	r6, r6, #32768	@ 0x8000
200005ba:	651a      	str	r2, [r3, #80]	@ 0x50
200005bc:	e7b0      	b.n	20000520 <dcd_rp2040_irq+0x178>
200005be:	f894 603a 	ldrb.w	r6, [r4, #58]	@ 0x3a
200005c2:	2e00      	cmp	r6, #0
200005c4:	f43f af03 	beq.w	200003ce <dcd_rp2040_irq+0x26>
200005c8:	f894 303c 	ldrb.w	r3, [r4, #60]	@ 0x3c
200005cc:	2b00      	cmp	r3, #0
200005ce:	f43f aefe 	beq.w	200003ce <dcd_rp2040_irq+0x26>
200005d2:	2300      	movs	r3, #0
200005d4:	f104 0020 	add.w	r0, r4, #32
200005d8:	f884 303c 	strb.w	r3, [r4, #60]	@ 0x3c
200005dc:	f000 fa96 	bl	20000b0c <hw_endpoint_start_next_buffer>
200005e0:	e6f5      	b.n	200003ce <dcd_rp2040_irq+0x26>
200005e2:	f894 737a 	ldrb.w	r7, [r4, #890]	@ 0x37a
200005e6:	2f00      	cmp	r7, #0
200005e8:	f43f af32 	beq.w	20000450 <dcd_rp2040_irq+0xa8>
200005ec:	f894 337c 	ldrb.w	r3, [r4, #892]	@ 0x37c
200005f0:	2b00      	cmp	r3, #0
200005f2:	f040 8136 	bne.w	20000862 <dcd_rp2040_irq+0x4ba>
200005f6:	f894 33bb 	ldrb.w	r3, [r4, #955]	@ 0x3bb
200005fa:	2b02      	cmp	r3, #2
200005fc:	d123      	bne.n	20000646 <dcd_rp2040_irq+0x29e>
200005fe:	f894 33ba 	ldrb.w	r3, [r4, #954]	@ 0x3ba
20000602:	b9db      	cbnz	r3, 2000063c <dcd_rp2040_irq+0x294>
20000604:	f894 33fb 	ldrb.w	r3, [r4, #1019]	@ 0x3fb
20000608:	2b02      	cmp	r3, #2
2000060a:	f47f af34 	bne.w	20000476 <dcd_rp2040_irq+0xce>
2000060e:	463e      	mov	r6, r7
20000610:	f894 33fa 	ldrb.w	r3, [r4, #1018]	@ 0x3fa
20000614:	2b00      	cmp	r3, #0
20000616:	f43f af25 	beq.w	20000464 <dcd_rp2040_irq+0xbc>
2000061a:	f894 33fc 	ldrb.w	r3, [r4, #1020]	@ 0x3fc
2000061e:	2b00      	cmp	r3, #0
20000620:	f43f af29 	beq.w	20000476 <dcd_rp2040_irq+0xce>
20000624:	2300      	movs	r3, #0
20000626:	481d      	ldr	r0, [pc, #116]	@ (2000069c <dcd_rp2040_irq+0x2f4>)
20000628:	f884 33fc 	strb.w	r3, [r4, #1020]	@ 0x3fc
2000062c:	f000 fa6e 	bl	20000b0c <hw_endpoint_start_next_buffer>
20000630:	e721      	b.n	20000476 <dcd_rp2040_irq+0xce>
20000632:	f894 33ba 	ldrb.w	r3, [r4, #954]	@ 0x3ba
20000636:	2b00      	cmp	r3, #0
20000638:	f43f af0f 	beq.w	2000045a <dcd_rp2040_irq+0xb2>
2000063c:	f894 33bc 	ldrb.w	r3, [r4, #956]	@ 0x3bc
20000640:	2b00      	cmp	r3, #0
20000642:	f040 80a7 	bne.w	20000794 <dcd_rp2040_irq+0x3ec>
20000646:	f894 33fb 	ldrb.w	r3, [r4, #1019]	@ 0x3fb
2000064a:	2b02      	cmp	r3, #2
2000064c:	f47f af13 	bne.w	20000476 <dcd_rp2040_irq+0xce>
20000650:	f894 33fa 	ldrb.w	r3, [r4, #1018]	@ 0x3fa
20000654:	2b00      	cmp	r3, #0
20000656:	d1e0      	bne.n	2000061a <dcd_rp2040_irq+0x272>
20000658:	e70d      	b.n	20000476 <dcd_rp2040_irq+0xce>
2000065a:	f894 733a 	ldrb.w	r7, [r4, #826]	@ 0x33a
2000065e:	2f00      	cmp	r7, #0
20000660:	f43f aef1 	beq.w	20000446 <dcd_rp2040_irq+0x9e>
20000664:	f894 333c 	ldrb.w	r3, [r4, #828]	@ 0x33c
20000668:	2b00      	cmp	r3, #0
2000066a:	f040 80f2 	bne.w	20000852 <dcd_rp2040_irq+0x4aa>
2000066e:	463e      	mov	r6, r7
20000670:	e6e9      	b.n	20000446 <dcd_rp2040_irq+0x9e>
20000672:	bf00      	nop
20000674:	50110000 	.word	0x50110000
20000678:	400b0000 	.word	0x400b0000
2000067c:	20001b3c 	.word	0x20001b3c
20000680:	20001b34 	.word	0x20001b34
20000684:	20001f96 	.word	0x20001f96
20000688:	50113000 	.word	0x50113000
2000068c:	00020010 	.word	0x00020010
20000690:	50112000 	.word	0x50112000
20000694:	50100000 	.word	0x50100000
20000698:	20001b5c 	.word	0x20001b5c
2000069c:	20001f1c 	.word	0x20001f1c
200006a0:	f894 72fa 	ldrb.w	r7, [r4, #762]	@ 0x2fa
200006a4:	2f00      	cmp	r7, #0
200006a6:	f43f aec9 	beq.w	2000043c <dcd_rp2040_irq+0x94>
200006aa:	f894 32fc 	ldrb.w	r3, [r4, #764]	@ 0x2fc
200006ae:	2b00      	cmp	r3, #0
200006b0:	f040 80c7 	bne.w	20000842 <dcd_rp2040_irq+0x49a>
200006b4:	463e      	mov	r6, r7
200006b6:	e6c1      	b.n	2000043c <dcd_rp2040_irq+0x94>
200006b8:	f894 72ba 	ldrb.w	r7, [r4, #698]	@ 0x2ba
200006bc:	2f00      	cmp	r7, #0
200006be:	f43f aeb8 	beq.w	20000432 <dcd_rp2040_irq+0x8a>
200006c2:	f894 32bc 	ldrb.w	r3, [r4, #700]	@ 0x2bc
200006c6:	2b00      	cmp	r3, #0
200006c8:	f040 80b3 	bne.w	20000832 <dcd_rp2040_irq+0x48a>
200006cc:	463e      	mov	r6, r7
200006ce:	e6b0      	b.n	20000432 <dcd_rp2040_irq+0x8a>
200006d0:	f894 727a 	ldrb.w	r7, [r4, #634]	@ 0x27a
200006d4:	2f00      	cmp	r7, #0
200006d6:	f43f aea7 	beq.w	20000428 <dcd_rp2040_irq+0x80>
200006da:	f894 327c 	ldrb.w	r3, [r4, #636]	@ 0x27c
200006de:	2b00      	cmp	r3, #0
200006e0:	f040 809f 	bne.w	20000822 <dcd_rp2040_irq+0x47a>
200006e4:	463e      	mov	r6, r7
200006e6:	e69f      	b.n	20000428 <dcd_rp2040_irq+0x80>
200006e8:	f894 723a 	ldrb.w	r7, [r4, #570]	@ 0x23a
200006ec:	2f00      	cmp	r7, #0
200006ee:	f43f ae96 	beq.w	2000041e <dcd_rp2040_irq+0x76>
200006f2:	f894 323c 	ldrb.w	r3, [r4, #572]	@ 0x23c
200006f6:	2b00      	cmp	r3, #0
200006f8:	f040 808b 	bne.w	20000812 <dcd_rp2040_irq+0x46a>
200006fc:	463e      	mov	r6, r7
200006fe:	e68e      	b.n	2000041e <dcd_rp2040_irq+0x76>
20000700:	f894 71fa 	ldrb.w	r7, [r4, #506]	@ 0x1fa
20000704:	2f00      	cmp	r7, #0
20000706:	f43f ae85 	beq.w	20000414 <dcd_rp2040_irq+0x6c>
2000070a:	f894 31fc 	ldrb.w	r3, [r4, #508]	@ 0x1fc
2000070e:	2b00      	cmp	r3, #0
20000710:	d177      	bne.n	20000802 <dcd_rp2040_irq+0x45a>
20000712:	463e      	mov	r6, r7
20000714:	e67e      	b.n	20000414 <dcd_rp2040_irq+0x6c>
20000716:	f894 71ba 	ldrb.w	r7, [r4, #442]	@ 0x1ba
2000071a:	2f00      	cmp	r7, #0
2000071c:	f43f ae75 	beq.w	2000040a <dcd_rp2040_irq+0x62>
20000720:	f894 31bc 	ldrb.w	r3, [r4, #444]	@ 0x1bc
20000724:	2b00      	cmp	r3, #0
20000726:	d164      	bne.n	200007f2 <dcd_rp2040_irq+0x44a>
20000728:	463e      	mov	r6, r7
2000072a:	e66e      	b.n	2000040a <dcd_rp2040_irq+0x62>
2000072c:	f894 717a 	ldrb.w	r7, [r4, #378]	@ 0x17a
20000730:	2f00      	cmp	r7, #0
20000732:	f43f ae65 	beq.w	20000400 <dcd_rp2040_irq+0x58>
20000736:	f894 317c 	ldrb.w	r3, [r4, #380]	@ 0x17c
2000073a:	2b00      	cmp	r3, #0
2000073c:	d151      	bne.n	200007e2 <dcd_rp2040_irq+0x43a>
2000073e:	463e      	mov	r6, r7
20000740:	e65e      	b.n	20000400 <dcd_rp2040_irq+0x58>
20000742:	f894 713a 	ldrb.w	r7, [r4, #314]	@ 0x13a
20000746:	2f00      	cmp	r7, #0
20000748:	f43f ae55 	beq.w	200003f6 <dcd_rp2040_irq+0x4e>
2000074c:	f894 313c 	ldrb.w	r3, [r4, #316]	@ 0x13c
20000750:	2b00      	cmp	r3, #0
20000752:	d13e      	bne.n	200007d2 <dcd_rp2040_irq+0x42a>
20000754:	463e      	mov	r6, r7
20000756:	e64e      	b.n	200003f6 <dcd_rp2040_irq+0x4e>
20000758:	f894 70fa 	ldrb.w	r7, [r4, #250]	@ 0xfa
2000075c:	2f00      	cmp	r7, #0
2000075e:	f43f ae45 	beq.w	200003ec <dcd_rp2040_irq+0x44>
20000762:	f894 30fc 	ldrb.w	r3, [r4, #252]	@ 0xfc
20000766:	bb63      	cbnz	r3, 200007c2 <dcd_rp2040_irq+0x41a>
20000768:	463e      	mov	r6, r7
2000076a:	e63f      	b.n	200003ec <dcd_rp2040_irq+0x44>
2000076c:	f894 70ba 	ldrb.w	r7, [r4, #186]	@ 0xba
20000770:	2f00      	cmp	r7, #0
20000772:	f43f ae36 	beq.w	200003e2 <dcd_rp2040_irq+0x3a>
20000776:	f894 30bc 	ldrb.w	r3, [r4, #188]	@ 0xbc
2000077a:	b9d3      	cbnz	r3, 200007b2 <dcd_rp2040_irq+0x40a>
2000077c:	463e      	mov	r6, r7
2000077e:	e630      	b.n	200003e2 <dcd_rp2040_irq+0x3a>
20000780:	f894 707a 	ldrb.w	r7, [r4, #122]	@ 0x7a
20000784:	2f00      	cmp	r7, #0
20000786:	f43f ae27 	beq.w	200003d8 <dcd_rp2040_irq+0x30>
2000078a:	f894 307c 	ldrb.w	r3, [r4, #124]	@ 0x7c
2000078e:	b943      	cbnz	r3, 200007a2 <dcd_rp2040_irq+0x3fa>
20000790:	463e      	mov	r6, r7
20000792:	e621      	b.n	200003d8 <dcd_rp2040_irq+0x30>
20000794:	2300      	movs	r3, #0
20000796:	4839      	ldr	r0, [pc, #228]	@ (2000087c <dcd_rp2040_irq+0x4d4>)
20000798:	f884 33bc 	strb.w	r3, [r4, #956]	@ 0x3bc
2000079c:	f000 f9b6 	bl	20000b0c <hw_endpoint_start_next_buffer>
200007a0:	e751      	b.n	20000646 <dcd_rp2040_irq+0x29e>
200007a2:	2300      	movs	r3, #0
200007a4:	4836      	ldr	r0, [pc, #216]	@ (20000880 <dcd_rp2040_irq+0x4d8>)
200007a6:	f884 307c 	strb.w	r3, [r4, #124]	@ 0x7c
200007aa:	463e      	mov	r6, r7
200007ac:	f000 f9ae 	bl	20000b0c <hw_endpoint_start_next_buffer>
200007b0:	e612      	b.n	200003d8 <dcd_rp2040_irq+0x30>
200007b2:	2300      	movs	r3, #0
200007b4:	4833      	ldr	r0, [pc, #204]	@ (20000884 <dcd_rp2040_irq+0x4dc>)
200007b6:	f884 30bc 	strb.w	r3, [r4, #188]	@ 0xbc
200007ba:	463e      	mov	r6, r7
200007bc:	f000 f9a6 	bl	20000b0c <hw_endpoint_start_next_buffer>
200007c0:	e60f      	b.n	200003e2 <dcd_rp2040_irq+0x3a>
200007c2:	2300      	movs	r3, #0
200007c4:	4830      	ldr	r0, [pc, #192]	@ (20000888 <dcd_rp2040_irq+0x4e0>)
200007c6:	f884 30fc 	strb.w	r3, [r4, #252]	@ 0xfc
200007ca:	463e      	mov	r6, r7
200007cc:	f000 f99e 	bl	20000b0c <hw_endpoint_start_next_buffer>
200007d0:	e60c      	b.n	200003ec <dcd_rp2040_irq+0x44>
200007d2:	2300      	movs	r3, #0
200007d4:	482d      	ldr	r0, [pc, #180]	@ (2000088c <dcd_rp2040_irq+0x4e4>)
200007d6:	f884 313c 	strb.w	r3, [r4, #316]	@ 0x13c
200007da:	463e      	mov	r6, r7
200007dc:	f000 f996 	bl	20000b0c <hw_endpoint_start_next_buffer>
200007e0:	e609      	b.n	200003f6 <dcd_rp2040_irq+0x4e>
200007e2:	2300      	movs	r3, #0
200007e4:	482a      	ldr	r0, [pc, #168]	@ (20000890 <dcd_rp2040_irq+0x4e8>)
200007e6:	f884 317c 	strb.w	r3, [r4, #380]	@ 0x17c
200007ea:	463e      	mov	r6, r7
200007ec:	f000 f98e 	bl	20000b0c <hw_endpoint_start_next_buffer>
200007f0:	e606      	b.n	20000400 <dcd_rp2040_irq+0x58>
200007f2:	2300      	movs	r3, #0
200007f4:	4827      	ldr	r0, [pc, #156]	@ (20000894 <dcd_rp2040_irq+0x4ec>)
200007f6:	f884 31bc 	strb.w	r3, [r4, #444]	@ 0x1bc
200007fa:	463e      	mov	r6, r7
200007fc:	f000 f986 	bl	20000b0c <hw_endpoint_start_next_buffer>
20000800:	e603      	b.n	2000040a <dcd_rp2040_irq+0x62>
20000802:	2300      	movs	r3, #0
20000804:	4824      	ldr	r0, [pc, #144]	@ (20000898 <dcd_rp2040_irq+0x4f0>)
20000806:	f884 31fc 	strb.w	r3, [r4, #508]	@ 0x1fc
2000080a:	463e      	mov	r6, r7
2000080c:	f000 f97e 	bl	20000b0c <hw_endpoint_start_next_buffer>
20000810:	e600      	b.n	20000414 <dcd_rp2040_irq+0x6c>
20000812:	2300      	movs	r3, #0
20000814:	4821      	ldr	r0, [pc, #132]	@ (2000089c <dcd_rp2040_irq+0x4f4>)
20000816:	f884 323c 	strb.w	r3, [r4, #572]	@ 0x23c
2000081a:	463e      	mov	r6, r7
2000081c:	f000 f976 	bl	20000b0c <hw_endpoint_start_next_buffer>
20000820:	e5fd      	b.n	2000041e <dcd_rp2040_irq+0x76>
20000822:	2300      	movs	r3, #0
20000824:	481e      	ldr	r0, [pc, #120]	@ (200008a0 <dcd_rp2040_irq+0x4f8>)
20000826:	f884 327c 	strb.w	r3, [r4, #636]	@ 0x27c
2000082a:	463e      	mov	r6, r7
2000082c:	f000 f96e 	bl	20000b0c <hw_endpoint_start_next_buffer>
20000830:	e5fa      	b.n	20000428 <dcd_rp2040_irq+0x80>
20000832:	2300      	movs	r3, #0
20000834:	481b      	ldr	r0, [pc, #108]	@ (200008a4 <dcd_rp2040_irq+0x4fc>)
20000836:	f884 32bc 	strb.w	r3, [r4, #700]	@ 0x2bc
2000083a:	463e      	mov	r6, r7
2000083c:	f000 f966 	bl	20000b0c <hw_endpoint_start_next_buffer>
20000840:	e5f7      	b.n	20000432 <dcd_rp2040_irq+0x8a>
20000842:	2300      	movs	r3, #0
20000844:	4818      	ldr	r0, [pc, #96]	@ (200008a8 <dcd_rp2040_irq+0x500>)
20000846:	f884 32fc 	strb.w	r3, [r4, #764]	@ 0x2fc
2000084a:	463e      	mov	r6, r7
2000084c:	f000 f95e 	bl	20000b0c <hw_endpoint_start_next_buffer>
20000850:	e5f4      	b.n	2000043c <dcd_rp2040_irq+0x94>
20000852:	2300      	movs	r3, #0
20000854:	4815      	ldr	r0, [pc, #84]	@ (200008ac <dcd_rp2040_irq+0x504>)
20000856:	f884 333c 	strb.w	r3, [r4, #828]	@ 0x33c
2000085a:	463e      	mov	r6, r7
2000085c:	f000 f956 	bl	20000b0c <hw_endpoint_start_next_buffer>
20000860:	e5f1      	b.n	20000446 <dcd_rp2040_irq+0x9e>
20000862:	2300      	movs	r3, #0
20000864:	4812      	ldr	r0, [pc, #72]	@ (200008b0 <dcd_rp2040_irq+0x508>)
20000866:	f884 337c 	strb.w	r3, [r4, #892]	@ 0x37c
2000086a:	f000 f94f 	bl	20000b0c <hw_endpoint_start_next_buffer>
2000086e:	e6c2      	b.n	200005f6 <dcd_rp2040_irq+0x24e>
20000870:	4810      	ldr	r0, [pc, #64]	@ (200008b4 <dcd_rp2040_irq+0x50c>)
20000872:	ea86 0105 	eor.w	r1, r6, r5
20000876:	f000 fc57 	bl	20001128 <__panic_veneer>
2000087a:	bf00      	nop
2000087c:	20001edc 	.word	0x20001edc
20000880:	20001b9c 	.word	0x20001b9c
20000884:	20001bdc 	.word	0x20001bdc
20000888:	20001c1c 	.word	0x20001c1c
2000088c:	20001c5c 	.word	0x20001c5c
20000890:	20001c9c 	.word	0x20001c9c
20000894:	20001cdc 	.word	0x20001cdc
20000898:	20001d1c 	.word	0x20001d1c
2000089c:	20001d5c 	.word	0x20001d5c
200008a0:	20001d9c 	.word	0x20001d9c
200008a4:	20001ddc 	.word	0x20001ddc
200008a8:	20001e1c 	.word	0x20001e1c
200008ac:	20001e5c 	.word	0x20001e5c
200008b0:	20001e9c 	.word	0x20001e9c
200008b4:	10005e60 	.word	0x10005e60

200008b8 <prepare_ep_buffer>:
200008b8:	e92d 43f0 	stmdb	sp!, {r4, r5, r6, r7, r8, r9, lr}
200008bc:	8a82      	ldrh	r2, [r0, #20]
200008be:	8b04      	ldrh	r4, [r0, #24]
200008c0:	4603      	mov	r3, r0
200008c2:	4294      	cmp	r4, r2
200008c4:	78c0      	ldrb	r0, [r0, #3]
200008c6:	bf28      	it	cs
200008c8:	4614      	movcs	r4, r2
200008ca:	1e05      	subs	r5, r0, #0
200008cc:	bf18      	it	ne
200008ce:	2501      	movne	r5, #1
200008d0:	f080 0001 	eor.w	r0, r0, #1
200008d4:	1b12      	subs	r2, r2, r4
200008d6:	785e      	ldrb	r6, [r3, #1]
200008d8:	70d8      	strb	r0, [r3, #3]
200008da:	b292      	uxth	r2, r2
200008dc:	f444 6080 	orr.w	r0, r4, #1024	@ 0x400
200008e0:	829a      	strh	r2, [r3, #20]
200008e2:	ea40 3045 	orr.w	r0, r0, r5, lsl #13
200008e6:	bb06      	cbnz	r6, 2000092a <prepare_ep_buffer+0x72>
200008e8:	68dd      	ldr	r5, [r3, #12]
200008ea:	f104 38ff 	add.w	r8, r4, #4294967295	@ 0xffffffff
200008ee:	eb05 1c81 	add.w	ip, r5, r1, lsl #6
200008f2:	691d      	ldr	r5, [r3, #16]
200008f4:	b1ac      	cbz	r4, 20000922 <prepare_ep_buffer+0x6a>
200008f6:	f1b8 0f05 	cmp.w	r8, #5
200008fa:	f105 0201 	add.w	r2, r5, #1
200008fe:	d903      	bls.n	20000908 <prepare_ep_buffer+0x50>
20000900:	ebac 0702 	sub.w	r7, ip, r2
20000904:	2f02      	cmp	r7, #2
20000906:	d817      	bhi.n	20000938 <prepare_ep_buffer+0x80>
20000908:	f10c 3cff 	add.w	ip, ip, #4294967295	@ 0xffffffff
2000090c:	4425      	add	r5, r4
2000090e:	e000      	b.n	20000912 <prepare_ep_buffer+0x5a>
20000910:	3201      	adds	r2, #1
20000912:	f812 6c01 	ldrb.w	r6, [r2, #-1]
20000916:	42aa      	cmp	r2, r5
20000918:	f80c 6f01 	strb.w	r6, [ip, #1]!
2000091c:	d1f8      	bne.n	20000910 <prepare_ep_buffer+0x58>
2000091e:	691d      	ldr	r5, [r3, #16]
20000920:	8a9a      	ldrh	r2, [r3, #20]
20000922:	4425      	add	r5, r4
20000924:	611d      	str	r5, [r3, #16]
20000926:	f440 4000 	orr.w	r0, r0, #32768	@ 0x8000
2000092a:	b90a      	cbnz	r2, 20000930 <prepare_ep_buffer+0x78>
2000092c:	f440 4080 	orr.w	r0, r0, #16384	@ 0x4000
20000930:	b101      	cbz	r1, 20000934 <prepare_ep_buffer+0x7c>
20000932:	0400      	lsls	r0, r0, #16
20000934:	e8bd 83f0 	ldmia.w	sp!, {r4, r5, r6, r7, r8, r9, pc}
20000938:	462f      	mov	r7, r5
2000093a:	46e6      	mov	lr, ip
2000093c:	4632      	mov	r2, r6
2000093e:	1f26      	subs	r6, r4, #4
20000940:	08b6      	lsrs	r6, r6, #2
20000942:	3601      	adds	r6, #1
20000944:	f857 9b04 	ldr.w	r9, [r7], #4
20000948:	3201      	adds	r2, #1
2000094a:	4296      	cmp	r6, r2
2000094c:	f84e 9b04 	str.w	r9, [lr], #4
20000950:	d8f8      	bhi.n	20000944 <prepare_ep_buffer+0x8c>
20000952:	ebb4 0f86 	cmp.w	r4, r6, lsl #2
20000956:	eba8 0286 	sub.w	r2, r8, r6, lsl #2
2000095a:	eb05 0e86 	add.w	lr, r5, r6, lsl #2
2000095e:	eb0c 0786 	add.w	r7, ip, r6, lsl #2
20000962:	d0dc      	beq.n	2000091e <prepare_ep_buffer+0x66>
20000964:	f815 5026 	ldrb.w	r5, [r5, r6, lsl #2]
20000968:	f80c 5026 	strb.w	r5, [ip, r6, lsl #2]
2000096c:	2a00      	cmp	r2, #0
2000096e:	d0d6      	beq.n	2000091e <prepare_ep_buffer+0x66>
20000970:	f89e 5001 	ldrb.w	r5, [lr, #1]
20000974:	2a01      	cmp	r2, #1
20000976:	707d      	strb	r5, [r7, #1]
20000978:	d0d1      	beq.n	2000091e <prepare_ep_buffer+0x66>
2000097a:	f89e 2002 	ldrb.w	r2, [lr, #2]
2000097e:	70ba      	strb	r2, [r7, #2]
20000980:	691d      	ldr	r5, [r3, #16]
20000982:	8a9a      	ldrh	r2, [r3, #20]
20000984:	e7cd      	b.n	20000922 <prepare_ep_buffer+0x6a>
20000986:	bf00      	nop

20000988 <sync_ep_buffer>:
20000988:	6883      	ldr	r3, [r0, #8]
2000098a:	4602      	mov	r2, r0
2000098c:	6818      	ldr	r0, [r3, #0]
2000098e:	b101      	cbz	r1, 20000992 <sync_ep_buffer+0xa>
20000990:	0c00      	lsrs	r0, r0, #16
20000992:	7853      	ldrb	r3, [r2, #1]
20000994:	f3c0 0009 	ubfx	r0, r0, #0, #10
20000998:	b313      	cbz	r3, 200009e0 <sync_ep_buffer+0x58>
2000099a:	b5f0      	push	{r4, r5, r6, r7, lr}
2000099c:	e9d2 5403 	ldrd	r5, r4, [r2, #12]
200009a0:	018f      	lsls	r7, r1, #6
200009a2:	eb05 1381 	add.w	r3, r5, r1, lsl #6
200009a6:	1e46      	subs	r6, r0, #1
200009a8:	b178      	cbz	r0, 200009ca <sync_ep_buffer+0x42>
200009aa:	2e05      	cmp	r6, #5
200009ac:	d904      	bls.n	200009b8 <sync_ep_buffer+0x30>
200009ae:	3701      	adds	r7, #1
200009b0:	443d      	add	r5, r7
200009b2:	1b65      	subs	r5, r4, r5
200009b4:	2d02      	cmp	r5, #2
200009b6:	d81c      	bhi.n	200009f2 <sync_ep_buffer+0x6a>
200009b8:	1e61      	subs	r1, r4, #1
200009ba:	181d      	adds	r5, r3, r0
200009bc:	f813 4b01 	ldrb.w	r4, [r3], #1
200009c0:	429d      	cmp	r5, r3
200009c2:	f801 4f01 	strb.w	r4, [r1, #1]!
200009c6:	d1f9      	bne.n	200009bc <sync_ep_buffer+0x34>
200009c8:	6914      	ldr	r4, [r2, #16]
200009ca:	8ad3      	ldrh	r3, [r2, #22]
200009cc:	4404      	add	r4, r0
200009ce:	4403      	add	r3, r0
200009d0:	82d3      	strh	r3, [r2, #22]
200009d2:	8b13      	ldrh	r3, [r2, #24]
200009d4:	6114      	str	r4, [r2, #16]
200009d6:	4283      	cmp	r3, r0
200009d8:	bf84      	itt	hi
200009da:	2300      	movhi	r3, #0
200009dc:	8293      	strhhi	r3, [r2, #20]
200009de:	bdf0      	pop	{r4, r5, r6, r7, pc}
200009e0:	8ad3      	ldrh	r3, [r2, #22]
200009e2:	4403      	add	r3, r0
200009e4:	82d3      	strh	r3, [r2, #22]
200009e6:	8b13      	ldrh	r3, [r2, #24]
200009e8:	4283      	cmp	r3, r0
200009ea:	bf84      	itt	hi
200009ec:	2300      	movhi	r3, #0
200009ee:	8293      	strhhi	r3, [r2, #20]
200009f0:	4770      	bx	lr
200009f2:	469e      	mov	lr, r3
200009f4:	4625      	mov	r5, r4
200009f6:	2100      	movs	r1, #0
200009f8:	f1a0 0c04 	sub.w	ip, r0, #4
200009fc:	ea4f 0c9c 	mov.w	ip, ip, lsr #2
20000a00:	f10c 0c01 	add.w	ip, ip, #1
20000a04:	f85e 7b04 	ldr.w	r7, [lr], #4
20000a08:	3101      	adds	r1, #1
20000a0a:	4561      	cmp	r1, ip
20000a0c:	f845 7b04 	str.w	r7, [r5], #4
20000a10:	d3f8      	bcc.n	20000a04 <sync_ep_buffer+0x7c>
20000a12:	ebb0 0f8c 	cmp.w	r0, ip, lsl #2
20000a16:	eba6 068c 	sub.w	r6, r6, ip, lsl #2
20000a1a:	eb03 058c 	add.w	r5, r3, ip, lsl #2
20000a1e:	eb04 018c 	add.w	r1, r4, ip, lsl #2
20000a22:	d0d1      	beq.n	200009c8 <sync_ep_buffer+0x40>
20000a24:	f813 302c 	ldrb.w	r3, [r3, ip, lsl #2]
20000a28:	f804 302c 	strb.w	r3, [r4, ip, lsl #2]
20000a2c:	2e00      	cmp	r6, #0
20000a2e:	d0cb      	beq.n	200009c8 <sync_ep_buffer+0x40>
20000a30:	786b      	ldrb	r3, [r5, #1]
20000a32:	2e01      	cmp	r6, #1
20000a34:	704b      	strb	r3, [r1, #1]
20000a36:	d0c7      	beq.n	200009c8 <sync_ep_buffer+0x40>
20000a38:	78ab      	ldrb	r3, [r5, #2]
20000a3a:	708b      	strb	r3, [r1, #2]
20000a3c:	6914      	ldr	r4, [r2, #16]
20000a3e:	e7c4      	b.n	200009ca <sync_ep_buffer+0x42>

20000a40 <_hw_endpoint_xfer_sync>:
20000a40:	b510      	push	{r4, lr}
20000a42:	4604      	mov	r4, r0
20000a44:	6883      	ldr	r3, [r0, #8]
20000a46:	2100      	movs	r1, #0
20000a48:	681b      	ldr	r3, [r3, #0]
20000a4a:	f7ff ff9d 	bl	20000988 <sync_ep_buffer>
20000a4e:	6863      	ldr	r3, [r4, #4]
20000a50:	681b      	ldr	r3, [r3, #0]
20000a52:	005b      	lsls	r3, r3, #1
20000a54:	d502      	bpl.n	20000a5c <_hw_endpoint_xfer_sync+0x1c>
20000a56:	8b23      	ldrh	r3, [r4, #24]
20000a58:	4283      	cmp	r3, r0
20000a5a:	d000      	beq.n	20000a5e <_hw_endpoint_xfer_sync+0x1e>
20000a5c:	bd10      	pop	{r4, pc}
20000a5e:	4620      	mov	r0, r4
20000a60:	e8bd 4010 	ldmia.w	sp!, {r4, lr}
20000a64:	2101      	movs	r1, #1
20000a66:	f7ff bf8f 	b.w	20000988 <sync_ep_buffer>
20000a6a:	bf00      	nop

20000a6c <e15_is_bulkin_ep>:
20000a6c:	4b08      	ldr	r3, [pc, #32]	@ (20000a90 <e15_is_bulkin_ep+0x24>)
20000a6e:	6c1b      	ldr	r3, [r3, #64]	@ 0x40
20000a70:	f013 0302 	ands.w	r3, r3, #2
20000a74:	d102      	bne.n	20000a7c <e15_is_bulkin_ep+0x10>
20000a76:	7882      	ldrb	r2, [r0, #2]
20000a78:	09d2      	lsrs	r2, r2, #7
20000a7a:	d101      	bne.n	20000a80 <e15_is_bulkin_ep+0x14>
20000a7c:	2000      	movs	r0, #0
20000a7e:	4770      	bx	lr
20000a80:	7ec0      	ldrb	r0, [r0, #27]
20000a82:	f1a0 0002 	sub.w	r0, r0, #2
20000a86:	fab0 f080 	clz	r0, r0
20000a8a:	0940      	lsrs	r0, r0, #5
20000a8c:	4770      	bx	lr
20000a8e:	bf00      	nop
20000a90:	50110000 	.word	0x50110000

20000a94 <e15_is_critical_frame_period>:
20000a94:	b508      	push	{r3, lr}
20000a96:	f7ff ffe9 	bl	20000a6c <e15_is_bulkin_ep>
20000a9a:	b150      	cbz	r0, 20000ab2 <e15_is_critical_frame_period+0x1e>
20000a9c:	4a05      	ldr	r2, [pc, #20]	@ (20000ab4 <e15_is_critical_frame_period+0x20>)
20000a9e:	4b06      	ldr	r3, [pc, #24]	@ (20000ab8 <e15_is_critical_frame_period+0x24>)
20000aa0:	6a90      	ldr	r0, [r2, #40]	@ 0x28
20000aa2:	681b      	ldr	r3, [r3, #0]
20000aa4:	f5a0 7048 	sub.w	r0, r0, #800	@ 0x320
20000aa8:	1ac0      	subs	r0, r0, r3
20000aaa:	28c6      	cmp	r0, #198	@ 0xc6
20000aac:	bf8c      	ite	hi
20000aae:	2000      	movhi	r0, #0
20000ab0:	2001      	movls	r0, #1
20000ab2:	bd08      	pop	{r3, pc}
20000ab4:	400b0000 	.word	0x400b0000
20000ab8:	20001b34 	.word	0x20001b34

20000abc <hw_endpoint_reset_transfer>:
20000abc:	2300      	movs	r3, #0
20000abe:	e9c0 3304 	strd	r3, r3, [r0, #16]
20000ac2:	7683      	strb	r3, [r0, #26]
20000ac4:	4770      	bx	lr
20000ac6:	bf00      	nop

20000ac8 <_hw_endpoint_buffer_control_update32>:
20000ac8:	b510      	push	{r4, lr}
20000aca:	6883      	ldr	r3, [r0, #8]
20000acc:	b109      	cbz	r1, 20000ad2 <_hw_endpoint_buffer_control_update32+0xa>
20000ace:	681c      	ldr	r4, [r3, #0]
20000ad0:	4021      	ands	r1, r4
20000ad2:	b182      	cbz	r2, 20000af6 <_hw_endpoint_buffer_control_update32+0x2e>
20000ad4:	4311      	orrs	r1, r2
20000ad6:	0552      	lsls	r2, r2, #21
20000ad8:	d50d      	bpl.n	20000af6 <_hw_endpoint_buffer_control_update32+0x2e>
20000ada:	681a      	ldr	r2, [r3, #0]
20000adc:	0554      	lsls	r4, r2, #21
20000ade:	d40c      	bmi.n	20000afa <_hw_endpoint_buffer_control_update32+0x32>
20000ae0:	4a08      	ldr	r2, [pc, #32]	@ (20000b04 <_hw_endpoint_buffer_control_update32+0x3c>)
20000ae2:	f421 6480 	bic.w	r4, r1, #1024	@ 0x400
20000ae6:	601c      	str	r4, [r3, #0]
20000ae8:	6c12      	ldr	r2, [r2, #64]	@ 0x40
20000aea:	0792      	lsls	r2, r2, #30
20000aec:	d403      	bmi.n	20000af6 <_hw_endpoint_buffer_control_update32+0x2e>
20000aee:	230c      	movs	r3, #12
20000af0:	3b03      	subs	r3, #3
20000af2:	d2fd      	bcs.n	20000af0 <_hw_endpoint_buffer_control_update32+0x28>
20000af4:	6883      	ldr	r3, [r0, #8]
20000af6:	6019      	str	r1, [r3, #0]
20000af8:	bd10      	pop	{r4, pc}
20000afa:	7881      	ldrb	r1, [r0, #2]
20000afc:	4802      	ldr	r0, [pc, #8]	@ (20000b08 <_hw_endpoint_buffer_control_update32+0x40>)
20000afe:	f000 fb13 	bl	20001128 <__panic_veneer>
20000b02:	bf00      	nop
20000b04:	50110000 	.word	0x50110000
20000b08:	10005e74 	.word	0x10005e74

20000b0c <hw_endpoint_start_next_buffer>:
20000b0c:	b530      	push	{r4, r5, lr}
20000b0e:	6843      	ldr	r3, [r0, #4]
20000b10:	2100      	movs	r1, #0
20000b12:	b083      	sub	sp, #12
20000b14:	4604      	mov	r4, r0
20000b16:	681d      	ldr	r5, [r3, #0]
20000b18:	f7ff fece 	bl	200008b8 <prepare_ep_buffer>
20000b1c:	4b13      	ldr	r3, [pc, #76]	@ (20000b6c <hw_endpoint_start_next_buffer+0x60>)
20000b1e:	f440 5280 	orr.w	r2, r0, #4096	@ 0x1000
20000b22:	6c1b      	ldr	r3, [r3, #64]	@ 0x40
20000b24:	f013 0f02 	tst.w	r3, #2
20000b28:	78a3      	ldrb	r3, [r4, #2]
20000b2a:	d00e      	beq.n	20000b4a <hw_endpoint_start_next_buffer+0x3e>
20000b2c:	065b      	lsls	r3, r3, #25
20000b2e:	d00e      	beq.n	20000b4e <hw_endpoint_start_next_buffer+0x42>
20000b30:	f025 45a0 	bic.w	r5, r5, #1342177280	@ 0x50000000
20000b34:	f045 5500 	orr.w	r5, r5, #536870912	@ 0x20000000
20000b38:	2100      	movs	r1, #0
20000b3a:	4620      	mov	r0, r4
20000b3c:	6863      	ldr	r3, [r4, #4]
20000b3e:	601d      	str	r5, [r3, #0]
20000b40:	b003      	add	sp, #12
20000b42:	e8bd 4030 	ldmia.w	sp!, {r4, r5, lr}
20000b46:	f7ff bfbf 	b.w	20000ac8 <_hw_endpoint_buffer_control_update32>
20000b4a:	09db      	lsrs	r3, r3, #7
20000b4c:	d0f0      	beq.n	20000b30 <hw_endpoint_start_next_buffer+0x24>
20000b4e:	8aa3      	ldrh	r3, [r4, #20]
20000b50:	2b00      	cmp	r3, #0
20000b52:	d0ed      	beq.n	20000b30 <hw_endpoint_start_next_buffer+0x24>
20000b54:	2101      	movs	r1, #1
20000b56:	4620      	mov	r0, r4
20000b58:	9201      	str	r2, [sp, #4]
20000b5a:	f7ff fead 	bl	200008b8 <prepare_ep_buffer>
20000b5e:	9a01      	ldr	r2, [sp, #4]
20000b60:	f025 5500 	bic.w	r5, r5, #536870912	@ 0x20000000
20000b64:	4302      	orrs	r2, r0
20000b66:	f045 45a0 	orr.w	r5, r5, #1342177280	@ 0x50000000
20000b6a:	e7e5      	b.n	20000b38 <hw_endpoint_start_next_buffer+0x2c>
20000b6c:	50110000 	.word	0x50110000

20000b70 <hw_endpoint_xfer_continue>:
20000b70:	b538      	push	{r3, r4, r5, lr}
20000b72:	7e85      	ldrb	r5, [r0, #26]
20000b74:	4604      	mov	r4, r0
20000b76:	b195      	cbz	r5, 20000b9e <hw_endpoint_xfer_continue+0x2e>
20000b78:	f7ff ff62 	bl	20000a40 <_hw_endpoint_xfer_sync>
20000b7c:	8aa3      	ldrh	r3, [r4, #20]
20000b7e:	b90b      	cbnz	r3, 20000b84 <hw_endpoint_xfer_continue+0x14>
20000b80:	4628      	mov	r0, r5
20000b82:	bd38      	pop	{r3, r4, r5, pc}
20000b84:	4620      	mov	r0, r4
20000b86:	f7ff ff85 	bl	20000a94 <e15_is_critical_frame_period>
20000b8a:	b120      	cbz	r0, 20000b96 <hw_endpoint_xfer_continue+0x26>
20000b8c:	2301      	movs	r3, #1
20000b8e:	7723      	strb	r3, [r4, #28]
20000b90:	2500      	movs	r5, #0
20000b92:	4628      	mov	r0, r5
20000b94:	bd38      	pop	{r3, r4, r5, pc}
20000b96:	4620      	mov	r0, r4
20000b98:	f7ff ffb8 	bl	20000b0c <hw_endpoint_start_next_buffer>
20000b9c:	e7f8      	b.n	20000b90 <hw_endpoint_xfer_continue+0x20>
20000b9e:	7881      	ldrb	r1, [r0, #2]
20000ba0:	4801      	ldr	r0, [pc, #4]	@ (20000ba8 <hw_endpoint_xfer_continue+0x38>)
20000ba2:	f000 fac1 	bl	20001128 <__panic_veneer>
20000ba6:	bf00      	nop
20000ba8:	10005e94 	.word	0x10005e94

20000bac <dcd_event_handler>:
20000bac:	e92d 43f0 	stmdb	sp!, {r4, r5, r6, r7, r8, r9, lr}
20000bb0:	7843      	ldrb	r3, [r0, #1]
20000bb2:	4681      	mov	r9, r0
20000bb4:	3b02      	subs	r3, #2
20000bb6:	460d      	mov	r5, r1
20000bb8:	b085      	sub	sp, #20
20000bba:	2b04      	cmp	r3, #4
20000bbc:	d813      	bhi.n	20000be6 <dcd_event_handler+0x3a>
20000bbe:	e8df f003 	tbb	[pc, r3]
20000bc2:	4a03      	.short	0x4a03
20000bc4:	736a      	.short	0x736a
20000bc6:	44          	.byte	0x44
20000bc7:	00          	.byte	0x00
20000bc8:	2100      	movs	r1, #0
20000bca:	4b7b      	ldr	r3, [pc, #492]	@ (20000db8 <dcd_event_handler+0x20c>)
20000bcc:	781a      	ldrb	r2, [r3, #0]
20000bce:	f022 0201 	bic.w	r2, r2, #1
20000bd2:	701a      	strb	r2, [r3, #0]
20000bd4:	781a      	ldrb	r2, [r3, #0]
20000bd6:	f022 0202 	bic.w	r2, r2, #2
20000bda:	701a      	strb	r2, [r3, #0]
20000bdc:	7059      	strb	r1, [r3, #1]
20000bde:	781a      	ldrb	r2, [r3, #0]
20000be0:	f361 0282 	bfi	r2, r1, #2, #1
20000be4:	701a      	strb	r2, [r3, #0]
20000be6:	4b75      	ldr	r3, [pc, #468]	@ (20000dbc <dcd_event_handler+0x210>)
20000be8:	681c      	ldr	r4, [r3, #0]
20000bea:	6963      	ldr	r3, [r4, #20]
20000bec:	f3ef 8210 	mrs	r2, PRIMASK
20000bf0:	b672      	cpsid	i
20000bf2:	e8d3 0fcf 	ldaexb	r0, [r3]
20000bf6:	2101      	movs	r1, #1
20000bf8:	2800      	cmp	r0, #0
20000bfa:	d1fa      	bne.n	20000bf2 <dcd_event_handler+0x46>
20000bfc:	e8c3 1f40 	strexb	r0, r1, [r3]
20000c00:	2800      	cmp	r0, #0
20000c02:	d1f6      	bne.n	20000bf2 <dcd_event_handler+0x46>
20000c04:	f3bf 8f5f 	dmb	sy
20000c08:	61a2      	str	r2, [r4, #24]
20000c0a:	4649      	mov	r1, r9
20000c0c:	4620      	mov	r0, r4
20000c0e:	f000 fa7b 	bl	20001108 <__tu_fifo_write_veneer>
20000c12:	2300      	movs	r3, #0
20000c14:	6962      	ldr	r2, [r4, #20]
20000c16:	e8c2 3f8f 	stlb	r3, [r2]
20000c1a:	69a3      	ldr	r3, [r4, #24]
20000c1c:	f383 8810 	msr	PRIMASK, r3
20000c20:	b948      	cbnz	r0, 20000c36 <dcd_event_handler+0x8a>
20000c22:	f04f 23e0 	mov.w	r3, #3758153728	@ 0xe000e000
20000c26:	f8d3 3df0 	ldr.w	r3, [r3, #3568]	@ 0xdf0
20000c2a:	07db      	lsls	r3, r3, #31
20000c2c:	d50a      	bpl.n	20000c44 <dcd_event_handler+0x98>
20000c2e:	be00      	bkpt	0x0000
20000c30:	b005      	add	sp, #20
20000c32:	e8bd 83f0 	ldmia.w	sp!, {r4, r5, r6, r7, r8, r9, pc}
20000c36:	462a      	mov	r2, r5
20000c38:	f899 1001 	ldrb.w	r1, [r9, #1]
20000c3c:	f899 0000 	ldrb.w	r0, [r9]
20000c40:	f000 fa6e 	bl	20001120 <__tud_event_hook_cb_veneer>
20000c44:	b005      	add	sp, #20
20000c46:	e8bd 83f0 	ldmia.w	sp!, {r4, r5, r6, r7, r8, r9, pc}
20000c4a:	4a5d      	ldr	r2, [pc, #372]	@ (20000dc0 <dcd_event_handler+0x214>)
20000c4c:	7813      	ldrb	r3, [r2, #0]
20000c4e:	3301      	adds	r3, #1
20000c50:	b2db      	uxtb	r3, r3
20000c52:	7013      	strb	r3, [r2, #0]
20000c54:	e7c7      	b.n	20000be6 <dcd_event_handler+0x3a>
20000c56:	2400      	movs	r4, #0
20000c58:	4e5a      	ldr	r6, [pc, #360]	@ (20000dc4 <dcd_event_handler+0x218>)
20000c5a:	4623      	mov	r3, r4
20000c5c:	7831      	ldrb	r1, [r6, #0]
20000c5e:	f8df 816c 	ldr.w	r8, [pc, #364]	@ 20000dcc <dcd_event_handler+0x220>
20000c62:	4f59      	ldr	r7, [pc, #356]	@ (20000dc8 <dcd_event_handler+0x21c>)
20000c64:	e011      	b.n	20000c8a <dcd_event_handler+0xde>
20000c66:	683b      	ldr	r3, [r7, #0]
20000c68:	eb13 1344 	adds.w	r3, r3, r4, lsl #5
20000c6c:	d007      	beq.n	20000c7e <dcd_event_handler+0xd2>
20000c6e:	69db      	ldr	r3, [r3, #28]
20000c70:	b12b      	cbz	r3, 20000c7e <dcd_event_handler+0xd2>
20000c72:	f8d9 1004 	ldr.w	r1, [r9, #4]
20000c76:	f899 0000 	ldrb.w	r0, [r9]
20000c7a:	4798      	blx	r3
20000c7c:	7831      	ldrb	r1, [r6, #0]
20000c7e:	3401      	adds	r4, #1
20000c80:	b2e4      	uxtb	r4, r4
20000c82:	1c4a      	adds	r2, r1, #1
20000c84:	42a2      	cmp	r2, r4
20000c86:	4623      	mov	r3, r4
20000c88:	db17      	blt.n	20000cba <dcd_event_handler+0x10e>
20000c8a:	42a1      	cmp	r1, r4
20000c8c:	d8eb      	bhi.n	20000c66 <dcd_event_handler+0xba>
20000c8e:	1a5b      	subs	r3, r3, r1
20000c90:	eb08 1343 	add.w	r3, r8, r3, lsl #5
20000c94:	e7eb      	b.n	20000c6e <dcd_event_handler+0xc2>
20000c96:	4b48      	ldr	r3, [pc, #288]	@ (20000db8 <dcd_event_handler+0x20c>)
20000c98:	781a      	ldrb	r2, [r3, #0]
20000c9a:	07d6      	lsls	r6, r2, #31
20000c9c:	d5d2      	bpl.n	20000c44 <dcd_event_handler+0x98>
20000c9e:	781a      	ldrb	r2, [r3, #0]
20000ca0:	f042 0204 	orr.w	r2, r2, #4
20000ca4:	701a      	strb	r2, [r3, #0]
20000ca6:	e79e      	b.n	20000be6 <dcd_event_handler+0x3a>
20000ca8:	4b43      	ldr	r3, [pc, #268]	@ (20000db8 <dcd_event_handler+0x20c>)
20000caa:	781a      	ldrb	r2, [r3, #0]
20000cac:	07d4      	lsls	r4, r2, #31
20000cae:	d5c9      	bpl.n	20000c44 <dcd_event_handler+0x98>
20000cb0:	781a      	ldrb	r2, [r3, #0]
20000cb2:	f022 0204 	bic.w	r2, r2, #4
20000cb6:	701a      	strb	r2, [r3, #0]
20000cb8:	e795      	b.n	20000be6 <dcd_event_handler+0x3a>
20000cba:	4c3f      	ldr	r4, [pc, #252]	@ (20000db8 <dcd_event_handler+0x20c>)
20000cbc:	7823      	ldrb	r3, [r4, #0]
20000cbe:	0758      	lsls	r0, r3, #29
20000cc0:	d43a      	bmi.n	20000d38 <dcd_event_handler+0x18c>
20000cc2:	78e3      	ldrb	r3, [r4, #3]
20000cc4:	07da      	lsls	r2, r3, #31
20000cc6:	d5bd      	bpl.n	20000c44 <dcd_event_handler+0x98>
20000cc8:	2303      	movs	r3, #3
20000cca:	2600      	movs	r6, #0
20000ccc:	4a3b      	ldr	r2, [pc, #236]	@ (20000dbc <dcd_event_handler+0x210>)
20000cce:	f899 1000 	ldrb.w	r1, [r9]
20000cd2:	6814      	ldr	r4, [r2, #0]
20000cd4:	f8d9 2004 	ldr.w	r2, [r9, #4]
20000cd8:	f88d 1004 	strb.w	r1, [sp, #4]
20000cdc:	f88d 3005 	strb.w	r3, [sp, #5]
20000ce0:	6963      	ldr	r3, [r4, #20]
20000ce2:	f8cd 6006 	str.w	r6, [sp, #6]
20000ce6:	f8cd 600a 	str.w	r6, [sp, #10]
20000cea:	f8ad 600e 	strh.w	r6, [sp, #14]
20000cee:	9202      	str	r2, [sp, #8]
20000cf0:	f3ef 8210 	mrs	r2, PRIMASK
20000cf4:	b672      	cpsid	i
20000cf6:	e8d3 0fcf 	ldaexb	r0, [r3]
20000cfa:	2101      	movs	r1, #1
20000cfc:	2800      	cmp	r0, #0
20000cfe:	d1fa      	bne.n	20000cf6 <dcd_event_handler+0x14a>
20000d00:	e8c3 1f40 	strexb	r0, r1, [r3]
20000d04:	2800      	cmp	r0, #0
20000d06:	d1f6      	bne.n	20000cf6 <dcd_event_handler+0x14a>
20000d08:	f3bf 8f5f 	dmb	sy
20000d0c:	4620      	mov	r0, r4
20000d0e:	61a2      	str	r2, [r4, #24]
20000d10:	a901      	add	r1, sp, #4
20000d12:	f000 f9f9 	bl	20001108 <__tu_fifo_write_veneer>
20000d16:	6963      	ldr	r3, [r4, #20]
20000d18:	e8c3 6f8f 	stlb	r6, [r3]
20000d1c:	69a3      	ldr	r3, [r4, #24]
20000d1e:	f383 8810 	msr	PRIMASK, r3
20000d22:	2800      	cmp	r0, #0
20000d24:	f43f af7d 	beq.w	20000c22 <dcd_event_handler+0x76>
20000d28:	462a      	mov	r2, r5
20000d2a:	f89d 1005 	ldrb.w	r1, [sp, #5]
20000d2e:	f89d 0004 	ldrb.w	r0, [sp, #4]
20000d32:	f000 f9f5 	bl	20001120 <__tud_event_hook_cb_veneer>
20000d36:	e785      	b.n	20000c44 <dcd_event_handler+0x98>
20000d38:	7823      	ldrb	r3, [r4, #0]
20000d3a:	2700      	movs	r7, #0
20000d3c:	f023 0304 	bic.w	r3, r3, #4
20000d40:	7023      	strb	r3, [r4, #0]
20000d42:	2305      	movs	r3, #5
20000d44:	4a1d      	ldr	r2, [pc, #116]	@ (20000dbc <dcd_event_handler+0x210>)
20000d46:	f88d 3005 	strb.w	r3, [sp, #5]
20000d4a:	6816      	ldr	r6, [r2, #0]
20000d4c:	f899 2000 	ldrb.w	r2, [r9]
20000d50:	f8ad 700e 	strh.w	r7, [sp, #14]
20000d54:	f88d 2004 	strb.w	r2, [sp, #4]
20000d58:	6973      	ldr	r3, [r6, #20]
20000d5a:	f8cd 7006 	str.w	r7, [sp, #6]
20000d5e:	f8cd 700a 	str.w	r7, [sp, #10]
20000d62:	f3ef 8210 	mrs	r2, PRIMASK
20000d66:	b672      	cpsid	i
20000d68:	e8d3 0fcf 	ldaexb	r0, [r3]
20000d6c:	2101      	movs	r1, #1
20000d6e:	2800      	cmp	r0, #0
20000d70:	d1fa      	bne.n	20000d68 <dcd_event_handler+0x1bc>
20000d72:	e8c3 1f40 	strexb	r0, r1, [r3]
20000d76:	2800      	cmp	r0, #0
20000d78:	d1f6      	bne.n	20000d68 <dcd_event_handler+0x1bc>
20000d7a:	f3bf 8f5f 	dmb	sy
20000d7e:	4630      	mov	r0, r6
20000d80:	61b2      	str	r2, [r6, #24]
20000d82:	a901      	add	r1, sp, #4
20000d84:	f000 f9c0 	bl	20001108 <__tu_fifo_write_veneer>
20000d88:	6973      	ldr	r3, [r6, #20]
20000d8a:	e8c3 7f8f 	stlb	r7, [r3]
20000d8e:	69b3      	ldr	r3, [r6, #24]
20000d90:	f383 8810 	msr	PRIMASK, r3
20000d94:	b938      	cbnz	r0, 20000da6 <dcd_event_handler+0x1fa>
20000d96:	f04f 23e0 	mov.w	r3, #3758153728	@ 0xe000e000
20000d9a:	f8d3 3df0 	ldr.w	r3, [r3, #3568]	@ 0xdf0
20000d9e:	07d9      	lsls	r1, r3, #31
20000da0:	d58f      	bpl.n	20000cc2 <dcd_event_handler+0x116>
20000da2:	be00      	bkpt	0x0000
20000da4:	e78d      	b.n	20000cc2 <dcd_event_handler+0x116>
20000da6:	462a      	mov	r2, r5
20000da8:	f89d 1005 	ldrb.w	r1, [sp, #5]
20000dac:	f89d 0004 	ldrb.w	r0, [sp, #4]
20000db0:	f000 f9b6 	bl	20001120 <__tud_event_hook_cb_veneer>
20000db4:	e785      	b.n	20000cc2 <dcd_event_handler+0x116>
20000db6:	bf00      	nop
20000db8:	200016e8 	.word	0x200016e8
20000dbc:	20001740 	.word	0x20001740
20000dc0:	20001f97 	.word	0x20001f97
20000dc4:	20001f95 	.word	0x20001f95
20000dc8:	200015e0 	.word	0x200015e0
20000dcc:	100060dc 	.word	0x100060dc

20000dd0 <__aeabi_uldivmod>:
20000dd0:	b953      	cbnz	r3, 20000de8 <__aeabi_uldivmod+0x18>
20000dd2:	b94a      	cbnz	r2, 20000de8 <__aeabi_uldivmod+0x18>
20000dd4:	2900      	cmp	r1, #0
20000dd6:	bf08      	it	eq
20000dd8:	2800      	cmpeq	r0, #0
20000dda:	bf1c      	itt	ne
20000ddc:	f04f 31ff 	movne.w	r1, #4294967295	@ 0xffffffff
20000de0:	f04f 30ff 	movne.w	r0, #4294967295	@ 0xffffffff
20000de4:	f000 b98c 	b.w	20001100 <__aeabi_idiv0>
20000de8:	f1ad 0c08 	sub.w	ip, sp, #8
20000dec:	e96d ce04 	strd	ip, lr, [sp, #-16]!
20000df0:	f000 f806 	bl	20000e00 <__udivmoddi4>
20000df4:	f8dd e004 	ldr.w	lr, [sp, #4]
20000df8:	e9dd 2302 	ldrd	r2, r3, [sp, #8]
20000dfc:	b004      	add	sp, #16
20000dfe:	4770      	bx	lr

20000e00 <__udivmoddi4>:
20000e00:	e92d 4ff0 	stmdb	sp!, {r4, r5, r6, r7, r8, r9, sl, fp, lr}
20000e04:	9d09      	ldr	r5, [sp, #36]	@ 0x24
20000e06:	460e      	mov	r6, r1
20000e08:	4604      	mov	r4, r0
20000e0a:	460f      	mov	r7, r1
20000e0c:	2b00      	cmp	r3, #0
20000e0e:	d147      	bne.n	20000ea0 <__udivmoddi4+0xa0>
20000e10:	428a      	cmp	r2, r1
20000e12:	4694      	mov	ip, r2
20000e14:	fab2 f382 	clz	r3, r2
20000e18:	d95a      	bls.n	20000ed0 <__udivmoddi4+0xd0>
20000e1a:	b143      	cbz	r3, 20000e2e <__udivmoddi4+0x2e>
20000e1c:	fa02 fc03 	lsl.w	ip, r2, r3
20000e20:	f1c3 0220 	rsb	r2, r3, #32
20000e24:	409f      	lsls	r7, r3
20000e26:	409c      	lsls	r4, r3
20000e28:	fa20 f202 	lsr.w	r2, r0, r2
20000e2c:	4317      	orrs	r7, r2
20000e2e:	ea4f 461c 	mov.w	r6, ip, lsr #16
20000e32:	fa1f fe8c 	uxth.w	lr, ip
20000e36:	0c22      	lsrs	r2, r4, #16
20000e38:	fbb7 f1f6 	udiv	r1, r7, r6
20000e3c:	fb06 7711 	mls	r7, r6, r1, r7
20000e40:	fb01 f00e 	mul.w	r0, r1, lr
20000e44:	ea42 4207 	orr.w	r2, r2, r7, lsl #16
20000e48:	4290      	cmp	r0, r2
20000e4a:	d908      	bls.n	20000e5e <__udivmoddi4+0x5e>
20000e4c:	eb1c 0202 	adds.w	r2, ip, r2
20000e50:	f101 37ff 	add.w	r7, r1, #4294967295	@ 0xffffffff
20000e54:	d202      	bcs.n	20000e5c <__udivmoddi4+0x5c>
20000e56:	4290      	cmp	r0, r2
20000e58:	f200 813c 	bhi.w	200010d4 <__udivmoddi4+0x2d4>
20000e5c:	4639      	mov	r1, r7
20000e5e:	1a12      	subs	r2, r2, r0
20000e60:	b2a4      	uxth	r4, r4
20000e62:	fbb2 f0f6 	udiv	r0, r2, r6
20000e66:	fb06 2210 	mls	r2, r6, r0, r2
20000e6a:	fb00 fe0e 	mul.w	lr, r0, lr
20000e6e:	ea44 4402 	orr.w	r4, r4, r2, lsl #16
20000e72:	45a6      	cmp	lr, r4
20000e74:	d908      	bls.n	20000e88 <__udivmoddi4+0x88>
20000e76:	eb1c 0404 	adds.w	r4, ip, r4
20000e7a:	f100 32ff 	add.w	r2, r0, #4294967295	@ 0xffffffff
20000e7e:	d202      	bcs.n	20000e86 <__udivmoddi4+0x86>
20000e80:	45a6      	cmp	lr, r4
20000e82:	f200 812a 	bhi.w	200010da <__udivmoddi4+0x2da>
20000e86:	4610      	mov	r0, r2
20000e88:	ea40 4001 	orr.w	r0, r0, r1, lsl #16
20000e8c:	eba4 040e 	sub.w	r4, r4, lr
20000e90:	2100      	movs	r1, #0
20000e92:	b11d      	cbz	r5, 20000e9c <__udivmoddi4+0x9c>
20000e94:	40dc      	lsrs	r4, r3
20000e96:	2300      	movs	r3, #0
20000e98:	e9c5 4300 	strd	r4, r3, [r5]
20000e9c:	e8bd 8ff0 	ldmia.w	sp!, {r4, r5, r6, r7, r8, r9, sl, fp, pc}
20000ea0:	428b      	cmp	r3, r1
20000ea2:	d905      	bls.n	20000eb0 <__udivmoddi4+0xb0>
20000ea4:	b10d      	cbz	r5, 20000eaa <__udivmoddi4+0xaa>
20000ea6:	e9c5 0100 	strd	r0, r1, [r5]
20000eaa:	2100      	movs	r1, #0
20000eac:	4608      	mov	r0, r1
20000eae:	e7f5      	b.n	20000e9c <__udivmoddi4+0x9c>
20000eb0:	fab3 f183 	clz	r1, r3
20000eb4:	2900      	cmp	r1, #0
20000eb6:	d14f      	bne.n	20000f58 <__udivmoddi4+0x158>
20000eb8:	42b3      	cmp	r3, r6
20000eba:	f0c0 8102 	bcc.w	200010c2 <__udivmoddi4+0x2c2>
20000ebe:	4282      	cmp	r2, r0
20000ec0:	f240 80ff 	bls.w	200010c2 <__udivmoddi4+0x2c2>
20000ec4:	4608      	mov	r0, r1
20000ec6:	2d00      	cmp	r5, #0
20000ec8:	d0e8      	beq.n	20000e9c <__udivmoddi4+0x9c>
20000eca:	e9c5 4700 	strd	r4, r7, [r5]
20000ece:	e7e5      	b.n	20000e9c <__udivmoddi4+0x9c>
20000ed0:	2b00      	cmp	r3, #0
20000ed2:	f040 80af 	bne.w	20001034 <__udivmoddi4+0x234>
20000ed6:	1a8a      	subs	r2, r1, r2
20000ed8:	ea4f 4e1c 	mov.w	lr, ip, lsr #16
20000edc:	fa1f f78c 	uxth.w	r7, ip
20000ee0:	2101      	movs	r1, #1
20000ee2:	fbb2 f6fe 	udiv	r6, r2, lr
20000ee6:	fb0e 2016 	mls	r0, lr, r6, r2
20000eea:	0c22      	lsrs	r2, r4, #16
20000eec:	ea42 4200 	orr.w	r2, r2, r0, lsl #16
20000ef0:	fb07 f006 	mul.w	r0, r7, r6
20000ef4:	4290      	cmp	r0, r2
20000ef6:	d90f      	bls.n	20000f18 <__udivmoddi4+0x118>
20000ef8:	eb1c 0202 	adds.w	r2, ip, r2
20000efc:	f106 38ff 	add.w	r8, r6, #4294967295	@ 0xffffffff
20000f00:	bf2c      	ite	cs
20000f02:	f04f 0901 	movcs.w	r9, #1
20000f06:	f04f 0900 	movcc.w	r9, #0
20000f0a:	4290      	cmp	r0, r2
20000f0c:	d903      	bls.n	20000f16 <__udivmoddi4+0x116>
20000f0e:	f1b9 0f00 	cmp.w	r9, #0
20000f12:	f000 80dc 	beq.w	200010ce <__udivmoddi4+0x2ce>
20000f16:	4646      	mov	r6, r8
20000f18:	1a12      	subs	r2, r2, r0
20000f1a:	b2a4      	uxth	r4, r4
20000f1c:	fbb2 f0fe 	udiv	r0, r2, lr
20000f20:	fb0e 2210 	mls	r2, lr, r0, r2
20000f24:	fb00 f707 	mul.w	r7, r0, r7
20000f28:	ea44 4402 	orr.w	r4, r4, r2, lsl #16
20000f2c:	42a7      	cmp	r7, r4
20000f2e:	d90f      	bls.n	20000f50 <__udivmoddi4+0x150>
20000f30:	eb1c 0404 	adds.w	r4, ip, r4
20000f34:	f100 32ff 	add.w	r2, r0, #4294967295	@ 0xffffffff
20000f38:	bf2c      	ite	cs
20000f3a:	f04f 0e01 	movcs.w	lr, #1
20000f3e:	f04f 0e00 	movcc.w	lr, #0
20000f42:	42a7      	cmp	r7, r4
20000f44:	d903      	bls.n	20000f4e <__udivmoddi4+0x14e>
20000f46:	f1be 0f00 	cmp.w	lr, #0
20000f4a:	f000 80c9 	beq.w	200010e0 <__udivmoddi4+0x2e0>
20000f4e:	4610      	mov	r0, r2
20000f50:	1be4      	subs	r4, r4, r7
20000f52:	ea40 4006 	orr.w	r0, r0, r6, lsl #16
20000f56:	e79c      	b.n	20000e92 <__udivmoddi4+0x92>
20000f58:	f1c1 0420 	rsb	r4, r1, #32
20000f5c:	408b      	lsls	r3, r1
20000f5e:	fa06 fc01 	lsl.w	ip, r6, r1
20000f62:	fa00 fe01 	lsl.w	lr, r0, r1
20000f66:	fa22 f704 	lsr.w	r7, r2, r4
20000f6a:	40e6      	lsrs	r6, r4
20000f6c:	408a      	lsls	r2, r1
20000f6e:	431f      	orrs	r7, r3
20000f70:	fa20 f304 	lsr.w	r3, r0, r4
20000f74:	ea4f 4817 	mov.w	r8, r7, lsr #16
20000f78:	ea43 030c 	orr.w	r3, r3, ip
20000f7c:	fa1f fc87 	uxth.w	ip, r7
20000f80:	ea4f 4913 	mov.w	r9, r3, lsr #16
20000f84:	fbb6 f0f8 	udiv	r0, r6, r8
20000f88:	fb08 6610 	mls	r6, r8, r0, r6
20000f8c:	ea49 4606 	orr.w	r6, r9, r6, lsl #16
20000f90:	fb00 f90c 	mul.w	r9, r0, ip
20000f94:	45b1      	cmp	r9, r6
20000f96:	d90e      	bls.n	20000fb6 <__udivmoddi4+0x1b6>
20000f98:	19be      	adds	r6, r7, r6
20000f9a:	f100 3aff 	add.w	sl, r0, #4294967295	@ 0xffffffff
20000f9e:	bf2c      	ite	cs
20000fa0:	f04f 0b01 	movcs.w	fp, #1
20000fa4:	f04f 0b00 	movcc.w	fp, #0
20000fa8:	45b1      	cmp	r9, r6
20000faa:	d903      	bls.n	20000fb4 <__udivmoddi4+0x1b4>
20000fac:	f1bb 0f00 	cmp.w	fp, #0
20000fb0:	f000 80a2 	beq.w	200010f8 <__udivmoddi4+0x2f8>
20000fb4:	4650      	mov	r0, sl
20000fb6:	eba6 0609 	sub.w	r6, r6, r9
20000fba:	fa1f f983 	uxth.w	r9, r3
20000fbe:	fbb6 f3f8 	udiv	r3, r6, r8
20000fc2:	fb08 6613 	mls	r6, r8, r3, r6
20000fc6:	fb03 fc0c 	mul.w	ip, r3, ip
20000fca:	ea49 4606 	orr.w	r6, r9, r6, lsl #16
20000fce:	45b4      	cmp	ip, r6
20000fd0:	d90e      	bls.n	20000ff0 <__udivmoddi4+0x1f0>
20000fd2:	19be      	adds	r6, r7, r6
20000fd4:	f103 38ff 	add.w	r8, r3, #4294967295	@ 0xffffffff
20000fd8:	bf2c      	ite	cs
20000fda:	f04f 0901 	movcs.w	r9, #1
20000fde:	f04f 0900 	movcc.w	r9, #0
20000fe2:	45b4      	cmp	ip, r6
20000fe4:	d903      	bls.n	20000fee <__udivmoddi4+0x1ee>
20000fe6:	f1b9 0f00 	cmp.w	r9, #0
20000fea:	f000 8082 	beq.w	200010f2 <__udivmoddi4+0x2f2>
20000fee:	4643      	mov	r3, r8
20000ff0:	ea43 4000 	orr.w	r0, r3, r0, lsl #16
20000ff4:	eba6 060c 	sub.w	r6, r6, ip
20000ff8:	fba0 8c02 	umull	r8, ip, r0, r2
20000ffc:	4566      	cmp	r6, ip
20000ffe:	4643      	mov	r3, r8
20001000:	46e1      	mov	r9, ip
20001002:	d302      	bcc.n	2000100a <__udivmoddi4+0x20a>
20001004:	d107      	bne.n	20001016 <__udivmoddi4+0x216>
20001006:	45c6      	cmp	lr, r8
20001008:	d205      	bcs.n	20001016 <__udivmoddi4+0x216>
2000100a:	ebb8 0302 	subs.w	r3, r8, r2
2000100e:	eb6c 0c07 	sbc.w	ip, ip, r7
20001012:	3801      	subs	r0, #1
20001014:	46e1      	mov	r9, ip
20001016:	b15d      	cbz	r5, 20001030 <__udivmoddi4+0x230>
20001018:	ebbe 0203 	subs.w	r2, lr, r3
2000101c:	eb66 0609 	sbc.w	r6, r6, r9
20001020:	fa06 f404 	lsl.w	r4, r6, r4
20001024:	fa22 f301 	lsr.w	r3, r2, r1
20001028:	40ce      	lsrs	r6, r1
2000102a:	431c      	orrs	r4, r3
2000102c:	e9c5 4600 	strd	r4, r6, [r5]
20001030:	2100      	movs	r1, #0
20001032:	e733      	b.n	20000e9c <__udivmoddi4+0x9c>
20001034:	fa02 fc03 	lsl.w	ip, r2, r3
20001038:	f1c3 0220 	rsb	r2, r3, #32
2000103c:	4099      	lsls	r1, r3
2000103e:	409c      	lsls	r4, r3
20001040:	40d6      	lsrs	r6, r2
20001042:	ea4f 4e1c 	mov.w	lr, ip, lsr #16
20001046:	fa20 f202 	lsr.w	r2, r0, r2
2000104a:	fa1f f78c 	uxth.w	r7, ip
2000104e:	fbb6 f0fe 	udiv	r0, r6, lr
20001052:	430a      	orrs	r2, r1
20001054:	fb0e 6610 	mls	r6, lr, r0, r6
20001058:	0c11      	lsrs	r1, r2, #16
2000105a:	ea41 4106 	orr.w	r1, r1, r6, lsl #16
2000105e:	fb00 f607 	mul.w	r6, r0, r7
20001062:	428e      	cmp	r6, r1
20001064:	d90e      	bls.n	20001084 <__udivmoddi4+0x284>
20001066:	eb1c 0101 	adds.w	r1, ip, r1
2000106a:	f100 38ff 	add.w	r8, r0, #4294967295	@ 0xffffffff
2000106e:	bf2c      	ite	cs
20001070:	f04f 0901 	movcs.w	r9, #1
20001074:	f04f 0900 	movcc.w	r9, #0
20001078:	428e      	cmp	r6, r1
2000107a:	d902      	bls.n	20001082 <__udivmoddi4+0x282>
2000107c:	f1b9 0f00 	cmp.w	r9, #0
20001080:	d034      	beq.n	200010ec <__udivmoddi4+0x2ec>
20001082:	4640      	mov	r0, r8
20001084:	1b89      	subs	r1, r1, r6
20001086:	b292      	uxth	r2, r2
20001088:	fbb1 f6fe 	udiv	r6, r1, lr
2000108c:	fb0e 1116 	mls	r1, lr, r6, r1
20001090:	ea42 4201 	orr.w	r2, r2, r1, lsl #16
20001094:	fb06 f107 	mul.w	r1, r6, r7
20001098:	4291      	cmp	r1, r2
2000109a:	d90e      	bls.n	200010ba <__udivmoddi4+0x2ba>
2000109c:	eb1c 0202 	adds.w	r2, ip, r2
200010a0:	f106 38ff 	add.w	r8, r6, #4294967295	@ 0xffffffff
200010a4:	bf2c      	ite	cs
200010a6:	f04f 0901 	movcs.w	r9, #1
200010aa:	f04f 0900 	movcc.w	r9, #0
200010ae:	4291      	cmp	r1, r2
200010b0:	d902      	bls.n	200010b8 <__udivmoddi4+0x2b8>
200010b2:	f1b9 0f00 	cmp.w	r9, #0
200010b6:	d016      	beq.n	200010e6 <__udivmoddi4+0x2e6>
200010b8:	4646      	mov	r6, r8
200010ba:	1a52      	subs	r2, r2, r1
200010bc:	ea46 4100 	orr.w	r1, r6, r0, lsl #16
200010c0:	e70f      	b.n	20000ee2 <__udivmoddi4+0xe2>
200010c2:	1a84      	subs	r4, r0, r2
200010c4:	eb66 0203 	sbc.w	r2, r6, r3
200010c8:	2001      	movs	r0, #1
200010ca:	4617      	mov	r7, r2
200010cc:	e6fb      	b.n	20000ec6 <__udivmoddi4+0xc6>
200010ce:	3e02      	subs	r6, #2
200010d0:	4462      	add	r2, ip
200010d2:	e721      	b.n	20000f18 <__udivmoddi4+0x118>
200010d4:	3902      	subs	r1, #2
200010d6:	4462      	add	r2, ip
200010d8:	e6c1      	b.n	20000e5e <__udivmoddi4+0x5e>
200010da:	4464      	add	r4, ip
200010dc:	3802      	subs	r0, #2
200010de:	e6d3      	b.n	20000e88 <__udivmoddi4+0x88>
200010e0:	4464      	add	r4, ip
200010e2:	3802      	subs	r0, #2
200010e4:	e734      	b.n	20000f50 <__udivmoddi4+0x150>
200010e6:	3e02      	subs	r6, #2
200010e8:	4462      	add	r2, ip
200010ea:	e7e6      	b.n	200010ba <__udivmoddi4+0x2ba>
200010ec:	3802      	subs	r0, #2
200010ee:	4461      	add	r1, ip
200010f0:	e7c8      	b.n	20001084 <__udivmoddi4+0x284>
200010f2:	3b02      	subs	r3, #2
200010f4:	443e      	add	r6, r7
200010f6:	e77b      	b.n	20000ff0 <__udivmoddi4+0x1f0>
200010f8:	3802      	subs	r0, #2
200010fa:	443e      	add	r6, r7
200010fc:	e75b      	b.n	20000fb6 <__udivmoddi4+0x1b6>
200010fe:	bf00      	nop

20001100 <__aeabi_idiv0>:
20001100:	4770      	bx	lr
20001102:	bf00      	nop
20001104:	0000      	movs	r0, r0
	...

20001108 <__tu_fifo_write_veneer>:
20001108:	f85f f000 	ldr.w	pc, [pc]	@ 2000110c <__tu_fifo_write_veneer+0x4>
2000110c:	10005791 	.word	0x10005791

20001110 <__best_effort_wfe_or_timeout_veneer>:
20001110:	f85f f000 	ldr.w	pc, [pc]	@ 20001114 <__best_effort_wfe_or_timeout_veneer+0x4>
20001114:	10001069 	.word	0x10001069

20001118 <__time_us_64_veneer>:
20001118:	f85f f000 	ldr.w	pc, [pc]	@ 2000111c <__time_us_64_veneer+0x4>
2000111c:	10001159 	.word	0x10001159

20001120 <__tud_event_hook_cb_veneer>:
20001120:	f85f f000 	ldr.w	pc, [pc]	@ 20001124 <__tud_event_hook_cb_veneer+0x4>
20001124:	10003da1 	.word	0x10003da1

20001128 <__panic_veneer>:
20001128:	f85f f000 	ldr.w	pc, [pc]	@ 2000112c <__panic_veneer+0x4>
2000112c:	1000030d 	.word	0x1000030d

20001130 <__memset_veneer>:
20001130:	f85f f000 	ldr.w	pc, [pc]	@ 20001134 <__memset_veneer+0x4>
20001134:	100059fd 	.word	0x100059fd

20001138 <striped_spin_lock_num>:
20001138:	00000010                                ....

2000113c <irq_handler_chain_slots>:
2000113c:	00000000 	.word	0x00000000
20001140:	00010000 	.word	0x00010000
	...
2000114c:	00020000 	.word	0x00020000
	...
20001158:	00030000 	.word	0x00030000
	...
20001164:	00ff0000 	.word	0x00ff0000
20001168:	00000000 	.word	0x00000000

2000116c <irq_handler_chain_first_slot>:
2000116c:	b501      	push	{r0, lr}
2000116e:	6848      	ldr	r0, [r1, #4]
20001170:	3101      	adds	r1, #1
20001172:	468e      	mov	lr, r1
20001174:	4700      	bx	r0

20001176 <irq_handler_chain_remove_tail>:
20001176:	4670      	mov	r0, lr
20001178:	3809      	subs	r0, #9
2000117a:	4901      	ldr	r1, [pc, #4]	@ (20001180 <irq_handler_chain_remove_tail+0xa>)
2000117c:	4788      	blx	r1
2000117e:	bd01      	pop	{r0, pc}
20001180:	1000079d 	.word	0x1000079d

20001184 <default_alarm_pool>:
	...
20001198:	200012a8                                ... 

2000119c <stdio_usb>:
2000119c:	10003541 100034ed 10003465 100033d5     A5...4..e4...3..
200011ac:	00000000 00000100                       ........

200011b4 <_usbd_qdef>:
200011b4:	20001744 000c0010 00000000 00000000     D.. ............
	...

200011d0 <_usbd_rhport>:
200011d0:	000000ff                                ....

200011d4 <print_mutex>:
	...
