
/home/mg/Documents/raspberry-pi-pico-projects/raspberry-pi-pico-setup/build1/blink.elf:     file format elf32-littlearm

Sections:
Idx Name          Size      VMA       LMA       File off  Algn
  0 .boot2        00000100  10000000  10000000  00001000  2**0
                  CONTENTS, ALLOC, LOAD, READONLY, CODE
  1 .text         000069b0  10000100  10000100  00001100  2**3
                  CONTENTS, ALLOC, LOAD, READONLY, CODE
  2 .rodata       0000062c  10006ab0  10006ab0  00007ab0  2**3
                  CONTENTS, ALLOC, LOAD, READONLY, DATA
  3 .binary_info  00000020  100070dc  100070dc  000080dc  2**2
                  CONTENTS, ALLOC, LOAD, READONLY, DATA
  4 .ram_vector_table 000000c0  20000000  20000000  0000b000  2**2
                  ALLOC
  5 .uninitialized_data 00000000  200000c0  200000c0  0000a020  2**0
                  CONTENTS
  6 .data         00000f60  200000c0  100070fc  000090c0  2**4
                  CONTENTS, ALLOC, LOAD, READONLY, CODE
  7 .tdata        00000000  20001020  20001020  0000a020  2**0
                  CONTENTS, ALLOC, LOAD, DATA, THREAD_LOCAL
  8 .tbss         00000000  20001020  20001020  00000000  2**0
                  ALLOC, THREAD_LOCAL
  9 .bss          00001094  20001020  1000805c  0000a020  2**3
                  ALLOC
 10 .heap         00000800  200020b4  200020b4  0000a020  2**2
                  CONTENTS, READONLY
 11 .scratch_x    00000000  20040000  20040000  0000a820  2**0
                  CONTENTS
 12 .scratch_y    00000000  20041000  20041000  0000a820  2**0
                  CONTENTS
 13 .stack_dummy  00000800  20041000  20041000  0000a820  2**5
                  CONTENTS, READONLY
 14 .ARM.attributes 00000028  00000000  00000000  0000b020  2**0
                  CONTENTS, READONLY
 15 .comment      00000026  00000000  00000000  0000b048  2**0
                  CONTENTS, READONLY
 16 .debug_info   0002f9d1  00000000  00000000  0000b06e  2**0
                  CONTENTS, READONLY, DEBUGGING, OCTETS
 17 .debug_abbrev 00008be3  00000000  00000000  0003aa3f  2**0
                  CONTENTS, READONLY, DEBUGGING, OCTETS
 18 .debug_loclists 0001a115  00000000  00000000  00043622  2**0
                  CONTENTS, READONLY, DEBUGGING, OCTETS
 19 .debug_aranges 00001718  00000000  00000000  0005d738  2**3
                  CONTENTS, READONLY, DEBUGGING, OCTETS
 20 .debug_rnglists 0000439b  00000000  00000000  0005ee50  2**0
                  CONTENTS, READONLY, DEBUGGING, OCTETS
 21 .debug_line   00020c95  00000000  00000000  000631eb  2**0
                  CONTENTS, READONLY, DEBUGGING, OCTETS
 22 .debug_str    00008633  00000000  00000000  00083e80  2**0
                  CONTENTS, READONLY, DEBUGGING, OCTETS
 23 .debug_frame  00002f14  00000000  00000000  0008c4b4  2**2
                  CONTENTS, READONLY, DEBUGGING, OCTETS
 24 .debug_line_str 000002f8  00000000  00000000  0008f3c8  2**0
                  CONTENTS, READONLY, DEBUGGING, OCTETS

/home/mg/Documents/raspberry-pi-pico-projects/raspberry-pi-pico-setup/build1/blink.elf:     file format elf32-littlearm


Disassembly of section .boot2:

10000000 <__boot2_start__>:
10000000:	4b32b500 	.word	0x4b32b500
10000004:	60582021 	.word	0x60582021
10000008:	21026898 	.word	0x21026898
1000000c:	60984388 	.word	0x60984388
10000010:	611860d8 	.word	0x611860d8
10000014:	4b2e6158 	.word	0x4b2e6158
10000018:	60992100 	.word	0x60992100
1000001c:	61592102 	.word	0x61592102
10000020:	22f02101 	.word	0x22f02101
10000024:	492b5099 	.word	0x492b5099
10000028:	21016019 	.word	0x21016019
1000002c:	20356099 	.word	0x20356099
10000030:	f844f000 	.word	0xf844f000
10000034:	42902202 	.word	0x42902202
10000038:	2106d014 	.word	0x2106d014
1000003c:	f0006619 	.word	0xf0006619
10000040:	6e19f834 	.word	0x6e19f834
10000044:	66192101 	.word	0x66192101
10000048:	66182000 	.word	0x66182000
1000004c:	f000661a 	.word	0xf000661a
10000050:	6e19f82c 	.word	0x6e19f82c
10000054:	6e196e19 	.word	0x6e196e19
10000058:	f0002005 	.word	0xf0002005
1000005c:	2101f82f 	.word	0x2101f82f
10000060:	d1f94208 	.word	0xd1f94208
10000064:	60992100 	.word	0x60992100
10000068:	6019491b 	.word	0x6019491b
1000006c:	60592100 	.word	0x60592100
10000070:	481b491a 	.word	0x481b491a
10000074:	21016001 	.word	0x21016001
10000078:	21eb6099 	.word	0x21eb6099
1000007c:	21a06619 	.word	0x21a06619
10000080:	f0006619 	.word	0xf0006619
10000084:	2100f812 	.word	0x2100f812
10000088:	49166099 	.word	0x49166099
1000008c:	60014814 	.word	0x60014814
10000090:	60992101 	.word	0x60992101
10000094:	2800bc01 	.word	0x2800bc01
10000098:	4700d000 	.word	0x4700d000
1000009c:	49134812 	.word	0x49134812
100000a0:	c8036008 	.word	0xc8036008
100000a4:	8808f380 	.word	0x8808f380
100000a8:	b5034708 	.word	0xb5034708
100000ac:	20046a99 	.word	0x20046a99
100000b0:	d0fb4201 	.word	0xd0fb4201
100000b4:	42012001 	.word	0x42012001
100000b8:	bd03d1f8 	.word	0xbd03d1f8
100000bc:	6618b502 	.word	0x6618b502
100000c0:	f7ff6618 	.word	0xf7ff6618
100000c4:	6e18fff2 	.word	0x6e18fff2
100000c8:	bd026e18 	.word	0xbd026e18
100000cc:	40020000 	.word	0x40020000
100000d0:	18000000 	.word	0x18000000
100000d4:	00070000 	.word	0x00070000
100000d8:	005f0300 	.word	0x005f0300
100000dc:	00002221 	.word	0x00002221
100000e0:	180000f4 	.word	0x180000f4
100000e4:	a0002022 	.word	0xa0002022
100000e8:	10000100 	.word	0x10000100
100000ec:	e000ed08 	.word	0xe000ed08
	...
100000fc:	7a4eb274 	.word	0x7a4eb274

Disassembly of section .text:

10000100 <__VECTOR_TABLE>:
10000100:	20042000 	.word	0x20042000
10000104:	100001f7 	.word	0x100001f7
10000108:	100001c3 	.word	0x100001c3
1000010c:	100001c5 	.word	0x100001c5
10000110:	100001c1 	.word	0x100001c1
10000114:	100001c1 	.word	0x100001c1
10000118:	100001c1 	.word	0x100001c1
1000011c:	100001c1 	.word	0x100001c1
10000120:	100001c1 	.word	0x100001c1
10000124:	100001c1 	.word	0x100001c1
10000128:	100001c1 	.word	0x100001c1
1000012c:	100001c7 	.word	0x100001c7
10000130:	100001c1 	.word	0x100001c1
10000134:	100001c1 	.word	0x100001c1
10000138:	100001c9 	.word	0x100001c9
1000013c:	100001cb 	.word	0x100001cb
10000140:	100001cd 	.word	0x100001cd
10000144:	100001cd 	.word	0x100001cd
10000148:	100001cd 	.word	0x100001cd
1000014c:	100001cd 	.word	0x100001cd
10000150:	100001cd 	.word	0x100001cd
10000154:	100001cd 	.word	0x100001cd
10000158:	100001cd 	.word	0x100001cd
1000015c:	100001cd 	.word	0x100001cd
10000160:	100001cd 	.word	0x100001cd
10000164:	100001cd 	.word	0x100001cd
10000168:	100001cd 	.word	0x100001cd
1000016c:	100001cd 	.word	0x100001cd
10000170:	100001cd 	.word	0x100001cd
10000174:	100001cd 	.word	0x100001cd
10000178:	100001cd 	.word	0x100001cd
1000017c:	100001cd 	.word	0x100001cd
10000180:	100001cd 	.word	0x100001cd
10000184:	100001cd 	.word	0x100001cd
10000188:	100001cd 	.word	0x100001cd
1000018c:	100001cd 	.word	0x100001cd
10000190:	100001cd 	.word	0x100001cd
10000194:	100001cd 	.word	0x100001cd
10000198:	100001cd 	.word	0x100001cd
1000019c:	100001cd 	.word	0x100001cd
100001a0:	100001cd 	.word	0x100001cd
100001a4:	100001cd 	.word	0x100001cd
100001a8:	100001cd 	.word	0x100001cd
100001ac:	100001cd 	.word	0x100001cd
100001b0:	100001cd 	.word	0x100001cd
100001b4:	100001cd 	.word	0x100001cd
100001b8:	100001cd 	.word	0x100001cd
100001bc:	100001cd 	.word	0x100001cd

100001c0 <isr_invalid>:
100001c0:	be00      	bkpt	0x0000

100001c2 <isr_nmi>:
100001c2:	be00      	bkpt	0x0000

100001c4 <isr_hardfault>:
100001c4:	be00      	bkpt	0x0000

100001c6 <isr_svcall>:
100001c6:	be00      	bkpt	0x0000

100001c8 <isr_pendsv>:
100001c8:	be00      	bkpt	0x0000

100001ca <isr_systick>:
100001ca:	be00      	bkpt	0x0000

100001cc <__unhandled_user_irq>:
100001cc:	f3ef 8005 	mrs	r0, IPSR
100001d0:	3810      	subs	r0, #16

100001d2 <unhandled_user_irq_num_in_r0>:
100001d2:	be00      	bkpt	0x0000

100001d4 <binary_info_header>:
100001d4:	7188ebf2 	.word	0x7188ebf2
100001d8:	100070dc 	.word	0x100070dc
100001dc:	100070fc 	.word	0x100070fc
100001e0:	10000238 	.word	0x10000238
100001e4:	e71aa390 	.word	0xe71aa390

100001e8 <_entry_point>:
100001e8:	481e      	ldr	r0, [pc, #120]	@ (10000264 <data_cpy_table+0x2c>)

100001ea <_enter_vtable_in_r0>:
100001ea:	491f      	ldr	r1, [pc, #124]	@ (10000268 <data_cpy_table+0x30>)
100001ec:	6008      	str	r0, [r1, #0]
100001ee:	c806      	ldmia	r0!, {r1, r2}
100001f0:	f381 8808 	msr	MSP, r1
100001f4:	4710      	bx	r2

100001f6 <_reset_handler>:
100001f6:	481d      	ldr	r0, [pc, #116]	@ (1000026c <data_cpy_table+0x34>)
100001f8:	6800      	ldr	r0, [r0, #0]
100001fa:	2800      	cmp	r0, #0
100001fc:	d001      	beq.n	10000202 <hold_non_core0_in_bootrom+0x4>

100001fe <hold_non_core0_in_bootrom>:
100001fe:	4819      	ldr	r0, [pc, #100]	@ (10000264 <data_cpy_table+0x2c>)
10000200:	e7f3      	b.n	100001ea <_enter_vtable_in_r0>
10000202:	a40d      	add	r4, pc, #52	@ (adr r4, 10000238 <data_cpy_table>)
10000204:	cc0e      	ldmia	r4!, {r1, r2, r3}
10000206:	2900      	cmp	r1, #0
10000208:	d002      	beq.n	10000210 <hold_non_core0_in_bootrom+0x12>
1000020a:	f000 f812 	bl	10000232 <data_cpy>
1000020e:	e7f9      	b.n	10000204 <hold_non_core0_in_bootrom+0x6>
10000210:	4917      	ldr	r1, [pc, #92]	@ (10000270 <data_cpy_table+0x38>)
10000212:	4a18      	ldr	r2, [pc, #96]	@ (10000274 <data_cpy_table+0x3c>)
10000214:	2000      	movs	r0, #0
10000216:	e000      	b.n	1000021a <bss_fill_test>

10000218 <bss_fill_loop>:
10000218:	c101      	stmia	r1!, {r0}

1000021a <bss_fill_test>:
1000021a:	4291      	cmp	r1, r2
1000021c:	d1fc      	bne.n	10000218 <bss_fill_loop>

1000021e <platform_entry>:
1000021e:	4916      	ldr	r1, [pc, #88]	@ (10000278 <data_cpy_table+0x40>)
10000220:	4788      	blx	r1
10000222:	4916      	ldr	r1, [pc, #88]	@ (1000027c <data_cpy_table+0x44>)
10000224:	4788      	blx	r1
10000226:	4916      	ldr	r1, [pc, #88]	@ (10000280 <data_cpy_table+0x48>)
10000228:	4788      	blx	r1
1000022a:	be00      	bkpt	0x0000
1000022c:	e7fd      	b.n	1000022a <platform_entry+0xc>

1000022e <data_cpy_loop>:
1000022e:	c901      	ldmia	r1!, {r0}
10000230:	c201      	stmia	r2!, {r0}

10000232 <data_cpy>:
10000232:	429a      	cmp	r2, r3
10000234:	d3fb      	bcc.n	1000022e <data_cpy_loop>
10000236:	4770      	bx	lr

10000238 <data_cpy_table>:
10000238:	100070fc 	.word	0x100070fc
1000023c:	200000c0 	.word	0x200000c0
10000240:	20001020 	.word	0x20001020
10000244:	1000805c 	.word	0x1000805c
10000248:	20040000 	.word	0x20040000
1000024c:	20040000 	.word	0x20040000
10000250:	1000805c 	.word	0x1000805c
10000254:	20041000 	.word	0x20041000
10000258:	20041000 	.word	0x20041000
1000025c:	00000000 	.word	0x00000000
10000260:	4770      	bx	lr
10000262:	0000      	.short	0x0000
10000264:	00000000 	.word	0x00000000
10000268:	e000ed08 	.word	0xe000ed08
1000026c:	d0000000 	.word	0xd0000000
10000270:	20001020 	.word	0x20001020
10000274:	200020b4 	.word	0x200020b4
10000278:	10003c71 	.word	0x10003c71
1000027c:	10000321 	.word	0x10000321
10000280:	10003c69 	.word	0x10003c69

10000284 <_init>:
10000284:	b5f8      	push	{r3, r4, r5, r6, r7, lr}
10000286:	46c0      	nop			@ (mov r8, r8)

10000288 <deregister_tm_clones>:
10000288:	4804      	ldr	r0, [pc, #16]	@ (1000029c <deregister_tm_clones+0x14>)
1000028a:	4b05      	ldr	r3, [pc, #20]	@ (100002a0 <deregister_tm_clones+0x18>)
1000028c:	b510      	push	{r4, lr}
1000028e:	4283      	cmp	r3, r0
10000290:	d003      	beq.n	1000029a <deregister_tm_clones+0x12>
10000292:	4b04      	ldr	r3, [pc, #16]	@ (100002a4 <deregister_tm_clones+0x1c>)
10000294:	2b00      	cmp	r3, #0
10000296:	d000      	beq.n	1000029a <deregister_tm_clones+0x12>
10000298:	4798      	blx	r3
1000029a:	bd10      	pop	{r4, pc}
1000029c:	20001020 	.word	0x20001020
100002a0:	20001020 	.word	0x20001020
100002a4:	00000000 	.word	0x00000000

100002a8 <register_tm_clones>:
100002a8:	4806      	ldr	r0, [pc, #24]	@ (100002c4 <register_tm_clones+0x1c>)
100002aa:	4907      	ldr	r1, [pc, #28]	@ (100002c8 <register_tm_clones+0x20>)
100002ac:	1a09      	subs	r1, r1, r0
100002ae:	108b      	asrs	r3, r1, #2
100002b0:	0fc9      	lsrs	r1, r1, #31
100002b2:	18c9      	adds	r1, r1, r3
100002b4:	b510      	push	{r4, lr}
100002b6:	1049      	asrs	r1, r1, #1
100002b8:	d003      	beq.n	100002c2 <register_tm_clones+0x1a>
100002ba:	4b04      	ldr	r3, [pc, #16]	@ (100002cc <register_tm_clones+0x24>)
100002bc:	2b00      	cmp	r3, #0
100002be:	d000      	beq.n	100002c2 <register_tm_clones+0x1a>
100002c0:	4798      	blx	r3
100002c2:	bd10      	pop	{r4, pc}
100002c4:	20001020 	.word	0x20001020
100002c8:	20001020 	.word	0x20001020
100002cc:	00000000 	.word	0x00000000

100002d0 <__do_global_dtors_aux>:
100002d0:	b510      	push	{r4, lr}
100002d2:	4c07      	ldr	r4, [pc, #28]	@ (100002f0 <__do_global_dtors_aux+0x20>)
100002d4:	7823      	ldrb	r3, [r4, #0]
100002d6:	2b00      	cmp	r3, #0
100002d8:	d109      	bne.n	100002ee <__do_global_dtors_aux+0x1e>
100002da:	f7ff ffd5 	bl	10000288 <deregister_tm_clones>
100002de:	4b05      	ldr	r3, [pc, #20]	@ (100002f4 <__do_global_dtors_aux+0x24>)
100002e0:	2b00      	cmp	r3, #0
100002e2:	d002      	beq.n	100002ea <__do_global_dtors_aux+0x1a>
100002e4:	4804      	ldr	r0, [pc, #16]	@ (100002f8 <__do_global_dtors_aux+0x28>)
100002e6:	e000      	b.n	100002ea <__do_global_dtors_aux+0x1a>
100002e8:	bf00      	nop
100002ea:	2301      	movs	r3, #1
100002ec:	7023      	strb	r3, [r4, #0]
100002ee:	bd10      	pop	{r4, pc}
100002f0:	200013a8 	.word	0x200013a8
100002f4:	00000000 	.word	0x00000000
100002f8:	10006ab0 	.word	0x10006ab0

100002fc <frame_dummy>:
100002fc:	4b05      	ldr	r3, [pc, #20]	@ (10000314 <frame_dummy+0x18>)
100002fe:	b510      	push	{r4, lr}
10000300:	2b00      	cmp	r3, #0
10000302:	d003      	beq.n	1000030c <frame_dummy+0x10>
10000304:	4904      	ldr	r1, [pc, #16]	@ (10000318 <frame_dummy+0x1c>)
10000306:	4805      	ldr	r0, [pc, #20]	@ (1000031c <frame_dummy+0x20>)
10000308:	e000      	b.n	1000030c <frame_dummy+0x10>
1000030a:	bf00      	nop
1000030c:	f7ff ffcc 	bl	100002a8 <register_tm_clones>
10000310:	bd10      	pop	{r4, pc}
10000312:	46c0      	nop			@ (mov r8, r8)
10000314:	00000000 	.word	0x00000000
10000318:	200013ac 	.word	0x200013ac
1000031c:	10006ab0 	.word	0x10006ab0

10000320 <main>:
10000320:	b5f8      	push	{r3, r4, r5, r6, r7, lr}
10000322:	24d0      	movs	r4, #208	@ 0xd0
10000324:	2580      	movs	r5, #128	@ 0x80
10000326:	f003 fdd5 	bl	10003ed4 <stdio_init_all>
1000032a:	2019      	movs	r0, #25
1000032c:	f000 f818 	bl	10000360 <gpio_init>
10000330:	0624      	lsls	r4, r4, #24
10000332:	04ad      	lsls	r5, r5, #18
10000334:	4f08      	ldr	r7, [pc, #32]	@ (10000358 <main+0x38>)
10000336:	4e09      	ldr	r6, [pc, #36]	@ (1000035c <main+0x3c>)
10000338:	6265      	str	r5, [r4, #36]	@ 0x24
1000033a:	0038      	movs	r0, r7
1000033c:	f003 fea2 	bl	10004084 <__wrap_printf>
10000340:	20c8      	movs	r0, #200	@ 0xc8
10000342:	6165      	str	r5, [r4, #20]
10000344:	f000 fe8c 	bl	10001060 <sleep_ms>
10000348:	0030      	movs	r0, r6
1000034a:	f003 fe9b 	bl	10004084 <__wrap_printf>
1000034e:	20c8      	movs	r0, #200	@ 0xc8
10000350:	61a5      	str	r5, [r4, #24]
10000352:	f000 fe85 	bl	10001060 <sleep_ms>
10000356:	e7f0      	b.n	1000033a <main+0x1a>
10000358:	10006ab0 	.word	0x10006ab0
1000035c:	10006abc 	.word	0x10006abc

10000360 <gpio_init>:
10000360:	2301      	movs	r3, #1
10000362:	22d0      	movs	r2, #208	@ 0xd0
10000364:	4083      	lsls	r3, r0
10000366:	0612      	lsls	r2, r2, #24
10000368:	6293      	str	r3, [r2, #40]	@ 0x28
1000036a:	6193      	str	r3, [r2, #24]
1000036c:	4a09      	ldr	r2, [pc, #36]	@ (10000394 <gpio_init+0x34>)
1000036e:	0083      	lsls	r3, r0, #2
10000370:	189a      	adds	r2, r3, r2
10000372:	6811      	ldr	r1, [r2, #0]
10000374:	2240      	movs	r2, #64	@ 0x40
10000376:	4051      	eors	r1, r2
10000378:	3280      	adds	r2, #128	@ 0x80
1000037a:	400a      	ands	r2, r1
1000037c:	4906      	ldr	r1, [pc, #24]	@ (10000398 <gpio_init+0x38>)
1000037e:	00c0      	lsls	r0, r0, #3
10000380:	468c      	mov	ip, r1
10000382:	4463      	add	r3, ip
10000384:	601a      	str	r2, [r3, #0]
10000386:	4b05      	ldr	r3, [pc, #20]	@ (1000039c <gpio_init+0x3c>)
10000388:	469c      	mov	ip, r3
1000038a:	2305      	movs	r3, #5
1000038c:	4460      	add	r0, ip
1000038e:	6043      	str	r3, [r0, #4]
10000390:	4770      	bx	lr
10000392:	46c0      	nop			@ (mov r8, r8)
10000394:	4001c004 	.word	0x4001c004
10000398:	4001d004 	.word	0x4001d004
1000039c:	40014000 	.word	0x40014000

100003a0 <rp2040_chip_version>:
100003a0:	2380      	movs	r3, #128	@ 0x80
100003a2:	05db      	lsls	r3, r3, #23
100003a4:	6818      	ldr	r0, [r3, #0]
100003a6:	0f00      	lsrs	r0, r0, #28
100003a8:	4770      	bx	lr
100003aa:	46c0      	nop			@ (mov r8, r8)

100003ac <panic>:
100003ac:	b40f      	push	{r0, r1, r2, r3}
100003ae:	b500      	push	{lr}
100003b0:	4808      	ldr	r0, [pc, #32]	@ (100003d4 <panic+0x28>)
100003b2:	b083      	sub	sp, #12
100003b4:	f003 fdde 	bl	10003f74 <__wrap_puts>
100003b8:	9b04      	ldr	r3, [sp, #16]
100003ba:	2b00      	cmp	r3, #0
100003bc:	d007      	beq.n	100003ce <panic+0x22>
100003be:	a905      	add	r1, sp, #20
100003c0:	0018      	movs	r0, r3
100003c2:	9101      	str	r1, [sp, #4]
100003c4:	f003 fc36 	bl	10003c34 <weak_raw_vprintf>
100003c8:	4803      	ldr	r0, [pc, #12]	@ (100003d8 <panic+0x2c>)
100003ca:	f003 fdd3 	bl	10003f74 <__wrap_puts>
100003ce:	2001      	movs	r0, #1
100003d0:	f003 fc48 	bl	10003c64 <_exit>
100003d4:	10006ac8 	.word	0x10006ac8
100003d8:	10006ad8 	.word	0x10006ad8

100003dc <hw_claim_or_assert>:
100003dc:	b570      	push	{r4, r5, r6, lr}
100003de:	f3ef 8c10 	mrs	ip, PRIMASK
100003e2:	b672      	cpsid	i
100003e4:	4d0d      	ldr	r5, [pc, #52]	@ (1000041c <hw_claim_or_assert+0x40>)
100003e6:	682b      	ldr	r3, [r5, #0]
100003e8:	2b00      	cmp	r3, #0
100003ea:	d0fc      	beq.n	100003e6 <hw_claim_or_assert+0xa>
100003ec:	f3bf 8f5f 	dmb	sy
100003f0:	2407      	movs	r4, #7
100003f2:	08cb      	lsrs	r3, r1, #3
100003f4:	18c6      	adds	r6, r0, r3
100003f6:	5cc0      	ldrb	r0, [r0, r3]
100003f8:	2301      	movs	r3, #1
100003fa:	400c      	ands	r4, r1
100003fc:	40a3      	lsls	r3, r4
100003fe:	001c      	movs	r4, r3
10000400:	4004      	ands	r4, r0
10000402:	4203      	tst	r3, r0
10000404:	d107      	bne.n	10000416 <hw_claim_or_assert+0x3a>
10000406:	4318      	orrs	r0, r3
10000408:	7030      	strb	r0, [r6, #0]
1000040a:	f3bf 8f5f 	dmb	sy
1000040e:	602c      	str	r4, [r5, #0]
10000410:	f38c 8810 	msr	PRIMASK, ip
10000414:	bd70      	pop	{r4, r5, r6, pc}
10000416:	0010      	movs	r0, r2
10000418:	f7ff ffc8 	bl	100003ac <panic>
1000041c:	d000012c 	.word	0xd000012c

10000420 <hw_claim_unused_from_range>:
10000420:	b5f8      	push	{r3, r4, r5, r6, r7, lr}
10000422:	4647      	mov	r7, r8
10000424:	46ce      	mov	lr, r9
10000426:	4688      	mov	r8, r1
10000428:	b580      	push	{r7, lr}
1000042a:	f3ef 8c10 	mrs	ip, PRIMASK
1000042e:	b672      	cpsid	i
10000430:	4d21      	ldr	r5, [pc, #132]	@ (100004b8 <hw_claim_unused_from_range+0x98>)
10000432:	682c      	ldr	r4, [r5, #0]
10000434:	2c00      	cmp	r4, #0
10000436:	d0fc      	beq.n	10000432 <hw_claim_unused_from_range+0x12>
10000438:	f3bf 8f5f 	dmb	sy
1000043c:	429a      	cmp	r2, r3
1000043e:	d82c      	bhi.n	1000049a <hw_claim_unused_from_range+0x7a>
10000440:	08d4      	lsrs	r4, r2, #3
10000442:	2707      	movs	r7, #7
10000444:	5d05      	ldrb	r5, [r0, r4]
10000446:	1906      	adds	r6, r0, r4
10000448:	2401      	movs	r4, #1
1000044a:	4017      	ands	r7, r2
1000044c:	40bc      	lsls	r4, r7
1000044e:	422c      	tst	r4, r5
10000450:	d01f      	beq.n	10000492 <hw_claim_unused_from_range+0x72>
10000452:	2107      	movs	r1, #7
10000454:	2701      	movs	r7, #1
10000456:	4689      	mov	r9, r1
10000458:	e009      	b.n	1000046e <hw_claim_unused_from_range+0x4e>
1000045a:	08d4      	lsrs	r4, r2, #3
1000045c:	5d05      	ldrb	r5, [r0, r4]
1000045e:	1906      	adds	r6, r0, r4
10000460:	464c      	mov	r4, r9
10000462:	0039      	movs	r1, r7
10000464:	4014      	ands	r4, r2
10000466:	40a1      	lsls	r1, r4
10000468:	000c      	movs	r4, r1
1000046a:	4229      	tst	r1, r5
1000046c:	d011      	beq.n	10000492 <hw_claim_unused_from_range+0x72>
1000046e:	3201      	adds	r2, #1
10000470:	4293      	cmp	r3, r2
10000472:	d2f2      	bcs.n	1000045a <hw_claim_unused_from_range+0x3a>
10000474:	2001      	movs	r0, #1
10000476:	4240      	negs	r0, r0
10000478:	f3bf 8f5f 	dmb	sy
1000047c:	2200      	movs	r2, #0
1000047e:	4b0e      	ldr	r3, [pc, #56]	@ (100004b8 <hw_claim_unused_from_range+0x98>)
10000480:	601a      	str	r2, [r3, #0]
10000482:	f38c 8810 	msr	PRIMASK, ip
10000486:	2800      	cmp	r0, #0
10000488:	db0f      	blt.n	100004aa <hw_claim_unused_from_range+0x8a>
1000048a:	bcc0      	pop	{r6, r7}
1000048c:	46b9      	mov	r9, r7
1000048e:	46b0      	mov	r8, r6
10000490:	bdf8      	pop	{r3, r4, r5, r6, r7, pc}
10000492:	4325      	orrs	r5, r4
10000494:	0010      	movs	r0, r2
10000496:	7035      	strb	r5, [r6, #0]
10000498:	e7ee      	b.n	10000478 <hw_claim_unused_from_range+0x58>
1000049a:	f3bf 8f5f 	dmb	sy
1000049e:	2300      	movs	r3, #0
100004a0:	602b      	str	r3, [r5, #0]
100004a2:	f38c 8810 	msr	PRIMASK, ip
100004a6:	2001      	movs	r0, #1
100004a8:	4240      	negs	r0, r0
100004aa:	4643      	mov	r3, r8
100004ac:	2b00      	cmp	r3, #0
100004ae:	d0ec      	beq.n	1000048a <hw_claim_unused_from_range+0x6a>
100004b0:	9808      	ldr	r0, [sp, #32]
100004b2:	f7ff ff7b 	bl	100003ac <panic>
100004b6:	46c0      	nop			@ (mov r8, r8)
100004b8:	d000012c 	.word	0xd000012c

100004bc <next_striped_spin_lock_num>:
100004bc:	4a04      	ldr	r2, [pc, #16]	@ (100004d0 <next_striped_spin_lock_num+0x14>)
100004be:	7810      	ldrb	r0, [r2, #0]
100004c0:	1c43      	adds	r3, r0, #1
100004c2:	b2db      	uxtb	r3, r3
100004c4:	2b17      	cmp	r3, #23
100004c6:	d900      	bls.n	100004ca <next_striped_spin_lock_num+0xe>
100004c8:	2310      	movs	r3, #16
100004ca:	7013      	strb	r3, [r2, #0]
100004cc:	4770      	bx	lr
100004ce:	46c0      	nop			@ (mov r8, r8)
100004d0:	20000f50 	.word	0x20000f50

100004d4 <spin_lock_claim_unused>:
100004d4:	b510      	push	{r4, lr}
100004d6:	4b06      	ldr	r3, [pc, #24]	@ (100004f0 <spin_lock_claim_unused+0x1c>)
100004d8:	4c06      	ldr	r4, [pc, #24]	@ (100004f4 <spin_lock_claim_unused+0x20>)
100004da:	b082      	sub	sp, #8
100004dc:	0001      	movs	r1, r0
100004de:	9300      	str	r3, [sp, #0]
100004e0:	2218      	movs	r2, #24
100004e2:	231f      	movs	r3, #31
100004e4:	0020      	movs	r0, r4
100004e6:	f7ff ff9b 	bl	10000420 <hw_claim_unused_from_range>
100004ea:	b002      	add	sp, #8
100004ec:	bd10      	pop	{r4, pc}
100004ee:	46c0      	nop			@ (mov r8, r8)
100004f0:	10006adc 	.word	0x10006adc
100004f4:	20001bf8 	.word	0x20001bf8

100004f8 <spin_locks_reset>:
100004f8:	2100      	movs	r1, #0
100004fa:	4b04      	ldr	r3, [pc, #16]	@ (1000050c <spin_locks_reset+0x14>)
100004fc:	4a04      	ldr	r2, [pc, #16]	@ (10000510 <spin_locks_reset+0x18>)
100004fe:	f3bf 8f5f 	dmb	sy
10000502:	c302      	stmia	r3!, {r1}
10000504:	4293      	cmp	r3, r2
10000506:	d1fa      	bne.n	100004fe <spin_locks_reset+0x6>
10000508:	4770      	bx	lr
1000050a:	46c0      	nop			@ (mov r8, r8)
1000050c:	d0000100 	.word	0xd0000100
10000510:	d0000180 	.word	0xd0000180

10000514 <runtime_init_per_core_irq_priorities>:
10000514:	4b05      	ldr	r3, [pc, #20]	@ (1000052c <runtime_init_per_core_irq_priorities+0x18>)
10000516:	4a06      	ldr	r2, [pc, #24]	@ (10000530 <runtime_init_per_core_irq_priorities+0x1c>)
10000518:	6013      	str	r3, [r2, #0]
1000051a:	4a06      	ldr	r2, [pc, #24]	@ (10000534 <runtime_init_per_core_irq_priorities+0x20>)
1000051c:	6013      	str	r3, [r2, #0]
1000051e:	6053      	str	r3, [r2, #4]
10000520:	6093      	str	r3, [r2, #8]
10000522:	60d3      	str	r3, [r2, #12]
10000524:	6113      	str	r3, [r2, #16]
10000526:	6153      	str	r3, [r2, #20]
10000528:	6193      	str	r3, [r2, #24]
1000052a:	4770      	bx	lr
1000052c:	80808080 	.word	0x80808080
10000530:	e000e400 	.word	0xe000e400
10000534:	e000e404 	.word	0xe000e404

10000538 <irq_set_enabled>:
10000538:	231f      	movs	r3, #31
1000053a:	4018      	ands	r0, r3
1000053c:	3b1e      	subs	r3, #30
1000053e:	4083      	lsls	r3, r0
10000540:	2900      	cmp	r1, #0
10000542:	d005      	beq.n	10000550 <irq_set_enabled+0x18>
10000544:	21c0      	movs	r1, #192	@ 0xc0
10000546:	4a04      	ldr	r2, [pc, #16]	@ (10000558 <irq_set_enabled+0x20>)
10000548:	0049      	lsls	r1, r1, #1
1000054a:	5053      	str	r3, [r2, r1]
1000054c:	6013      	str	r3, [r2, #0]
1000054e:	4770      	bx	lr
10000550:	2280      	movs	r2, #128	@ 0x80
10000552:	4901      	ldr	r1, [pc, #4]	@ (10000558 <irq_set_enabled+0x20>)
10000554:	508b      	str	r3, [r1, r2]
10000556:	e7fa      	b.n	1000054e <irq_set_enabled+0x16>
10000558:	e000e100 	.word	0xe000e100

1000055c <irq_is_enabled>:
1000055c:	2201      	movs	r2, #1
1000055e:	4082      	lsls	r2, r0
10000560:	4b03      	ldr	r3, [pc, #12]	@ (10000570 <irq_is_enabled+0x14>)
10000562:	681b      	ldr	r3, [r3, #0]
10000564:	4013      	ands	r3, r2
10000566:	1e5a      	subs	r2, r3, #1
10000568:	4193      	sbcs	r3, r2
1000056a:	b2d8      	uxtb	r0, r3
1000056c:	4770      	bx	lr
1000056e:	46c0      	nop			@ (mov r8, r8)
10000570:	e000e100 	.word	0xe000e100

10000574 <irq_set_pending>:
10000574:	2301      	movs	r3, #1
10000576:	4083      	lsls	r3, r0
10000578:	4a01      	ldr	r2, [pc, #4]	@ (10000580 <irq_set_pending+0xc>)
1000057a:	6013      	str	r3, [r2, #0]
1000057c:	4770      	bx	lr
1000057e:	46c0      	nop			@ (mov r8, r8)
10000580:	e000e200 	.word	0xe000e200

10000584 <irq_has_shared_handler>:
10000584:	4b06      	ldr	r3, [pc, #24]	@ (100005a0 <irq_has_shared_handler+0x1c>)
10000586:	3010      	adds	r0, #16
10000588:	689b      	ldr	r3, [r3, #8]
1000058a:	0080      	lsls	r0, r0, #2
1000058c:	58c3      	ldr	r3, [r0, r3]
1000058e:	4a05      	ldr	r2, [pc, #20]	@ (100005a4 <irq_has_shared_handler+0x20>)
10000590:	2000      	movs	r0, #0
10000592:	1a9b      	subs	r3, r3, r2
10000594:	222f      	movs	r2, #47	@ 0x2f
10000596:	429a      	cmp	r2, r3
10000598:	4140      	adcs	r0, r0
1000059a:	b2c0      	uxtb	r0, r0
1000059c:	4770      	bx	lr
1000059e:	46c0      	nop			@ (mov r8, r8)
100005a0:	e000ed00 	.word	0xe000ed00
100005a4:	20000f54 	.word	0x20000f54

100005a8 <irq_set_exclusive_handler>:
100005a8:	b570      	push	{r4, r5, r6, lr}
100005aa:	000d      	movs	r5, r1
100005ac:	f3ef 8610 	mrs	r6, PRIMASK
100005b0:	b672      	cpsid	i
100005b2:	4a0f      	ldr	r2, [pc, #60]	@ (100005f0 <irq_set_exclusive_handler+0x48>)
100005b4:	6813      	ldr	r3, [r2, #0]
100005b6:	2b00      	cmp	r3, #0
100005b8:	d0fc      	beq.n	100005b4 <irq_set_exclusive_handler+0xc>
100005ba:	f3bf 8f5f 	dmb	sy
100005be:	4b0d      	ldr	r3, [pc, #52]	@ (100005f4 <irq_set_exclusive_handler+0x4c>)
100005c0:	3010      	adds	r0, #16
100005c2:	689b      	ldr	r3, [r3, #8]
100005c4:	0084      	lsls	r4, r0, #2
100005c6:	591b      	ldr	r3, [r3, r4]
100005c8:	4a0b      	ldr	r2, [pc, #44]	@ (100005f8 <irq_set_exclusive_handler+0x50>)
100005ca:	4293      	cmp	r3, r2
100005cc:	d003      	beq.n	100005d6 <irq_set_exclusive_handler+0x2e>
100005ce:	429d      	cmp	r5, r3
100005d0:	d001      	beq.n	100005d6 <irq_set_exclusive_handler+0x2e>
100005d2:	f001 f801 	bl	100015d8 <hard_assertion_failure>
100005d6:	4b07      	ldr	r3, [pc, #28]	@ (100005f4 <irq_set_exclusive_handler+0x4c>)
100005d8:	689b      	ldr	r3, [r3, #8]
100005da:	511d      	str	r5, [r3, r4]
100005dc:	f3bf 8f5f 	dmb	sy
100005e0:	f3bf 8f5f 	dmb	sy
100005e4:	2200      	movs	r2, #0
100005e6:	4b02      	ldr	r3, [pc, #8]	@ (100005f0 <irq_set_exclusive_handler+0x48>)
100005e8:	601a      	str	r2, [r3, #0]
100005ea:	f386 8810 	msr	PRIMASK, r6
100005ee:	bd70      	pop	{r4, r5, r6, pc}
100005f0:	d0000124 	.word	0xd0000124
100005f4:	e000ed00 	.word	0xe000ed00
100005f8:	100001cd 	.word	0x100001cd

100005fc <irq_add_shared_handler>:
100005fc:	b5f0      	push	{r4, r5, r6, r7, lr}
100005fe:	4657      	mov	r7, sl
10000600:	464e      	mov	r6, r9
10000602:	46de      	mov	lr, fp
10000604:	4645      	mov	r5, r8
10000606:	b5e0      	push	{r5, r6, r7, lr}
10000608:	b085      	sub	sp, #20
1000060a:	0006      	movs	r6, r0
1000060c:	9100      	str	r1, [sp, #0]
1000060e:	0017      	movs	r7, r2
10000610:	f3ef 8b10 	mrs	fp, PRIMASK
10000614:	b672      	cpsid	i
10000616:	4a6a      	ldr	r2, [pc, #424]	@ (100007c0 <irq_add_shared_handler+0x1c4>)
10000618:	6813      	ldr	r3, [r2, #0]
1000061a:	2b00      	cmp	r3, #0
1000061c:	d0fc      	beq.n	10000618 <irq_add_shared_handler+0x1c>
1000061e:	f3bf 8f5f 	dmb	sy
10000622:	2500      	movs	r5, #0
10000624:	4b67      	ldr	r3, [pc, #412]	@ (100007c4 <irq_add_shared_handler+0x1c8>)
10000626:	575d      	ldrsb	r5, [r3, r5]
10000628:	469a      	mov	sl, r3
1000062a:	2d00      	cmp	r5, #0
1000062c:	da00      	bge.n	10000630 <irq_add_shared_handler+0x34>
1000062e:	e0a9      	b.n	10000784 <irq_add_shared_handler+0x188>
10000630:	006b      	lsls	r3, r5, #1
10000632:	4c65      	ldr	r4, [pc, #404]	@ (100007c8 <irq_add_shared_handler+0x1cc>)
10000634:	9301      	str	r3, [sp, #4]
10000636:	195b      	adds	r3, r3, r5
10000638:	009b      	lsls	r3, r3, #2
1000063a:	4698      	mov	r8, r3
1000063c:	46a1      	mov	r9, r4
1000063e:	44c1      	add	r9, r8
10000640:	464b      	mov	r3, r9
10000642:	4652      	mov	r2, sl
10000644:	799b      	ldrb	r3, [r3, #6]
10000646:	3610      	adds	r6, #16
10000648:	7013      	strb	r3, [r2, #0]
1000064a:	4b60      	ldr	r3, [pc, #384]	@ (100007cc <irq_add_shared_handler+0x1d0>)
1000064c:	00b6      	lsls	r6, r6, #2
1000064e:	689b      	ldr	r3, [r3, #8]
10000650:	5999      	ldr	r1, [r3, r6]
10000652:	1b0b      	subs	r3, r1, r4
10000654:	2b2f      	cmp	r3, #47	@ 0x2f
10000656:	d933      	bls.n	100006c0 <irq_add_shared_handler+0xc4>
10000658:	4b5d      	ldr	r3, [pc, #372]	@ (100007d0 <irq_add_shared_handler+0x1d4>)
1000065a:	4299      	cmp	r1, r3
1000065c:	d000      	beq.n	10000660 <irq_add_shared_handler+0x64>
1000065e:	e0ac      	b.n	100007ba <irq_add_shared_handler+0x1be>
10000660:	9b01      	ldr	r3, [sp, #4]
10000662:	4642      	mov	r2, r8
10000664:	469c      	mov	ip, r3
10000666:	4b5b      	ldr	r3, [pc, #364]	@ (100007d4 <irq_add_shared_handler+0x1d8>)
10000668:	4465      	add	r5, ip
1000066a:	00ad      	lsls	r5, r5, #2
1000066c:	5363      	strh	r3, [r4, r5]
1000066e:	4b5a      	ldr	r3, [pc, #360]	@ (100007d8 <irq_add_shared_handler+0x1dc>)
10000670:	3202      	adds	r2, #2
10000672:	18a2      	adds	r2, r4, r2
10000674:	3b04      	subs	r3, #4
10000676:	1a9b      	subs	r3, r3, r2
10000678:	051b      	lsls	r3, r3, #20
1000067a:	4a58      	ldr	r2, [pc, #352]	@ (100007dc <irq_add_shared_handler+0x1e0>)
1000067c:	0d5b      	lsrs	r3, r3, #21
1000067e:	1965      	adds	r5, r4, r5
10000680:	4313      	orrs	r3, r2
10000682:	806b      	strh	r3, [r5, #2]
10000684:	4b56      	ldr	r3, [pc, #344]	@ (100007e0 <irq_add_shared_handler+0x1e4>)
10000686:	2101      	movs	r1, #1
10000688:	80ab      	strh	r3, [r5, #4]
1000068a:	23ff      	movs	r3, #255	@ 0xff
1000068c:	71ab      	strb	r3, [r5, #6]
1000068e:	9b00      	ldr	r3, [sp, #0]
10000690:	71ef      	strb	r7, [r5, #7]
10000692:	60ab      	str	r3, [r5, #8]
10000694:	464b      	mov	r3, r9
10000696:	430b      	orrs	r3, r1
10000698:	0019      	movs	r1, r3
1000069a:	4b4c      	ldr	r3, [pc, #304]	@ (100007cc <irq_add_shared_handler+0x1d0>)
1000069c:	689b      	ldr	r3, [r3, #8]
1000069e:	5199      	str	r1, [r3, r6]
100006a0:	f3bf 8f5f 	dmb	sy
100006a4:	f3bf 8f5f 	dmb	sy
100006a8:	2200      	movs	r2, #0
100006aa:	4b45      	ldr	r3, [pc, #276]	@ (100007c0 <irq_add_shared_handler+0x1c4>)
100006ac:	601a      	str	r2, [r3, #0]
100006ae:	f38b 8810 	msr	PRIMASK, fp
100006b2:	b005      	add	sp, #20
100006b4:	bcf0      	pop	{r4, r5, r6, r7}
100006b6:	46bb      	mov	fp, r7
100006b8:	46b2      	mov	sl, r6
100006ba:	46a9      	mov	r9, r5
100006bc:	46a0      	mov	r8, r4
100006be:	bdf0      	pop	{r4, r5, r6, r7, pc}
100006c0:	2001      	movs	r0, #1
100006c2:	000a      	movs	r2, r1
100006c4:	4382      	bics	r2, r0
100006c6:	79d3      	ldrb	r3, [r2, #7]
100006c8:	468c      	mov	ip, r1
100006ca:	42bb      	cmp	r3, r7
100006cc:	d831      	bhi.n	10000732 <irq_add_shared_handler+0x136>
100006ce:	4645      	mov	r5, r8
100006d0:	0013      	movs	r3, r2
100006d2:	4944      	ldr	r1, [pc, #272]	@ (100007e4 <irq_add_shared_handler+0x1e8>)
100006d4:	1b1b      	subs	r3, r3, r4
100006d6:	415b      	adcs	r3, r3
100006d8:	4359      	muls	r1, r3
100006da:	0d09      	lsrs	r1, r1, #20
100006dc:	4b3d      	ldr	r3, [pc, #244]	@ (100007d4 <irq_add_shared_handler+0x1d8>)
100006de:	5363      	strh	r3, [r4, r5]
100006e0:	4b3d      	ldr	r3, [pc, #244]	@ (100007d8 <irq_add_shared_handler+0x1dc>)
100006e2:	3502      	adds	r5, #2
100006e4:	1965      	adds	r5, r4, r5
100006e6:	3b04      	subs	r3, #4
100006e8:	1b5b      	subs	r3, r3, r5
100006ea:	051b      	lsls	r3, r3, #20
100006ec:	4d3b      	ldr	r5, [pc, #236]	@ (100007dc <irq_add_shared_handler+0x1e0>)
100006ee:	0d5b      	lsrs	r3, r3, #21
100006f0:	432b      	orrs	r3, r5
100006f2:	46aa      	mov	sl, r5
100006f4:	464d      	mov	r5, r9
100006f6:	806b      	strh	r3, [r5, #2]
100006f8:	2504      	movs	r5, #4
100006fa:	46ac      	mov	ip, r5
100006fc:	4655      	mov	r5, sl
100006fe:	44e0      	add	r8, ip
10000700:	1f13      	subs	r3, r2, #4
10000702:	4444      	add	r4, r8
10000704:	1b1b      	subs	r3, r3, r4
10000706:	051b      	lsls	r3, r3, #20
10000708:	0d5b      	lsrs	r3, r3, #21
1000070a:	431d      	orrs	r5, r3
1000070c:	464b      	mov	r3, r9
1000070e:	7199      	strb	r1, [r3, #6]
10000710:	9900      	ldr	r1, [sp, #0]
10000712:	809d      	strh	r5, [r3, #4]
10000714:	6099      	str	r1, [r3, #8]
10000716:	4649      	mov	r1, r9
10000718:	71df      	strb	r7, [r3, #7]
1000071a:	4b33      	ldr	r3, [pc, #204]	@ (100007e8 <irq_add_shared_handler+0x1ec>)
1000071c:	4301      	orrs	r1, r0
1000071e:	6013      	str	r3, [r2, #0]
10000720:	e7bb      	b.n	1000069a <irq_add_shared_handler+0x9e>
10000722:	0058      	lsls	r0, r3, #1
10000724:	18c0      	adds	r0, r0, r3
10000726:	0080      	lsls	r0, r0, #2
10000728:	1820      	adds	r0, r4, r0
1000072a:	79c1      	ldrb	r1, [r0, #7]
1000072c:	42b9      	cmp	r1, r7
1000072e:	d92f      	bls.n	10000790 <irq_add_shared_handler+0x194>
10000730:	0002      	movs	r2, r0
10000732:	2306      	movs	r3, #6
10000734:	56d3      	ldrsb	r3, [r2, r3]
10000736:	2b00      	cmp	r3, #0
10000738:	daf3      	bge.n	10000722 <irq_add_shared_handler+0x126>
1000073a:	9302      	str	r3, [sp, #8]
1000073c:	4b2b      	ldr	r3, [pc, #172]	@ (100007ec <irq_add_shared_handler+0x1f0>)
1000073e:	4661      	mov	r1, ip
10000740:	9303      	str	r3, [sp, #12]
10000742:	1d13      	adds	r3, r2, #4
10000744:	469a      	mov	sl, r3
10000746:	2304      	movs	r3, #4
10000748:	425b      	negs	r3, r3
1000074a:	469c      	mov	ip, r3
1000074c:	44e1      	add	r9, ip
1000074e:	4650      	mov	r0, sl
10000750:	464b      	mov	r3, r9
10000752:	1a1b      	subs	r3, r3, r0
10000754:	051b      	lsls	r3, r3, #20
10000756:	0d5b      	lsrs	r3, r3, #21
10000758:	469c      	mov	ip, r3
1000075a:	4b20      	ldr	r3, [pc, #128]	@ (100007dc <irq_add_shared_handler+0x1e0>)
1000075c:	7195      	strb	r5, [r2, #6]
1000075e:	4698      	mov	r8, r3
10000760:	4663      	mov	r3, ip
10000762:	4640      	mov	r0, r8
10000764:	4303      	orrs	r3, r0
10000766:	8093      	strh	r3, [r2, #4]
10000768:	9b01      	ldr	r3, [sp, #4]
1000076a:	195a      	adds	r2, r3, r5
1000076c:	0092      	lsls	r2, r2, #2
1000076e:	9b03      	ldr	r3, [sp, #12]
10000770:	18a4      	adds	r4, r4, r2
10000772:	80a3      	strh	r3, [r4, #4]
10000774:	9b02      	ldr	r3, [sp, #8]
10000776:	4a1c      	ldr	r2, [pc, #112]	@ (100007e8 <irq_add_shared_handler+0x1ec>)
10000778:	71a3      	strb	r3, [r4, #6]
1000077a:	9b00      	ldr	r3, [sp, #0]
1000077c:	6022      	str	r2, [r4, #0]
1000077e:	71e7      	strb	r7, [r4, #7]
10000780:	60a3      	str	r3, [r4, #8]
10000782:	e78a      	b.n	1000069a <irq_add_shared_handler+0x9e>
10000784:	f000 ff28 	bl	100015d8 <hard_assertion_failure>
10000788:	2500      	movs	r5, #0
1000078a:	4653      	mov	r3, sl
1000078c:	575d      	ldrsb	r5, [r3, r5]
1000078e:	e74f      	b.n	10000630 <irq_add_shared_handler+0x34>
10000790:	8890      	ldrh	r0, [r2, #4]
10000792:	9302      	str	r3, [sp, #8]
10000794:	0540      	lsls	r0, r0, #21
10000796:	1d13      	adds	r3, r2, #4
10000798:	469a      	mov	sl, r3
1000079a:	1503      	asrs	r3, r0, #20
1000079c:	4661      	mov	r1, ip
1000079e:	469c      	mov	ip, r3
100007a0:	4640      	mov	r0, r8
100007a2:	44d4      	add	ip, sl
100007a4:	4663      	mov	r3, ip
100007a6:	3004      	adds	r0, #4
100007a8:	1820      	adds	r0, r4, r0
100007aa:	1a18      	subs	r0, r3, r0
100007ac:	23e0      	movs	r3, #224	@ 0xe0
100007ae:	0500      	lsls	r0, r0, #20
100007b0:	0d40      	lsrs	r0, r0, #21
100007b2:	021b      	lsls	r3, r3, #8
100007b4:	4318      	orrs	r0, r3
100007b6:	9003      	str	r0, [sp, #12]
100007b8:	e7c5      	b.n	10000746 <irq_add_shared_handler+0x14a>
100007ba:	f000 ff0d 	bl	100015d8 <hard_assertion_failure>
100007be:	e74f      	b.n	10000660 <irq_add_shared_handler+0x64>
100007c0:	d0000124 	.word	0xd0000124
100007c4:	200020ad 	.word	0x200020ad
100007c8:	20000f54 	.word	0x20000f54
100007cc:	e000ed00 	.word	0xe000ed00
100007d0:	100001cd 	.word	0x100001cd
100007d4:	ffffa100 	.word	0xffffa100
100007d8:	20000f84 	.word	0x20000f84
100007dc:	ffffe000 	.word	0xffffe000
100007e0:	ffffbd01 	.word	0xffffbd01
100007e4:	0000aaaa 	.word	0x0000aaaa
100007e8:	47804801 	.word	0x47804801
100007ec:	0000bd01 	.word	0x0000bd01

100007f0 <irq_add_tail_to_free_list>:
100007f0:	b570      	push	{r4, r5, r6, lr}
100007f2:	2401      	movs	r4, #1
100007f4:	4304      	orrs	r4, r0
100007f6:	f3ef 8105 	mrs	r1, IPSR
100007fa:	f3ef 8c10 	mrs	ip, PRIMASK
100007fe:	b672      	cpsid	i
10000800:	4a21      	ldr	r2, [pc, #132]	@ (10000888 <irq_add_tail_to_free_list+0x98>)
10000802:	6813      	ldr	r3, [r2, #0]
10000804:	2b00      	cmp	r3, #0
10000806:	d0fc      	beq.n	10000802 <irq_add_tail_to_free_list+0x12>
10000808:	f3bf 8f5f 	dmb	sy
1000080c:	4b1f      	ldr	r3, [pc, #124]	@ (1000088c <irq_add_tail_to_free_list+0x9c>)
1000080e:	0005      	movs	r5, r0
10000810:	4a1f      	ldr	r2, [pc, #124]	@ (10000890 <irq_add_tail_to_free_list+0xa0>)
10000812:	1aed      	subs	r5, r5, r3
10000814:	416d      	adcs	r5, r5
10000816:	436a      	muls	r2, r5
10000818:	0d12      	lsrs	r2, r2, #20
1000081a:	4d1e      	ldr	r5, [pc, #120]	@ (10000894 <irq_add_tail_to_free_list+0xa4>)
1000081c:	0089      	lsls	r1, r1, #2
1000081e:	68ae      	ldr	r6, [r5, #8]
10000820:	b252      	sxtb	r2, r2
10000822:	5876      	ldr	r6, [r6, r1]
10000824:	42a6      	cmp	r6, r4
10000826:	d01c      	beq.n	10000862 <irq_add_tail_to_free_list+0x72>
10000828:	2106      	movs	r1, #6
1000082a:	5659      	ldrsb	r1, [r3, r1]
1000082c:	4291      	cmp	r1, r2
1000082e:	d01c      	beq.n	1000086a <irq_add_tail_to_free_list+0x7a>
10000830:	2112      	movs	r1, #18
10000832:	5659      	ldrsb	r1, [r3, r1]
10000834:	4291      	cmp	r1, r2
10000836:	d022      	beq.n	1000087e <irq_add_tail_to_free_list+0x8e>
10000838:	211e      	movs	r1, #30
1000083a:	5659      	ldrsb	r1, [r3, r1]
1000083c:	4291      	cmp	r1, r2
1000083e:	d020      	beq.n	10000882 <irq_add_tail_to_free_list+0x92>
10000840:	212a      	movs	r1, #42	@ 0x2a
10000842:	5659      	ldrsb	r1, [r3, r1]
10000844:	2403      	movs	r4, #3
10000846:	4291      	cmp	r1, r2
10000848:	d010      	beq.n	1000086c <irq_add_tail_to_free_list+0x7c>
1000084a:	4b13      	ldr	r3, [pc, #76]	@ (10000898 <irq_add_tail_to_free_list+0xa8>)
1000084c:	7819      	ldrb	r1, [r3, #0]
1000084e:	701a      	strb	r2, [r3, #0]
10000850:	7181      	strb	r1, [r0, #6]
10000852:	f3bf 8f5f 	dmb	sy
10000856:	2200      	movs	r2, #0
10000858:	4b0b      	ldr	r3, [pc, #44]	@ (10000888 <irq_add_tail_to_free_list+0x98>)
1000085a:	601a      	str	r2, [r3, #0]
1000085c:	f38c 8810 	msr	PRIMASK, ip
10000860:	bd70      	pop	{r4, r5, r6, pc}
10000862:	68ab      	ldr	r3, [r5, #8]
10000864:	4c0d      	ldr	r4, [pc, #52]	@ (1000089c <irq_add_tail_to_free_list+0xac>)
10000866:	505c      	str	r4, [r3, r1]
10000868:	e7ef      	b.n	1000084a <irq_add_tail_to_free_list+0x5a>
1000086a:	2400      	movs	r4, #0
1000086c:	0061      	lsls	r1, r4, #1
1000086e:	1909      	adds	r1, r1, r4
10000870:	0089      	lsls	r1, r1, #2
10000872:	185b      	adds	r3, r3, r1
10000874:	21ff      	movs	r1, #255	@ 0xff
10000876:	7199      	strb	r1, [r3, #6]
10000878:	4909      	ldr	r1, [pc, #36]	@ (100008a0 <irq_add_tail_to_free_list+0xb0>)
1000087a:	8099      	strh	r1, [r3, #4]
1000087c:	e7e5      	b.n	1000084a <irq_add_tail_to_free_list+0x5a>
1000087e:	2401      	movs	r4, #1
10000880:	e7f4      	b.n	1000086c <irq_add_tail_to_free_list+0x7c>
10000882:	2402      	movs	r4, #2
10000884:	e7f2      	b.n	1000086c <irq_add_tail_to_free_list+0x7c>
10000886:	46c0      	nop			@ (mov r8, r8)
10000888:	d0000124 	.word	0xd0000124
1000088c:	20000f54 	.word	0x20000f54
10000890:	0000aaaa 	.word	0x0000aaaa
10000894:	e000ed00 	.word	0xe000ed00
10000898:	200020ad 	.word	0x200020ad
1000089c:	100001cd 	.word	0x100001cd
100008a0:	ffffbd01 	.word	0xffffbd01

100008a4 <user_irq_claim_unused>:
100008a4:	b510      	push	{r4, lr}
100008a6:	4b08      	ldr	r3, [pc, #32]	@ (100008c8 <user_irq_claim_unused+0x24>)
100008a8:	4c08      	ldr	r4, [pc, #32]	@ (100008cc <user_irq_claim_unused+0x28>)
100008aa:	b082      	sub	sp, #8
100008ac:	0001      	movs	r1, r0
100008ae:	9300      	str	r3, [sp, #0]
100008b0:	2200      	movs	r2, #0
100008b2:	2305      	movs	r3, #5
100008b4:	0020      	movs	r0, r4
100008b6:	f7ff fdb3 	bl	10000420 <hw_claim_unused_from_range>
100008ba:	2800      	cmp	r0, #0
100008bc:	db01      	blt.n	100008c2 <user_irq_claim_unused+0x1e>
100008be:	231f      	movs	r3, #31
100008c0:	1a18      	subs	r0, r3, r0
100008c2:	b002      	add	sp, #8
100008c4:	bd10      	pop	{r4, pc}
100008c6:	46c0      	nop			@ (mov r8, r8)
100008c8:	10006af8 	.word	0x10006af8
100008cc:	200020b1 	.word	0x200020b1

100008d0 <lock_init>:
100008d0:	4b02      	ldr	r3, [pc, #8]	@ (100008dc <lock_init+0xc>)
100008d2:	469c      	mov	ip, r3
100008d4:	4461      	add	r1, ip
100008d6:	0089      	lsls	r1, r1, #2
100008d8:	6001      	str	r1, [r0, #0]
100008da:	4770      	bx	lr
100008dc:	34000040 	.word	0x34000040

100008e0 <runtime_init_mutex>:
100008e0:	b570      	push	{r4, r5, r6, lr}
100008e2:	4c11      	ldr	r4, [pc, #68]	@ (10000928 <runtime_init_mutex+0x48>)
100008e4:	4d11      	ldr	r5, [pc, #68]	@ (1000092c <runtime_init_mutex+0x4c>)
100008e6:	42ac      	cmp	r4, r5
100008e8:	d20f      	bcs.n	1000090a <runtime_init_mutex+0x2a>
100008ea:	26ff      	movs	r6, #255	@ 0xff
100008ec:	6823      	ldr	r3, [r4, #0]
100008ee:	2b00      	cmp	r3, #0
100008f0:	d00c      	beq.n	1000090c <runtime_init_mutex+0x2c>
100008f2:	f7ff fde3 	bl	100004bc <next_striped_spin_lock_num>
100008f6:	0001      	movs	r1, r0
100008f8:	0020      	movs	r0, r4
100008fa:	f7ff ffe9 	bl	100008d0 <lock_init>
100008fe:	80a6      	strh	r6, [r4, #4]
10000900:	f3bf 8f5f 	dmb	sy
10000904:	3408      	adds	r4, #8
10000906:	42ac      	cmp	r4, r5
10000908:	d3f0      	bcc.n	100008ec <runtime_init_mutex+0xc>
1000090a:	bd70      	pop	{r4, r5, r6, pc}
1000090c:	f7ff fdd6 	bl	100004bc <next_striped_spin_lock_num>
10000910:	0001      	movs	r1, r0
10000912:	0020      	movs	r0, r4
10000914:	f7ff ffdc 	bl	100008d0 <lock_init>
10000918:	7126      	strb	r6, [r4, #4]
1000091a:	f3bf 8f5f 	dmb	sy
1000091e:	3408      	adds	r4, #8
10000920:	42ac      	cmp	r4, r5
10000922:	d3e3      	bcc.n	100008ec <runtime_init_mutex+0xc>
10000924:	e7f1      	b.n	1000090a <runtime_init_mutex+0x2a>
10000926:	46c0      	nop			@ (mov r8, r8)
10000928:	20001018 	.word	0x20001018
1000092c:	20001020 	.word	0x20001020

10000930 <mutex_init>:
10000930:	b510      	push	{r4, lr}
10000932:	0004      	movs	r4, r0
10000934:	f7ff fdc2 	bl	100004bc <next_striped_spin_lock_num>
10000938:	0001      	movs	r1, r0
1000093a:	0020      	movs	r0, r4
1000093c:	f7ff ffc8 	bl	100008d0 <lock_init>
10000940:	23ff      	movs	r3, #255	@ 0xff
10000942:	7123      	strb	r3, [r4, #4]
10000944:	f3bf 8f5f 	dmb	sy
10000948:	bd10      	pop	{r4, pc}
1000094a:	46c0      	nop			@ (mov r8, r8)

1000094c <critical_section_init>:
1000094c:	b510      	push	{r4, lr}
1000094e:	0004      	movs	r4, r0
10000950:	2001      	movs	r0, #1
10000952:	f7ff fdbf 	bl	100004d4 <spin_lock_claim_unused>
10000956:	4b03      	ldr	r3, [pc, #12]	@ (10000964 <critical_section_init+0x18>)
10000958:	18c3      	adds	r3, r0, r3
1000095a:	009b      	lsls	r3, r3, #2
1000095c:	6023      	str	r3, [r4, #0]
1000095e:	f3bf 8f5f 	dmb	sy
10000962:	bd10      	pop	{r4, pc}
10000964:	34000040 	.word	0x34000040

10000968 <critical_section_init_with_lock_num>:
10000968:	4b03      	ldr	r3, [pc, #12]	@ (10000978 <critical_section_init_with_lock_num+0x10>)
1000096a:	469c      	mov	ip, r3
1000096c:	4461      	add	r1, ip
1000096e:	0089      	lsls	r1, r1, #2
10000970:	6001      	str	r1, [r0, #0]
10000972:	f3bf 8f5f 	dmb	sy
10000976:	4770      	bx	lr
10000978:	34000040 	.word	0x34000040

1000097c <sleep_until_callback>:
1000097c:	4b0a      	ldr	r3, [pc, #40]	@ (100009a8 <sleep_until_callback+0x2c>)
1000097e:	6819      	ldr	r1, [r3, #0]
10000980:	f3ef 8010 	mrs	r0, PRIMASK
10000984:	b672      	cpsid	i
10000986:	680a      	ldr	r2, [r1, #0]
10000988:	2a00      	cmp	r2, #0
1000098a:	d0fc      	beq.n	10000986 <sleep_until_callback+0xa>
1000098c:	f3bf 8f5f 	dmb	sy
10000990:	681b      	ldr	r3, [r3, #0]
10000992:	f3bf 8f5f 	dmb	sy
10000996:	2200      	movs	r2, #0
10000998:	601a      	str	r2, [r3, #0]
1000099a:	f380 8810 	msr	PRIMASK, r0
1000099e:	bf40      	sev
100009a0:	2000      	movs	r0, #0
100009a2:	2100      	movs	r1, #0
100009a4:	4770      	bx	lr
100009a6:	46c0      	nop			@ (mov r8, r8)
100009a8:	2000208c 	.word	0x2000208c

100009ac <alarm_pool_irq_handler>:
100009ac:	b5f0      	push	{r4, r5, r6, r7, lr}
100009ae:	46de      	mov	lr, fp
100009b0:	4657      	mov	r7, sl
100009b2:	464e      	mov	r6, r9
100009b4:	4645      	mov	r5, r8
100009b6:	b5e0      	push	{r5, r6, r7, lr}
100009b8:	b083      	sub	sp, #12
100009ba:	f3ef 8205 	mrs	r2, IPSR
100009be:	2303      	movs	r3, #3
100009c0:	4013      	ands	r3, r2
100009c2:	4ab5      	ldr	r2, [pc, #724]	@ (10000c98 <alarm_pool_irq_handler+0x2ec>)
100009c4:	0099      	lsls	r1, r3, #2
100009c6:	5852      	ldr	r2, [r2, r1]
100009c8:	9100      	str	r1, [sp, #0]
100009ca:	4690      	mov	r8, r2
100009cc:	2201      	movs	r2, #1
100009ce:	409a      	lsls	r2, r3
100009d0:	4693      	mov	fp, r2
100009d2:	4bb2      	ldr	r3, [pc, #712]	@ (10000c9c <alarm_pool_irq_handler+0x2f0>)
100009d4:	601a      	str	r2, [r3, #0]
100009d6:	4bb2      	ldr	r3, [pc, #712]	@ (10000ca0 <alarm_pool_irq_handler+0x2f4>)
100009d8:	9301      	str	r3, [sp, #4]
100009da:	465b      	mov	r3, fp
100009dc:	48b1      	ldr	r0, [pc, #708]	@ (10000ca4 <alarm_pool_irq_handler+0x2f8>)
100009de:	6343      	str	r3, [r0, #52]	@ 0x34
100009e0:	4643      	mov	r3, r8
100009e2:	2208      	movs	r2, #8
100009e4:	5e9b      	ldrsh	r3, [r3, r2]
100009e6:	4699      	mov	r9, r3
100009e8:	2b00      	cmp	r3, #0
100009ea:	da3a      	bge.n	10000a62 <alarm_pool_irq_handler+0xb6>
100009ec:	4643      	mov	r3, r8
100009ee:	889b      	ldrh	r3, [r3, #4]
100009f0:	b21b      	sxth	r3, r3
100009f2:	2b00      	cmp	r3, #0
100009f4:	db00      	blt.n	100009f8 <alarm_pool_irq_handler+0x4c>
100009f6:	e09d      	b.n	10000b34 <alarm_pool_irq_handler+0x188>
100009f8:	4643      	mov	r3, r8
100009fa:	799b      	ldrb	r3, [r3, #6]
100009fc:	2b00      	cmp	r3, #0
100009fe:	d000      	beq.n	10000a02 <alarm_pool_irq_handler+0x56>
10000a00:	e0e1      	b.n	10000bc6 <alarm_pool_irq_handler+0x21a>
10000a02:	4643      	mov	r3, r8
10000a04:	2408      	movs	r4, #8
10000a06:	5f1c      	ldrsh	r4, [r3, r4]
10000a08:	2c00      	cmp	r4, #0
10000a0a:	db20      	blt.n	10000a4e <alarm_pool_irq_handler+0xa2>
10000a0c:	4643      	mov	r3, r8
10000a0e:	695a      	ldr	r2, [r3, #20]
10000a10:	0063      	lsls	r3, r4, #1
10000a12:	191b      	adds	r3, r3, r4
10000a14:	00db      	lsls	r3, r3, #3
10000a16:	18d3      	adds	r3, r2, r3
10000a18:	689d      	ldr	r5, [r3, #8]
10000a1a:	68dc      	ldr	r4, [r3, #12]
10000a1c:	1c6b      	adds	r3, r5, #1
10000a1e:	d100      	bne.n	10000a22 <alarm_pool_irq_handler+0x76>
10000a20:	e103      	b.n	10000c2a <alarm_pool_irq_handler+0x27e>
10000a22:	48a0      	ldr	r0, [pc, #640]	@ (10000ca4 <alarm_pool_irq_handler+0x2f8>)
10000a24:	9900      	ldr	r1, [sp, #0]
10000a26:	4684      	mov	ip, r0
10000a28:	4461      	add	r1, ip
10000a2a:	6a82      	ldr	r2, [r0, #40]	@ 0x28
10000a2c:	690b      	ldr	r3, [r1, #16]
10000a2e:	1aae      	subs	r6, r5, r2
10000a30:	1a9b      	subs	r3, r3, r2
10000a32:	429e      	cmp	r6, r3
10000a34:	d313      	bcc.n	10000a5e <alarm_pool_irq_handler+0xb2>
10000a36:	465a      	mov	r2, fp
10000a38:	6a03      	ldr	r3, [r0, #32]
10000a3a:	421a      	tst	r2, r3
10000a3c:	d00f      	beq.n	10000a5e <alarm_pool_irq_handler+0xb2>
10000a3e:	4899      	ldr	r0, [pc, #612]	@ (10000ca4 <alarm_pool_irq_handler+0x2f8>)
10000a40:	f000 fbb0 	bl	100011a4 <timer_time_us_64>
10000a44:	428c      	cmp	r4, r1
10000a46:	dc02      	bgt.n	10000a4e <alarm_pool_irq_handler+0xa2>
10000a48:	d1c7      	bne.n	100009da <alarm_pool_irq_handler+0x2e>
10000a4a:	4285      	cmp	r5, r0
10000a4c:	d9c5      	bls.n	100009da <alarm_pool_irq_handler+0x2e>
10000a4e:	bf40      	sev
10000a50:	b003      	add	sp, #12
10000a52:	bcf0      	pop	{r4, r5, r6, r7}
10000a54:	46bb      	mov	fp, r7
10000a56:	46b2      	mov	sl, r6
10000a58:	46a9      	mov	r9, r5
10000a5a:	46a0      	mov	r8, r4
10000a5c:	bdf0      	pop	{r4, r5, r6, r7, pc}
10000a5e:	610d      	str	r5, [r1, #16]
10000a60:	e7ed      	b.n	10000a3e <alarm_pool_irq_handler+0x92>
10000a62:	4642      	mov	r2, r8
10000a64:	6952      	ldr	r2, [r2, #20]
10000a66:	005b      	lsls	r3, r3, #1
10000a68:	4692      	mov	sl, r2
10000a6a:	444b      	add	r3, r9
10000a6c:	00db      	lsls	r3, r3, #3
10000a6e:	449a      	add	sl, r3
10000a70:	4653      	mov	r3, sl
10000a72:	689e      	ldr	r6, [r3, #8]
10000a74:	68df      	ldr	r7, [r3, #12]
10000a76:	f000 fb95 	bl	100011a4 <timer_time_us_64>
10000a7a:	428f      	cmp	r7, r1
10000a7c:	dcb6      	bgt.n	100009ec <alarm_pool_irq_handler+0x40>
10000a7e:	d100      	bne.n	10000a82 <alarm_pool_irq_handler+0xd6>
10000a80:	e0f8      	b.n	10000c74 <alarm_pool_irq_handler+0x2c8>
10000a82:	2f00      	cmp	r7, #0
10000a84:	da00      	bge.n	10000a88 <alarm_pool_irq_handler+0xdc>
10000a86:	e0d9      	b.n	10000c3c <alarm_pool_irq_handler+0x290>
10000a88:	4652      	mov	r2, sl
10000a8a:	4653      	mov	r3, sl
10000a8c:	6954      	ldr	r4, [r2, #20]
10000a8e:	691b      	ldr	r3, [r3, #16]
10000a90:	9a01      	ldr	r2, [sp, #4]
10000a92:	4293      	cmp	r3, r2
10000a94:	d100      	bne.n	10000a98 <alarm_pool_irq_handler+0xec>
10000a96:	e0cc      	b.n	10000c32 <alarm_pool_irq_handler+0x286>
10000a98:	4641      	mov	r1, r8
10000a9a:	4652      	mov	r2, sl
10000a9c:	2008      	movs	r0, #8
10000a9e:	5e08      	ldrsh	r0, [r1, r0]
10000aa0:	8852      	ldrh	r2, [r2, #2]
10000aa2:	0400      	lsls	r0, r0, #16
10000aa4:	0021      	movs	r1, r4
10000aa6:	4310      	orrs	r0, r2
10000aa8:	4798      	blx	r3
10000aaa:	0004      	movs	r4, r0
10000aac:	000d      	movs	r5, r1
10000aae:	0023      	movs	r3, r4
10000ab0:	432b      	orrs	r3, r5
10000ab2:	d100      	bne.n	10000ab6 <alarm_pool_irq_handler+0x10a>
10000ab4:	e0c2      	b.n	10000c3c <alarm_pool_irq_handler+0x290>
10000ab6:	2d00      	cmp	r5, #0
10000ab8:	db00      	blt.n	10000abc <alarm_pool_irq_handler+0x110>
10000aba:	e0df      	b.n	10000c7c <alarm_pool_irq_handler+0x2d0>
10000abc:	0030      	movs	r0, r6
10000abe:	0039      	movs	r1, r7
10000ac0:	1b00      	subs	r0, r0, r4
10000ac2:	41a9      	sbcs	r1, r5
10000ac4:	4653      	mov	r3, sl
10000ac6:	6098      	str	r0, [r3, #8]
10000ac8:	60d9      	str	r1, [r3, #12]
10000aca:	2200      	movs	r2, #0
10000acc:	5e9a      	ldrsh	r2, [r3, r2]
10000ace:	2a00      	cmp	r2, #0
10000ad0:	da00      	bge.n	10000ad4 <alarm_pool_irq_handler+0x128>
10000ad2:	e78b      	b.n	100009ec <alarm_pool_irq_handler+0x40>
10000ad4:	4643      	mov	r3, r8
10000ad6:	695d      	ldr	r5, [r3, #20]
10000ad8:	0053      	lsls	r3, r2, #1
10000ada:	189c      	adds	r4, r3, r2
10000adc:	00e4      	lsls	r4, r4, #3
10000ade:	192c      	adds	r4, r5, r4
10000ae0:	68a7      	ldr	r7, [r4, #8]
10000ae2:	68e4      	ldr	r4, [r4, #12]
10000ae4:	428c      	cmp	r4, r1
10000ae6:	dd00      	ble.n	10000aea <alarm_pool_irq_handler+0x13e>
10000ae8:	e780      	b.n	100009ec <alarm_pool_irq_handler+0x40>
10000aea:	d102      	bne.n	10000af2 <alarm_pool_irq_handler+0x146>
10000aec:	4287      	cmp	r7, r0
10000aee:	d900      	bls.n	10000af2 <alarm_pool_irq_handler+0x146>
10000af0:	e77c      	b.n	100009ec <alarm_pool_irq_handler+0x40>
10000af2:	4646      	mov	r6, r8
10000af4:	8132      	strh	r2, [r6, #8]
10000af6:	3608      	adds	r6, #8
10000af8:	e00d      	b.n	10000b16 <alarm_pool_irq_handler+0x16a>
10000afa:	428c      	cmp	r4, r1
10000afc:	d100      	bne.n	10000b00 <alarm_pool_irq_handler+0x154>
10000afe:	e0c6      	b.n	10000c8e <alarm_pool_irq_handler+0x2e2>
10000b00:	001e      	movs	r6, r3
10000b02:	2300      	movs	r3, #0
10000b04:	5ef2      	ldrsh	r2, [r6, r3]
10000b06:	2a00      	cmp	r2, #0
10000b08:	db0a      	blt.n	10000b20 <alarm_pool_irq_handler+0x174>
10000b0a:	0053      	lsls	r3, r2, #1
10000b0c:	189c      	adds	r4, r3, r2
10000b0e:	00e4      	lsls	r4, r4, #3
10000b10:	192c      	adds	r4, r5, r4
10000b12:	68a7      	ldr	r7, [r4, #8]
10000b14:	68e4      	ldr	r4, [r4, #12]
10000b16:	189b      	adds	r3, r3, r2
10000b18:	00db      	lsls	r3, r3, #3
10000b1a:	18eb      	adds	r3, r5, r3
10000b1c:	428c      	cmp	r4, r1
10000b1e:	ddec      	ble.n	10000afa <alarm_pool_irq_handler+0x14e>
10000b20:	4653      	mov	r3, sl
10000b22:	801a      	strh	r2, [r3, #0]
10000b24:	464b      	mov	r3, r9
10000b26:	8033      	strh	r3, [r6, #0]
10000b28:	4643      	mov	r3, r8
10000b2a:	889b      	ldrh	r3, [r3, #4]
10000b2c:	b21b      	sxth	r3, r3
10000b2e:	2b00      	cmp	r3, #0
10000b30:	da00      	bge.n	10000b34 <alarm_pool_irq_handler+0x188>
10000b32:	e761      	b.n	100009f8 <alarm_pool_irq_handler+0x4c>
10000b34:	4643      	mov	r3, r8
10000b36:	691a      	ldr	r2, [r3, #16]
10000b38:	f3ef 8110 	mrs	r1, PRIMASK
10000b3c:	b672      	cpsid	i
10000b3e:	6813      	ldr	r3, [r2, #0]
10000b40:	2b00      	cmp	r3, #0
10000b42:	d0fc      	beq.n	10000b3e <alarm_pool_irq_handler+0x192>
10000b44:	f3bf 8f5f 	dmb	sy
10000b48:	4643      	mov	r3, r8
10000b4a:	889e      	ldrh	r6, [r3, #4]
10000b4c:	2301      	movs	r3, #1
10000b4e:	4642      	mov	r2, r8
10000b50:	425b      	negs	r3, r3
10000b52:	8093      	strh	r3, [r2, #4]
10000b54:	b236      	sxth	r6, r6
10000b56:	6913      	ldr	r3, [r2, #16]
10000b58:	f3bf 8f5f 	dmb	sy
10000b5c:	2200      	movs	r2, #0
10000b5e:	601a      	str	r2, [r3, #0]
10000b60:	f381 8810 	msr	PRIMASK, r1
10000b64:	2e00      	cmp	r6, #0
10000b66:	da00      	bge.n	10000b6a <alarm_pool_irq_handler+0x1be>
10000b68:	e746      	b.n	100009f8 <alarm_pool_irq_handler+0x4c>
10000b6a:	4643      	mov	r3, r8
10000b6c:	695d      	ldr	r5, [r3, #20]
10000b6e:	3308      	adds	r3, #8
10000b70:	4642      	mov	r2, r8
10000b72:	469c      	mov	ip, r3
10000b74:	0077      	lsls	r7, r6, #1
10000b76:	19bf      	adds	r7, r7, r6
10000b78:	00ff      	lsls	r7, r7, #3
10000b7a:	19ef      	adds	r7, r5, r7
10000b7c:	68bb      	ldr	r3, [r7, #8]
10000b7e:	4660      	mov	r0, ip
10000b80:	4698      	mov	r8, r3
10000b82:	2308      	movs	r3, #8
10000b84:	5ed1      	ldrsh	r1, [r2, r3]
10000b86:	4692      	mov	sl, r2
10000b88:	68fc      	ldr	r4, [r7, #12]
10000b8a:	2900      	cmp	r1, #0
10000b8c:	da07      	bge.n	10000b9e <alarm_pool_irq_handler+0x1f2>
10000b8e:	e00e      	b.n	10000bae <alarm_pool_irq_handler+0x202>
10000b90:	42a2      	cmp	r2, r4
10000b92:	d046      	beq.n	10000c22 <alarm_pool_irq_handler+0x276>
10000b94:	0018      	movs	r0, r3
10000b96:	2300      	movs	r3, #0
10000b98:	5ec1      	ldrsh	r1, [r0, r3]
10000b9a:	2900      	cmp	r1, #0
10000b9c:	db06      	blt.n	10000bac <alarm_pool_irq_handler+0x200>
10000b9e:	004b      	lsls	r3, r1, #1
10000ba0:	185b      	adds	r3, r3, r1
10000ba2:	00db      	lsls	r3, r3, #3
10000ba4:	18eb      	adds	r3, r5, r3
10000ba6:	68da      	ldr	r2, [r3, #12]
10000ba8:	42a2      	cmp	r2, r4
10000baa:	ddf1      	ble.n	10000b90 <alarm_pool_irq_handler+0x1e4>
10000bac:	4652      	mov	r2, sl
10000bae:	8006      	strh	r6, [r0, #0]
10000bb0:	2300      	movs	r3, #0
10000bb2:	5efe      	ldrsh	r6, [r7, r3]
10000bb4:	8039      	strh	r1, [r7, #0]
10000bb6:	2e00      	cmp	r6, #0
10000bb8:	dadc      	bge.n	10000b74 <alarm_pool_irq_handler+0x1c8>
10000bba:	4690      	mov	r8, r2
10000bbc:	4643      	mov	r3, r8
10000bbe:	799b      	ldrb	r3, [r3, #6]
10000bc0:	2b00      	cmp	r3, #0
10000bc2:	d100      	bne.n	10000bc6 <alarm_pool_irq_handler+0x21a>
10000bc4:	e71d      	b.n	10000a02 <alarm_pool_irq_handler+0x56>
10000bc6:	2300      	movs	r3, #0
10000bc8:	4642      	mov	r2, r8
10000bca:	7193      	strb	r3, [r2, #6]
10000bcc:	4643      	mov	r3, r8
10000bce:	4646      	mov	r6, r8
10000bd0:	2108      	movs	r1, #8
10000bd2:	5e59      	ldrsh	r1, [r3, r1]
10000bd4:	3608      	adds	r6, #8
10000bd6:	1c4b      	adds	r3, r1, #1
10000bd8:	d100      	bne.n	10000bdc <alarm_pool_irq_handler+0x230>
10000bda:	e738      	b.n	10000a4e <alarm_pool_irq_handler+0xa2>
10000bdc:	4647      	mov	r7, r8
10000bde:	4689      	mov	r9, r1
10000be0:	6955      	ldr	r5, [r2, #20]
10000be2:	e002      	b.n	10000bea <alarm_pool_irq_handler+0x23e>
10000be4:	0006      	movs	r6, r0
10000be6:	1c4b      	adds	r3, r1, #1
10000be8:	d018      	beq.n	10000c1c <alarm_pool_irq_handler+0x270>
10000bea:	004b      	lsls	r3, r1, #1
10000bec:	185b      	adds	r3, r3, r1
10000bee:	00db      	lsls	r3, r3, #3
10000bf0:	18e8      	adds	r0, r5, r3
10000bf2:	000a      	movs	r2, r1
10000bf4:	468c      	mov	ip, r1
10000bf6:	5ee9      	ldrsh	r1, [r5, r3]
10000bf8:	8843      	ldrh	r3, [r0, #2]
10000bfa:	b21b      	sxth	r3, r3
10000bfc:	2b00      	cmp	r3, #0
10000bfe:	daf1      	bge.n	10000be4 <alarm_pool_irq_handler+0x238>
10000c00:	2301      	movs	r3, #1
10000c02:	425b      	negs	r3, r3
10000c04:	17dc      	asrs	r4, r3, #31
10000c06:	6083      	str	r3, [r0, #8]
10000c08:	60c4      	str	r4, [r0, #12]
10000c0a:	454a      	cmp	r2, r9
10000c0c:	d003      	beq.n	10000c16 <alarm_pool_irq_handler+0x26a>
10000c0e:	8031      	strh	r1, [r6, #0]
10000c10:	893b      	ldrh	r3, [r7, #8]
10000c12:	8003      	strh	r3, [r0, #0]
10000c14:	813a      	strh	r2, [r7, #8]
10000c16:	46e1      	mov	r9, ip
10000c18:	1c4b      	adds	r3, r1, #1
10000c1a:	d1e6      	bne.n	10000bea <alarm_pool_irq_handler+0x23e>
10000c1c:	46b8      	mov	r8, r7
10000c1e:	464c      	mov	r4, r9
10000c20:	e6f2      	b.n	10000a08 <alarm_pool_irq_handler+0x5c>
10000c22:	689a      	ldr	r2, [r3, #8]
10000c24:	4542      	cmp	r2, r8
10000c26:	d9b5      	bls.n	10000b94 <alarm_pool_irq_handler+0x1e8>
10000c28:	e7c0      	b.n	10000bac <alarm_pool_irq_handler+0x200>
10000c2a:	1c63      	adds	r3, r4, #1
10000c2c:	d000      	beq.n	10000c30 <alarm_pool_irq_handler+0x284>
10000c2e:	e6f8      	b.n	10000a22 <alarm_pool_irq_handler+0x76>
10000c30:	e705      	b.n	10000a3e <alarm_pool_irq_handler+0x92>
10000c32:	0020      	movs	r0, r4
10000c34:	6923      	ldr	r3, [r4, #16]
10000c36:	4798      	blx	r3
10000c38:	2800      	cmp	r0, #0
10000c3a:	d125      	bne.n	10000c88 <alarm_pool_irq_handler+0x2dc>
10000c3c:	4653      	mov	r3, sl
10000c3e:	4642      	mov	r2, r8
10000c40:	881b      	ldrh	r3, [r3, #0]
10000c42:	8113      	strh	r3, [r2, #8]
10000c44:	6912      	ldr	r2, [r2, #16]
10000c46:	f3ef 8310 	mrs	r3, PRIMASK
10000c4a:	b672      	cpsid	i
10000c4c:	6811      	ldr	r1, [r2, #0]
10000c4e:	2900      	cmp	r1, #0
10000c50:	d0fc      	beq.n	10000c4c <alarm_pool_irq_handler+0x2a0>
10000c52:	f3bf 8f5f 	dmb	sy
10000c56:	4642      	mov	r2, r8
10000c58:	4651      	mov	r1, sl
10000c5a:	8852      	ldrh	r2, [r2, #2]
10000c5c:	800a      	strh	r2, [r1, #0]
10000c5e:	4642      	mov	r2, r8
10000c60:	4649      	mov	r1, r9
10000c62:	8051      	strh	r1, [r2, #2]
10000c64:	6912      	ldr	r2, [r2, #16]
10000c66:	f3bf 8f5f 	dmb	sy
10000c6a:	2100      	movs	r1, #0
10000c6c:	6011      	str	r1, [r2, #0]
10000c6e:	f383 8810 	msr	PRIMASK, r3
10000c72:	e6bb      	b.n	100009ec <alarm_pool_irq_handler+0x40>
10000c74:	4286      	cmp	r6, r0
10000c76:	d800      	bhi.n	10000c7a <alarm_pool_irq_handler+0x2ce>
10000c78:	e703      	b.n	10000a82 <alarm_pool_irq_handler+0xd6>
10000c7a:	e6b7      	b.n	100009ec <alarm_pool_irq_handler+0x40>
10000c7c:	4809      	ldr	r0, [pc, #36]	@ (10000ca4 <alarm_pool_irq_handler+0x2f8>)
10000c7e:	f000 fa91 	bl	100011a4 <timer_time_us_64>
10000c82:	1900      	adds	r0, r0, r4
10000c84:	4169      	adcs	r1, r5
10000c86:	e71d      	b.n	10000ac4 <alarm_pool_irq_handler+0x118>
10000c88:	6865      	ldr	r5, [r4, #4]
10000c8a:	6824      	ldr	r4, [r4, #0]
10000c8c:	e70f      	b.n	10000aae <alarm_pool_irq_handler+0x102>
10000c8e:	4287      	cmp	r7, r0
10000c90:	d800      	bhi.n	10000c94 <alarm_pool_irq_handler+0x2e8>
10000c92:	e735      	b.n	10000b00 <alarm_pool_irq_handler+0x154>
10000c94:	e744      	b.n	10000b20 <alarm_pool_irq_handler+0x174>
10000c96:	46c0      	nop			@ (mov r8, r8)
10000c98:	20002070 	.word	0x20002070
10000c9c:	4005703c 	.word	0x4005703c
10000ca0:	100009ad 	.word	0x100009ad
10000ca4:	40054000 	.word	0x40054000

10000ca8 <runtime_init_default_alarm_pool>:
10000ca8:	b570      	push	{r4, r5, r6, lr}
10000caa:	4c2e      	ldr	r4, [pc, #184]	@ (10000d64 <runtime_init_default_alarm_pool+0xbc>)
10000cac:	6925      	ldr	r5, [r4, #16]
10000cae:	2d00      	cmp	r5, #0
10000cb0:	d004      	beq.n	10000cbc <runtime_init_default_alarm_pool+0x14>
10000cb2:	210a      	movs	r1, #10
10000cb4:	482c      	ldr	r0, [pc, #176]	@ (10000d68 <runtime_init_default_alarm_pool+0xc0>)
10000cb6:	f7ff fe0b 	bl	100008d0 <lock_init>
10000cba:	bd70      	pop	{r4, r5, r6, pc}
10000cbc:	4e2b      	ldr	r6, [pc, #172]	@ (10000d6c <runtime_init_default_alarm_pool+0xc4>)
10000cbe:	2103      	movs	r1, #3
10000cc0:	0030      	movs	r0, r6
10000cc2:	f000 fa65 	bl	10001190 <timer_hardware_alarm_claim>
10000cc6:	60e6      	str	r6, [r4, #12]
10000cc8:	f7ff fbf8 	bl	100004bc <next_striped_spin_lock_num>
10000ccc:	4b28      	ldr	r3, [pc, #160]	@ (10000d70 <runtime_init_default_alarm_pool+0xc8>)
10000cce:	2203      	movs	r2, #3
10000cd0:	469c      	mov	ip, r3
10000cd2:	23d0      	movs	r3, #208	@ 0xd0
10000cd4:	7022      	strb	r2, [r4, #0]
10000cd6:	061b      	lsls	r3, r3, #24
10000cd8:	681b      	ldr	r3, [r3, #0]
10000cda:	2101      	movs	r1, #1
10000cdc:	7063      	strb	r3, [r4, #1]
10000cde:	4b25      	ldr	r3, [pc, #148]	@ (10000d74 <runtime_init_default_alarm_pool+0xcc>)
10000ce0:	4460      	add	r0, ip
10000ce2:	60a3      	str	r3, [r4, #8]
10000ce4:	230f      	movs	r3, #15
10000ce6:	0080      	lsls	r0, r0, #2
10000ce8:	6120      	str	r0, [r4, #16]
10000cea:	2002      	movs	r0, #2
10000cec:	8063      	strh	r3, [r4, #2]
10000cee:	6963      	ldr	r3, [r4, #20]
10000cf0:	4249      	negs	r1, r1
10000cf2:	80a1      	strh	r1, [r4, #4]
10000cf4:	8019      	strh	r1, [r3, #0]
10000cf6:	3102      	adds	r1, #2
10000cf8:	8619      	strh	r1, [r3, #48]	@ 0x30
10000cfa:	3147      	adds	r1, #71	@ 0x47
10000cfc:	831d      	strh	r5, [r3, #24]
10000cfe:	5258      	strh	r0, [r3, r1]
10000d00:	3118      	adds	r1, #24
10000d02:	525a      	strh	r2, [r3, r1]
10000d04:	3275      	adds	r2, #117	@ 0x75
10000d06:	395c      	subs	r1, #92	@ 0x5c
10000d08:	5299      	strh	r1, [r3, r2]
10000d0a:	3218      	adds	r2, #24
10000d0c:	3101      	adds	r1, #1
10000d0e:	5299      	strh	r1, [r3, r2]
10000d10:	3218      	adds	r2, #24
10000d12:	3101      	adds	r1, #1
10000d14:	5299      	strh	r1, [r3, r2]
10000d16:	3218      	adds	r2, #24
10000d18:	3101      	adds	r1, #1
10000d1a:	5299      	strh	r1, [r3, r2]
10000d1c:	3508      	adds	r5, #8
10000d1e:	3218      	adds	r2, #24
10000d20:	529d      	strh	r5, [r3, r2]
10000d22:	3102      	adds	r1, #2
10000d24:	3218      	adds	r2, #24
10000d26:	5299      	strh	r1, [r3, r2]
10000d28:	3218      	adds	r2, #24
10000d2a:	3101      	adds	r1, #1
10000d2c:	5299      	strh	r1, [r3, r2]
10000d2e:	3218      	adds	r2, #24
10000d30:	3101      	adds	r1, #1
10000d32:	5299      	strh	r1, [r3, r2]
10000d34:	3218      	adds	r2, #24
10000d36:	3101      	adds	r1, #1
10000d38:	5299      	strh	r1, [r3, r2]
10000d3a:	3218      	adds	r2, #24
10000d3c:	3101      	adds	r1, #1
10000d3e:	5299      	strh	r1, [r3, r2]
10000d40:	3218      	adds	r2, #24
10000d42:	3101      	adds	r1, #1
10000d44:	5299      	strh	r1, [r3, r2]
10000d46:	4b0c      	ldr	r3, [pc, #48]	@ (10000d78 <runtime_init_default_alarm_pool+0xd0>)
10000d48:	490c      	ldr	r1, [pc, #48]	@ (10000d7c <runtime_init_default_alarm_pool+0xd4>)
10000d4a:	60dc      	str	r4, [r3, #12]
10000d4c:	3001      	adds	r0, #1
10000d4e:	6235      	str	r5, [r6, #32]
10000d50:	f7ff fc2a 	bl	100005a8 <irq_set_exclusive_handler>
10000d54:	2101      	movs	r1, #1
10000d56:	2003      	movs	r0, #3
10000d58:	f7ff fbee 	bl	10000538 <irq_set_enabled>
10000d5c:	4b08      	ldr	r3, [pc, #32]	@ (10000d80 <runtime_init_default_alarm_pool+0xd8>)
10000d5e:	601d      	str	r5, [r3, #0]
10000d60:	e7a7      	b.n	10000cb2 <runtime_init_default_alarm_pool+0xa>
10000d62:	46c0      	nop			@ (mov r8, r8)
10000d64:	20000f9c 	.word	0x20000f9c
10000d68:	2000208c 	.word	0x2000208c
10000d6c:	40054000 	.word	0x40054000
10000d70:	34000040 	.word	0x34000040
10000d74:	0010ffff 	.word	0x0010ffff
10000d78:	20002070 	.word	0x20002070
10000d7c:	100009ad 	.word	0x100009ad
10000d80:	40056038 	.word	0x40056038

10000d84 <alarm_pool_get_default>:
10000d84:	4800      	ldr	r0, [pc, #0]	@ (10000d88 <alarm_pool_get_default+0x4>)
10000d86:	4770      	bx	lr
10000d88:	20000f9c 	.word	0x20000f9c

10000d8c <alarm_pool_add_alarm_at>:
10000d8c:	b5f8      	push	{r3, r4, r5, r6, r7, lr}
10000d8e:	001f      	movs	r7, r3
10000d90:	ab08      	add	r3, sp, #32
10000d92:	781b      	ldrb	r3, [r3, #0]
10000d94:	0004      	movs	r4, r0
10000d96:	0016      	movs	r6, r2
10000d98:	2b00      	cmp	r3, #0
10000d9a:	d108      	bne.n	10000dae <alarm_pool_add_alarm_at+0x22>
10000d9c:	f000 fa0a 	bl	100011b4 <time_us_64>
10000da0:	0032      	movs	r2, r6
10000da2:	003b      	movs	r3, r7
10000da4:	1a12      	subs	r2, r2, r0
10000da6:	418b      	sbcs	r3, r1
10000da8:	2b00      	cmp	r3, #0
10000daa:	da00      	bge.n	10000dae <alarm_pool_add_alarm_at+0x22>
10000dac:	e053      	b.n	10000e56 <alarm_pool_add_alarm_at+0xca>
10000dae:	6922      	ldr	r2, [r4, #16]
10000db0:	f3ef 8010 	mrs	r0, PRIMASK
10000db4:	b672      	cpsid	i
10000db6:	6813      	ldr	r3, [r2, #0]
10000db8:	2b00      	cmp	r3, #0
10000dba:	d0fc      	beq.n	10000db6 <alarm_pool_add_alarm_at+0x2a>
10000dbc:	f3bf 8f5f 	dmb	sy
10000dc0:	2302      	movs	r3, #2
10000dc2:	5ee1      	ldrsh	r1, [r4, r3]
10000dc4:	6963      	ldr	r3, [r4, #20]
10000dc6:	004a      	lsls	r2, r1, #1
10000dc8:	1852      	adds	r2, r2, r1
10000dca:	00d2      	lsls	r2, r2, #3
10000dcc:	189b      	adds	r3, r3, r2
10000dce:	2900      	cmp	r1, #0
10000dd0:	db37      	blt.n	10000e42 <alarm_pool_add_alarm_at+0xb6>
10000dd2:	881a      	ldrh	r2, [r3, #0]
10000dd4:	8062      	strh	r2, [r4, #2]
10000dd6:	6922      	ldr	r2, [r4, #16]
10000dd8:	f3bf 8f5f 	dmb	sy
10000ddc:	2500      	movs	r5, #0
10000dde:	6015      	str	r5, [r2, #0]
10000de0:	f380 8810 	msr	PRIMASK, r0
10000de4:	9a06      	ldr	r2, [sp, #24]
10000de6:	609e      	str	r6, [r3, #8]
10000de8:	60df      	str	r7, [r3, #12]
10000dea:	611a      	str	r2, [r3, #16]
10000dec:	9a07      	ldr	r2, [sp, #28]
10000dee:	615a      	str	r2, [r3, #20]
10000df0:	885a      	ldrh	r2, [r3, #2]
10000df2:	3201      	adds	r2, #1
10000df4:	0452      	lsls	r2, r2, #17
10000df6:	0c52      	lsrs	r2, r2, #17
10000df8:	1c10      	adds	r0, r2, #0
10000dfa:	2a00      	cmp	r2, #0
10000dfc:	d01f      	beq.n	10000e3e <alarm_pool_add_alarm_at+0xb2>
10000dfe:	b282      	uxth	r2, r0
10000e00:	8058      	strh	r0, [r3, #2]
10000e02:	0408      	lsls	r0, r1, #16
10000e04:	4310      	orrs	r0, r2
10000e06:	6926      	ldr	r6, [r4, #16]
10000e08:	f3ef 8710 	mrs	r7, PRIMASK
10000e0c:	b672      	cpsid	i
10000e0e:	6832      	ldr	r2, [r6, #0]
10000e10:	2a00      	cmp	r2, #0
10000e12:	d0fc      	beq.n	10000e0e <alarm_pool_add_alarm_at+0x82>
10000e14:	f3bf 8f5f 	dmb	sy
10000e18:	88a2      	ldrh	r2, [r4, #4]
10000e1a:	801a      	strh	r2, [r3, #0]
10000e1c:	80a1      	strh	r1, [r4, #4]
10000e1e:	6923      	ldr	r3, [r4, #16]
10000e20:	f3bf 8f5f 	dmb	sy
10000e24:	2200      	movs	r2, #0
10000e26:	601a      	str	r2, [r3, #0]
10000e28:	f387 8810 	msr	PRIMASK, r7
10000e2c:	490b      	ldr	r1, [pc, #44]	@ (10000e5c <alarm_pool_add_alarm_at+0xd0>)
10000e2e:	7823      	ldrb	r3, [r4, #0]
10000e30:	468c      	mov	ip, r1
10000e32:	3201      	adds	r2, #1
10000e34:	409a      	lsls	r2, r3
10000e36:	68e3      	ldr	r3, [r4, #12]
10000e38:	4463      	add	r3, ip
10000e3a:	601a      	str	r2, [r3, #0]
10000e3c:	bdf8      	pop	{r3, r4, r5, r6, r7, pc}
10000e3e:	2001      	movs	r0, #1
10000e40:	e7dd      	b.n	10000dfe <alarm_pool_add_alarm_at+0x72>
10000e42:	6923      	ldr	r3, [r4, #16]
10000e44:	f3bf 8f5f 	dmb	sy
10000e48:	2200      	movs	r2, #0
10000e4a:	601a      	str	r2, [r3, #0]
10000e4c:	f380 8810 	msr	PRIMASK, r0
10000e50:	2001      	movs	r0, #1
10000e52:	4240      	negs	r0, r0
10000e54:	e7f2      	b.n	10000e3c <alarm_pool_add_alarm_at+0xb0>
10000e56:	2000      	movs	r0, #0
10000e58:	e7f0      	b.n	10000e3c <alarm_pool_add_alarm_at+0xb0>
10000e5a:	46c0      	nop			@ (mov r8, r8)
10000e5c:	0000203c 	.word	0x0000203c

10000e60 <alarm_pool_add_alarm_at_force_in_context>:
10000e60:	b570      	push	{r4, r5, r6, lr}
10000e62:	0001      	movs	r1, r0
10000e64:	6904      	ldr	r4, [r0, #16]
10000e66:	f3ef 8c10 	mrs	ip, PRIMASK
10000e6a:	b672      	cpsid	i
10000e6c:	6820      	ldr	r0, [r4, #0]
10000e6e:	2800      	cmp	r0, #0
10000e70:	d0fc      	beq.n	10000e6c <alarm_pool_add_alarm_at_force_in_context+0xc>
10000e72:	f3bf 8f5f 	dmb	sy
10000e76:	2002      	movs	r0, #2
10000e78:	5e0d      	ldrsh	r5, [r1, r0]
10000e7a:	694c      	ldr	r4, [r1, #20]
10000e7c:	0068      	lsls	r0, r5, #1
10000e7e:	1940      	adds	r0, r0, r5
10000e80:	00c0      	lsls	r0, r0, #3
10000e82:	1824      	adds	r4, r4, r0
10000e84:	2d00      	cmp	r5, #0
10000e86:	db37      	blt.n	10000ef8 <alarm_pool_add_alarm_at_force_in_context+0x98>
10000e88:	8820      	ldrh	r0, [r4, #0]
10000e8a:	8048      	strh	r0, [r1, #2]
10000e8c:	6908      	ldr	r0, [r1, #16]
10000e8e:	f3bf 8f5f 	dmb	sy
10000e92:	2600      	movs	r6, #0
10000e94:	6006      	str	r6, [r0, #0]
10000e96:	f38c 8810 	msr	PRIMASK, ip
10000e9a:	60e3      	str	r3, [r4, #12]
10000e9c:	8863      	ldrh	r3, [r4, #2]
10000e9e:	9804      	ldr	r0, [sp, #16]
10000ea0:	3301      	adds	r3, #1
10000ea2:	6120      	str	r0, [r4, #16]
10000ea4:	045b      	lsls	r3, r3, #17
10000ea6:	9805      	ldr	r0, [sp, #20]
10000ea8:	0c5b      	lsrs	r3, r3, #17
10000eaa:	60a2      	str	r2, [r4, #8]
10000eac:	6160      	str	r0, [r4, #20]
10000eae:	1c1a      	adds	r2, r3, #0
10000eb0:	2b00      	cmp	r3, #0
10000eb2:	d01f      	beq.n	10000ef4 <alarm_pool_add_alarm_at_force_in_context+0x94>
10000eb4:	b293      	uxth	r3, r2
10000eb6:	0428      	lsls	r0, r5, #16
10000eb8:	8062      	strh	r2, [r4, #2]
10000eba:	4318      	orrs	r0, r3
10000ebc:	690a      	ldr	r2, [r1, #16]
10000ebe:	f3ef 8c10 	mrs	ip, PRIMASK
10000ec2:	b672      	cpsid	i
10000ec4:	6813      	ldr	r3, [r2, #0]
10000ec6:	2b00      	cmp	r3, #0
10000ec8:	d0fc      	beq.n	10000ec4 <alarm_pool_add_alarm_at_force_in_context+0x64>
10000eca:	f3bf 8f5f 	dmb	sy
10000ece:	888b      	ldrh	r3, [r1, #4]
10000ed0:	8023      	strh	r3, [r4, #0]
10000ed2:	808d      	strh	r5, [r1, #4]
10000ed4:	690b      	ldr	r3, [r1, #16]
10000ed6:	f3bf 8f5f 	dmb	sy
10000eda:	2200      	movs	r2, #0
10000edc:	601a      	str	r2, [r3, #0]
10000ede:	f38c 8810 	msr	PRIMASK, ip
10000ee2:	780b      	ldrb	r3, [r1, #0]
10000ee4:	3201      	adds	r2, #1
10000ee6:	409a      	lsls	r2, r3
10000ee8:	68cb      	ldr	r3, [r1, #12]
10000eea:	4908      	ldr	r1, [pc, #32]	@ (10000f0c <alarm_pool_add_alarm_at_force_in_context+0xac>)
10000eec:	468c      	mov	ip, r1
10000eee:	4463      	add	r3, ip
10000ef0:	601a      	str	r2, [r3, #0]
10000ef2:	bd70      	pop	{r4, r5, r6, pc}
10000ef4:	2201      	movs	r2, #1
10000ef6:	e7dd      	b.n	10000eb4 <alarm_pool_add_alarm_at_force_in_context+0x54>
10000ef8:	690b      	ldr	r3, [r1, #16]
10000efa:	f3bf 8f5f 	dmb	sy
10000efe:	2200      	movs	r2, #0
10000f00:	601a      	str	r2, [r3, #0]
10000f02:	f38c 8810 	msr	PRIMASK, ip
10000f06:	2001      	movs	r0, #1
10000f08:	4240      	negs	r0, r0
10000f0a:	e7f2      	b.n	10000ef2 <alarm_pool_add_alarm_at_force_in_context+0x92>
10000f0c:	0000203c 	.word	0x0000203c

10000f10 <alarm_pool_cancel_alarm>:
10000f10:	b510      	push	{r4, lr}
10000f12:	8943      	ldrh	r3, [r0, #10]
10000f14:	140a      	asrs	r2, r1, #16
10000f16:	4293      	cmp	r3, r2
10000f18:	dd1a      	ble.n	10000f50 <alarm_pool_cancel_alarm+0x40>
10000f1a:	0053      	lsls	r3, r2, #1
10000f1c:	189b      	adds	r3, r3, r2
10000f1e:	6942      	ldr	r2, [r0, #20]
10000f20:	00db      	lsls	r3, r3, #3
10000f22:	18d3      	adds	r3, r2, r3
10000f24:	6904      	ldr	r4, [r0, #16]
10000f26:	f3ef 8c10 	mrs	ip, PRIMASK
10000f2a:	b672      	cpsid	i
10000f2c:	6822      	ldr	r2, [r4, #0]
10000f2e:	2a00      	cmp	r2, #0
10000f30:	d0fc      	beq.n	10000f2c <alarm_pool_cancel_alarm+0x1c>
10000f32:	f3bf 8f5f 	dmb	sy
10000f36:	885a      	ldrh	r2, [r3, #2]
10000f38:	0409      	lsls	r1, r1, #16
10000f3a:	b294      	uxth	r4, r2
10000f3c:	0c09      	lsrs	r1, r1, #16
10000f3e:	428a      	cmp	r2, r1
10000f40:	d008      	beq.n	10000f54 <alarm_pool_cancel_alarm+0x44>
10000f42:	6903      	ldr	r3, [r0, #16]
10000f44:	f3bf 8f5f 	dmb	sy
10000f48:	2200      	movs	r2, #0
10000f4a:	601a      	str	r2, [r3, #0]
10000f4c:	f38c 8810 	msr	PRIMASK, ip
10000f50:	2000      	movs	r0, #0
10000f52:	bd10      	pop	{r4, pc}
10000f54:	2280      	movs	r2, #128	@ 0x80
10000f56:	0212      	lsls	r2, r2, #8
10000f58:	4314      	orrs	r4, r2
10000f5a:	805c      	strh	r4, [r3, #2]
10000f5c:	2301      	movs	r3, #1
10000f5e:	6902      	ldr	r2, [r0, #16]
10000f60:	7183      	strb	r3, [r0, #6]
10000f62:	f3bf 8f5f 	dmb	sy
10000f66:	2100      	movs	r1, #0
10000f68:	6011      	str	r1, [r2, #0]
10000f6a:	f38c 8810 	msr	PRIMASK, ip
10000f6e:	4904      	ldr	r1, [pc, #16]	@ (10000f80 <alarm_pool_cancel_alarm+0x70>)
10000f70:	7802      	ldrb	r2, [r0, #0]
10000f72:	468c      	mov	ip, r1
10000f74:	4093      	lsls	r3, r2
10000f76:	68c2      	ldr	r2, [r0, #12]
10000f78:	2001      	movs	r0, #1
10000f7a:	4462      	add	r2, ip
10000f7c:	6013      	str	r3, [r2, #0]
10000f7e:	e7e8      	b.n	10000f52 <alarm_pool_cancel_alarm+0x42>
10000f80:	0000203c 	.word	0x0000203c

10000f84 <alarm_pool_core_num>:
10000f84:	7840      	ldrb	r0, [r0, #1]
10000f86:	4770      	bx	lr

10000f88 <sleep_until>:
10000f88:	b5f0      	push	{r4, r5, r6, r7, lr}
10000f8a:	0004      	movs	r4, r0
10000f8c:	000d      	movs	r5, r1
10000f8e:	2606      	movs	r6, #6
10000f90:	4276      	negs	r6, r6
10000f92:	17f7      	asrs	r7, r6, #31
10000f94:	46c6      	mov	lr, r8
10000f96:	1936      	adds	r6, r6, r4
10000f98:	416f      	adcs	r7, r5
10000f9a:	b500      	push	{lr}
10000f9c:	b082      	sub	sp, #8
10000f9e:	428f      	cmp	r7, r1
10000fa0:	d814      	bhi.n	10000fcc <sleep_until+0x44>
10000fa2:	d011      	beq.n	10000fc8 <sleep_until+0x40>
10000fa4:	f000 f906 	bl	100011b4 <time_us_64>
10000fa8:	0032      	movs	r2, r6
10000faa:	003b      	movs	r3, r7
10000fac:	1a12      	subs	r2, r2, r0
10000fae:	418b      	sbcs	r3, r1
10000fb0:	2b00      	cmp	r3, #0
10000fb2:	dc17      	bgt.n	10000fe4 <sleep_until+0x5c>
10000fb4:	2b00      	cmp	r3, #0
10000fb6:	d047      	beq.n	10001048 <sleep_until+0xc0>
10000fb8:	0020      	movs	r0, r4
10000fba:	0029      	movs	r1, r5
10000fbc:	f000 f904 	bl	100011c8 <busy_wait_until>
10000fc0:	b002      	add	sp, #8
10000fc2:	bc80      	pop	{r7}
10000fc4:	46b8      	mov	r8, r7
10000fc6:	bdf0      	pop	{r4, r5, r6, r7, pc}
10000fc8:	4286      	cmp	r6, r0
10000fca:	d9eb      	bls.n	10000fa4 <sleep_until+0x1c>
10000fcc:	2200      	movs	r2, #0
10000fce:	2300      	movs	r3, #0
10000fd0:	0016      	movs	r6, r2
10000fd2:	001f      	movs	r7, r3
10000fd4:	f000 f8ee 	bl	100011b4 <time_us_64>
10000fd8:	0032      	movs	r2, r6
10000fda:	003b      	movs	r3, r7
10000fdc:	1a12      	subs	r2, r2, r0
10000fde:	418b      	sbcs	r3, r1
10000fe0:	2b00      	cmp	r3, #0
10000fe2:	dde7      	ble.n	10000fb4 <sleep_until+0x2c>
10000fe4:	f000 f8e6 	bl	100011b4 <time_us_64>
10000fe8:	0032      	movs	r2, r6
10000fea:	003b      	movs	r3, r7
10000fec:	1a12      	subs	r2, r2, r0
10000fee:	418b      	sbcs	r3, r1
10000ff0:	2b00      	cmp	r3, #0
10000ff2:	db0a      	blt.n	1000100a <sleep_until+0x82>
10000ff4:	2300      	movs	r3, #0
10000ff6:	9301      	str	r3, [sp, #4]
10000ff8:	4b15      	ldr	r3, [pc, #84]	@ (10001050 <sleep_until+0xc8>)
10000ffa:	0032      	movs	r2, r6
10000ffc:	9300      	str	r3, [sp, #0]
10000ffe:	4815      	ldr	r0, [pc, #84]	@ (10001054 <sleep_until+0xcc>)
10001000:	003b      	movs	r3, r7
10001002:	f7ff ff2d 	bl	10000e60 <alarm_pool_add_alarm_at_force_in_context>
10001006:	2800      	cmp	r0, #0
10001008:	dbd6      	blt.n	10000fb8 <sleep_until+0x30>
1000100a:	2300      	movs	r3, #0
1000100c:	469c      	mov	ip, r3
1000100e:	46b0      	mov	r8, r6
10001010:	4a11      	ldr	r2, [pc, #68]	@ (10001058 <sleep_until+0xd0>)
10001012:	4e12      	ldr	r6, [pc, #72]	@ (1000105c <sleep_until+0xd4>)
10001014:	6a73      	ldr	r3, [r6, #36]	@ 0x24
10001016:	429f      	cmp	r7, r3
10001018:	d804      	bhi.n	10001024 <sleep_until+0x9c>
1000101a:	6ab1      	ldr	r1, [r6, #40]	@ 0x28
1000101c:	4588      	cmp	r8, r1
1000101e:	d9cb      	bls.n	10000fb8 <sleep_until+0x30>
10001020:	429f      	cmp	r7, r3
10001022:	d1c9      	bne.n	10000fb8 <sleep_until+0x30>
10001024:	6811      	ldr	r1, [r2, #0]
10001026:	f3ef 8010 	mrs	r0, PRIMASK
1000102a:	b672      	cpsid	i
1000102c:	680b      	ldr	r3, [r1, #0]
1000102e:	2b00      	cmp	r3, #0
10001030:	d0fc      	beq.n	1000102c <sleep_until+0xa4>
10001032:	f3bf 8f5f 	dmb	sy
10001036:	6813      	ldr	r3, [r2, #0]
10001038:	f3bf 8f5f 	dmb	sy
1000103c:	4661      	mov	r1, ip
1000103e:	6019      	str	r1, [r3, #0]
10001040:	f380 8810 	msr	PRIMASK, r0
10001044:	bf20      	wfe
10001046:	e7e5      	b.n	10001014 <sleep_until+0x8c>
10001048:	2a00      	cmp	r2, #0
1000104a:	d0b5      	beq.n	10000fb8 <sleep_until+0x30>
1000104c:	e7ca      	b.n	10000fe4 <sleep_until+0x5c>
1000104e:	46c0      	nop			@ (mov r8, r8)
10001050:	1000097d 	.word	0x1000097d
10001054:	20000f9c 	.word	0x20000f9c
10001058:	2000208c 	.word	0x2000208c
1000105c:	40054000 	.word	0x40054000

10001060 <sleep_ms>:
10001060:	b570      	push	{r4, r5, r6, lr}
10001062:	0006      	movs	r6, r0
10001064:	f000 f8a6 	bl	100011b4 <time_us_64>
10001068:	22fa      	movs	r2, #250	@ 0xfa
1000106a:	0004      	movs	r4, r0
1000106c:	000d      	movs	r5, r1
1000106e:	2300      	movs	r3, #0
10001070:	0030      	movs	r0, r6
10001072:	2100      	movs	r1, #0
10001074:	0092      	lsls	r2, r2, #2
10001076:	f001 f9d1 	bl	1000241c <__wrap___aeabi_lmul>
1000107a:	2380      	movs	r3, #128	@ 0x80
1000107c:	1900      	adds	r0, r0, r4
1000107e:	4169      	adcs	r1, r5
10001080:	061b      	lsls	r3, r3, #24
10001082:	4299      	cmp	r1, r3
10001084:	d302      	bcc.n	1000108c <sleep_ms+0x2c>
10001086:	2001      	movs	r0, #1
10001088:	4902      	ldr	r1, [pc, #8]	@ (10001094 <sleep_ms+0x34>)
1000108a:	4240      	negs	r0, r0
1000108c:	f7ff ff7c 	bl	10000f88 <sleep_until>
10001090:	bd70      	pop	{r4, r5, r6, pc}
10001092:	46c0      	nop			@ (mov r8, r8)
10001094:	7fffffff 	.word	0x7fffffff

10001098 <best_effort_wfe_or_timeout>:
10001098:	b5f0      	push	{r4, r5, r6, r7, lr}
1000109a:	46d6      	mov	lr, sl
1000109c:	464f      	mov	r7, r9
1000109e:	4646      	mov	r6, r8
100010a0:	b5c0      	push	{r6, r7, lr}
100010a2:	0004      	movs	r4, r0
100010a4:	000d      	movs	r5, r1
100010a6:	b082      	sub	sp, #8
100010a8:	f3ef 8705 	mrs	r7, IPSR
100010ac:	4689      	mov	r9, r1
100010ae:	2f00      	cmp	r7, #0
100010b0:	d00e      	beq.n	100010d0 <best_effort_wfe_or_timeout+0x38>
100010b2:	4934      	ldr	r1, [pc, #208]	@ (10001184 <best_effort_wfe_or_timeout+0xec>)
100010b4:	2000      	movs	r0, #0
100010b6:	6a4b      	ldr	r3, [r1, #36]	@ 0x24
100010b8:	42ab      	cmp	r3, r5
100010ba:	d303      	bcc.n	100010c4 <best_effort_wfe_or_timeout+0x2c>
100010bc:	6a8a      	ldr	r2, [r1, #40]	@ 0x28
100010be:	3001      	adds	r0, #1
100010c0:	42a2      	cmp	r2, r4
100010c2:	d326      	bcc.n	10001112 <best_effort_wfe_or_timeout+0x7a>
100010c4:	b002      	add	sp, #8
100010c6:	bce0      	pop	{r5, r6, r7}
100010c8:	46ba      	mov	sl, r7
100010ca:	46b1      	mov	r9, r6
100010cc:	46a8      	mov	r8, r5
100010ce:	bdf0      	pop	{r4, r5, r6, r7, pc}
100010d0:	4b2d      	ldr	r3, [pc, #180]	@ (10001188 <best_effort_wfe_or_timeout+0xf0>)
100010d2:	4698      	mov	r8, r3
100010d4:	68db      	ldr	r3, [r3, #12]
100010d6:	469a      	mov	sl, r3
100010d8:	4643      	mov	r3, r8
100010da:	4650      	mov	r0, sl
100010dc:	781e      	ldrb	r6, [r3, #0]
100010de:	f000 f861 	bl	100011a4 <timer_time_us_64>
100010e2:	000b      	movs	r3, r1
100010e4:	4651      	mov	r1, sl
100010e6:	0002      	movs	r2, r0
100010e8:	3604      	adds	r6, #4
100010ea:	00b6      	lsls	r6, r6, #2
100010ec:	5871      	ldr	r1, [r6, r1]
100010ee:	0020      	movs	r0, r4
100010f0:	1a8e      	subs	r6, r1, r2
100010f2:	0029      	movs	r1, r5
100010f4:	1a80      	subs	r0, r0, r2
100010f6:	4199      	sbcs	r1, r3
100010f8:	428f      	cmp	r7, r1
100010fa:	dc11      	bgt.n	10001120 <best_effort_wfe_or_timeout+0x88>
100010fc:	d00e      	beq.n	1000111c <best_effort_wfe_or_timeout+0x84>
100010fe:	bf20      	wfe
10001100:	4a20      	ldr	r2, [pc, #128]	@ (10001184 <best_effort_wfe_or_timeout+0xec>)
10001102:	2000      	movs	r0, #0
10001104:	6a53      	ldr	r3, [r2, #36]	@ 0x24
10001106:	454b      	cmp	r3, r9
10001108:	d3dc      	bcc.n	100010c4 <best_effort_wfe_or_timeout+0x2c>
1000110a:	6a92      	ldr	r2, [r2, #40]	@ 0x28
1000110c:	3001      	adds	r0, #1
1000110e:	42a2      	cmp	r2, r4
10001110:	d2d8      	bcs.n	100010c4 <best_effort_wfe_or_timeout+0x2c>
10001112:	1b5b      	subs	r3, r3, r5
10001114:	1e5a      	subs	r2, r3, #1
10001116:	4193      	sbcs	r3, r2
10001118:	b2d8      	uxtb	r0, r3
1000111a:	e7d3      	b.n	100010c4 <best_effort_wfe_or_timeout+0x2c>
1000111c:	4286      	cmp	r6, r0
1000111e:	d9ee      	bls.n	100010fe <best_effort_wfe_or_timeout+0x66>
10001120:	f000 f848 	bl	100011b4 <time_us_64>
10001124:	0022      	movs	r2, r4
10001126:	002b      	movs	r3, r5
10001128:	1a12      	subs	r2, r2, r0
1000112a:	418b      	sbcs	r3, r1
1000112c:	2b00      	cmp	r3, #0
1000112e:	db1a      	blt.n	10001166 <best_effort_wfe_or_timeout+0xce>
10001130:	2300      	movs	r3, #0
10001132:	9301      	str	r3, [sp, #4]
10001134:	4b15      	ldr	r3, [pc, #84]	@ (1000118c <best_effort_wfe_or_timeout+0xf4>)
10001136:	0022      	movs	r2, r4
10001138:	9300      	str	r3, [sp, #0]
1000113a:	4640      	mov	r0, r8
1000113c:	002b      	movs	r3, r5
1000113e:	f7ff fe8f 	bl	10000e60 <alarm_pool_add_alarm_at_force_in_context>
10001142:	1e01      	subs	r1, r0, #0
10001144:	dd0f      	ble.n	10001166 <best_effort_wfe_or_timeout+0xce>
10001146:	4b0f      	ldr	r3, [pc, #60]	@ (10001184 <best_effort_wfe_or_timeout+0xec>)
10001148:	6a5a      	ldr	r2, [r3, #36]	@ 0x24
1000114a:	454a      	cmp	r2, r9
1000114c:	d317      	bcc.n	1000117e <best_effort_wfe_or_timeout+0xe6>
1000114e:	6a9b      	ldr	r3, [r3, #40]	@ 0x28
10001150:	42a3      	cmp	r3, r4
10001152:	d312      	bcc.n	1000117a <best_effort_wfe_or_timeout+0xe2>
10001154:	4640      	mov	r0, r8
10001156:	f7ff fedb 	bl	10000f10 <alarm_pool_cancel_alarm>
1000115a:	4a0a      	ldr	r2, [pc, #40]	@ (10001184 <best_effort_wfe_or_timeout+0xec>)
1000115c:	2000      	movs	r0, #0
1000115e:	6a53      	ldr	r3, [r2, #36]	@ 0x24
10001160:	454b      	cmp	r3, r9
10001162:	d3af      	bcc.n	100010c4 <best_effort_wfe_or_timeout+0x2c>
10001164:	e7d1      	b.n	1000110a <best_effort_wfe_or_timeout+0x72>
10001166:	4a07      	ldr	r2, [pc, #28]	@ (10001184 <best_effort_wfe_or_timeout+0xec>)
10001168:	2000      	movs	r0, #0
1000116a:	6a53      	ldr	r3, [r2, #36]	@ 0x24
1000116c:	454b      	cmp	r3, r9
1000116e:	d3a9      	bcc.n	100010c4 <best_effort_wfe_or_timeout+0x2c>
10001170:	6a92      	ldr	r2, [r2, #40]	@ 0x28
10001172:	2001      	movs	r0, #1
10001174:	42a2      	cmp	r2, r4
10001176:	d2a5      	bcs.n	100010c4 <best_effort_wfe_or_timeout+0x2c>
10001178:	e7cb      	b.n	10001112 <best_effort_wfe_or_timeout+0x7a>
1000117a:	454a      	cmp	r2, r9
1000117c:	d1ea      	bne.n	10001154 <best_effort_wfe_or_timeout+0xbc>
1000117e:	bf20      	wfe
10001180:	e7e8      	b.n	10001154 <best_effort_wfe_or_timeout+0xbc>
10001182:	46c0      	nop			@ (mov r8, r8)
10001184:	40054000 	.word	0x40054000
10001188:	20000f9c 	.word	0x20000f9c
1000118c:	1000097d 	.word	0x1000097d

10001190 <timer_hardware_alarm_claim>:
10001190:	b510      	push	{r4, lr}
10001192:	4a02      	ldr	r2, [pc, #8]	@ (1000119c <timer_hardware_alarm_claim+0xc>)
10001194:	4802      	ldr	r0, [pc, #8]	@ (100011a0 <timer_hardware_alarm_claim+0x10>)
10001196:	f7ff f921 	bl	100003dc <hw_claim_or_assert>
1000119a:	bd10      	pop	{r4, pc}
1000119c:	10006b14 	.word	0x10006b14
100011a0:	20001bfc 	.word	0x20001bfc

100011a4 <timer_time_us_64>:
100011a4:	0003      	movs	r3, r0
100011a6:	6a41      	ldr	r1, [r0, #36]	@ 0x24
100011a8:	000a      	movs	r2, r1
100011aa:	6a98      	ldr	r0, [r3, #40]	@ 0x28
100011ac:	6a59      	ldr	r1, [r3, #36]	@ 0x24
100011ae:	428a      	cmp	r2, r1
100011b0:	d1fa      	bne.n	100011a8 <timer_time_us_64+0x4>
100011b2:	4770      	bx	lr

100011b4 <time_us_64>:
100011b4:	4b03      	ldr	r3, [pc, #12]	@ (100011c4 <time_us_64+0x10>)
100011b6:	6a59      	ldr	r1, [r3, #36]	@ 0x24
100011b8:	000a      	movs	r2, r1
100011ba:	6a98      	ldr	r0, [r3, #40]	@ 0x28
100011bc:	6a59      	ldr	r1, [r3, #36]	@ 0x24
100011be:	4291      	cmp	r1, r2
100011c0:	d1fa      	bne.n	100011b8 <time_us_64+0x4>
100011c2:	4770      	bx	lr
100011c4:	40054000 	.word	0x40054000

100011c8 <busy_wait_until>:
100011c8:	4a06      	ldr	r2, [pc, #24]	@ (100011e4 <busy_wait_until+0x1c>)
100011ca:	6a53      	ldr	r3, [r2, #36]	@ 0x24
100011cc:	4299      	cmp	r1, r3
100011ce:	d8fc      	bhi.n	100011ca <busy_wait_until+0x2>
100011d0:	d107      	bne.n	100011e2 <busy_wait_until+0x1a>
100011d2:	4b04      	ldr	r3, [pc, #16]	@ (100011e4 <busy_wait_until+0x1c>)
100011d4:	e002      	b.n	100011dc <busy_wait_until+0x14>
100011d6:	6a5a      	ldr	r2, [r3, #36]	@ 0x24
100011d8:	4291      	cmp	r1, r2
100011da:	d102      	bne.n	100011e2 <busy_wait_until+0x1a>
100011dc:	6a9a      	ldr	r2, [r3, #40]	@ 0x28
100011de:	4282      	cmp	r2, r0
100011e0:	d3f9      	bcc.n	100011d6 <busy_wait_until+0xe>
100011e2:	4770      	bx	lr
100011e4:	40054000 	.word	0x40054000

100011e8 <clock_configure_int_divider>:
100011e8:	b5f8      	push	{r3, r4, r5, r6, r7, lr}
100011ea:	46de      	mov	lr, fp
100011ec:	464e      	mov	r6, r9
100011ee:	4657      	mov	r7, sl
100011f0:	4645      	mov	r5, r8
100011f2:	b5e0      	push	{r5, r6, r7, lr}
100011f4:	468b      	mov	fp, r1
100011f6:	0005      	movs	r5, r0
100011f8:	990a      	ldr	r1, [sp, #40]	@ 0x28
100011fa:	0018      	movs	r0, r3
100011fc:	0016      	movs	r6, r2
100011fe:	f000 faf1 	bl	100017e4 <__wrap___aeabi_uidiv>
10001202:	9b0a      	ldr	r3, [sp, #40]	@ 0x28
10001204:	006c      	lsls	r4, r5, #1
10001206:	021f      	lsls	r7, r3, #8
10001208:	4b32      	ldr	r3, [pc, #200]	@ (100012d4 <clock_configure_int_divider+0xec>)
1000120a:	1964      	adds	r4, r4, r5
1000120c:	469c      	mov	ip, r3
1000120e:	00a4      	lsls	r4, r4, #2
10001210:	4464      	add	r4, ip
10001212:	6863      	ldr	r3, [r4, #4]
10001214:	4681      	mov	r9, r0
10001216:	429f      	cmp	r7, r3
10001218:	d900      	bls.n	1000121c <clock_configure_int_divider+0x34>
1000121a:	6067      	str	r7, [r4, #4]
1000121c:	1f2b      	subs	r3, r5, #4
1000121e:	b2db      	uxtb	r3, r3
10001220:	4698      	mov	r8, r3
10001222:	2b01      	cmp	r3, #1
10001224:	d930      	bls.n	10001288 <clock_configure_int_divider+0xa0>
10001226:	23c0      	movs	r3, #192	@ 0xc0
10001228:	2280      	movs	r2, #128	@ 0x80
1000122a:	019b      	lsls	r3, r3, #6
1000122c:	18e3      	adds	r3, r4, r3
1000122e:	0112      	lsls	r2, r2, #4
10001230:	601a      	str	r2, [r3, #0]
10001232:	4b29      	ldr	r3, [pc, #164]	@ (100012d8 <clock_configure_int_divider+0xf0>)
10001234:	00ad      	lsls	r5, r5, #2
10001236:	5959      	ldr	r1, [r3, r5]
10001238:	469a      	mov	sl, r3
1000123a:	2900      	cmp	r1, #0
1000123c:	d11b      	bne.n	10001276 <clock_configure_int_divider+0x8e>
1000123e:	0173      	lsls	r3, r6, #5
10001240:	26e0      	movs	r6, #224	@ 0xe0
10001242:	6822      	ldr	r2, [r4, #0]
10001244:	4053      	eors	r3, r2
10001246:	401e      	ands	r6, r3
10001248:	2380      	movs	r3, #128	@ 0x80
1000124a:	4642      	mov	r2, r8
1000124c:	015b      	lsls	r3, r3, #5
1000124e:	18e3      	adds	r3, r4, r3
10001250:	601e      	str	r6, [r3, #0]
10001252:	2a01      	cmp	r2, #1
10001254:	d930      	bls.n	100012b8 <clock_configure_int_divider+0xd0>
10001256:	2380      	movs	r3, #128	@ 0x80
10001258:	2280      	movs	r2, #128	@ 0x80
1000125a:	019b      	lsls	r3, r3, #6
1000125c:	18e3      	adds	r3, r4, r3
1000125e:	0112      	lsls	r2, r2, #4
10001260:	601a      	str	r2, [r3, #0]
10001262:	4653      	mov	r3, sl
10001264:	464a      	mov	r2, r9
10001266:	6067      	str	r7, [r4, #4]
10001268:	515a      	str	r2, [r3, r5]
1000126a:	bcf0      	pop	{r4, r5, r6, r7}
1000126c:	46bb      	mov	fp, r7
1000126e:	46b2      	mov	sl, r6
10001270:	46a9      	mov	r9, r5
10001272:	46a0      	mov	r8, r4
10001274:	bdf8      	pop	{r3, r4, r5, r6, r7, pc}
10001276:	6958      	ldr	r0, [r3, #20]
10001278:	f000 fab4 	bl	100017e4 <__wrap___aeabi_uidiv>
1000127c:	3001      	adds	r0, #1
1000127e:	0043      	lsls	r3, r0, #1
10001280:	181b      	adds	r3, r3, r0
10001282:	3b03      	subs	r3, #3
10001284:	d2fd      	bcs.n	10001282 <clock_configure_int_divider+0x9a>
10001286:	e7da      	b.n	1000123e <clock_configure_int_divider+0x56>
10001288:	465b      	mov	r3, fp
1000128a:	2b01      	cmp	r3, #1
1000128c:	d1cb      	bne.n	10001226 <clock_configure_int_divider+0x3e>
1000128e:	23c0      	movs	r3, #192	@ 0xc0
10001290:	2203      	movs	r2, #3
10001292:	019b      	lsls	r3, r3, #6
10001294:	18e3      	adds	r3, r4, r3
10001296:	601a      	str	r2, [r3, #0]
10001298:	3a02      	subs	r2, #2
1000129a:	68a3      	ldr	r3, [r4, #8]
1000129c:	421a      	tst	r2, r3
1000129e:	d0fc      	beq.n	1000129a <clock_configure_int_divider+0xb2>
100012a0:	0173      	lsls	r3, r6, #5
100012a2:	26e0      	movs	r6, #224	@ 0xe0
100012a4:	6822      	ldr	r2, [r4, #0]
100012a6:	00ad      	lsls	r5, r5, #2
100012a8:	4053      	eors	r3, r2
100012aa:	401e      	ands	r6, r3
100012ac:	2380      	movs	r3, #128	@ 0x80
100012ae:	4a0a      	ldr	r2, [pc, #40]	@ (100012d8 <clock_configure_int_divider+0xf0>)
100012b0:	015b      	lsls	r3, r3, #5
100012b2:	4692      	mov	sl, r2
100012b4:	18e3      	adds	r3, r4, r3
100012b6:	601e      	str	r6, [r3, #0]
100012b8:	465a      	mov	r2, fp
100012ba:	6821      	ldr	r1, [r4, #0]
100012bc:	4051      	eors	r1, r2
100012be:	2203      	movs	r2, #3
100012c0:	400a      	ands	r2, r1
100012c2:	601a      	str	r2, [r3, #0]
100012c4:	2201      	movs	r2, #1
100012c6:	465b      	mov	r3, fp
100012c8:	409a      	lsls	r2, r3
100012ca:	68a3      	ldr	r3, [r4, #8]
100012cc:	421a      	tst	r2, r3
100012ce:	d0fc      	beq.n	100012ca <clock_configure_int_divider+0xe2>
100012d0:	e7c1      	b.n	10001256 <clock_configure_int_divider+0x6e>
100012d2:	46c0      	nop			@ (mov r8, r8)
100012d4:	40008000 	.word	0x40008000
100012d8:	20001c00 	.word	0x20001c00

100012dc <clock_configure_undivided>:
100012dc:	b5f0      	push	{r4, r5, r6, r7, lr}
100012de:	4646      	mov	r6, r8
100012e0:	464f      	mov	r7, r9
100012e2:	46d6      	mov	lr, sl
100012e4:	b5c0      	push	{r6, r7, lr}
100012e6:	001f      	movs	r7, r3
100012e8:	4b34      	ldr	r3, [pc, #208]	@ (100013bc <clock_configure_undivided+0xe0>)
100012ea:	0044      	lsls	r4, r0, #1
100012ec:	469c      	mov	ip, r3
100012ee:	1824      	adds	r4, r4, r0
100012f0:	00a4      	lsls	r4, r4, #2
100012f2:	4464      	add	r4, ip
100012f4:	6863      	ldr	r3, [r4, #4]
100012f6:	4688      	mov	r8, r1
100012f8:	0016      	movs	r6, r2
100012fa:	2bff      	cmp	r3, #255	@ 0xff
100012fc:	d802      	bhi.n	10001304 <clock_configure_undivided+0x28>
100012fe:	2380      	movs	r3, #128	@ 0x80
10001300:	005b      	lsls	r3, r3, #1
10001302:	6063      	str	r3, [r4, #4]
10001304:	1f03      	subs	r3, r0, #4
10001306:	b2db      	uxtb	r3, r3
10001308:	469a      	mov	sl, r3
1000130a:	2b01      	cmp	r3, #1
1000130c:	d930      	bls.n	10001370 <clock_configure_undivided+0x94>
1000130e:	23c0      	movs	r3, #192	@ 0xc0
10001310:	2280      	movs	r2, #128	@ 0x80
10001312:	019b      	lsls	r3, r3, #6
10001314:	18e3      	adds	r3, r4, r3
10001316:	0112      	lsls	r2, r2, #4
10001318:	601a      	str	r2, [r3, #0]
1000131a:	4b29      	ldr	r3, [pc, #164]	@ (100013c0 <clock_configure_undivided+0xe4>)
1000131c:	0085      	lsls	r5, r0, #2
1000131e:	5959      	ldr	r1, [r3, r5]
10001320:	4699      	mov	r9, r3
10001322:	2900      	cmp	r1, #0
10001324:	d11b      	bne.n	1000135e <clock_configure_undivided+0x82>
10001326:	0173      	lsls	r3, r6, #5
10001328:	26e0      	movs	r6, #224	@ 0xe0
1000132a:	6822      	ldr	r2, [r4, #0]
1000132c:	4053      	eors	r3, r2
1000132e:	401e      	ands	r6, r3
10001330:	2380      	movs	r3, #128	@ 0x80
10001332:	4652      	mov	r2, sl
10001334:	015b      	lsls	r3, r3, #5
10001336:	18e3      	adds	r3, r4, r3
10001338:	601e      	str	r6, [r3, #0]
1000133a:	2a01      	cmp	r2, #1
1000133c:	d930      	bls.n	100013a0 <clock_configure_undivided+0xc4>
1000133e:	2380      	movs	r3, #128	@ 0x80
10001340:	2280      	movs	r2, #128	@ 0x80
10001342:	019b      	lsls	r3, r3, #6
10001344:	18e3      	adds	r3, r4, r3
10001346:	0112      	lsls	r2, r2, #4
10001348:	601a      	str	r2, [r3, #0]
1000134a:	2380      	movs	r3, #128	@ 0x80
1000134c:	005b      	lsls	r3, r3, #1
1000134e:	6063      	str	r3, [r4, #4]
10001350:	464b      	mov	r3, r9
10001352:	515f      	str	r7, [r3, r5]
10001354:	bce0      	pop	{r5, r6, r7}
10001356:	46ba      	mov	sl, r7
10001358:	46b1      	mov	r9, r6
1000135a:	46a8      	mov	r8, r5
1000135c:	bdf0      	pop	{r4, r5, r6, r7, pc}
1000135e:	6958      	ldr	r0, [r3, #20]
10001360:	f000 fa40 	bl	100017e4 <__wrap___aeabi_uidiv>
10001364:	3001      	adds	r0, #1
10001366:	0043      	lsls	r3, r0, #1
10001368:	181b      	adds	r3, r3, r0
1000136a:	3b03      	subs	r3, #3
1000136c:	d2fd      	bcs.n	1000136a <clock_configure_undivided+0x8e>
1000136e:	e7da      	b.n	10001326 <clock_configure_undivided+0x4a>
10001370:	4643      	mov	r3, r8
10001372:	2b01      	cmp	r3, #1
10001374:	d1cb      	bne.n	1000130e <clock_configure_undivided+0x32>
10001376:	23c0      	movs	r3, #192	@ 0xc0
10001378:	2203      	movs	r2, #3
1000137a:	019b      	lsls	r3, r3, #6
1000137c:	18e3      	adds	r3, r4, r3
1000137e:	601a      	str	r2, [r3, #0]
10001380:	3a02      	subs	r2, #2
10001382:	68a3      	ldr	r3, [r4, #8]
10001384:	421a      	tst	r2, r3
10001386:	d0fc      	beq.n	10001382 <clock_configure_undivided+0xa6>
10001388:	0173      	lsls	r3, r6, #5
1000138a:	26e0      	movs	r6, #224	@ 0xe0
1000138c:	6822      	ldr	r2, [r4, #0]
1000138e:	0085      	lsls	r5, r0, #2
10001390:	4053      	eors	r3, r2
10001392:	401e      	ands	r6, r3
10001394:	2380      	movs	r3, #128	@ 0x80
10001396:	4a0a      	ldr	r2, [pc, #40]	@ (100013c0 <clock_configure_undivided+0xe4>)
10001398:	015b      	lsls	r3, r3, #5
1000139a:	4691      	mov	r9, r2
1000139c:	18e3      	adds	r3, r4, r3
1000139e:	601e      	str	r6, [r3, #0]
100013a0:	4642      	mov	r2, r8
100013a2:	6821      	ldr	r1, [r4, #0]
100013a4:	4051      	eors	r1, r2
100013a6:	2203      	movs	r2, #3
100013a8:	400a      	ands	r2, r1
100013aa:	601a      	str	r2, [r3, #0]
100013ac:	2301      	movs	r3, #1
100013ae:	4642      	mov	r2, r8
100013b0:	4093      	lsls	r3, r2
100013b2:	68a2      	ldr	r2, [r4, #8]
100013b4:	4213      	tst	r3, r2
100013b6:	d0fc      	beq.n	100013b2 <clock_configure_undivided+0xd6>
100013b8:	e7c1      	b.n	1000133e <clock_configure_undivided+0x62>
100013ba:	46c0      	nop			@ (mov r8, r8)
100013bc:	40008000 	.word	0x40008000
100013c0:	20001c00 	.word	0x20001c00

100013c4 <clock_get_hz>:
100013c4:	4b01      	ldr	r3, [pc, #4]	@ (100013cc <clock_get_hz+0x8>)
100013c6:	0080      	lsls	r0, r0, #2
100013c8:	58c0      	ldr	r0, [r0, r3]
100013ca:	4770      	bx	lr
100013cc:	20001c00 	.word	0x20001c00

100013d0 <pll_init>:
100013d0:	b5f8      	push	{r3, r4, r5, r6, r7, lr}
100013d2:	0004      	movs	r4, r0
100013d4:	4821      	ldr	r0, [pc, #132]	@ (1000145c <pll_init+0x8c>)
100013d6:	001e      	movs	r6, r3
100013d8:	0017      	movs	r7, r2
100013da:	000d      	movs	r5, r1
100013dc:	f000 fa02 	bl	100017e4 <__wrap___aeabi_uidiv>
100013e0:	0001      	movs	r1, r0
100013e2:	0038      	movs	r0, r7
100013e4:	f000 f9fe 	bl	100017e4 <__wrap___aeabi_uidiv>
100013e8:	9b06      	ldr	r3, [sp, #24]
100013ea:	0436      	lsls	r6, r6, #16
100013ec:	031b      	lsls	r3, r3, #12
100013ee:	431e      	orrs	r6, r3
100013f0:	6823      	ldr	r3, [r4, #0]
100013f2:	2b00      	cmp	r3, #0
100013f4:	db20      	blt.n	10001438 <pll_init+0x68>
100013f6:	4b1a      	ldr	r3, [pc, #104]	@ (10001460 <pll_init+0x90>)
100013f8:	491a      	ldr	r1, [pc, #104]	@ (10001464 <pll_init+0x94>)
100013fa:	18e3      	adds	r3, r4, r3
100013fc:	1e5a      	subs	r2, r3, #1
100013fe:	4193      	sbcs	r3, r2
10001400:	2280      	movs	r2, #128	@ 0x80
10001402:	0192      	lsls	r2, r2, #6
10001404:	4694      	mov	ip, r2
10001406:	425b      	negs	r3, r3
10001408:	0b1b      	lsrs	r3, r3, #12
1000140a:	4a17      	ldr	r2, [pc, #92]	@ (10001468 <pll_init+0x98>)
1000140c:	031b      	lsls	r3, r3, #12
1000140e:	4463      	add	r3, ip
10001410:	6013      	str	r3, [r2, #0]
10001412:	4a16      	ldr	r2, [pc, #88]	@ (1000146c <pll_init+0x9c>)
10001414:	6013      	str	r3, [r2, #0]
10001416:	001f      	movs	r7, r3
10001418:	680a      	ldr	r2, [r1, #0]
1000141a:	4397      	bics	r7, r2
1000141c:	d1fb      	bne.n	10001416 <pll_init+0x46>
1000141e:	4b14      	ldr	r3, [pc, #80]	@ (10001470 <pll_init+0xa0>)
10001420:	6025      	str	r5, [r4, #0]
10001422:	18e2      	adds	r2, r4, r3
10001424:	2321      	movs	r3, #33	@ 0x21
10001426:	60a0      	str	r0, [r4, #8]
10001428:	6013      	str	r3, [r2, #0]
1000142a:	6823      	ldr	r3, [r4, #0]
1000142c:	2b00      	cmp	r3, #0
1000142e:	dafc      	bge.n	1000142a <pll_init+0x5a>
10001430:	2308      	movs	r3, #8
10001432:	60e6      	str	r6, [r4, #12]
10001434:	6013      	str	r3, [r2, #0]
10001436:	bdf8      	pop	{r3, r4, r5, r6, r7, pc}
10001438:	233f      	movs	r3, #63	@ 0x3f
1000143a:	6822      	ldr	r2, [r4, #0]
1000143c:	4013      	ands	r3, r2
1000143e:	42ab      	cmp	r3, r5
10001440:	d1d9      	bne.n	100013f6 <pll_init+0x26>
10001442:	68a3      	ldr	r3, [r4, #8]
10001444:	051b      	lsls	r3, r3, #20
10001446:	0d1b      	lsrs	r3, r3, #20
10001448:	4283      	cmp	r3, r0
1000144a:	d1d4      	bne.n	100013f6 <pll_init+0x26>
1000144c:	22ee      	movs	r2, #238	@ 0xee
1000144e:	68e3      	ldr	r3, [r4, #12]
10001450:	02d2      	lsls	r2, r2, #11
10001452:	4013      	ands	r3, r2
10001454:	42b3      	cmp	r3, r6
10001456:	d1ce      	bne.n	100013f6 <pll_init+0x26>
10001458:	e7ed      	b.n	10001436 <pll_init+0x66>
1000145a:	46c0      	nop			@ (mov r8, r8)
1000145c:	00b71b00 	.word	0x00b71b00
10001460:	bffd4000 	.word	0xbffd4000
10001464:	4000c008 	.word	0x4000c008
10001468:	4000e000 	.word	0x4000e000
1000146c:	4000f000 	.word	0x4000f000
10001470:	00003004 	.word	0x00003004

10001474 <watchdog_reboot>:
10001474:	b510      	push	{r4, lr}
10001476:	2480      	movs	r4, #128	@ 0x80
10001478:	4b1c      	ldr	r3, [pc, #112]	@ (100014ec <watchdog_reboot+0x78>)
1000147a:	05e4      	lsls	r4, r4, #23
1000147c:	601c      	str	r4, [r3, #0]
1000147e:	2800      	cmp	r0, #0
10001480:	d01a      	beq.n	100014b8 <watchdog_reboot+0x44>
10001482:	2301      	movs	r3, #1
10001484:	4c1a      	ldr	r4, [pc, #104]	@ (100014f0 <watchdog_reboot+0x7c>)
10001486:	4318      	orrs	r0, r3
10001488:	4b1a      	ldr	r3, [pc, #104]	@ (100014f4 <watchdog_reboot+0x80>)
1000148a:	61dc      	str	r4, [r3, #28]
1000148c:	4c1a      	ldr	r4, [pc, #104]	@ (100014f8 <watchdog_reboot+0x84>)
1000148e:	4044      	eors	r4, r0
10001490:	621c      	str	r4, [r3, #32]
10001492:	6259      	str	r1, [r3, #36]	@ 0x24
10001494:	6298      	str	r0, [r3, #40]	@ 0x28
10001496:	2180      	movs	r1, #128	@ 0x80
10001498:	4b14      	ldr	r3, [pc, #80]	@ (100014ec <watchdog_reboot+0x78>)
1000149a:	05c9      	lsls	r1, r1, #23
1000149c:	6019      	str	r1, [r3, #0]
1000149e:	4817      	ldr	r0, [pc, #92]	@ (100014fc <watchdog_reboot+0x88>)
100014a0:	4917      	ldr	r1, [pc, #92]	@ (10001500 <watchdog_reboot+0x8c>)
100014a2:	6008      	str	r0, [r1, #0]
100014a4:	21e0      	movs	r1, #224	@ 0xe0
100014a6:	04c9      	lsls	r1, r1, #19
100014a8:	6019      	str	r1, [r3, #0]
100014aa:	2a00      	cmp	r2, #0
100014ac:	d107      	bne.n	100014be <watchdog_reboot+0x4a>
100014ae:	2280      	movs	r2, #128	@ 0x80
100014b0:	4b14      	ldr	r3, [pc, #80]	@ (10001504 <watchdog_reboot+0x90>)
100014b2:	0612      	lsls	r2, r2, #24
100014b4:	601a      	str	r2, [r3, #0]
100014b6:	bd10      	pop	{r4, pc}
100014b8:	4b0e      	ldr	r3, [pc, #56]	@ (100014f4 <watchdog_reboot+0x80>)
100014ba:	61d8      	str	r0, [r3, #28]
100014bc:	e7eb      	b.n	10001496 <watchdog_reboot+0x22>
100014be:	0153      	lsls	r3, r2, #5
100014c0:	1a9b      	subs	r3, r3, r2
100014c2:	009b      	lsls	r3, r3, #2
100014c4:	189a      	adds	r2, r3, r2
100014c6:	2380      	movs	r3, #128	@ 0x80
100014c8:	0112      	lsls	r2, r2, #4
100014ca:	045b      	lsls	r3, r3, #17
100014cc:	429a      	cmp	r2, r3
100014ce:	d209      	bcs.n	100014e4 <watchdog_reboot+0x70>
100014d0:	0013      	movs	r3, r2
100014d2:	490d      	ldr	r1, [pc, #52]	@ (10001508 <watchdog_reboot+0x94>)
100014d4:	600b      	str	r3, [r1, #0]
100014d6:	4b07      	ldr	r3, [pc, #28]	@ (100014f4 <watchdog_reboot+0x80>)
100014d8:	605a      	str	r2, [r3, #4]
100014da:	2280      	movs	r2, #128	@ 0x80
100014dc:	4b09      	ldr	r3, [pc, #36]	@ (10001504 <watchdog_reboot+0x90>)
100014de:	05d2      	lsls	r2, r2, #23
100014e0:	601a      	str	r2, [r3, #0]
100014e2:	e7e8      	b.n	100014b6 <watchdog_reboot+0x42>
100014e4:	4b09      	ldr	r3, [pc, #36]	@ (1000150c <watchdog_reboot+0x98>)
100014e6:	001a      	movs	r2, r3
100014e8:	e7f3      	b.n	100014d2 <watchdog_reboot+0x5e>
100014ea:	46c0      	nop			@ (mov r8, r8)
100014ec:	4005b000 	.word	0x4005b000
100014f0:	b007c0d3 	.word	0xb007c0d3
100014f4:	40058000 	.word	0x40058000
100014f8:	4ff83f2d 	.word	0x4ff83f2d
100014fc:	0001fffc 	.word	0x0001fffc
10001500:	40012008 	.word	0x40012008
10001504:	4005a000 	.word	0x4005a000
10001508:	20002060 	.word	0x20002060
1000150c:	00ffffff 	.word	0x00ffffff

10001510 <tick_start>:
10001510:	2380      	movs	r3, #128	@ 0x80
10001512:	4a02      	ldr	r2, [pc, #8]	@ (1000151c <tick_start+0xc>)
10001514:	009b      	lsls	r3, r3, #2
10001516:	430b      	orrs	r3, r1
10001518:	62d3      	str	r3, [r2, #44]	@ 0x2c
1000151a:	4770      	bx	lr
1000151c:	40058000 	.word	0x40058000

10001520 <rom_func_lookup>:
10001520:	2314      	movs	r3, #20
10001522:	b510      	push	{r4, lr}
10001524:	0001      	movs	r1, r0
10001526:	8818      	ldrh	r0, [r3, #0]
10001528:	3304      	adds	r3, #4
1000152a:	881b      	ldrh	r3, [r3, #0]
1000152c:	4798      	blx	r3
1000152e:	bd10      	pop	{r4, pc}

10001530 <rom_data_lookup>:
10001530:	2316      	movs	r3, #22
10001532:	b510      	push	{r4, lr}
10001534:	0001      	movs	r1, r0
10001536:	8818      	ldrh	r0, [r3, #0]
10001538:	3302      	adds	r3, #2
1000153a:	881b      	ldrh	r3, [r3, #0]
1000153c:	4798      	blx	r3
1000153e:	bd10      	pop	{r4, pc}

10001540 <rom_funcs_lookup>:
10001540:	b5f8      	push	{r3, r4, r5, r6, r7, lr}
10001542:	4647      	mov	r7, r8
10001544:	46ce      	mov	lr, r9
10001546:	b580      	push	{r7, lr}
10001548:	1e0f      	subs	r7, r1, #0
1000154a:	d019      	beq.n	10001580 <rom_funcs_lookup+0x40>
1000154c:	2314      	movs	r3, #20
1000154e:	4699      	mov	r9, r3
10001550:	3304      	adds	r3, #4
10001552:	0004      	movs	r4, r0
10001554:	2500      	movs	r5, #0
10001556:	2601      	movs	r6, #1
10001558:	4698      	mov	r8, r3
1000155a:	464b      	mov	r3, r9
1000155c:	8818      	ldrh	r0, [r3, #0]
1000155e:	4643      	mov	r3, r8
10001560:	6821      	ldr	r1, [r4, #0]
10001562:	881b      	ldrh	r3, [r3, #0]
10001564:	4798      	blx	r3
10001566:	c401      	stmia	r4!, {r0}
10001568:	1e43      	subs	r3, r0, #1
1000156a:	4198      	sbcs	r0, r3
1000156c:	3501      	adds	r5, #1
1000156e:	4240      	negs	r0, r0
10001570:	4006      	ands	r6, r0
10001572:	42af      	cmp	r7, r5
10001574:	d1f1      	bne.n	1000155a <rom_funcs_lookup+0x1a>
10001576:	0030      	movs	r0, r6
10001578:	bcc0      	pop	{r6, r7}
1000157a:	46b9      	mov	r9, r7
1000157c:	46b0      	mov	r8, r6
1000157e:	bdf8      	pop	{r3, r4, r5, r6, r7, pc}
10001580:	2601      	movs	r6, #1
10001582:	e7f8      	b.n	10001576 <rom_funcs_lookup+0x36>

10001584 <rom_reset_usb_boot_extra>:
10001584:	2314      	movs	r3, #20
10001586:	b570      	push	{r4, r5, r6, lr}
10001588:	0004      	movs	r4, r0
1000158a:	8818      	ldrh	r0, [r3, #0]
1000158c:	3304      	adds	r3, #4
1000158e:	881b      	ldrh	r3, [r3, #0]
10001590:	000d      	movs	r5, r1
10001592:	4905      	ldr	r1, [pc, #20]	@ (100015a8 <rom_reset_usb_boot_extra+0x24>)
10001594:	4798      	blx	r3
10001596:	0003      	movs	r3, r0
10001598:	2000      	movs	r0, #0
1000159a:	2c00      	cmp	r4, #0
1000159c:	db01      	blt.n	100015a2 <rom_reset_usb_boot_extra+0x1e>
1000159e:	3001      	adds	r0, #1
100015a0:	40a0      	lsls	r0, r4
100015a2:	0029      	movs	r1, r5
100015a4:	4798      	blx	r3
100015a6:	46c0      	nop			@ (mov r8, r8)
100015a8:	00004255 	.word	0x00004255

100015ac <xosc_init>:
100015ac:	23aa      	movs	r3, #170	@ 0xaa
100015ae:	4a06      	ldr	r2, [pc, #24]	@ (100015c8 <xosc_init+0x1c>)
100015b0:	011b      	lsls	r3, r3, #4
100015b2:	6013      	str	r3, [r2, #0]
100015b4:	238d      	movs	r3, #141	@ 0x8d
100015b6:	005b      	lsls	r3, r3, #1
100015b8:	60d3      	str	r3, [r2, #12]
100015ba:	4904      	ldr	r1, [pc, #16]	@ (100015cc <xosc_init+0x20>)
100015bc:	4b04      	ldr	r3, [pc, #16]	@ (100015d0 <xosc_init+0x24>)
100015be:	6019      	str	r1, [r3, #0]
100015c0:	6853      	ldr	r3, [r2, #4]
100015c2:	2b00      	cmp	r3, #0
100015c4:	dafc      	bge.n	100015c0 <xosc_init+0x14>
100015c6:	4770      	bx	lr
100015c8:	40024000 	.word	0x40024000
100015cc:	00fab000 	.word	0x00fab000
100015d0:	40026000 	.word	0x40026000

100015d4 <first_per_core_initializer>:
100015d4:	4770      	bx	lr
100015d6:	46c0      	nop			@ (mov r8, r8)

100015d8 <hard_assertion_failure>:
100015d8:	b510      	push	{r4, lr}
100015da:	4801      	ldr	r0, [pc, #4]	@ (100015e0 <hard_assertion_failure+0x8>)
100015dc:	f7fe fee6 	bl	100003ac <panic>
100015e0:	10006b38 	.word	0x10006b38

100015e4 <runtime_run_initializers>:
100015e4:	b570      	push	{r4, r5, r6, lr}
100015e6:	4d07      	ldr	r5, [pc, #28]	@ (10001604 <runtime_run_initializers+0x20>)
100015e8:	4e07      	ldr	r6, [pc, #28]	@ (10001608 <runtime_run_initializers+0x24>)
100015ea:	42b5      	cmp	r5, r6
100015ec:	d209      	bcs.n	10001602 <runtime_run_initializers+0x1e>
100015ee:	2400      	movs	r4, #0
100015f0:	3e01      	subs	r6, #1
100015f2:	1b76      	subs	r6, r6, r5
100015f4:	08b6      	lsrs	r6, r6, #2
100015f6:	cd08      	ldmia	r5!, {r3}
100015f8:	4798      	blx	r3
100015fa:	0023      	movs	r3, r4
100015fc:	3401      	adds	r4, #1
100015fe:	42b3      	cmp	r3, r6
10001600:	d1f9      	bne.n	100015f6 <runtime_run_initializers+0x12>
10001602:	bd70      	pop	{r4, r5, r6, pc}
10001604:	10006a68 	.word	0x10006a68
10001608:	10006aa4 	.word	0x10006aa4

1000160c <runtime_init_early_resets>:
1000160c:	4b05      	ldr	r3, [pc, #20]	@ (10001624 <runtime_init_early_resets+0x18>)
1000160e:	4a06      	ldr	r2, [pc, #24]	@ (10001628 <runtime_init_early_resets+0x1c>)
10001610:	4906      	ldr	r1, [pc, #24]	@ (1000162c <runtime_init_early_resets+0x20>)
10001612:	601a      	str	r2, [r3, #0]
10001614:	4a06      	ldr	r2, [pc, #24]	@ (10001630 <runtime_init_early_resets+0x24>)
10001616:	4b07      	ldr	r3, [pc, #28]	@ (10001634 <runtime_init_early_resets+0x28>)
10001618:	601a      	str	r2, [r3, #0]
1000161a:	0010      	movs	r0, r2
1000161c:	680b      	ldr	r3, [r1, #0]
1000161e:	4398      	bics	r0, r3
10001620:	d1fb      	bne.n	1000161a <runtime_init_early_resets+0xe>
10001622:	4770      	bx	lr
10001624:	4000e000 	.word	0x4000e000
10001628:	fefbcdbf 	.word	0xfefbcdbf
1000162c:	4000c008 	.word	0x4000c008
10001630:	003c7ffe 	.word	0x003c7ffe
10001634:	4000f000 	.word	0x4000f000

10001638 <runtime_init_usb_power_down>:
10001638:	4b04      	ldr	r3, [pc, #16]	@ (1000164c <runtime_init_usb_power_down+0x14>)
1000163a:	6cdb      	ldr	r3, [r3, #76]	@ 0x4c
1000163c:	2b00      	cmp	r3, #0
1000163e:	d103      	bne.n	10001648 <runtime_init_usb_power_down+0x10>
10001640:	2280      	movs	r2, #128	@ 0x80
10001642:	4b03      	ldr	r3, [pc, #12]	@ (10001650 <runtime_init_usb_power_down+0x18>)
10001644:	02d2      	lsls	r2, r2, #11
10001646:	601a      	str	r2, [r3, #0]
10001648:	4770      	bx	lr
1000164a:	46c0      	nop			@ (mov r8, r8)
1000164c:	50110000 	.word	0x50110000
10001650:	5011204c 	.word	0x5011204c

10001654 <runtime_init_post_clock_resets>:
10001654:	4a04      	ldr	r2, [pc, #16]	@ (10001668 <runtime_init_post_clock_resets+0x14>)
10001656:	4b05      	ldr	r3, [pc, #20]	@ (1000166c <runtime_init_post_clock_resets+0x18>)
10001658:	601a      	str	r2, [r3, #0]
1000165a:	4a05      	ldr	r2, [pc, #20]	@ (10001670 <runtime_init_post_clock_resets+0x1c>)
1000165c:	6813      	ldr	r3, [r2, #0]
1000165e:	01db      	lsls	r3, r3, #7
10001660:	3380      	adds	r3, #128	@ 0x80
10001662:	d1fb      	bne.n	1000165c <runtime_init_post_clock_resets+0x8>
10001664:	4770      	bx	lr
10001666:	46c0      	nop			@ (mov r8, r8)
10001668:	01ffffff 	.word	0x01ffffff
1000166c:	4000f000 	.word	0x4000f000
10001670:	4000c008 	.word	0x4000c008

10001674 <runtime_init_rp2040_gpio_ie_disable>:
10001674:	2240      	movs	r2, #64	@ 0x40
10001676:	4b03      	ldr	r3, [pc, #12]	@ (10001684 <runtime_init_rp2040_gpio_ie_disable+0x10>)
10001678:	679a      	str	r2, [r3, #120]	@ 0x78
1000167a:	675a      	str	r2, [r3, #116]	@ 0x74
1000167c:	671a      	str	r2, [r3, #112]	@ 0x70
1000167e:	66da      	str	r2, [r3, #108]	@ 0x6c
10001680:	4770      	bx	lr
10001682:	46c0      	nop			@ (mov r8, r8)
10001684:	4001f000 	.word	0x4001f000

10001688 <runtime_init_spin_locks_reset>:
10001688:	b510      	push	{r4, lr}
1000168a:	f7fe ff35 	bl	100004f8 <spin_locks_reset>
1000168e:	bd10      	pop	{r4, pc}

10001690 <runtime_init_install_ram_vector_table>:
10001690:	b570      	push	{r4, r5, r6, lr}
10001692:	4d04      	ldr	r5, [pc, #16]	@ (100016a4 <runtime_init_install_ram_vector_table+0x14>)
10001694:	4c04      	ldr	r4, [pc, #16]	@ (100016a8 <runtime_init_install_ram_vector_table+0x18>)
10001696:	68a9      	ldr	r1, [r5, #8]
10001698:	22c0      	movs	r2, #192	@ 0xc0
1000169a:	0020      	movs	r0, r4
1000169c:	f000 ff2e 	bl	100024fc <__wrap___aeabi_memcpy>
100016a0:	60ac      	str	r4, [r5, #8]
100016a2:	bd70      	pop	{r4, r5, r6, pc}
100016a4:	e000ed00 	.word	0xe000ed00
100016a8:	20000000 	.word	0x20000000

100016ac <runtime_init_clocks>:
100016ac:	2300      	movs	r3, #0
100016ae:	b510      	push	{r4, lr}
100016b0:	4c29      	ldr	r4, [pc, #164]	@ (10001758 <runtime_init_clocks+0xac>)
100016b2:	b082      	sub	sp, #8
100016b4:	67a3      	str	r3, [r4, #120]	@ 0x78
100016b6:	f7ff ff79 	bl	100015ac <xosc_init>
100016ba:	2201      	movs	r2, #1
100016bc:	4b27      	ldr	r3, [pc, #156]	@ (1000175c <runtime_init_clocks+0xb0>)
100016be:	601a      	str	r2, [r3, #0]
100016c0:	6c63      	ldr	r3, [r4, #68]	@ 0x44
100016c2:	2b01      	cmp	r3, #1
100016c4:	d1fc      	bne.n	100016c0 <runtime_init_clocks+0x14>
100016c6:	2203      	movs	r2, #3
100016c8:	4b25      	ldr	r3, [pc, #148]	@ (10001760 <runtime_init_clocks+0xb4>)
100016ca:	601a      	str	r2, [r3, #0]
100016cc:	4a22      	ldr	r2, [pc, #136]	@ (10001758 <runtime_init_clocks+0xac>)
100016ce:	6b93      	ldr	r3, [r2, #56]	@ 0x38
100016d0:	2b01      	cmp	r3, #1
100016d2:	d1fc      	bne.n	100016ce <runtime_init_clocks+0x22>
100016d4:	3301      	adds	r3, #1
100016d6:	9300      	str	r3, [sp, #0]
100016d8:	2101      	movs	r1, #1
100016da:	4a22      	ldr	r2, [pc, #136]	@ (10001764 <runtime_init_clocks+0xb8>)
100016dc:	4822      	ldr	r0, [pc, #136]	@ (10001768 <runtime_init_clocks+0xbc>)
100016de:	3304      	adds	r3, #4
100016e0:	f7ff fe76 	bl	100013d0 <pll_init>
100016e4:	2305      	movs	r3, #5
100016e6:	2101      	movs	r1, #1
100016e8:	9300      	str	r3, [sp, #0]
100016ea:	4a20      	ldr	r2, [pc, #128]	@ (1000176c <runtime_init_clocks+0xc0>)
100016ec:	4820      	ldr	r0, [pc, #128]	@ (10001770 <runtime_init_clocks+0xc4>)
100016ee:	f7ff fe6f 	bl	100013d0 <pll_init>
100016f2:	2200      	movs	r2, #0
100016f4:	2102      	movs	r1, #2
100016f6:	2004      	movs	r0, #4
100016f8:	4b1e      	ldr	r3, [pc, #120]	@ (10001774 <runtime_init_clocks+0xc8>)
100016fa:	f7ff fdef 	bl	100012dc <clock_configure_undivided>
100016fe:	2200      	movs	r2, #0
10001700:	2101      	movs	r1, #1
10001702:	2005      	movs	r0, #5
10001704:	4b1c      	ldr	r3, [pc, #112]	@ (10001778 <runtime_init_clocks+0xcc>)
10001706:	f7ff fde9 	bl	100012dc <clock_configure_undivided>
1000170a:	2200      	movs	r2, #0
1000170c:	2100      	movs	r1, #0
1000170e:	2007      	movs	r0, #7
10001710:	4b1a      	ldr	r3, [pc, #104]	@ (1000177c <runtime_init_clocks+0xd0>)
10001712:	f7ff fde3 	bl	100012dc <clock_configure_undivided>
10001716:	2200      	movs	r2, #0
10001718:	2100      	movs	r1, #0
1000171a:	2008      	movs	r0, #8
1000171c:	4b17      	ldr	r3, [pc, #92]	@ (1000177c <runtime_init_clocks+0xd0>)
1000171e:	f7ff fddd 	bl	100012dc <clock_configure_undivided>
10001722:	2380      	movs	r3, #128	@ 0x80
10001724:	00db      	lsls	r3, r3, #3
10001726:	9300      	str	r3, [sp, #0]
10001728:	2200      	movs	r2, #0
1000172a:	2100      	movs	r1, #0
1000172c:	2009      	movs	r0, #9
1000172e:	4b13      	ldr	r3, [pc, #76]	@ (1000177c <runtime_init_clocks+0xd0>)
10001730:	f7ff fd5a 	bl	100011e8 <clock_configure_int_divider>
10001734:	2200      	movs	r2, #0
10001736:	4b10      	ldr	r3, [pc, #64]	@ (10001778 <runtime_init_clocks+0xcc>)
10001738:	2100      	movs	r1, #0
1000173a:	2006      	movs	r0, #6
1000173c:	f7ff fdce 	bl	100012dc <clock_configure_undivided>
10001740:	2004      	movs	r0, #4
10001742:	f7ff fe3f 	bl	100013c4 <clock_get_hz>
10001746:	490e      	ldr	r1, [pc, #56]	@ (10001780 <runtime_init_clocks+0xd4>)
10001748:	f000 f84c 	bl	100017e4 <__wrap___aeabi_uidiv>
1000174c:	0001      	movs	r1, r0
1000174e:	2000      	movs	r0, #0
10001750:	f7ff fede 	bl	10001510 <tick_start>
10001754:	b002      	add	sp, #8
10001756:	bd10      	pop	{r4, pc}
10001758:	40008000 	.word	0x40008000
1000175c:	4000b03c 	.word	0x4000b03c
10001760:	4000b030 	.word	0x4000b030
10001764:	59682f00 	.word	0x59682f00
10001768:	40028000 	.word	0x40028000
1000176c:	47868c00 	.word	0x47868c00
10001770:	4002c000 	.word	0x4002c000
10001774:	00b71b00 	.word	0x00b71b00
10001778:	07735940 	.word	0x07735940
1000177c:	02dc6c00 	.word	0x02dc6c00
10001780:	000f4240 	.word	0x000f4240

10001784 <__aeabi_bits_init>:
10001784:	4801      	ldr	r0, [pc, #4]	@ (1000178c <__aeabi_bits_init+0x8>)
10001786:	2104      	movs	r1, #4
10001788:	4b01      	ldr	r3, [pc, #4]	@ (10001790 <__aeabi_bits_init+0xc>)
1000178a:	4718      	bx	r3
1000178c:	20000fc0 	.word	0x20000fc0
10001790:	10001541 	.word	0x10001541

10001794 <__wrap___aeabi_idiv>:
10001794:	4a12      	ldr	r2, [pc, #72]	@ (100017e0 <divmod_s32s32_savestate+0x18>)
10001796:	6f93      	ldr	r3, [r2, #120]	@ 0x78
10001798:	089b      	lsrs	r3, r3, #2
1000179a:	d215      	bcs.n	100017c8 <divmod_s32s32_savestate>

1000179c <divmod_s32s32_unsafe>:
1000179c:	6690      	str	r0, [r2, #104]	@ 0x68
1000179e:	66d1      	str	r1, [r2, #108]	@ 0x6c
100017a0:	2900      	cmp	r1, #0
100017a2:	d005      	beq.n	100017b0 <divmod_s32s32_unsafe+0x14>
100017a4:	e7ff      	b.n	100017a6 <divmod_s32s32_unsafe+0xa>
100017a6:	e7ff      	b.n	100017a8 <divmod_s32s32_unsafe+0xc>
100017a8:	e7ff      	b.n	100017aa <divmod_s32s32_unsafe+0xe>
100017aa:	6f51      	ldr	r1, [r2, #116]	@ 0x74
100017ac:	6f10      	ldr	r0, [r2, #112]	@ 0x70
100017ae:	4770      	bx	lr
100017b0:	b504      	push	{r2, lr}
100017b2:	2180      	movs	r1, #128	@ 0x80
100017b4:	0609      	lsls	r1, r1, #24
100017b6:	17c2      	asrs	r2, r0, #31
100017b8:	4051      	eors	r1, r2
100017ba:	2800      	cmp	r0, #0
100017bc:	d000      	beq.n	100017c0 <divmod_s32s32_unsafe+0x24>
100017be:	43c8      	mvns	r0, r1
100017c0:	f005 f912 	bl	100069e8 <____aeabi_idiv0_veneer>
100017c4:	2100      	movs	r1, #0
100017c6:	bd04      	pop	{r2, pc}

100017c8 <divmod_s32s32_savestate>:
100017c8:	b5f0      	push	{r4, r5, r6, r7, lr}
100017ca:	6e14      	ldr	r4, [r2, #96]	@ 0x60
100017cc:	6e55      	ldr	r5, [r2, #100]	@ 0x64
100017ce:	6f57      	ldr	r7, [r2, #116]	@ 0x74
100017d0:	6f16      	ldr	r6, [r2, #112]	@ 0x70
100017d2:	f7ff ffe3 	bl	1000179c <divmod_s32s32_unsafe>
100017d6:	6614      	str	r4, [r2, #96]	@ 0x60
100017d8:	6655      	str	r5, [r2, #100]	@ 0x64
100017da:	6757      	str	r7, [r2, #116]	@ 0x74
100017dc:	6716      	str	r6, [r2, #112]	@ 0x70
100017de:	bdf0      	pop	{r4, r5, r6, r7, pc}
100017e0:	d0000000 	.word	0xd0000000

100017e4 <__wrap___aeabi_uidiv>:
100017e4:	4a11      	ldr	r2, [pc, #68]	@ (1000182c <divmod_u32u32_savestate+0x18>)
100017e6:	6f93      	ldr	r3, [r2, #120]	@ 0x78
100017e8:	089b      	lsrs	r3, r3, #2
100017ea:	d213      	bcs.n	10001814 <divmod_u32u32_savestate>

100017ec <divmod_u32u32_unsafe>:
100017ec:	6610      	str	r0, [r2, #96]	@ 0x60
100017ee:	6651      	str	r1, [r2, #100]	@ 0x64
100017f0:	2900      	cmp	r1, #0
100017f2:	d005      	beq.n	10001800 <divmod_u32u32_unsafe+0x14>
100017f4:	e7ff      	b.n	100017f6 <divmod_u32u32_unsafe+0xa>
100017f6:	e7ff      	b.n	100017f8 <divmod_u32u32_unsafe+0xc>
100017f8:	e7ff      	b.n	100017fa <divmod_u32u32_unsafe+0xe>
100017fa:	6f51      	ldr	r1, [r2, #116]	@ 0x74
100017fc:	6f10      	ldr	r0, [r2, #112]	@ 0x70
100017fe:	4770      	bx	lr
10001800:	b504      	push	{r2, lr}
10001802:	2800      	cmp	r0, #0
10001804:	d001      	beq.n	1000180a <divmod_u32u32_unsafe+0x1e>
10001806:	2000      	movs	r0, #0
10001808:	43c0      	mvns	r0, r0
1000180a:	f005 f8ed 	bl	100069e8 <____aeabi_idiv0_veneer>
1000180e:	2100      	movs	r1, #0
10001810:	bd04      	pop	{r2, pc}
10001812:	46c0      	nop			@ (mov r8, r8)

10001814 <divmod_u32u32_savestate>:
10001814:	b5f0      	push	{r4, r5, r6, r7, lr}
10001816:	6e14      	ldr	r4, [r2, #96]	@ 0x60
10001818:	6e55      	ldr	r5, [r2, #100]	@ 0x64
1000181a:	6f57      	ldr	r7, [r2, #116]	@ 0x74
1000181c:	6f16      	ldr	r6, [r2, #112]	@ 0x70
1000181e:	f7ff ffe5 	bl	100017ec <divmod_u32u32_unsafe>
10001822:	6614      	str	r4, [r2, #96]	@ 0x60
10001824:	6655      	str	r5, [r2, #100]	@ 0x64
10001826:	6757      	str	r7, [r2, #116]	@ 0x74
10001828:	6716      	str	r6, [r2, #112]	@ 0x70
1000182a:	bdf0      	pop	{r4, r5, r6, r7, pc}
1000182c:	d0000000 	.word	0xd0000000

10001830 <__wrap___aeabi_ldivmod>:
10001830:	4694      	mov	ip, r2
10001832:	4a4a      	ldr	r2, [pc, #296]	@ (1000195c <udiv0+0x1a>)
10001834:	6f92      	ldr	r2, [r2, #120]	@ 0x78
10001836:	0892      	lsrs	r2, r2, #2
10001838:	4662      	mov	r2, ip
1000183a:	d201      	bcs.n	10001840 <divmod_s64s64_savestate>
1000183c:	e028      	b.n	10001890 <divmod_s64s64_unsafe>
1000183e:	46c0      	nop			@ (mov r8, r8)

10001840 <divmod_s64s64_savestate>:
10001840:	b5f0      	push	{r4, r5, r6, r7, lr}
10001842:	4e46      	ldr	r6, [pc, #280]	@ (1000195c <udiv0+0x1a>)
10001844:	6e34      	ldr	r4, [r6, #96]	@ 0x60
10001846:	6e75      	ldr	r5, [r6, #100]	@ 0x64
10001848:	6f77      	ldr	r7, [r6, #116]	@ 0x74
1000184a:	6f36      	ldr	r6, [r6, #112]	@ 0x70
1000184c:	f000 f820 	bl	10001890 <divmod_s64s64_unsafe>
10001850:	4694      	mov	ip, r2
10001852:	4a42      	ldr	r2, [pc, #264]	@ (1000195c <udiv0+0x1a>)
10001854:	6614      	str	r4, [r2, #96]	@ 0x60
10001856:	6655      	str	r5, [r2, #100]	@ 0x64
10001858:	6757      	str	r7, [r2, #116]	@ 0x74
1000185a:	6716      	str	r6, [r2, #112]	@ 0x70
1000185c:	4662      	mov	r2, ip
1000185e:	bdf0      	pop	{r4, r5, r6, r7, pc}

10001860 <__wrap___aeabi_uldivmod>:
10001860:	4694      	mov	ip, r2
10001862:	4a3e      	ldr	r2, [pc, #248]	@ (1000195c <udiv0+0x1a>)
10001864:	6f92      	ldr	r2, [r2, #120]	@ 0x78
10001866:	0892      	lsrs	r2, r2, #2
10001868:	4662      	mov	r2, ip
1000186a:	d201      	bcs.n	10001870 <divmod_u64u64_savestate>
1000186c:	e054      	b.n	10001918 <divmod_u64u64_unsafe>
1000186e:	46c0      	nop			@ (mov r8, r8)

10001870 <divmod_u64u64_savestate>:
10001870:	b5f0      	push	{r4, r5, r6, r7, lr}
10001872:	4e3a      	ldr	r6, [pc, #232]	@ (1000195c <udiv0+0x1a>)
10001874:	6e34      	ldr	r4, [r6, #96]	@ 0x60
10001876:	6e75      	ldr	r5, [r6, #100]	@ 0x64
10001878:	6f77      	ldr	r7, [r6, #116]	@ 0x74
1000187a:	6f36      	ldr	r6, [r6, #112]	@ 0x70
1000187c:	f000 f84c 	bl	10001918 <divmod_u64u64_unsafe>
10001880:	4694      	mov	ip, r2
10001882:	4a36      	ldr	r2, [pc, #216]	@ (1000195c <udiv0+0x1a>)
10001884:	6614      	str	r4, [r2, #96]	@ 0x60
10001886:	6655      	str	r5, [r2, #100]	@ 0x64
10001888:	6757      	str	r7, [r2, #116]	@ 0x74
1000188a:	6716      	str	r6, [r2, #112]	@ 0x70
1000188c:	4662      	mov	r2, ip
1000188e:	bdf0      	pop	{r4, r5, r6, r7, pc}

10001890 <divmod_s64s64_unsafe>:
10001890:	2b00      	cmp	r3, #0
10001892:	db24      	blt.n	100018de <l42_1+0x26>
10001894:	d011      	beq.n	100018ba <l42_1+0x2>
10001896:	2900      	cmp	r1, #0
10001898:	da3e      	bge.n	10001918 <divmod_u64u64_unsafe>
1000189a:	b500      	push	{lr}
1000189c:	43c9      	mvns	r1, r1
1000189e:	4240      	negs	r0, r0
100018a0:	d100      	bne.n	100018a4 <l40_1>
100018a2:	3101      	adds	r1, #1

100018a4 <l40_1>:
100018a4:	f000 f838 	bl	10001918 <divmod_u64u64_unsafe>
100018a8:	43c9      	mvns	r1, r1
100018aa:	4240      	negs	r0, r0
100018ac:	d100      	bne.n	100018b0 <l41_1>
100018ae:	3101      	adds	r1, #1

100018b0 <l41_1>:
100018b0:	43db      	mvns	r3, r3
100018b2:	4252      	negs	r2, r2
100018b4:	d100      	bne.n	100018b8 <l42_1>
100018b6:	3301      	adds	r3, #1

100018b8 <l42_1>:
100018b8:	bd00      	pop	{pc}
100018ba:	2a00      	cmp	r2, #0
100018bc:	d1eb      	bne.n	10001896 <divmod_s64s64_unsafe+0x6>
100018be:	2800      	cmp	r0, #0
100018c0:	d101      	bne.n	100018c6 <l42_1+0xe>
100018c2:	2900      	cmp	r1, #0
100018c4:	d005      	beq.n	100018d2 <l42_1+0x1a>
100018c6:	2000      	movs	r0, #0
100018c8:	0fc9      	lsrs	r1, r1, #31
100018ca:	07c9      	lsls	r1, r1, #31
100018cc:	d101      	bne.n	100018d2 <l42_1+0x1a>
100018ce:	43c0      	mvns	r0, r0
100018d0:	0841      	lsrs	r1, r0, #1
100018d2:	b500      	push	{lr}
100018d4:	f005 f878 	bl	100069c8 <____aeabi_ldiv0_veneer>
100018d8:	2200      	movs	r2, #0
100018da:	2300      	movs	r3, #0
100018dc:	bd00      	pop	{pc}
100018de:	b500      	push	{lr}
100018e0:	2900      	cmp	r1, #0
100018e2:	db0a      	blt.n	100018fa <l44_1+0x2>
100018e4:	43db      	mvns	r3, r3
100018e6:	4252      	negs	r2, r2
100018e8:	d100      	bne.n	100018ec <l43_1>
100018ea:	3301      	adds	r3, #1

100018ec <l43_1>:
100018ec:	f000 f814 	bl	10001918 <divmod_u64u64_unsafe>
100018f0:	43c9      	mvns	r1, r1
100018f2:	4240      	negs	r0, r0
100018f4:	d100      	bne.n	100018f8 <l44_1>
100018f6:	3101      	adds	r1, #1

100018f8 <l44_1>:
100018f8:	bd00      	pop	{pc}
100018fa:	43c9      	mvns	r1, r1
100018fc:	4240      	negs	r0, r0
100018fe:	d100      	bne.n	10001902 <l45_1>
10001900:	3101      	adds	r1, #1

10001902 <l45_1>:
10001902:	43db      	mvns	r3, r3
10001904:	4252      	negs	r2, r2
10001906:	d100      	bne.n	1000190a <l46_1>
10001908:	3301      	adds	r3, #1

1000190a <l46_1>:
1000190a:	f000 f805 	bl	10001918 <divmod_u64u64_unsafe>
1000190e:	43db      	mvns	r3, r3
10001910:	4252      	negs	r2, r2
10001912:	d100      	bne.n	10001916 <l47_1>
10001914:	3301      	adds	r3, #1

10001916 <l47_1>:
10001916:	bd00      	pop	{pc}

10001918 <divmod_u64u64_unsafe>:
10001918:	2900      	cmp	r1, #0
1000191a:	d123      	bne.n	10001964 <y64>
1000191c:	2b00      	cmp	r3, #0
1000191e:	d118      	bne.n	10001952 <udiv0+0x10>
10001920:	2a00      	cmp	r2, #0
10001922:	d00c      	beq.n	1000193e <divmod_u64u64_unsafe+0x26>
10001924:	46bc      	mov	ip, r7
10001926:	4f0d      	ldr	r7, [pc, #52]	@ (1000195c <udiv0+0x1a>)
10001928:	6638      	str	r0, [r7, #96]	@ 0x60
1000192a:	667a      	str	r2, [r7, #100]	@ 0x64
1000192c:	2100      	movs	r1, #0
1000192e:	2300      	movs	r3, #0
10001930:	e7ff      	b.n	10001932 <divmod_u64u64_unsafe+0x1a>
10001932:	e7ff      	b.n	10001934 <divmod_u64u64_unsafe+0x1c>
10001934:	e7ff      	b.n	10001936 <divmod_u64u64_unsafe+0x1e>
10001936:	6f7a      	ldr	r2, [r7, #116]	@ 0x74
10001938:	6f38      	ldr	r0, [r7, #112]	@ 0x70
1000193a:	4667      	mov	r7, ip
1000193c:	4770      	bx	lr
1000193e:	2800      	cmp	r0, #0
10001940:	d001      	beq.n	10001946 <udiv0+0x4>

10001942 <udiv0>:
10001942:	4807      	ldr	r0, [pc, #28]	@ (10001960 <udiv0+0x1e>)
10001944:	0001      	movs	r1, r0
10001946:	b500      	push	{lr}
10001948:	f005 f83e 	bl	100069c8 <____aeabi_ldiv0_veneer>
1000194c:	2200      	movs	r2, #0
1000194e:	2300      	movs	r3, #0
10001950:	bd00      	pop	{pc}
10001952:	0002      	movs	r2, r0
10001954:	000b      	movs	r3, r1
10001956:	2000      	movs	r0, #0
10001958:	2100      	movs	r1, #0
1000195a:	4770      	bx	lr
1000195c:	d0000000 	.word	0xd0000000
10001960:	ffffffff 	.word	0xffffffff

10001964 <y64>:
10001964:	2b00      	cmp	r3, #0
10001966:	d000      	beq.n	1000196a <y64+0x6>
10001968:	e0bf      	b.n	10001aea <y64_x48>
1000196a:	0c13      	lsrs	r3, r2, #16
1000196c:	d128      	bne.n	100019c0 <y64_x32>
1000196e:	2a00      	cmp	r2, #0
10001970:	d0e7      	beq.n	10001942 <udiv0>
10001972:	b480      	push	{r7}
10001974:	4f11      	ldr	r7, [pc, #68]	@ (100019bc <y64+0x58>)
10001976:	6639      	str	r1, [r7, #96]	@ 0x60
10001978:	667a      	str	r2, [r7, #100]	@ 0x64
1000197a:	e7ff      	b.n	1000197c <y64+0x18>
1000197c:	e7ff      	b.n	1000197e <y64+0x1a>
1000197e:	b430      	push	{r4, r5}
10001980:	0c04      	lsrs	r4, r0, #16
10001982:	6f7b      	ldr	r3, [r7, #116]	@ 0x74
10001984:	6f39      	ldr	r1, [r7, #112]	@ 0x70
10001986:	041b      	lsls	r3, r3, #16
10001988:	4323      	orrs	r3, r4
1000198a:	663b      	str	r3, [r7, #96]	@ 0x60
1000198c:	667a      	str	r2, [r7, #100]	@ 0x64
1000198e:	e7ff      	b.n	10001990 <y64+0x2c>
10001990:	e7ff      	b.n	10001992 <y64+0x2e>
10001992:	e7ff      	b.n	10001994 <y64+0x30>
10001994:	46c0      	nop			@ (mov r8, r8)
10001996:	b284      	uxth	r4, r0
10001998:	6f7b      	ldr	r3, [r7, #116]	@ 0x74
1000199a:	6f3d      	ldr	r5, [r7, #112]	@ 0x70
1000199c:	041b      	lsls	r3, r3, #16
1000199e:	4323      	orrs	r3, r4
100019a0:	663b      	str	r3, [r7, #96]	@ 0x60
100019a2:	667a      	str	r2, [r7, #100]	@ 0x64
100019a4:	e7ff      	b.n	100019a6 <y64+0x42>
100019a6:	e7ff      	b.n	100019a8 <y64+0x44>
100019a8:	46c0      	nop			@ (mov r8, r8)
100019aa:	2300      	movs	r3, #0
100019ac:	042c      	lsls	r4, r5, #16
100019ae:	0c2d      	lsrs	r5, r5, #16
100019b0:	6f7a      	ldr	r2, [r7, #116]	@ 0x74
100019b2:	6f38      	ldr	r0, [r7, #112]	@ 0x70
100019b4:	1900      	adds	r0, r0, r4
100019b6:	4169      	adcs	r1, r5
100019b8:	bcb0      	pop	{r4, r5, r7}
100019ba:	4770      	bx	lr
100019bc:	d0000000 	.word	0xd0000000

100019c0 <y64_x32>:
100019c0:	b5f0      	push	{r4, r5, r6, r7, lr}
100019c2:	4694      	mov	ip, r2
100019c4:	2500      	movs	r5, #0
100019c6:	0e14      	lsrs	r4, r2, #24
100019c8:	d101      	bne.n	100019ce <y64_x32+0xe>
100019ca:	0212      	lsls	r2, r2, #8
100019cc:	3508      	adds	r5, #8
100019ce:	0f14      	lsrs	r4, r2, #28
100019d0:	d101      	bne.n	100019d6 <y64_x32+0x16>
100019d2:	0112      	lsls	r2, r2, #4
100019d4:	3504      	adds	r5, #4
100019d6:	0f94      	lsrs	r4, r2, #30
100019d8:	d101      	bne.n	100019de <y64_x32+0x1e>
100019da:	0092      	lsls	r2, r2, #2
100019dc:	3502      	adds	r5, #2
100019de:	0fd4      	lsrs	r4, r2, #31
100019e0:	d101      	bne.n	100019e6 <y64_x32+0x26>
100019e2:	0052      	lsls	r2, r2, #1
100019e4:	3501      	adds	r5, #1
100019e6:	0bd4      	lsrs	r4, r2, #15
100019e8:	3401      	adds	r4, #1
100019ea:	4f25      	ldr	r7, [pc, #148]	@ (10001a80 <y64_x32+0xc0>)
100019ec:	667c      	str	r4, [r7, #100]	@ 0x64
100019ee:	4c25      	ldr	r4, [pc, #148]	@ (10001a84 <y64_x32+0xc4>)
100019f0:	663c      	str	r4, [r7, #96]	@ 0x60
100019f2:	0c0e      	lsrs	r6, r1, #16
100019f4:	b293      	uxth	r3, r2
100019f6:	e7ff      	b.n	100019f8 <y64_x32+0x38>
100019f8:	e7ff      	b.n	100019fa <y64_x32+0x3a>
100019fa:	e7ff      	b.n	100019fc <y64_x32+0x3c>
100019fc:	6f3c      	ldr	r4, [r7, #112]	@ 0x70
100019fe:	4366      	muls	r6, r4
10001a00:	0c36      	lsrs	r6, r6, #16
10001a02:	0377      	lsls	r7, r6, #13
10001a04:	46be      	mov	lr, r7
10001a06:	4373      	muls	r3, r6
10001a08:	0bdf      	lsrs	r7, r3, #15
10001a0a:	045b      	lsls	r3, r3, #17
10001a0c:	1ac0      	subs	r0, r0, r3
10001a0e:	41b9      	sbcs	r1, r7
10001a10:	0c13      	lsrs	r3, r2, #16
10001a12:	4373      	muls	r3, r6
10001a14:	18db      	adds	r3, r3, r3
10001a16:	1ac9      	subs	r1, r1, r3
10001a18:	08ce      	lsrs	r6, r1, #3
10001a1a:	4366      	muls	r6, r4
10001a1c:	0c36      	lsrs	r6, r6, #16
10001a1e:	44b6      	add	lr, r6
10001a20:	b293      	uxth	r3, r2
10001a22:	4373      	muls	r3, r6
10001a24:	0f1f      	lsrs	r7, r3, #28
10001a26:	011b      	lsls	r3, r3, #4
10001a28:	1ac0      	subs	r0, r0, r3
10001a2a:	41b9      	sbcs	r1, r7
10001a2c:	0c13      	lsrs	r3, r2, #16
10001a2e:	4373      	muls	r3, r6
10001a30:	0b1f      	lsrs	r7, r3, #12
10001a32:	051b      	lsls	r3, r3, #20
10001a34:	1ac0      	subs	r0, r0, r3
10001a36:	41b9      	sbcs	r1, r7
10001a38:	0d86      	lsrs	r6, r0, #22
10001a3a:	028f      	lsls	r7, r1, #10
10001a3c:	433e      	orrs	r6, r7
10001a3e:	4366      	muls	r6, r4
10001a40:	0c36      	lsrs	r6, r6, #16
10001a42:	2d09      	cmp	r5, #9
10001a44:	db24      	blt.n	10001a90 <last0>
10001a46:	0a52      	lsrs	r2, r2, #9
10001a48:	4372      	muls	r2, r6
10001a4a:	1a80      	subs	r0, r0, r2
10001a4c:	0377      	lsls	r7, r6, #13
10001a4e:	0a46      	lsrs	r6, r0, #9
10001a50:	4366      	muls	r6, r4
10001a52:	0c36      	lsrs	r6, r6, #16
10001a54:	2316      	movs	r3, #22
10001a56:	1b5b      	subs	r3, r3, r5
10001a58:	40de      	lsrs	r6, r3
10001a5a:	40df      	lsrs	r7, r3
10001a5c:	19bf      	adds	r7, r7, r6
10001a5e:	4664      	mov	r4, ip
10001a60:	4366      	muls	r6, r4
10001a62:	1b82      	subs	r2, r0, r6
10001a64:	4670      	mov	r0, lr
10001a66:	3504      	adds	r5, #4
10001a68:	3306      	adds	r3, #6
10001a6a:	0001      	movs	r1, r0
10001a6c:	40d9      	lsrs	r1, r3
10001a6e:	40a8      	lsls	r0, r5
10001a70:	19c0      	adds	r0, r0, r7
10001a72:	d300      	bcc.n	10001a76 <y64_x32+0xb6>
10001a74:	3101      	adds	r1, #1
10001a76:	42a2      	cmp	r2, r4
10001a78:	d206      	bcs.n	10001a88 <y64_x32+0xc8>
10001a7a:	2300      	movs	r3, #0
10001a7c:	bdf0      	pop	{r4, r5, r6, r7, pc}
10001a7e:	0000      	.short	0x0000
10001a80:	d0000000 	.word	0xd0000000
10001a84:	ffffffff 	.word	0xffffffff
10001a88:	1b12      	subs	r2, r2, r4
10001a8a:	3001      	adds	r0, #1
10001a8c:	d3f3      	bcc.n	10001a76 <y64_x32+0xb6>
10001a8e:	e7f1      	b.n	10001a74 <y64_x32+0xb4>

10001a90 <last0>:
10001a90:	2709      	movs	r7, #9
10001a92:	1b7f      	subs	r7, r7, r5
10001a94:	40fe      	lsrs	r6, r7
10001a96:	4664      	mov	r4, ip
10001a98:	b2a2      	uxth	r2, r4
10001a9a:	4372      	muls	r2, r6
10001a9c:	1a80      	subs	r0, r0, r2
10001a9e:	d200      	bcs.n	10001aa2 <last0+0x12>
10001aa0:	3901      	subs	r1, #1
10001aa2:	0c22      	lsrs	r2, r4, #16
10001aa4:	4372      	muls	r2, r6
10001aa6:	0c13      	lsrs	r3, r2, #16
10001aa8:	0412      	lsls	r2, r2, #16
10001aaa:	1a82      	subs	r2, r0, r2
10001aac:	4199      	sbcs	r1, r3
10001aae:	000b      	movs	r3, r1
10001ab0:	4670      	mov	r0, lr
10001ab2:	3504      	adds	r5, #4
10001ab4:	3713      	adds	r7, #19
10001ab6:	0001      	movs	r1, r0
10001ab8:	40f9      	lsrs	r1, r7
10001aba:	40a8      	lsls	r0, r5
10001abc:	1980      	adds	r0, r0, r6
10001abe:	d300      	bcc.n	10001ac2 <last0+0x32>
10001ac0:	3101      	adds	r1, #1
10001ac2:	2b00      	cmp	r3, #0
10001ac4:	d102      	bne.n	10001acc <last0+0x3c>
10001ac6:	42a2      	cmp	r2, r4
10001ac8:	d20a      	bcs.n	10001ae0 <last0+0x50>
10001aca:	bdf0      	pop	{r4, r5, r6, r7, pc}
10001acc:	3001      	adds	r0, #1
10001ace:	d300      	bcc.n	10001ad2 <last0+0x42>
10001ad0:	3101      	adds	r1, #1
10001ad2:	1b12      	subs	r2, r2, r4
10001ad4:	d2fa      	bcs.n	10001acc <last0+0x3c>
10001ad6:	3b01      	subs	r3, #1
10001ad8:	d1f8      	bne.n	10001acc <last0+0x3c>
10001ada:	42a2      	cmp	r2, r4
10001adc:	d200      	bcs.n	10001ae0 <last0+0x50>
10001ade:	bdf0      	pop	{r4, r5, r6, r7, pc}
10001ae0:	3001      	adds	r0, #1
10001ae2:	d300      	bcc.n	10001ae6 <last0+0x56>
10001ae4:	3101      	adds	r1, #1
10001ae6:	1b12      	subs	r2, r2, r4
10001ae8:	e7f7      	b.n	10001ada <last0+0x4a>

10001aea <y64_x48>:
10001aea:	b5f0      	push	{r4, r5, r6, r7, lr}
10001aec:	0c1c      	lsrs	r4, r3, #16
10001aee:	d000      	beq.n	10001af2 <y64_x48+0x8>
10001af0:	e080      	b.n	10001bf4 <y64_x64>
10001af2:	b40c      	push	{r2, r3}
10001af4:	2500      	movs	r5, #0
10001af6:	0a1c      	lsrs	r4, r3, #8
10001af8:	d104      	bne.n	10001b04 <y64_x48+0x1a>
10001afa:	021b      	lsls	r3, r3, #8
10001afc:	0e16      	lsrs	r6, r2, #24
10001afe:	4333      	orrs	r3, r6
10001b00:	0212      	lsls	r2, r2, #8
10001b02:	3508      	adds	r5, #8
10001b04:	0b1c      	lsrs	r4, r3, #12
10001b06:	d104      	bne.n	10001b12 <y64_x48+0x28>
10001b08:	011b      	lsls	r3, r3, #4
10001b0a:	0f16      	lsrs	r6, r2, #28
10001b0c:	4333      	orrs	r3, r6
10001b0e:	0112      	lsls	r2, r2, #4
10001b10:	3504      	adds	r5, #4
10001b12:	0b9c      	lsrs	r4, r3, #14
10001b14:	d104      	bne.n	10001b20 <y64_x48+0x36>
10001b16:	009b      	lsls	r3, r3, #2
10001b18:	0f96      	lsrs	r6, r2, #30
10001b1a:	4333      	orrs	r3, r6
10001b1c:	0092      	lsls	r2, r2, #2
10001b1e:	3502      	adds	r5, #2
10001b20:	0bdc      	lsrs	r4, r3, #15
10001b22:	d102      	bne.n	10001b2a <y64_x48+0x40>
10001b24:	1892      	adds	r2, r2, r2
10001b26:	415b      	adcs	r3, r3
10001b28:	3501      	adds	r5, #1
10001b2a:	001c      	movs	r4, r3
10001b2c:	1897      	adds	r7, r2, r2
10001b2e:	4164      	adcs	r4, r4
10001b30:	3401      	adds	r4, #1
10001b32:	4f46      	ldr	r7, [pc, #280]	@ (10001c4c <y64_x64+0x58>)
10001b34:	667c      	str	r4, [r7, #100]	@ 0x64
10001b36:	4c46      	ldr	r4, [pc, #280]	@ (10001c50 <y64_x64+0x5c>)
10001b38:	663c      	str	r4, [r7, #96]	@ 0x60
10001b3a:	0c0e      	lsrs	r6, r1, #16
10001b3c:	e7ff      	b.n	10001b3e <y64_x48+0x54>
10001b3e:	e7ff      	b.n	10001b40 <y64_x48+0x56>
10001b40:	e7ff      	b.n	10001b42 <y64_x48+0x58>
10001b42:	46c0      	nop			@ (mov r8, r8)
10001b44:	6f3c      	ldr	r4, [r7, #112]	@ 0x70
10001b46:	4366      	muls	r6, r4
10001b48:	0c36      	lsrs	r6, r6, #16
10001b4a:	0377      	lsls	r7, r6, #13
10001b4c:	46be      	mov	lr, r7
10001b4e:	b297      	uxth	r7, r2
10001b50:	4377      	muls	r7, r6
10001b52:	1bc0      	subs	r0, r0, r7
10001b54:	d200      	bcs.n	10001b58 <y64_x48+0x6e>
10001b56:	3901      	subs	r1, #1
10001b58:	1bc0      	subs	r0, r0, r7
10001b5a:	d200      	bcs.n	10001b5e <y64_x48+0x74>
10001b5c:	3901      	subs	r1, #1
10001b5e:	b29f      	uxth	r7, r3
10001b60:	4377      	muls	r7, r6
10001b62:	1bc9      	subs	r1, r1, r7
10001b64:	1bc9      	subs	r1, r1, r7
10001b66:	0c17      	lsrs	r7, r2, #16
10001b68:	4377      	muls	r7, r6
10001b6a:	047e      	lsls	r6, r7, #17
10001b6c:	0bff      	lsrs	r7, r7, #15
10001b6e:	1b80      	subs	r0, r0, r6
10001b70:	41b9      	sbcs	r1, r7
10001b72:	08ce      	lsrs	r6, r1, #3
10001b74:	4366      	muls	r6, r4
10001b76:	0c36      	lsrs	r6, r6, #16
10001b78:	2d0c      	cmp	r5, #12
10001b7a:	db33      	blt.n	10001be4 <last1>
10001b7c:	44b6      	add	lr, r6
10001b7e:	0b12      	lsrs	r2, r2, #12
10001b80:	051f      	lsls	r7, r3, #20
10001b82:	433a      	orrs	r2, r7
10001b84:	0b1b      	lsrs	r3, r3, #12
10001b86:	b297      	uxth	r7, r2
10001b88:	4377      	muls	r7, r6
10001b8a:	1bc0      	subs	r0, r0, r7
10001b8c:	d200      	bcs.n	10001b90 <y64_x48+0xa6>
10001b8e:	3901      	subs	r1, #1
10001b90:	b29f      	uxth	r7, r3
10001b92:	4377      	muls	r7, r6
10001b94:	1bc9      	subs	r1, r1, r7
10001b96:	0c17      	lsrs	r7, r2, #16
10001b98:	4377      	muls	r7, r6
10001b9a:	043e      	lsls	r6, r7, #16
10001b9c:	0c3f      	lsrs	r7, r7, #16
10001b9e:	1b80      	subs	r0, r0, r6
10001ba0:	41b9      	sbcs	r1, r7
10001ba2:	0d86      	lsrs	r6, r0, #22
10001ba4:	028f      	lsls	r7, r1, #10
10001ba6:	433e      	orrs	r6, r7
10001ba8:	4366      	muls	r6, r4
10001baa:	2729      	movs	r7, #41	@ 0x29
10001bac:	1b7f      	subs	r7, r7, r5
10001bae:	40fe      	lsrs	r6, r7
10001bb0:	3d0c      	subs	r5, #12
10001bb2:	4677      	mov	r7, lr
10001bb4:	40af      	lsls	r7, r5
10001bb6:	19bf      	adds	r7, r7, r6
10001bb8:	bc30      	pop	{r4, r5}
10001bba:	b2a2      	uxth	r2, r4
10001bbc:	b2ab      	uxth	r3, r5
10001bbe:	4372      	muls	r2, r6
10001bc0:	4373      	muls	r3, r6
10001bc2:	1a80      	subs	r0, r0, r2
10001bc4:	4199      	sbcs	r1, r3
10001bc6:	0c22      	lsrs	r2, r4, #16
10001bc8:	4372      	muls	r2, r6
10001bca:	0c13      	lsrs	r3, r2, #16
10001bcc:	0412      	lsls	r2, r2, #16
10001bce:	1a80      	subs	r0, r0, r2
10001bd0:	4199      	sbcs	r1, r3
10001bd2:	0002      	movs	r2, r0
10001bd4:	000b      	movs	r3, r1
10001bd6:	3701      	adds	r7, #1
10001bd8:	1b00      	subs	r0, r0, r4
10001bda:	41a9      	sbcs	r1, r5
10001bdc:	d2f9      	bcs.n	10001bd2 <y64_x48+0xe8>
10001bde:	1e78      	subs	r0, r7, #1
10001be0:	2100      	movs	r1, #0
10001be2:	bdf0      	pop	{r4, r5, r6, r7, pc}

10001be4 <last1>:
10001be4:	270c      	movs	r7, #12
10001be6:	1b7f      	subs	r7, r7, r5
10001be8:	40fe      	lsrs	r6, r7
10001bea:	4677      	mov	r7, lr
10001bec:	0b7f      	lsrs	r7, r7, #13
10001bee:	40af      	lsls	r7, r5
10001bf0:	19ff      	adds	r7, r7, r7
10001bf2:	e7e0      	b.n	10001bb6 <y64_x48+0xcc>

10001bf4 <y64_x64>:
10001bf4:	2400      	movs	r4, #0
10001bf6:	1c5d      	adds	r5, r3, #1
10001bf8:	d007      	beq.n	10001c0a <y64_x64+0x16>
10001bfa:	4f14      	ldr	r7, [pc, #80]	@ (10001c4c <y64_x64+0x58>)
10001bfc:	667d      	str	r5, [r7, #100]	@ 0x64
10001bfe:	6639      	str	r1, [r7, #96]	@ 0x60
10001c00:	e7ff      	b.n	10001c02 <y64_x64+0xe>
10001c02:	e7ff      	b.n	10001c04 <y64_x64+0x10>
10001c04:	e7ff      	b.n	10001c06 <y64_x64+0x12>
10001c06:	e7ff      	b.n	10001c08 <y64_x64+0x14>
10001c08:	6f3c      	ldr	r4, [r7, #112]	@ 0x70
10001c0a:	b295      	uxth	r5, r2
10001c0c:	b29e      	uxth	r6, r3
10001c0e:	4365      	muls	r5, r4
10001c10:	4366      	muls	r6, r4
10001c12:	1b40      	subs	r0, r0, r5
10001c14:	41b1      	sbcs	r1, r6
10001c16:	0c15      	lsrs	r5, r2, #16
10001c18:	0c1e      	lsrs	r6, r3, #16
10001c1a:	4365      	muls	r5, r4
10001c1c:	4366      	muls	r6, r4
10001c1e:	0436      	lsls	r6, r6, #16
10001c20:	0c2f      	lsrs	r7, r5, #16
10001c22:	433e      	orrs	r6, r7
10001c24:	042d      	lsls	r5, r5, #16
10001c26:	1b40      	subs	r0, r0, r5
10001c28:	41b1      	sbcs	r1, r6
10001c2a:	4299      	cmp	r1, r3
10001c2c:	d204      	bcs.n	10001c38 <y64_x64+0x44>
10001c2e:	0002      	movs	r2, r0
10001c30:	000b      	movs	r3, r1
10001c32:	0020      	movs	r0, r4
10001c34:	2100      	movs	r1, #0
10001c36:	bdf0      	pop	{r4, r5, r6, r7, pc}
10001c38:	d101      	bne.n	10001c3e <y64_x64+0x4a>
10001c3a:	4290      	cmp	r0, r2
10001c3c:	d3f7      	bcc.n	10001c2e <y64_x64+0x3a>
10001c3e:	1a80      	subs	r0, r0, r2
10001c40:	4199      	sbcs	r1, r3
10001c42:	3401      	adds	r4, #1
10001c44:	4299      	cmp	r1, r3
10001c46:	d3f2      	bcc.n	10001c2e <y64_x64+0x3a>
10001c48:	e7f6      	b.n	10001c38 <y64_x64+0x44>
10001c4a:	0000      	.short	0x0000
10001c4c:	d0000000 	.word	0xd0000000
10001c50:	ffffffff 	.word	0xffffffff

10001c54 <__wrap___aeabi_drsub>:
10001c54:	4048      	eors	r0, r1
10001c56:	4041      	eors	r1, r0
10001c58:	4048      	eors	r0, r1

10001c5a <__wrap___aeabi_dsub>:
10001c5a:	b418      	push	{r3, r4}
10001c5c:	4b1b      	ldr	r3, [pc, #108]	@ (10001ccc <__wrap___aeabi_dmul+0x12>)
10001c5e:	685b      	ldr	r3, [r3, #4]
10001c60:	46fc      	mov	ip, pc
10001c62:	9301      	str	r3, [sp, #4]
10001c64:	bd08      	pop	{r3, pc}
10001c66:	df04      	.short	0xdf04
10001c68:	10001eef 	.word	0x10001eef

10001c6c <__wrap___aeabi_dadd>:
10001c6c:	b418      	push	{r3, r4}
10001c6e:	4b17      	ldr	r3, [pc, #92]	@ (10001ccc <__wrap___aeabi_dmul+0x12>)
10001c70:	681b      	ldr	r3, [r3, #0]
10001c72:	46fc      	mov	ip, pc
10001c74:	9301      	str	r3, [sp, #4]
10001c76:	bd08      	pop	{r3, pc}
10001c78:	1ef9df00 	.word	0x1ef9df00
10001c7c:	1000      	.short	0x1000

10001c7e <__wrap___aeabi_ddiv>:
10001c7e:	4694      	mov	ip, r2
10001c80:	4a13      	ldr	r2, [pc, #76]	@ (10001cd0 <__wrap___aeabi_dmul+0x16>)
10001c82:	6f92      	ldr	r2, [r2, #120]	@ 0x78
10001c84:	0892      	lsrs	r2, r2, #2
10001c86:	d209      	bcs.n	10001c9c <ddiv_save_state>
10001c88:	4662      	mov	r2, ip

10001c8a <ddiv_shim_call>:
10001c8a:	b418      	push	{r3, r4}
10001c8c:	4b0f      	ldr	r3, [pc, #60]	@ (10001ccc <__wrap___aeabi_dmul+0x12>)
10001c8e:	68db      	ldr	r3, [r3, #12]
10001c90:	46fc      	mov	ip, pc
10001c92:	9301      	str	r3, [sp, #4]
10001c94:	bd08      	pop	{r3, pc}
10001c96:	df0c      	.short	0xdf0c
10001c98:	100021b1 	.word	0x100021b1

10001c9c <ddiv_save_state>:
10001c9c:	4a0c      	ldr	r2, [pc, #48]	@ (10001cd0 <__wrap___aeabi_dmul+0x16>)
10001c9e:	b5f0      	push	{r4, r5, r6, r7, lr}
10001ca0:	6e14      	ldr	r4, [r2, #96]	@ 0x60
10001ca2:	6e55      	ldr	r5, [r2, #100]	@ 0x64
10001ca4:	6f57      	ldr	r7, [r2, #116]	@ 0x74
10001ca6:	6f16      	ldr	r6, [r2, #112]	@ 0x70
10001ca8:	4662      	mov	r2, ip
10001caa:	f7ff ffee 	bl	10001c8a <ddiv_shim_call>
10001cae:	4a08      	ldr	r2, [pc, #32]	@ (10001cd0 <__wrap___aeabi_dmul+0x16>)
10001cb0:	6614      	str	r4, [r2, #96]	@ 0x60
10001cb2:	6655      	str	r5, [r2, #100]	@ 0x64
10001cb4:	6757      	str	r7, [r2, #116]	@ 0x74
10001cb6:	6716      	str	r6, [r2, #112]	@ 0x70
10001cb8:	bdf0      	pop	{r4, r5, r6, r7, pc}

10001cba <__wrap___aeabi_dmul>:
10001cba:	b418      	push	{r3, r4}
10001cbc:	4b03      	ldr	r3, [pc, #12]	@ (10001ccc <__wrap___aeabi_dmul+0x12>)
10001cbe:	689b      	ldr	r3, [r3, #8]
10001cc0:	46fc      	mov	ip, pc
10001cc2:	9301      	str	r3, [sp, #4]
10001cc4:	bd08      	pop	{r3, pc}
10001cc6:	df08      	.short	0xdf08
10001cc8:	10002055 	.word	0x10002055
10001ccc:	200011a8 	.word	0x200011a8
10001cd0:	d0000000 	.word	0xd0000000

10001cd4 <__wrap___aeabi_cdrcmple>:
10001cd4:	b5ff      	push	{r0, r1, r2, r3, r4, r5, r6, r7, lr}
10001cd6:	4050      	eors	r0, r2
10001cd8:	4042      	eors	r2, r0
10001cda:	4050      	eors	r0, r2
10001cdc:	4059      	eors	r1, r3
10001cde:	404b      	eors	r3, r1
10001ce0:	4059      	eors	r1, r3
10001ce2:	e000      	b.n	10001ce6 <__aeabi_dfcmple_guts>

10001ce4 <__wrap___aeabi_cdcmpeq>:
10001ce4:	b5ff      	push	{r0, r1, r2, r3, r4, r5, r6, r7, lr}

10001ce6 <__aeabi_dfcmple_guts>:
10001ce6:	4f15      	ldr	r7, [pc, #84]	@ (10001d3c <__aeabi_dfcmple_guts+0x56>)
10001ce8:	004c      	lsls	r4, r1, #1
10001cea:	0d64      	lsrs	r4, r4, #21
10001cec:	d003      	beq.n	10001cf6 <__aeabi_dfcmple_guts+0x10>
10001cee:	42bc      	cmp	r4, r7
10001cf0:	d104      	bne.n	10001cfc <__aeabi_dfcmple_guts+0x16>
10001cf2:	030c      	lsls	r4, r1, #12
10001cf4:	d814      	bhi.n	10001d20 <__aeabi_dfcmple_guts+0x3a>
10001cf6:	2000      	movs	r0, #0
10001cf8:	0d09      	lsrs	r1, r1, #20
10001cfa:	0509      	lsls	r1, r1, #20
10001cfc:	005c      	lsls	r4, r3, #1
10001cfe:	0d64      	lsrs	r4, r4, #21
10001d00:	d003      	beq.n	10001d0a <__aeabi_dfcmple_guts+0x24>
10001d02:	42bc      	cmp	r4, r7
10001d04:	d104      	bne.n	10001d10 <__aeabi_dfcmple_guts+0x2a>
10001d06:	031c      	lsls	r4, r3, #12
10001d08:	d80a      	bhi.n	10001d20 <__aeabi_dfcmple_guts+0x3a>
10001d0a:	2200      	movs	r2, #0
10001d0c:	0d1b      	lsrs	r3, r3, #20
10001d0e:	051b      	lsls	r3, r3, #20
10001d10:	2601      	movs	r6, #1
10001d12:	404b      	eors	r3, r1
10001d14:	d409      	bmi.n	10001d2a <__aeabi_dfcmple_guts+0x44>
10001d16:	404b      	eors	r3, r1
10001d18:	d503      	bpl.n	10001d22 <__aeabi_dfcmple_guts+0x3c>
10001d1a:	428b      	cmp	r3, r1
10001d1c:	d100      	bne.n	10001d20 <__aeabi_dfcmple_guts+0x3a>
10001d1e:	4282      	cmp	r2, r0
10001d20:	bdff      	pop	{r0, r1, r2, r3, r4, r5, r6, r7, pc}
10001d22:	4299      	cmp	r1, r3
10001d24:	d1fc      	bne.n	10001d20 <__aeabi_dfcmple_guts+0x3a>
10001d26:	4290      	cmp	r0, r2
10001d28:	bdff      	pop	{r0, r1, r2, r3, r4, r5, r6, r7, pc}
10001d2a:	430b      	orrs	r3, r1
10001d2c:	18db      	adds	r3, r3, r3
10001d2e:	4303      	orrs	r3, r0
10001d30:	4313      	orrs	r3, r2
10001d32:	d0f5      	beq.n	10001d20 <__aeabi_dfcmple_guts+0x3a>
10001d34:	43c9      	mvns	r1, r1
10001d36:	1849      	adds	r1, r1, r1
10001d38:	bdff      	pop	{r0, r1, r2, r3, r4, r5, r6, r7, pc}
10001d3a:	0000      	.short	0x0000
10001d3c:	000007ff 	.word	0x000007ff

10001d40 <__wrap___aeabi_dcmplt>:
10001d40:	b500      	push	{lr}
10001d42:	f7ff ffcf 	bl	10001ce4 <__wrap___aeabi_cdcmpeq>
10001d46:	4180      	sbcs	r0, r0
10001d48:	bd00      	pop	{pc}
10001d4a:	46c0      	nop			@ (mov r8, r8)

10001d4c <__wrap___aeabi_dcmpge>:
10001d4c:	b500      	push	{lr}
10001d4e:	f7ff ffc1 	bl	10001cd4 <__wrap___aeabi_cdrcmple>
10001d52:	d901      	bls.n	10001d58 <__wrap___aeabi_dcmpge+0xc>
10001d54:	2000      	movs	r0, #0
10001d56:	bd00      	pop	{pc}
10001d58:	2001      	movs	r0, #1
10001d5a:	bd00      	pop	{pc}

10001d5c <__wrap___aeabi_dcmpgt>:
10001d5c:	b500      	push	{lr}
10001d5e:	f7ff ffb9 	bl	10001cd4 <__wrap___aeabi_cdrcmple>
10001d62:	4180      	sbcs	r0, r0
10001d64:	bd00      	pop	{pc}

10001d66 <__wrap___aeabi_dcmpun>:
10001d66:	2001      	movs	r0, #1
10001d68:	0540      	lsls	r0, r0, #21
10001d6a:	004a      	lsls	r2, r1, #1
10001d6c:	1812      	adds	r2, r2, r0
10001d6e:	d804      	bhi.n	10001d7a <__wrap___aeabi_dcmpun+0x14>
10001d70:	005a      	lsls	r2, r3, #1
10001d72:	1812      	adds	r2, r2, r0
10001d74:	d801      	bhi.n	10001d7a <__wrap___aeabi_dcmpun+0x14>
10001d76:	2000      	movs	r0, #0
10001d78:	4770      	bx	lr
10001d7a:	2001      	movs	r0, #1
10001d7c:	4770      	bx	lr
	...

10001d80 <__wrap___aeabi_ui2d>:
10001d80:	2100      	movs	r1, #0
10001d82:	2800      	cmp	r0, #0
10001d84:	d105      	bne.n	10001d92 <__wrap___aeabi_i2d+0xa>
10001d86:	4770      	bx	lr

10001d88 <__wrap___aeabi_i2d>:
10001d88:	17c1      	asrs	r1, r0, #31
10001d8a:	4048      	eors	r0, r1
10001d8c:	1a40      	subs	r0, r0, r1
10001d8e:	d0fa      	beq.n	10001d86 <__wrap___aeabi_ui2d+0x6>
10001d90:	07c9      	lsls	r1, r1, #31
10001d92:	b513      	push	{r0, r1, r4, lr}
10001d94:	4b06      	ldr	r3, [pc, #24]	@ (10001db0 <__wrap___aeabi_i2d+0x28>)
10001d96:	681b      	ldr	r3, [r3, #0]
10001d98:	4798      	blx	r3
10001d9a:	bc0c      	pop	{r2, r3}
10001d9c:	1c44      	adds	r4, r0, #1
10001d9e:	40a2      	lsls	r2, r4
10001da0:	0510      	lsls	r0, r2, #20
10001da2:	0b12      	lsrs	r2, r2, #12
10001da4:	4903      	ldr	r1, [pc, #12]	@ (10001db4 <__wrap___aeabi_i2d+0x2c>)
10001da6:	1b09      	subs	r1, r1, r4
10001da8:	0509      	lsls	r1, r1, #20
10001daa:	4319      	orrs	r1, r3
10001dac:	4311      	orrs	r1, r2
10001dae:	bd10      	pop	{r4, pc}
10001db0:	20002088 	.word	0x20002088
10001db4:	0000041f 	.word	0x0000041f

10001db8 <__wrap___aeabi_d2iz>:
10001db8:	b510      	push	{r4, lr}
10001dba:	004c      	lsls	r4, r1, #1
10001dbc:	0d62      	lsrs	r2, r4, #21
10001dbe:	2380      	movs	r3, #128	@ 0x80
10001dc0:	18d2      	adds	r2, r2, r3
10001dc2:	00db      	lsls	r3, r3, #3
10001dc4:	1ad2      	subs	r2, r2, r3
10001dc6:	055b      	lsls	r3, r3, #21
10001dc8:	2a7e      	cmp	r2, #126	@ 0x7e
10001dca:	dd10      	ble.n	10001dee <__wrap___aeabi_d2iz+0x36>
10001dcc:	3a9e      	subs	r2, #158	@ 0x9e
10001dce:	da13      	bge.n	10001df8 <__wrap___aeabi_d2iz+0x40>
10001dd0:	17cc      	asrs	r4, r1, #31
10001dd2:	0309      	lsls	r1, r1, #12
10001dd4:	0849      	lsrs	r1, r1, #1
10001dd6:	4319      	orrs	r1, r3
10001dd8:	4252      	negs	r2, r2
10001dda:	40d1      	lsrs	r1, r2
10001ddc:	0064      	lsls	r4, r4, #1
10001dde:	3401      	adds	r4, #1
10001de0:	3215      	adds	r2, #21
10001de2:	2a20      	cmp	r2, #32
10001de4:	da05      	bge.n	10001df2 <__wrap___aeabi_d2iz+0x3a>
10001de6:	40d0      	lsrs	r0, r2
10001de8:	4308      	orrs	r0, r1
10001dea:	4360      	muls	r0, r4
10001dec:	bd10      	pop	{r4, pc}
10001dee:	2000      	movs	r0, #0
10001df0:	bd10      	pop	{r4, pc}
10001df2:	4608      	mov	r0, r1
10001df4:	4360      	muls	r0, r4
10001df6:	bd10      	pop	{r4, pc}
10001df8:	0fc8      	lsrs	r0, r1, #31
10001dfa:	18c0      	adds	r0, r0, r3
10001dfc:	3801      	subs	r0, #1
10001dfe:	bd10      	pop	{r4, pc}

10001e00 <__wrap___aeabi_d2uiz>:
10001e00:	b418      	push	{r3, r4}
10001e02:	4b04      	ldr	r3, [pc, #16]	@ (10001e14 <__wrap___aeabi_d2uiz+0x14>)
10001e04:	6a5b      	ldr	r3, [r3, #36]	@ 0x24
10001e06:	46fc      	mov	ip, pc
10001e08:	9301      	str	r3, [sp, #4]
10001e0a:	bd08      	pop	{r3, pc}
10001e0c:	2361df24 	.word	0x2361df24
10001e10:	00001000 	.word	0x00001000
10001e14:	200011a8 	.word	0x200011a8

10001e18 <__aeabi_double_init>:
10001e18:	2313      	movs	r3, #19
10001e1a:	b570      	push	{r4, r5, r6, lr}
10001e1c:	781d      	ldrb	r5, [r3, #0]
10001e1e:	2d01      	cmp	r5, #1
10001e20:	d019      	beq.n	10001e56 <__aeabi_double_init+0x3e>
10001e22:	dd14      	ble.n	10001e4e <__aeabi_double_init+0x36>
10001e24:	481f      	ldr	r0, [pc, #124]	@ (10001ea4 <__aeabi_double_init+0x8c>)
10001e26:	f7ff fb83 	bl	10001530 <rom_data_lookup>
10001e2a:	0006      	movs	r6, r0
10001e2c:	481e      	ldr	r0, [pc, #120]	@ (10001ea8 <__aeabi_double_init+0x90>)
10001e2e:	f7ff fb7f 	bl	10001530 <rom_data_lookup>
10001e32:	4c1e      	ldr	r4, [pc, #120]	@ (10001eac <__aeabi_double_init+0x94>)
10001e34:	2280      	movs	r2, #128	@ 0x80
10001e36:	0031      	movs	r1, r6
10001e38:	0020      	movs	r0, r4
10001e3a:	f000 fb5f 	bl	100024fc <__wrap___aeabi_memcpy>
10001e3e:	2d02      	cmp	r5, #2
10001e40:	d02d      	beq.n	10001e9e <__aeabi_double_init+0x86>
10001e42:	481b      	ldr	r0, [pc, #108]	@ (10001eb0 <__aeabi_double_init+0x98>)
10001e44:	f7ff fb6c 	bl	10001520 <rom_func_lookup>
10001e48:	4b1a      	ldr	r3, [pc, #104]	@ (10001eb4 <__aeabi_double_init+0x9c>)
10001e4a:	6018      	str	r0, [r3, #0]
10001e4c:	bd70      	pop	{r4, r5, r6, pc}
10001e4e:	4b1a      	ldr	r3, [pc, #104]	@ (10001eb8 <__aeabi_double_init+0xa0>)
10001e50:	4c16      	ldr	r4, [pc, #88]	@ (10001eac <__aeabi_double_init+0x94>)
10001e52:	64a3      	str	r3, [r4, #72]	@ 0x48
10001e54:	e7f5      	b.n	10001e42 <__aeabi_double_init+0x2a>
10001e56:	4b18      	ldr	r3, [pc, #96]	@ (10001eb8 <__aeabi_double_init+0xa0>)
10001e58:	4c14      	ldr	r4, [pc, #80]	@ (10001eac <__aeabi_double_init+0x94>)
10001e5a:	6023      	str	r3, [r4, #0]
10001e5c:	6063      	str	r3, [r4, #4]
10001e5e:	60a3      	str	r3, [r4, #8]
10001e60:	60e3      	str	r3, [r4, #12]
10001e62:	6123      	str	r3, [r4, #16]
10001e64:	6163      	str	r3, [r4, #20]
10001e66:	61a3      	str	r3, [r4, #24]
10001e68:	61e3      	str	r3, [r4, #28]
10001e6a:	6223      	str	r3, [r4, #32]
10001e6c:	6263      	str	r3, [r4, #36]	@ 0x24
10001e6e:	62a3      	str	r3, [r4, #40]	@ 0x28
10001e70:	62e3      	str	r3, [r4, #44]	@ 0x2c
10001e72:	6323      	str	r3, [r4, #48]	@ 0x30
10001e74:	6363      	str	r3, [r4, #52]	@ 0x34
10001e76:	63a3      	str	r3, [r4, #56]	@ 0x38
10001e78:	63e3      	str	r3, [r4, #60]	@ 0x3c
10001e7a:	6423      	str	r3, [r4, #64]	@ 0x40
10001e7c:	6463      	str	r3, [r4, #68]	@ 0x44
10001e7e:	64a3      	str	r3, [r4, #72]	@ 0x48
10001e80:	64e3      	str	r3, [r4, #76]	@ 0x4c
10001e82:	6523      	str	r3, [r4, #80]	@ 0x50
10001e84:	6563      	str	r3, [r4, #84]	@ 0x54
10001e86:	65a3      	str	r3, [r4, #88]	@ 0x58
10001e88:	65e3      	str	r3, [r4, #92]	@ 0x5c
10001e8a:	6623      	str	r3, [r4, #96]	@ 0x60
10001e8c:	6663      	str	r3, [r4, #100]	@ 0x64
10001e8e:	66a3      	str	r3, [r4, #104]	@ 0x68
10001e90:	66e3      	str	r3, [r4, #108]	@ 0x6c
10001e92:	6723      	str	r3, [r4, #112]	@ 0x70
10001e94:	6763      	str	r3, [r4, #116]	@ 0x74
10001e96:	67a3      	str	r3, [r4, #120]	@ 0x78
10001e98:	67e3      	str	r3, [r4, #124]	@ 0x7c
10001e9a:	64a3      	str	r3, [r4, #72]	@ 0x48
10001e9c:	e7d1      	b.n	10001e42 <__aeabi_double_init+0x2a>
10001e9e:	4b06      	ldr	r3, [pc, #24]	@ (10001eb8 <__aeabi_double_init+0xa0>)
10001ea0:	64a3      	str	r3, [r4, #72]	@ 0x48
10001ea2:	e7ce      	b.n	10001e42 <__aeabi_double_init+0x2a>
10001ea4:	00004453 	.word	0x00004453
10001ea8:	00004653 	.word	0x00004653
10001eac:	200011a8 	.word	0x200011a8
10001eb0:	0000334c 	.word	0x0000334c
10001eb4:	20002088 	.word	0x20002088
10001eb8:	10001ebd 	.word	0x10001ebd

10001ebc <double_table_shim_on_use_helper>:
10001ebc:	b507      	push	{r0, r1, r2, lr}
10001ebe:	4660      	mov	r0, ip
10001ec0:	8801      	ldrh	r1, [r0, #0]
10001ec2:	0a0a      	lsrs	r2, r1, #8
10001ec4:	3002      	adds	r0, #2
10001ec6:	2adf      	cmp	r2, #223	@ 0xdf
10001ec8:	d1fa      	bne.n	10001ec0 <double_table_shim_on_use_helper+0x4>
10001eca:	b2c9      	uxtb	r1, r1
10001ecc:	0882      	lsrs	r2, r0, #2
10001ece:	d304      	bcc.n	10001eda <double_table_shim_on_use_helper+0x1e>
10001ed0:	8802      	ldrh	r2, [r0, #0]
10001ed2:	8840      	ldrh	r0, [r0, #2]
10001ed4:	0400      	lsls	r0, r0, #16
10001ed6:	4310      	orrs	r0, r2
10001ed8:	e000      	b.n	10001edc <double_table_shim_on_use_helper+0x20>
10001eda:	6800      	ldr	r0, [r0, #0]
10001edc:	4a01      	ldr	r2, [pc, #4]	@ (10001ee4 <double_table_shim_on_use_helper+0x28>)
10001ede:	5050      	str	r0, [r2, r1]
10001ee0:	9003      	str	r0, [sp, #12]
10001ee2:	bd07      	pop	{r0, r1, r2, pc}
10001ee4:	200011a8 	.word	0x200011a8

10001ee8 <drsub_shim>:
10001ee8:	b40f      	push	{r0, r1, r2, r3}
10001eea:	bc03      	pop	{r0, r1}
10001eec:	bc0c      	pop	{r2, r3}

10001eee <dsub_shim>:
10001eee:	b5f0      	push	{r4, r5, r6, r7, lr}
10001ef0:	2401      	movs	r4, #1
10001ef2:	07e4      	lsls	r4, r4, #31
10001ef4:	4063      	eors	r3, r4
10001ef6:	e000      	b.n	10001efa <da_entry>

10001ef8 <dadd_shim>:
10001ef8:	b5f0      	push	{r4, r5, r6, r7, lr}

10001efa <da_entry>:
10001efa:	0d0c      	lsrs	r4, r1, #20
10001efc:	0fcf      	lsrs	r7, r1, #31
10001efe:	1e66      	subs	r6, r4, #1
10001f00:	0536      	lsls	r6, r6, #20
10001f02:	1b89      	subs	r1, r1, r6
10001f04:	0564      	lsls	r4, r4, #21
10001f06:	d303      	bcc.n	10001f10 <l8_1>
10001f08:	43c9      	mvns	r1, r1
10001f0a:	4240      	negs	r0, r0
10001f0c:	d300      	bcc.n	10001f10 <l8_1>
10001f0e:	3101      	adds	r1, #1

10001f10 <l8_1>:
10001f10:	0d64      	lsrs	r4, r4, #21
10001f12:	d003      	beq.n	10001f1c <l8_2>
10001f14:	1c66      	adds	r6, r4, #1
10001f16:	0af6      	lsrs	r6, r6, #11
10001f18:	d007      	beq.n	10001f2a <l8_3>
10001f1a:	1be4      	subs	r4, r4, r7

10001f1c <l8_2>:
10001f1c:	2000      	movs	r0, #0
10001f1e:	007f      	lsls	r7, r7, #1
10001f20:	1c79      	adds	r1, r7, #1
10001f22:	0789      	lsls	r1, r1, #30
10001f24:	1289      	asrs	r1, r1, #10
10001f26:	3c80      	subs	r4, #128	@ 0x80
10001f28:	0324      	lsls	r4, r4, #12

10001f2a <l8_3>:
10001f2a:	0d1d      	lsrs	r5, r3, #20
10001f2c:	0fdf      	lsrs	r7, r3, #31
10001f2e:	1e6e      	subs	r6, r5, #1
10001f30:	0536      	lsls	r6, r6, #20
10001f32:	1b9b      	subs	r3, r3, r6
10001f34:	056d      	lsls	r5, r5, #21
10001f36:	d303      	bcc.n	10001f40 <l9_1>
10001f38:	43db      	mvns	r3, r3
10001f3a:	4252      	negs	r2, r2
10001f3c:	d300      	bcc.n	10001f40 <l9_1>
10001f3e:	3301      	adds	r3, #1

10001f40 <l9_1>:
10001f40:	0d6d      	lsrs	r5, r5, #21
10001f42:	d003      	beq.n	10001f4c <l9_2>
10001f44:	1c6e      	adds	r6, r5, #1
10001f46:	0af6      	lsrs	r6, r6, #11
10001f48:	d007      	beq.n	10001f5a <l9_3>
10001f4a:	1bed      	subs	r5, r5, r7

10001f4c <l9_2>:
10001f4c:	2200      	movs	r2, #0
10001f4e:	007f      	lsls	r7, r7, #1
10001f50:	1c7b      	adds	r3, r7, #1
10001f52:	079b      	lsls	r3, r3, #30
10001f54:	129b      	asrs	r3, r3, #10
10001f56:	3d80      	subs	r5, #128	@ 0x80
10001f58:	032d      	lsls	r5, r5, #12

10001f5a <l9_3>:
10001f5a:	1b2f      	subs	r7, r5, r4
10001f5c:	1b66      	subs	r6, r4, r5
10001f5e:	d458      	bmi.n	10002012 <da_ygtx>
10001f60:	46a4      	mov	ip, r4
10001f62:	2e20      	cmp	r6, #32
10001f64:	da46      	bge.n	10001ff4 <da_xrgty>
10001f66:	3720      	adds	r7, #32
10001f68:	0014      	movs	r4, r2
10001f6a:	40bc      	lsls	r4, r7

10001f6c <da_xgty0>:
10001f6c:	001d      	movs	r5, r3
10001f6e:	40bd      	lsls	r5, r7
10001f70:	40f2      	lsrs	r2, r6
10001f72:	4133      	asrs	r3, r6
10001f74:	432a      	orrs	r2, r5

10001f76 <da_add>:
10001f76:	1880      	adds	r0, r0, r2
10001f78:	4159      	adcs	r1, r3

10001f7a <da_pack>:
10001f7a:	0fcb      	lsrs	r3, r1, #31
10001f7c:	d005      	beq.n	10001f8a <da_pack+0x10>
10001f7e:	43c9      	mvns	r1, r1
10001f80:	43c0      	mvns	r0, r0
10001f82:	2200      	movs	r2, #0
10001f84:	4264      	negs	r4, r4
10001f86:	4150      	adcs	r0, r2
10001f88:	4151      	adcs	r1, r2
10001f8a:	4662      	mov	r2, ip
10001f8c:	0d4d      	lsrs	r5, r1, #21
10001f8e:	d128      	bne.n	10001fe2 <da_0>
10001f90:	0d0d      	lsrs	r5, r1, #20
10001f92:	d107      	bne.n	10001fa4 <da_1>
10001f94:	2800      	cmp	r0, #0
10001f96:	d01f      	beq.n	10001fd8 <da_5>

10001f98 <da_2>:
10001f98:	1924      	adds	r4, r4, r4
10001f9a:	4140      	adcs	r0, r0
10001f9c:	4149      	adcs	r1, r1
10001f9e:	3a01      	subs	r2, #1
10001fa0:	0d0d      	lsrs	r5, r1, #20
10001fa2:	d0f9      	beq.n	10001f98 <da_2>

10001fa4 <da_1>:
10001fa4:	0064      	lsls	r4, r4, #1
10001fa6:	d306      	bcc.n	10001fb6 <da_3>

10001fa8 <da_4>:
10001fa8:	3001      	adds	r0, #1
10001faa:	d300      	bcc.n	10001fae <da_4+0x6>
10001fac:	3101      	adds	r1, #1
10001fae:	2c00      	cmp	r4, #0
10001fb0:	d101      	bne.n	10001fb6 <da_3>
10001fb2:	0840      	lsrs	r0, r0, #1
10001fb4:	0040      	lsls	r0, r0, #1

10001fb6 <da_3>:
10001fb6:	3a01      	subs	r2, #1
10001fb8:	d40b      	bmi.n	10001fd2 <da_6>
10001fba:	1c94      	adds	r4, r2, #2
10001fbc:	0ae4      	lsrs	r4, r4, #11
10001fbe:	d104      	bne.n	10001fca <da_7>
10001fc0:	0512      	lsls	r2, r2, #20
10001fc2:	4411      	add	r1, r2
10001fc4:	07db      	lsls	r3, r3, #31
10001fc6:	4419      	add	r1, r3
10001fc8:	bdf0      	pop	{r4, r5, r6, r7, pc}

10001fca <da_7>:
10001fca:	07d9      	lsls	r1, r3, #31
10001fcc:	4b20      	ldr	r3, [pc, #128]	@ (10002050 <da_xmgty+0x4>)
10001fce:	4319      	orrs	r1, r3
10001fd0:	e000      	b.n	10001fd4 <da_6+0x2>

10001fd2 <da_6>:
10001fd2:	07d9      	lsls	r1, r3, #31
10001fd4:	2000      	movs	r0, #0
10001fd6:	bdf0      	pop	{r4, r5, r6, r7, pc}

10001fd8 <da_5>:
10001fd8:	2900      	cmp	r1, #0
10001fda:	d1dd      	bne.n	10001f98 <da_2>
10001fdc:	2c00      	cmp	r4, #0
10001fde:	d1db      	bne.n	10001f98 <da_2>
10001fe0:	bdf0      	pop	{r4, r5, r6, r7, pc}

10001fe2 <da_0>:
10001fe2:	3201      	adds	r2, #1
10001fe4:	07c6      	lsls	r6, r0, #31
10001fe6:	0840      	lsrs	r0, r0, #1
10001fe8:	07cd      	lsls	r5, r1, #31
10001fea:	4328      	orrs	r0, r5
10001fec:	0849      	lsrs	r1, r1, #1
10001fee:	2e00      	cmp	r6, #0
10001ff0:	d0e1      	beq.n	10001fb6 <da_3>
10001ff2:	e7d9      	b.n	10001fa8 <da_4>

10001ff4 <da_xrgty>:
10001ff4:	2e3c      	cmp	r6, #60	@ 0x3c
10001ff6:	da29      	bge.n	1000204c <da_xmgty>
10001ff8:	3e20      	subs	r6, #32
10001ffa:	3740      	adds	r7, #64	@ 0x40
10001ffc:	0014      	movs	r4, r2
10001ffe:	40bc      	lsls	r4, r7
10002000:	d000      	beq.n	10002004 <da_xrgty+0x10>
10002002:	2401      	movs	r4, #1
10002004:	40f2      	lsrs	r2, r6
10002006:	4314      	orrs	r4, r2
10002008:	001a      	movs	r2, r3
1000200a:	40bb      	lsls	r3, r7
1000200c:	431c      	orrs	r4, r3
1000200e:	17d3      	asrs	r3, r2, #31
10002010:	e7ac      	b.n	10001f6c <da_xgty0>

10002012 <da_ygtx>:
10002012:	46ac      	mov	ip, r5
10002014:	2f20      	cmp	r7, #32
10002016:	da08      	bge.n	1000202a <da_yrgtx>
10002018:	3620      	adds	r6, #32
1000201a:	0004      	movs	r4, r0
1000201c:	40b4      	lsls	r4, r6

1000201e <da_ygtx0>:
1000201e:	000d      	movs	r5, r1
10002020:	40b5      	lsls	r5, r6
10002022:	40f8      	lsrs	r0, r7
10002024:	4139      	asrs	r1, r7
10002026:	4328      	orrs	r0, r5
10002028:	e7a5      	b.n	10001f76 <da_add>

1000202a <da_yrgtx>:
1000202a:	2f3c      	cmp	r7, #60	@ 0x3c
1000202c:	da0c      	bge.n	10002048 <da_ymgtx>
1000202e:	3f20      	subs	r7, #32
10002030:	3640      	adds	r6, #64	@ 0x40
10002032:	0004      	movs	r4, r0
10002034:	40b4      	lsls	r4, r6
10002036:	d000      	beq.n	1000203a <da_yrgtx+0x10>
10002038:	2401      	movs	r4, #1
1000203a:	40f8      	lsrs	r0, r7
1000203c:	4304      	orrs	r4, r0
1000203e:	0008      	movs	r0, r1
10002040:	40b1      	lsls	r1, r6
10002042:	430c      	orrs	r4, r1
10002044:	17c1      	asrs	r1, r0, #31
10002046:	e7ea      	b.n	1000201e <da_ygtx0>

10002048 <da_ymgtx>:
10002048:	0010      	movs	r0, r2
1000204a:	0019      	movs	r1, r3

1000204c <da_xmgty>:
1000204c:	2400      	movs	r4, #0
1000204e:	e794      	b.n	10001f7a <da_pack>
10002050:	7ff00000 	.word	0x7ff00000

10002054 <dmul_shim>:
10002054:	b5f0      	push	{r4, r5, r6, r7, lr}
10002056:	0d0c      	lsrs	r4, r1, #20
10002058:	1e66      	subs	r6, r4, #1
1000205a:	0536      	lsls	r6, r6, #20
1000205c:	1b89      	subs	r1, r1, r6
1000205e:	0ae6      	lsrs	r6, r4, #11
10002060:	0564      	lsls	r4, r4, #21
10002062:	0d64      	lsrs	r4, r4, #21
10002064:	d002      	beq.n	1000206c <l12_1>
10002066:	1c65      	adds	r5, r4, #1
10002068:	0aed      	lsrs	r5, r5, #11
1000206a:	d004      	beq.n	10002076 <l12_2>

1000206c <l12_1>:
1000206c:	2000      	movs	r0, #0
1000206e:	2101      	movs	r1, #1
10002070:	0509      	lsls	r1, r1, #20
10002072:	3c80      	subs	r4, #128	@ 0x80
10002074:	0324      	lsls	r4, r4, #12

10002076 <l12_2>:
10002076:	46a4      	mov	ip, r4
10002078:	0d1c      	lsrs	r4, r3, #20
1000207a:	1e67      	subs	r7, r4, #1
1000207c:	053f      	lsls	r7, r7, #20
1000207e:	1bdb      	subs	r3, r3, r7
10002080:	0ae7      	lsrs	r7, r4, #11
10002082:	0564      	lsls	r4, r4, #21
10002084:	0d64      	lsrs	r4, r4, #21
10002086:	d002      	beq.n	1000208e <l13_1>
10002088:	1c65      	adds	r5, r4, #1
1000208a:	0aed      	lsrs	r5, r5, #11
1000208c:	d004      	beq.n	10002098 <l13_2>

1000208e <l13_1>:
1000208e:	2200      	movs	r2, #0
10002090:	2301      	movs	r3, #1
10002092:	051b      	lsls	r3, r3, #20
10002094:	3c80      	subs	r4, #128	@ 0x80
10002096:	0324      	lsls	r4, r4, #12

10002098 <l13_2>:
10002098:	4077      	eors	r7, r6
1000209a:	4464      	add	r4, ip
1000209c:	b497      	push	{r0, r1, r2, r4, r7}
1000209e:	b284      	uxth	r4, r0
100020a0:	b296      	uxth	r6, r2
100020a2:	4374      	muls	r4, r6
100020a4:	0c07      	lsrs	r7, r0, #16
100020a6:	437e      	muls	r6, r7
100020a8:	0c15      	lsrs	r5, r2, #16
100020aa:	436f      	muls	r7, r5
100020ac:	b280      	uxth	r0, r0
100020ae:	4368      	muls	r0, r5
100020b0:	1836      	adds	r6, r6, r0
100020b2:	d302      	bcc.n	100020ba <l14_1>
100020b4:	2001      	movs	r0, #1
100020b6:	0400      	lsls	r0, r0, #16
100020b8:	183f      	adds	r7, r7, r0

100020ba <l14_1>:
100020ba:	0430      	lsls	r0, r6, #16
100020bc:	0c35      	lsrs	r5, r6, #16
100020be:	1900      	adds	r0, r0, r4
100020c0:	417d      	adcs	r5, r7
100020c2:	4684      	mov	ip, r0
100020c4:	b288      	uxth	r0, r1
100020c6:	b29a      	uxth	r2, r3
100020c8:	4350      	muls	r0, r2
100020ca:	0c0c      	lsrs	r4, r1, #16
100020cc:	4362      	muls	r2, r4
100020ce:	0c1f      	lsrs	r7, r3, #16
100020d0:	437c      	muls	r4, r7
100020d2:	b28e      	uxth	r6, r1
100020d4:	437e      	muls	r6, r7
100020d6:	1992      	adds	r2, r2, r6
100020d8:	d302      	bcc.n	100020e0 <l15_1>
100020da:	2601      	movs	r6, #1
100020dc:	0436      	lsls	r6, r6, #16
100020de:	19a4      	adds	r4, r4, r6

100020e0 <l15_1>:
100020e0:	0416      	lsls	r6, r2, #16
100020e2:	0c17      	lsrs	r7, r2, #16
100020e4:	1836      	adds	r6, r6, r0
100020e6:	4167      	adcs	r7, r4
100020e8:	bc01      	pop	{r0}
100020ea:	b281      	uxth	r1, r0
100020ec:	b29a      	uxth	r2, r3
100020ee:	4351      	muls	r1, r2
100020f0:	0c04      	lsrs	r4, r0, #16
100020f2:	4362      	muls	r2, r4
100020f4:	0c1b      	lsrs	r3, r3, #16
100020f6:	435c      	muls	r4, r3
100020f8:	b280      	uxth	r0, r0
100020fa:	4358      	muls	r0, r3
100020fc:	1812      	adds	r2, r2, r0
100020fe:	d302      	bcc.n	10002106 <l16_1>
10002100:	2001      	movs	r0, #1
10002102:	0400      	lsls	r0, r0, #16
10002104:	1824      	adds	r4, r4, r0

10002106 <l16_1>:
10002106:	0410      	lsls	r0, r2, #16
10002108:	0c13      	lsrs	r3, r2, #16
1000210a:	1840      	adds	r0, r0, r1
1000210c:	4163      	adcs	r3, r4
1000210e:	182d      	adds	r5, r5, r0
10002110:	415e      	adcs	r6, r3
10002112:	2000      	movs	r0, #0
10002114:	4147      	adcs	r7, r0
10002116:	bc06      	pop	{r1, r2}
10002118:	b288      	uxth	r0, r1
1000211a:	b293      	uxth	r3, r2
1000211c:	4358      	muls	r0, r3
1000211e:	0c0c      	lsrs	r4, r1, #16
10002120:	4363      	muls	r3, r4
10002122:	0c12      	lsrs	r2, r2, #16
10002124:	4354      	muls	r4, r2
10002126:	b289      	uxth	r1, r1
10002128:	4351      	muls	r1, r2
1000212a:	185b      	adds	r3, r3, r1
1000212c:	d302      	bcc.n	10002134 <l17_1>
1000212e:	2101      	movs	r1, #1
10002130:	0409      	lsls	r1, r1, #16
10002132:	1864      	adds	r4, r4, r1

10002134 <l17_1>:
10002134:	0419      	lsls	r1, r3, #16
10002136:	0c1a      	lsrs	r2, r3, #16
10002138:	1809      	adds	r1, r1, r0
1000213a:	4162      	adcs	r2, r4
1000213c:	186d      	adds	r5, r5, r1
1000213e:	4156      	adcs	r6, r2
10002140:	2000      	movs	r0, #0
10002142:	4147      	adcs	r7, r0
10002144:	bc18      	pop	{r3, r4}
10002146:	02f9      	lsls	r1, r7, #11
10002148:	0d72      	lsrs	r2, r6, #21
1000214a:	4311      	orrs	r1, r2
1000214c:	02f0      	lsls	r0, r6, #11
1000214e:	0d6a      	lsrs	r2, r5, #21
10002150:	4310      	orrs	r0, r2
10002152:	02ed      	lsls	r5, r5, #11
10002154:	0d0a      	lsrs	r2, r1, #20
10002156:	d103      	bne.n	10002160 <l17_1+0x2c>
10002158:	196d      	adds	r5, r5, r5
1000215a:	4140      	adcs	r0, r0
1000215c:	4149      	adcs	r1, r1
1000215e:	3b01      	subs	r3, #1
10002160:	4e12      	ldr	r6, [pc, #72]	@ (100021ac <dm_1+0xa>)
10002162:	1b9b      	subs	r3, r3, r6
10002164:	0076      	lsls	r6, r6, #1
10002166:	42b3      	cmp	r3, r6
10002168:	d20e      	bcs.n	10002188 <dm_0>
1000216a:	006d      	lsls	r5, r5, #1
1000216c:	d307      	bcc.n	1000217e <l17_1+0x4a>
1000216e:	3001      	adds	r0, #1
10002170:	2600      	movs	r6, #0
10002172:	4171      	adcs	r1, r6
10002174:	4666      	mov	r6, ip
10002176:	4335      	orrs	r5, r6
10002178:	d101      	bne.n	1000217e <l17_1+0x4a>
1000217a:	0840      	lsrs	r0, r0, #1
1000217c:	0040      	lsls	r0, r0, #1
1000217e:	051b      	lsls	r3, r3, #20
10002180:	18c9      	adds	r1, r1, r3

10002182 <dm_2>:
10002182:	07e4      	lsls	r4, r4, #31
10002184:	4421      	add	r1, r4
10002186:	bdf0      	pop	{r4, r5, r6, r7, pc}

10002188 <dm_0>:
10002188:	da0b      	bge.n	100021a2 <dm_1>
1000218a:	3301      	adds	r3, #1
1000218c:	d106      	bne.n	1000219c <dm_0+0x14>
1000218e:	3001      	adds	r0, #1
10002190:	d104      	bne.n	1000219c <dm_0+0x14>
10002192:	3101      	adds	r1, #1
10002194:	0d4f      	lsrs	r7, r1, #21
10002196:	d001      	beq.n	1000219c <dm_0+0x14>
10002198:	0849      	lsrs	r1, r1, #1
1000219a:	e7f2      	b.n	10002182 <dm_2>
1000219c:	07e1      	lsls	r1, r4, #31
1000219e:	2000      	movs	r0, #0
100021a0:	bdf0      	pop	{r4, r5, r6, r7, pc}

100021a2 <dm_1>:
100021a2:	3601      	adds	r6, #1
100021a4:	0531      	lsls	r1, r6, #20
100021a6:	2000      	movs	r0, #0
100021a8:	e7eb      	b.n	10002182 <dm_2>
100021aa:	0000      	.short	0x0000
100021ac:	000003ff 	.word	0x000003ff

100021b0 <ddiv_shim>:
100021b0:	b5f0      	push	{r4, r5, r6, r7, lr}

100021b2 <ddiv0>:
100021b2:	0d1c      	lsrs	r4, r3, #20
100021b4:	1e67      	subs	r7, r4, #1
100021b6:	053f      	lsls	r7, r7, #20
100021b8:	1bdb      	subs	r3, r3, r7
100021ba:	0ae7      	lsrs	r7, r4, #11
100021bc:	0564      	lsls	r4, r4, #21
100021be:	0d64      	lsrs	r4, r4, #21
100021c0:	d002      	beq.n	100021c8 <l20_1>
100021c2:	1c66      	adds	r6, r4, #1
100021c4:	0af6      	lsrs	r6, r6, #11
100021c6:	d004      	beq.n	100021d2 <l20_2>

100021c8 <l20_1>:
100021c8:	2200      	movs	r2, #0
100021ca:	2301      	movs	r3, #1
100021cc:	051b      	lsls	r3, r3, #20
100021ce:	3c80      	subs	r4, #128	@ 0x80
100021d0:	0324      	lsls	r4, r4, #12

100021d2 <l20_2>:
100021d2:	25d0      	movs	r5, #208	@ 0xd0
100021d4:	062d      	lsls	r5, r5, #24
100021d6:	2600      	movs	r6, #0
100021d8:	43f6      	mvns	r6, r6
100021da:	662e      	str	r6, [r5, #96]	@ 0x60
100021dc:	091e      	lsrs	r6, r3, #4
100021de:	666e      	str	r6, [r5, #100]	@ 0x64
100021e0:	0fce      	lsrs	r6, r1, #31
100021e2:	19f6      	adds	r6, r6, r7
100021e4:	46b4      	mov	ip, r6
100021e6:	0049      	lsls	r1, r1, #1
100021e8:	0d4f      	lsrs	r7, r1, #21
100021ea:	d002      	beq.n	100021f2 <l20_2+0x20>
100021ec:	1c7e      	adds	r6, r7, #1
100021ee:	0af6      	lsrs	r6, r6, #11
100021f0:	d003      	beq.n	100021fa <l20_2+0x28>
100021f2:	2000      	movs	r0, #0
100021f4:	2100      	movs	r1, #0
100021f6:	3f40      	subs	r7, #64	@ 0x40
100021f8:	033f      	lsls	r7, r7, #12
100021fa:	1b3e      	subs	r6, r7, r4
100021fc:	00b6      	lsls	r6, r6, #2
100021fe:	44b4      	add	ip, r6
10002200:	3f01      	subs	r7, #1
10002202:	057f      	lsls	r7, r7, #21
10002204:	1bc9      	subs	r1, r1, r7
10002206:	0849      	lsrs	r1, r1, #1
10002208:	6f2e      	ldr	r6, [r5, #112]	@ 0x70
1000220a:	3601      	adds	r6, #1
1000220c:	0876      	lsrs	r6, r6, #1
1000220e:	029c      	lsls	r4, r3, #10
10002210:	0d95      	lsrs	r5, r2, #22
10002212:	4325      	orrs	r5, r4
10002214:	4375      	muls	r5, r6
10002216:	13ed      	asrs	r5, r5, #15
10002218:	4375      	muls	r5, r6
1000221a:	13ad      	asrs	r5, r5, #14
1000221c:	3501      	adds	r5, #1
1000221e:	106d      	asrs	r5, r5, #1
10002220:	03f6      	lsls	r6, r6, #15
10002222:	1b76      	subs	r6, r6, r5
10002224:	b40c      	push	{r2, r3}
10002226:	02cc      	lsls	r4, r1, #11
10002228:	0d45      	lsrs	r5, r0, #21
1000222a:	432c      	orrs	r4, r5
1000222c:	b2a2      	uxth	r2, r4
1000222e:	b2b3      	uxth	r3, r6
10002230:	435a      	muls	r2, r3
10002232:	0c27      	lsrs	r7, r4, #16
10002234:	437b      	muls	r3, r7
10002236:	0c35      	lsrs	r5, r6, #16
10002238:	436f      	muls	r7, r5
1000223a:	b2a4      	uxth	r4, r4
1000223c:	436c      	muls	r4, r5
1000223e:	191b      	adds	r3, r3, r4
10002240:	d302      	bcc.n	10002248 <l21_1>
10002242:	2401      	movs	r4, #1
10002244:	0424      	lsls	r4, r4, #16
10002246:	193f      	adds	r7, r7, r4

10002248 <l21_1>:
10002248:	041c      	lsls	r4, r3, #16
1000224a:	0c1d      	lsrs	r5, r3, #16
1000224c:	18a4      	adds	r4, r4, r2
1000224e:	417d      	adcs	r5, r7
10002250:	1924      	adds	r4, r4, r4
10002252:	416d      	adcs	r5, r5
10002254:	9a00      	ldr	r2, [sp, #0]
10002256:	b291      	uxth	r1, r2
10002258:	b2ac      	uxth	r4, r5
1000225a:	4361      	muls	r1, r4
1000225c:	0c17      	lsrs	r7, r2, #16
1000225e:	437c      	muls	r4, r7
10002260:	0c2b      	lsrs	r3, r5, #16
10002262:	435f      	muls	r7, r3
10002264:	b292      	uxth	r2, r2
10002266:	435a      	muls	r2, r3
10002268:	18a4      	adds	r4, r4, r2
1000226a:	d302      	bcc.n	10002272 <l22_1>
1000226c:	2201      	movs	r2, #1
1000226e:	0412      	lsls	r2, r2, #16
10002270:	18bf      	adds	r7, r7, r2

10002272 <l22_1>:
10002272:	0422      	lsls	r2, r4, #16
10002274:	0c23      	lsrs	r3, r4, #16
10002276:	1852      	adds	r2, r2, r1
10002278:	417b      	adcs	r3, r7
1000227a:	9c01      	ldr	r4, [sp, #4]
1000227c:	436c      	muls	r4, r5
1000227e:	191b      	adds	r3, r3, r4
10002280:	0e52      	lsrs	r2, r2, #25
10002282:	01d9      	lsls	r1, r3, #7
10002284:	430a      	orrs	r2, r1
10002286:	0144      	lsls	r4, r0, #5
10002288:	1aa0      	subs	r0, r4, r2
1000228a:	b281      	uxth	r1, r0
1000228c:	b2b2      	uxth	r2, r6
1000228e:	4351      	muls	r1, r2
10002290:	1403      	asrs	r3, r0, #16
10002292:	435a      	muls	r2, r3
10002294:	0c36      	lsrs	r6, r6, #16
10002296:	4373      	muls	r3, r6
10002298:	b287      	uxth	r7, r0
1000229a:	4377      	muls	r7, r6
1000229c:	17d6      	asrs	r6, r2, #31
1000229e:	19d2      	adds	r2, r2, r7
100022a0:	2700      	movs	r7, #0
100022a2:	417e      	adcs	r6, r7
100022a4:	0436      	lsls	r6, r6, #16
100022a6:	199b      	adds	r3, r3, r6
100022a8:	0417      	lsls	r7, r2, #16
100022aa:	0c16      	lsrs	r6, r2, #16
100022ac:	187f      	adds	r7, r7, r1
100022ae:	415e      	adcs	r6, r3
100022b0:	1673      	asrs	r3, r6, #25
100022b2:	18ed      	adds	r5, r5, r3
100022b4:	01f3      	lsls	r3, r6, #7
100022b6:	2600      	movs	r6, #0
100022b8:	3380      	adds	r3, #128	@ 0x80
100022ba:	4175      	adcs	r5, r6
100022bc:	0fa9      	lsrs	r1, r5, #30
100022be:	d106      	bne.n	100022ce <dd_0>
100022c0:	0064      	lsls	r4, r4, #1
100022c2:	0a69      	lsrs	r1, r5, #9
100022c4:	05e8      	lsls	r0, r5, #23
100022c6:	0a5b      	lsrs	r3, r3, #9
100022c8:	4318      	orrs	r0, r3
100022ca:	d209      	bcs.n	100022e0 <dd_1>
100022cc:	e02f      	b.n	1000232e <dd_2>

100022ce <dd_0>:
100022ce:	2204      	movs	r2, #4
100022d0:	4494      	add	ip, r2
100022d2:	3380      	adds	r3, #128	@ 0x80
100022d4:	4175      	adcs	r5, r6
100022d6:	0aa9      	lsrs	r1, r5, #10
100022d8:	05a8      	lsls	r0, r5, #22
100022da:	0a9b      	lsrs	r3, r3, #10
100022dc:	4318      	orrs	r0, r3
100022de:	d326      	bcc.n	1000232e <dd_2>

100022e0 <dd_1>:
100022e0:	4140      	adcs	r0, r0
100022e2:	4149      	adcs	r1, r1
100022e4:	0424      	lsls	r4, r4, #16
100022e6:	9a00      	ldr	r2, [sp, #0]
100022e8:	9b01      	ldr	r3, [sp, #4]
100022ea:	000d      	movs	r5, r1
100022ec:	4355      	muls	r5, r2
100022ee:	1b64      	subs	r4, r4, r5
100022f0:	4343      	muls	r3, r0
100022f2:	1ae4      	subs	r4, r4, r3
100022f4:	b295      	uxth	r5, r2
100022f6:	b286      	uxth	r6, r0
100022f8:	4375      	muls	r5, r6
100022fa:	0c17      	lsrs	r7, r2, #16
100022fc:	437e      	muls	r6, r7
100022fe:	0c03      	lsrs	r3, r0, #16
10002300:	435f      	muls	r7, r3
10002302:	b292      	uxth	r2, r2
10002304:	435a      	muls	r2, r3
10002306:	18b6      	adds	r6, r6, r2
10002308:	d302      	bcc.n	10002310 <l24_1>
1000230a:	2201      	movs	r2, #1
1000230c:	0412      	lsls	r2, r2, #16
1000230e:	18bf      	adds	r7, r7, r2

10002310 <l24_1>:
10002310:	0432      	lsls	r2, r6, #16
10002312:	0c33      	lsrs	r3, r6, #16
10002314:	1952      	adds	r2, r2, r5
10002316:	417b      	adcs	r3, r7
10002318:	4252      	negs	r2, r2
1000231a:	419c      	sbcs	r4, r3
1000231c:	2c00      	cmp	r4, #0
1000231e:	d402      	bmi.n	10002326 <l24_1+0x16>
10002320:	2200      	movs	r2, #0
10002322:	3001      	adds	r0, #1
10002324:	4151      	adcs	r1, r2
10002326:	0840      	lsrs	r0, r0, #1
10002328:	07ca      	lsls	r2, r1, #31
1000232a:	4310      	orrs	r0, r2
1000232c:	0849      	lsrs	r1, r1, #1

1000232e <dd_2>:
1000232e:	b002      	add	sp, #8
10002330:	4662      	mov	r2, ip
10002332:	07d7      	lsls	r7, r2, #31
10002334:	1092      	asrs	r2, r2, #2
10002336:	4b08      	ldr	r3, [pc, #32]	@ (10002358 <dd_4+0x6>)
10002338:	18d2      	adds	r2, r2, r3
1000233a:	4b08      	ldr	r3, [pc, #32]	@ (1000235c <dd_4+0xa>)
1000233c:	429a      	cmp	r2, r3
1000233e:	d203      	bcs.n	10002348 <dd_3>
10002340:	0512      	lsls	r2, r2, #20
10002342:	1889      	adds	r1, r1, r2

10002344 <dd_5>:
10002344:	19c9      	adds	r1, r1, r7
10002346:	bdf0      	pop	{r4, r5, r6, r7, pc}

10002348 <dd_3>:
10002348:	2000      	movs	r0, #0
1000234a:	2a00      	cmp	r2, #0
1000234c:	dc01      	bgt.n	10002352 <dd_4>
1000234e:	0039      	movs	r1, r7
10002350:	bdf0      	pop	{r4, r5, r6, r7, pc}

10002352 <dd_4>:
10002352:	3301      	adds	r3, #1
10002354:	0519      	lsls	r1, r3, #20
10002356:	e7f5      	b.n	10002344 <dd_5>
10002358:	000003fd 	.word	0x000003fd
1000235c:	000007fe 	.word	0x000007fe

10002360 <double2uint_shim>:
10002360:	2200      	movs	r2, #0

10002362 <double2ufix_shim>:
10002362:	b500      	push	{lr}
10002364:	3220      	adds	r2, #32
10002366:	f000 f804 	bl	10002372 <double2ufix64_shim>
1000236a:	0008      	movs	r0, r1
1000236c:	bd00      	pop	{pc}
	...

10002370 <double2uint64_shim>:
10002370:	2200      	movs	r2, #0

10002372 <double2ufix64_shim>:
10002372:	150b      	asrs	r3, r1, #20
10002374:	d40a      	bmi.n	1000238c <ret_dzero>

10002376 <d2fix>:
10002376:	b510      	push	{r4, lr}
10002378:	4694      	mov	ip, r2
1000237a:	f000 f831 	bl	100023e0 <dunpacks>
1000237e:	1414      	asrs	r4, r2, #16
10002380:	3401      	adds	r4, #1
10002382:	da00      	bge.n	10002386 <d2fix+0x10>
10002384:	2100      	movs	r1, #0
10002386:	17cb      	asrs	r3, r1, #31
10002388:	4c14      	ldr	r4, [pc, #80]	@ (100023dc <d2fix_a+0x4a>)
1000238a:	4720      	bx	r4

1000238c <ret_dzero>:
1000238c:	2000      	movs	r0, #0
1000238e:	2100      	movs	r1, #0
10002390:	4770      	bx	lr

10002392 <d2fix_a>:
10002392:	4462      	add	r2, ip
10002394:	3a34      	subs	r2, #52	@ 0x34
10002396:	d40c      	bmi.n	100023b2 <d2fix_a+0x20>
10002398:	2a0c      	cmp	r2, #12
1000239a:	da07      	bge.n	100023ac <d2fix_a+0x1a>
1000239c:	0004      	movs	r4, r0
1000239e:	4091      	lsls	r1, r2
100023a0:	4090      	lsls	r0, r2
100023a2:	4252      	negs	r2, r2
100023a4:	3220      	adds	r2, #32
100023a6:	40d4      	lsrs	r4, r2
100023a8:	4321      	orrs	r1, r4
100023aa:	bd10      	pop	{r4, pc}
100023ac:	43d8      	mvns	r0, r3
100023ae:	43d9      	mvns	r1, r3
100023b0:	bd10      	pop	{r4, pc}
100023b2:	3220      	adds	r2, #32
100023b4:	d407      	bmi.n	100023c6 <d2fix_a+0x34>
100023b6:	460c      	mov	r4, r1
100023b8:	4094      	lsls	r4, r2
100023ba:	4252      	negs	r2, r2
100023bc:	3220      	adds	r2, #32
100023be:	4111      	asrs	r1, r2
100023c0:	40d0      	lsrs	r0, r2
100023c2:	4320      	orrs	r0, r4
100023c4:	bd10      	pop	{r4, pc}
100023c6:	0008      	movs	r0, r1
100023c8:	17c9      	asrs	r1, r1, #31
100023ca:	3220      	adds	r2, #32
100023cc:	d403      	bmi.n	100023d6 <d2fix_a+0x44>
100023ce:	4252      	negs	r2, r2
100023d0:	3220      	adds	r2, #32
100023d2:	4110      	asrs	r0, r2
100023d4:	bd10      	pop	{r4, pc}
100023d6:	0018      	movs	r0, r3
100023d8:	0019      	movs	r1, r3
100023da:	bd10      	pop	{r4, pc}
100023dc:	10002393 	.word	0x10002393

100023e0 <dunpacks>:
100023e0:	0d0a      	lsrs	r2, r1, #20
100023e2:	0fcc      	lsrs	r4, r1, #31
100023e4:	1e53      	subs	r3, r2, #1
100023e6:	051b      	lsls	r3, r3, #20
100023e8:	1ac9      	subs	r1, r1, r3
100023ea:	0552      	lsls	r2, r2, #21
100023ec:	d303      	bcc.n	100023f6 <l60_1>
100023ee:	43c9      	mvns	r1, r1
100023f0:	4240      	negs	r0, r0
100023f2:	d300      	bcc.n	100023f6 <l60_1>
100023f4:	3101      	adds	r1, #1

100023f6 <l60_1>:
100023f6:	0d52      	lsrs	r2, r2, #21
100023f8:	d003      	beq.n	10002402 <l60_2>
100023fa:	1c53      	adds	r3, r2, #1
100023fc:	0adb      	lsrs	r3, r3, #11
100023fe:	d007      	beq.n	10002410 <l60_3>
10002400:	1b12      	subs	r2, r2, r4

10002402 <l60_2>:
10002402:	2000      	movs	r0, #0
10002404:	0064      	lsls	r4, r4, #1
10002406:	1c61      	adds	r1, r4, #1
10002408:	0789      	lsls	r1, r1, #30
1000240a:	1289      	asrs	r1, r1, #10
1000240c:	3a80      	subs	r2, #128	@ 0x80
1000240e:	0312      	lsls	r2, r2, #12

10002410 <l60_3>:
10002410:	4b01      	ldr	r3, [pc, #4]	@ (10002418 <l60_3+0x8>)
10002412:	1ad2      	subs	r2, r2, r3
10002414:	4770      	bx	lr
10002416:	0000      	.short	0x0000
10002418:	000003ff 	.word	0x000003ff

1000241c <__wrap___aeabi_lmul>:
1000241c:	4351      	muls	r1, r2
1000241e:	4343      	muls	r3, r0
10002420:	18c9      	adds	r1, r1, r3
10002422:	468c      	mov	ip, r1
10002424:	0c11      	lsrs	r1, r2, #16
10002426:	b283      	uxth	r3, r0
10002428:	434b      	muls	r3, r1
1000242a:	b410      	push	{r4}
1000242c:	0c04      	lsrs	r4, r0, #16
1000242e:	4361      	muls	r1, r4
10002430:	b292      	uxth	r2, r2
10002432:	b280      	uxth	r0, r0
10002434:	4350      	muls	r0, r2
10002436:	4362      	muls	r2, r4
10002438:	041c      	lsls	r4, r3, #16
1000243a:	0c1b      	lsrs	r3, r3, #16
1000243c:	1900      	adds	r0, r0, r4
1000243e:	bc10      	pop	{r4}
10002440:	4159      	adcs	r1, r3
10002442:	0413      	lsls	r3, r2, #16
10002444:	0c12      	lsrs	r2, r2, #16
10002446:	18c0      	adds	r0, r0, r3
10002448:	4151      	adcs	r1, r2
1000244a:	4461      	add	r1, ip
1000244c:	4770      	bx	lr
	...

10002450 <__aeabi_float_init>:
10002450:	2313      	movs	r3, #19
10002452:	b510      	push	{r4, lr}
10002454:	4812      	ldr	r0, [pc, #72]	@ (100024a0 <__aeabi_float_init+0x50>)
10002456:	781c      	ldrb	r4, [r3, #0]
10002458:	f7ff f86a 	bl	10001530 <rom_data_lookup>
1000245c:	0001      	movs	r1, r0
1000245e:	2c01      	cmp	r4, #1
10002460:	d00a      	beq.n	10002478 <__aeabi_float_init+0x28>
10002462:	dd03      	ble.n	1000246c <__aeabi_float_init+0x1c>
10002464:	2280      	movs	r2, #128	@ 0x80
10002466:	480f      	ldr	r0, [pc, #60]	@ (100024a4 <__aeabi_float_init+0x54>)
10002468:	f000 f848 	bl	100024fc <__wrap___aeabi_memcpy>
1000246c:	480e      	ldr	r0, [pc, #56]	@ (100024a8 <__aeabi_float_init+0x58>)
1000246e:	f7ff f857 	bl	10001520 <rom_func_lookup>
10002472:	4b0e      	ldr	r3, [pc, #56]	@ (100024ac <__aeabi_float_init+0x5c>)
10002474:	6018      	str	r0, [r3, #0]
10002476:	bd10      	pop	{r4, pc}
10002478:	4c0a      	ldr	r4, [pc, #40]	@ (100024a4 <__aeabi_float_init+0x54>)
1000247a:	2254      	movs	r2, #84	@ 0x54
1000247c:	0020      	movs	r0, r4
1000247e:	f000 f83d 	bl	100024fc <__wrap___aeabi_memcpy>
10002482:	4b0b      	ldr	r3, [pc, #44]	@ (100024b0 <__aeabi_float_init+0x60>)
10002484:	6563      	str	r3, [r4, #84]	@ 0x54
10002486:	65a3      	str	r3, [r4, #88]	@ 0x58
10002488:	65e3      	str	r3, [r4, #92]	@ 0x5c
1000248a:	6623      	str	r3, [r4, #96]	@ 0x60
1000248c:	6663      	str	r3, [r4, #100]	@ 0x64
1000248e:	66a3      	str	r3, [r4, #104]	@ 0x68
10002490:	66e3      	str	r3, [r4, #108]	@ 0x6c
10002492:	6723      	str	r3, [r4, #112]	@ 0x70
10002494:	6763      	str	r3, [r4, #116]	@ 0x74
10002496:	67a3      	str	r3, [r4, #120]	@ 0x78
10002498:	67e3      	str	r3, [r4, #124]	@ 0x7c
1000249a:	6223      	str	r3, [r4, #32]
1000249c:	61e3      	str	r3, [r4, #28]
1000249e:	e7e5      	b.n	1000246c <__aeabi_float_init+0x1c>
100024a0:	00004653 	.word	0x00004653
100024a4:	200012a8 	.word	0x200012a8
100024a8:	0000334c 	.word	0x0000334c
100024ac:	20002088 	.word	0x20002088
100024b0:	100024b5 	.word	0x100024b5

100024b4 <float_table_shim_on_use_helper>:
100024b4:	b507      	push	{r0, r1, r2, lr}
100024b6:	4660      	mov	r0, ip
100024b8:	8801      	ldrh	r1, [r0, #0]
100024ba:	0a0a      	lsrs	r2, r1, #8
100024bc:	3002      	adds	r0, #2
100024be:	2adf      	cmp	r2, #223	@ 0xdf
100024c0:	d1fa      	bne.n	100024b8 <float_table_shim_on_use_helper+0x4>
100024c2:	b2c9      	uxtb	r1, r1
100024c4:	0882      	lsrs	r2, r0, #2
100024c6:	d304      	bcc.n	100024d2 <float_table_shim_on_use_helper+0x1e>
100024c8:	8802      	ldrh	r2, [r0, #0]
100024ca:	8840      	ldrh	r0, [r0, #2]
100024cc:	0400      	lsls	r0, r0, #16
100024ce:	4310      	orrs	r0, r2
100024d0:	e000      	b.n	100024d4 <float_table_shim_on_use_helper+0x20>
100024d2:	6800      	ldr	r0, [r0, #0]
100024d4:	4a01      	ldr	r2, [pc, #4]	@ (100024dc <float_table_shim_on_use_helper+0x28>)
100024d6:	5050      	str	r0, [r2, r1]
100024d8:	9003      	str	r0, [sp, #12]
100024da:	bd07      	pop	{r0, r1, r2, pc}
100024dc:	200012a8 	.word	0x200012a8

100024e0 <__aeabi_mem_init>:
100024e0:	4801      	ldr	r0, [pc, #4]	@ (100024e8 <__aeabi_mem_init+0x8>)
100024e2:	2104      	movs	r1, #4
100024e4:	4b01      	ldr	r3, [pc, #4]	@ (100024ec <__aeabi_mem_init+0xc>)
100024e6:	4718      	bx	r3
100024e8:	20000fd0 	.word	0x20000fd0
100024ec:	10001541 	.word	0x10001541

100024f0 <__wrap_memset>:
100024f0:	4b01      	ldr	r3, [pc, #4]	@ (100024f8 <__wrap_memset+0x8>)
100024f2:	681b      	ldr	r3, [r3, #0]
100024f4:	4718      	bx	r3
100024f6:	0000      	.short	0x0000
100024f8:	20000fd0 	.word	0x20000fd0

100024fc <__wrap___aeabi_memcpy>:
100024fc:	4b01      	ldr	r3, [pc, #4]	@ (10002504 <__wrap___aeabi_memcpy+0x8>)
100024fe:	685b      	ldr	r3, [r3, #4]
10002500:	4718      	bx	r3
10002502:	0000      	.short	0x0000
10002504:	20000fd0 	.word	0x20000fd0

10002508 <_out_null>:
10002508:	4770      	bx	lr
1000250a:	46c0      	nop			@ (mov r8, r8)

1000250c <_out_rev>:
1000250c:	b5f8      	push	{r3, r4, r5, r6, r7, lr}
1000250e:	4657      	mov	r7, sl
10002510:	46de      	mov	lr, fp
10002512:	464e      	mov	r6, r9
10002514:	4645      	mov	r5, r8
10002516:	b5e0      	push	{r5, r6, r7, lr}
10002518:	4699      	mov	r9, r3
1000251a:	9b0a      	ldr	r3, [sp, #40]	@ 0x28
1000251c:	0007      	movs	r7, r0
1000251e:	469a      	mov	sl, r3
10002520:	9b0d      	ldr	r3, [sp, #52]	@ 0x34
10002522:	4688      	mov	r8, r1
10002524:	4693      	mov	fp, r2
10002526:	9c0b      	ldr	r4, [sp, #44]	@ 0x2c
10002528:	079b      	lsls	r3, r3, #30
1000252a:	d13b      	bne.n	100025a4 <_out_rev+0x98>
1000252c:	9b0c      	ldr	r3, [sp, #48]	@ 0x30
1000252e:	429c      	cmp	r4, r3
10002530:	d23d      	bcs.n	100025ae <_out_rev+0xa2>
10002532:	1b1e      	subs	r6, r3, r4
10002534:	940b      	str	r4, [sp, #44]	@ 0x2c
10002536:	0015      	movs	r5, r2
10002538:	000c      	movs	r4, r1
1000253a:	445e      	add	r6, fp
1000253c:	002a      	movs	r2, r5
1000253e:	464b      	mov	r3, r9
10002540:	3501      	adds	r5, #1
10002542:	0021      	movs	r1, r4
10002544:	2020      	movs	r0, #32
10002546:	47b8      	blx	r7
10002548:	42b5      	cmp	r5, r6
1000254a:	d1f7      	bne.n	1000253c <_out_rev+0x30>
1000254c:	46a0      	mov	r8, r4
1000254e:	9c0b      	ldr	r4, [sp, #44]	@ 0x2c
10002550:	2c00      	cmp	r4, #0
10002552:	d020      	beq.n	10002596 <_out_rev+0x8a>
10002554:	4645      	mov	r5, r8
10002556:	1936      	adds	r6, r6, r4
10002558:	4653      	mov	r3, sl
1000255a:	1b32      	subs	r2, r6, r4
1000255c:	3c01      	subs	r4, #1
1000255e:	5d18      	ldrb	r0, [r3, r4]
10002560:	0029      	movs	r1, r5
10002562:	464b      	mov	r3, r9
10002564:	47b8      	blx	r7
10002566:	2c00      	cmp	r4, #0
10002568:	d1f6      	bne.n	10002558 <_out_rev+0x4c>
1000256a:	002b      	movs	r3, r5
1000256c:	0035      	movs	r5, r6
1000256e:	4698      	mov	r8, r3
10002570:	9b0d      	ldr	r3, [sp, #52]	@ 0x34
10002572:	079b      	lsls	r3, r3, #30
10002574:	d50f      	bpl.n	10002596 <_out_rev+0x8a>
10002576:	465b      	mov	r3, fp
10002578:	1aec      	subs	r4, r5, r3
1000257a:	9b0c      	ldr	r3, [sp, #48]	@ 0x30
1000257c:	42a3      	cmp	r3, r4
1000257e:	d90a      	bls.n	10002596 <_out_rev+0x8a>
10002580:	4646      	mov	r6, r8
10002582:	4698      	mov	r8, r3
10002584:	002a      	movs	r2, r5
10002586:	464b      	mov	r3, r9
10002588:	0031      	movs	r1, r6
1000258a:	2020      	movs	r0, #32
1000258c:	3401      	adds	r4, #1
1000258e:	47b8      	blx	r7
10002590:	3501      	adds	r5, #1
10002592:	4544      	cmp	r4, r8
10002594:	d3f6      	bcc.n	10002584 <_out_rev+0x78>
10002596:	0028      	movs	r0, r5
10002598:	bcf0      	pop	{r4, r5, r6, r7}
1000259a:	46bb      	mov	fp, r7
1000259c:	46b2      	mov	sl, r6
1000259e:	46a9      	mov	r9, r5
100025a0:	46a0      	mov	r8, r4
100025a2:	bdf8      	pop	{r3, r4, r5, r6, r7, pc}
100025a4:	0016      	movs	r6, r2
100025a6:	0015      	movs	r5, r2
100025a8:	2c00      	cmp	r4, #0
100025aa:	d1d3      	bne.n	10002554 <_out_rev+0x48>
100025ac:	e7e0      	b.n	10002570 <_out_rev+0x64>
100025ae:	0016      	movs	r6, r2
100025b0:	2c00      	cmp	r4, #0
100025b2:	d1cf      	bne.n	10002554 <_out_rev+0x48>
100025b4:	0015      	movs	r5, r2
100025b6:	e7ee      	b.n	10002596 <_out_rev+0x8a>

100025b8 <_ntoa_format>:
100025b8:	b5f0      	push	{r4, r5, r6, r7, lr}
100025ba:	464f      	mov	r7, r9
100025bc:	4646      	mov	r6, r8
100025be:	46d6      	mov	lr, sl
100025c0:	b5c0      	push	{r6, r7, lr}
100025c2:	b084      	sub	sp, #16
100025c4:	4698      	mov	r8, r3
100025c6:	ab0e      	add	r3, sp, #56	@ 0x38
100025c8:	781b      	ldrb	r3, [r3, #0]
100025ca:	4694      	mov	ip, r2
100025cc:	4699      	mov	r9, r3
100025ce:	9b12      	ldr	r3, [sp, #72]	@ 0x48
100025d0:	9c0d      	ldr	r4, [sp, #52]	@ 0x34
100025d2:	9f10      	ldr	r7, [sp, #64]	@ 0x40
100025d4:	9e11      	ldr	r6, [sp, #68]	@ 0x44
100025d6:	079a      	lsls	r2, r3, #30
100025d8:	d425      	bmi.n	10002626 <_ntoa_format+0x6e>
100025da:	2e00      	cmp	r6, #0
100025dc:	d165      	bne.n	100026aa <_ntoa_format+0xf2>
100025de:	42bc      	cmp	r4, r7
100025e0:	d221      	bcs.n	10002626 <_ntoa_format+0x6e>
100025e2:	2201      	movs	r2, #1
100025e4:	401a      	ands	r2, r3
100025e6:	4692      	mov	sl, r2
100025e8:	2c20      	cmp	r4, #32
100025ea:	d100      	bne.n	100025ee <_ntoa_format+0x36>
100025ec:	e0e9      	b.n	100027c2 <_ntoa_format+0x20a>
100025ee:	9a0c      	ldr	r2, [sp, #48]	@ 0x30
100025f0:	1e55      	subs	r5, r2, #1
100025f2:	2230      	movs	r2, #48	@ 0x30
100025f4:	e002      	b.n	100025fc <_ntoa_format+0x44>
100025f6:	2c20      	cmp	r4, #32
100025f8:	d100      	bne.n	100025fc <_ntoa_format+0x44>
100025fa:	e07b      	b.n	100026f4 <_ntoa_format+0x13c>
100025fc:	3401      	adds	r4, #1
100025fe:	552a      	strb	r2, [r5, r4]
10002600:	42a7      	cmp	r7, r4
10002602:	d8f8      	bhi.n	100025f6 <_ntoa_format+0x3e>
10002604:	4652      	mov	r2, sl
10002606:	2a00      	cmp	r2, #0
10002608:	d00d      	beq.n	10002626 <_ntoa_format+0x6e>
1000260a:	42b4      	cmp	r4, r6
1000260c:	d20b      	bcs.n	10002626 <_ntoa_format+0x6e>
1000260e:	9a0c      	ldr	r2, [sp, #48]	@ 0x30
10002610:	1e55      	subs	r5, r2, #1
10002612:	2230      	movs	r2, #48	@ 0x30
10002614:	2c20      	cmp	r4, #32
10002616:	d102      	bne.n	1000261e <_ntoa_format+0x66>
10002618:	e071      	b.n	100026fe <_ntoa_format+0x146>
1000261a:	2c20      	cmp	r4, #32
1000261c:	d02d      	beq.n	1000267a <_ntoa_format+0xc2>
1000261e:	3401      	adds	r4, #1
10002620:	552a      	strb	r2, [r5, r4]
10002622:	42b4      	cmp	r4, r6
10002624:	d1f9      	bne.n	1000261a <_ntoa_format+0x62>
10002626:	06da      	lsls	r2, r3, #27
10002628:	d53c      	bpl.n	100026a4 <_ntoa_format+0xec>
1000262a:	055a      	lsls	r2, r3, #21
1000262c:	d42e      	bmi.n	1000268c <_ntoa_format+0xd4>
1000262e:	2c00      	cmp	r4, #0
10002630:	d128      	bne.n	10002684 <_ntoa_format+0xcc>
10002632:	9a0f      	ldr	r2, [sp, #60]	@ 0x3c
10002634:	2a10      	cmp	r2, #16
10002636:	d100      	bne.n	1000263a <_ntoa_format+0x82>
10002638:	e0b6      	b.n	100027a8 <_ntoa_format+0x1f0>
1000263a:	2a02      	cmp	r2, #2
1000263c:	d100      	bne.n	10002640 <_ntoa_format+0x88>
1000263e:	e0bc      	b.n	100027ba <_ntoa_format+0x202>
10002640:	2230      	movs	r2, #48	@ 0x30
10002642:	9c0c      	ldr	r4, [sp, #48]	@ 0x30
10002644:	7022      	strb	r2, [r4, #0]
10002646:	2401      	movs	r4, #1
10002648:	464a      	mov	r2, r9
1000264a:	2a00      	cmp	r2, #0
1000264c:	d165      	bne.n	1000271a <_ntoa_format+0x162>
1000264e:	075a      	lsls	r2, r3, #29
10002650:	d400      	bmi.n	10002654 <_ntoa_format+0x9c>
10002652:	e099      	b.n	10002788 <_ntoa_format+0x1d0>
10002654:	222b      	movs	r2, #43	@ 0x2b
10002656:	9d0c      	ldr	r5, [sp, #48]	@ 0x30
10002658:	552a      	strb	r2, [r5, r4]
1000265a:	3401      	adds	r4, #1
1000265c:	9303      	str	r3, [sp, #12]
1000265e:	9b0c      	ldr	r3, [sp, #48]	@ 0x30
10002660:	4662      	mov	r2, ip
10002662:	9300      	str	r3, [sp, #0]
10002664:	9602      	str	r6, [sp, #8]
10002666:	4643      	mov	r3, r8
10002668:	9401      	str	r4, [sp, #4]
1000266a:	f7ff ff4f 	bl	1000250c <_out_rev>
1000266e:	b004      	add	sp, #16
10002670:	bce0      	pop	{r5, r6, r7}
10002672:	46ba      	mov	sl, r7
10002674:	46b1      	mov	r9, r6
10002676:	46a8      	mov	r8, r5
10002678:	bdf0      	pop	{r4, r5, r6, r7, pc}
1000267a:	2420      	movs	r4, #32
1000267c:	06da      	lsls	r2, r3, #27
1000267e:	d5ed      	bpl.n	1000265c <_ntoa_format+0xa4>
10002680:	055a      	lsls	r2, r3, #21
10002682:	d403      	bmi.n	1000268c <_ntoa_format+0xd4>
10002684:	42a7      	cmp	r7, r4
10002686:	d066      	beq.n	10002756 <_ntoa_format+0x19e>
10002688:	42b4      	cmp	r4, r6
1000268a:	d064      	beq.n	10002756 <_ntoa_format+0x19e>
1000268c:	9a0f      	ldr	r2, [sp, #60]	@ 0x3c
1000268e:	2a10      	cmp	r2, #16
10002690:	d071      	beq.n	10002776 <_ntoa_format+0x1be>
10002692:	2a02      	cmp	r2, #2
10002694:	d057      	beq.n	10002746 <_ntoa_format+0x18e>
10002696:	2c20      	cmp	r4, #32
10002698:	d0e0      	beq.n	1000265c <_ntoa_format+0xa4>
1000269a:	0022      	movs	r2, r4
1000269c:	3401      	adds	r4, #1
1000269e:	2530      	movs	r5, #48	@ 0x30
100026a0:	9f0c      	ldr	r7, [sp, #48]	@ 0x30
100026a2:	54bd      	strb	r5, [r7, r2]
100026a4:	2c20      	cmp	r4, #32
100026a6:	d0d9      	beq.n	1000265c <_ntoa_format+0xa4>
100026a8:	e7ce      	b.n	10002648 <_ntoa_format+0x90>
100026aa:	2201      	movs	r2, #1
100026ac:	0015      	movs	r5, r2
100026ae:	401d      	ands	r5, r3
100026b0:	46aa      	mov	sl, r5
100026b2:	421a      	tst	r2, r3
100026b4:	d036      	beq.n	10002724 <_ntoa_format+0x16c>
100026b6:	464a      	mov	r2, r9
100026b8:	2a00      	cmp	r2, #0
100026ba:	d14a      	bne.n	10002752 <_ntoa_format+0x19a>
100026bc:	320c      	adds	r2, #12
100026be:	421a      	tst	r2, r3
100026c0:	d147      	bne.n	10002752 <_ntoa_format+0x19a>
100026c2:	42bc      	cmp	r4, r7
100026c4:	d2a1      	bcs.n	1000260a <_ntoa_format+0x52>
100026c6:	2c20      	cmp	r4, #32
100026c8:	d191      	bne.n	100025ee <_ntoa_format+0x36>
100026ca:	2e20      	cmp	r6, #32
100026cc:	d817      	bhi.n	100026fe <_ntoa_format+0x146>
100026ce:	2420      	movs	r4, #32
100026d0:	06da      	lsls	r2, r3, #27
100026d2:	d5c3      	bpl.n	1000265c <_ntoa_format+0xa4>
100026d4:	055a      	lsls	r2, r3, #21
100026d6:	d41b      	bmi.n	10002710 <_ntoa_format+0x158>
100026d8:	2f20      	cmp	r7, #32
100026da:	d001      	beq.n	100026e0 <_ntoa_format+0x128>
100026dc:	2e20      	cmp	r6, #32
100026de:	d1d5      	bne.n	1000268c <_ntoa_format+0xd4>
100026e0:	221f      	movs	r2, #31
100026e2:	9d0f      	ldr	r5, [sp, #60]	@ 0x3c
100026e4:	2d10      	cmp	r5, #16
100026e6:	d06f      	beq.n	100027c8 <_ntoa_format+0x210>
100026e8:	2d02      	cmp	r5, #2
100026ea:	d1d8      	bne.n	1000269e <_ntoa_format+0xe6>
100026ec:	2562      	movs	r5, #98	@ 0x62
100026ee:	9f0c      	ldr	r7, [sp, #48]	@ 0x30
100026f0:	54bd      	strb	r5, [r7, r2]
100026f2:	e7d0      	b.n	10002696 <_ntoa_format+0xde>
100026f4:	4652      	mov	r2, sl
100026f6:	2a00      	cmp	r2, #0
100026f8:	d079      	beq.n	100027ee <_ntoa_format+0x236>
100026fa:	2e20      	cmp	r6, #32
100026fc:	d9bd      	bls.n	1000267a <_ntoa_format+0xc2>
100026fe:	2420      	movs	r4, #32
10002700:	06da      	lsls	r2, r3, #27
10002702:	d5ab      	bpl.n	1000265c <_ntoa_format+0xa4>
10002704:	055a      	lsls	r2, r3, #21
10002706:	d403      	bmi.n	10002710 <_ntoa_format+0x158>
10002708:	2f20      	cmp	r7, #32
1000270a:	d0e9      	beq.n	100026e0 <_ntoa_format+0x128>
1000270c:	2e20      	cmp	r6, #32
1000270e:	d0e7      	beq.n	100026e0 <_ntoa_format+0x128>
10002710:	9a0f      	ldr	r2, [sp, #60]	@ 0x3c
10002712:	2a10      	cmp	r2, #16
10002714:	d1a2      	bne.n	1000265c <_ntoa_format+0xa4>
10002716:	2420      	movs	r4, #32
10002718:	e7a0      	b.n	1000265c <_ntoa_format+0xa4>
1000271a:	222d      	movs	r2, #45	@ 0x2d
1000271c:	9d0c      	ldr	r5, [sp, #48]	@ 0x30
1000271e:	552a      	strb	r2, [r5, r4]
10002720:	3401      	adds	r4, #1
10002722:	e79b      	b.n	1000265c <_ntoa_format+0xa4>
10002724:	42bc      	cmp	r4, r7
10002726:	d300      	bcc.n	1000272a <_ntoa_format+0x172>
10002728:	e77d      	b.n	10002626 <_ntoa_format+0x6e>
1000272a:	2c20      	cmp	r4, #32
1000272c:	d000      	beq.n	10002730 <_ntoa_format+0x178>
1000272e:	e75e      	b.n	100025ee <_ntoa_format+0x36>
10002730:	06da      	lsls	r2, r3, #27
10002732:	d5f0      	bpl.n	10002716 <_ntoa_format+0x15e>
10002734:	055a      	lsls	r2, r3, #21
10002736:	d4ee      	bmi.n	10002716 <_ntoa_format+0x15e>
10002738:	2f20      	cmp	r7, #32
1000273a:	d062      	beq.n	10002802 <_ntoa_format+0x24a>
1000273c:	2e20      	cmp	r6, #32
1000273e:	d1ea      	bne.n	10002716 <_ntoa_format+0x15e>
10002740:	0034      	movs	r4, r6
10002742:	221f      	movs	r2, #31
10002744:	e7cd      	b.n	100026e2 <_ntoa_format+0x12a>
10002746:	2c20      	cmp	r4, #32
10002748:	d100      	bne.n	1000274c <_ntoa_format+0x194>
1000274a:	e787      	b.n	1000265c <_ntoa_format+0xa4>
1000274c:	0022      	movs	r2, r4
1000274e:	3401      	adds	r4, #1
10002750:	e7cc      	b.n	100026ec <_ntoa_format+0x134>
10002752:	3e01      	subs	r6, #1
10002754:	e7b5      	b.n	100026c2 <_ntoa_format+0x10a>
10002756:	1e62      	subs	r2, r4, #1
10002758:	2c01      	cmp	r4, #1
1000275a:	d1c2      	bne.n	100026e2 <_ntoa_format+0x12a>
1000275c:	9a0f      	ldr	r2, [sp, #60]	@ 0x3c
1000275e:	2a10      	cmp	r2, #16
10002760:	d000      	beq.n	10002764 <_ntoa_format+0x1ac>
10002762:	e76a      	b.n	1000263a <_ntoa_format+0x82>
10002764:	069a      	lsls	r2, r3, #26
10002766:	d53b      	bpl.n	100027e0 <_ntoa_format+0x228>
10002768:	2258      	movs	r2, #88	@ 0x58
1000276a:	9c0c      	ldr	r4, [sp, #48]	@ 0x30
1000276c:	7022      	strb	r2, [r4, #0]
1000276e:	3a28      	subs	r2, #40	@ 0x28
10002770:	7062      	strb	r2, [r4, #1]
10002772:	2402      	movs	r4, #2
10002774:	e768      	b.n	10002648 <_ntoa_format+0x90>
10002776:	069a      	lsls	r2, r3, #26
10002778:	d40e      	bmi.n	10002798 <_ntoa_format+0x1e0>
1000277a:	2c20      	cmp	r4, #32
1000277c:	d0cb      	beq.n	10002716 <_ntoa_format+0x15e>
1000277e:	2278      	movs	r2, #120	@ 0x78
10002780:	9d0c      	ldr	r5, [sp, #48]	@ 0x30
10002782:	552a      	strb	r2, [r5, r4]
10002784:	3401      	adds	r4, #1
10002786:	e786      	b.n	10002696 <_ntoa_format+0xde>
10002788:	071a      	lsls	r2, r3, #28
1000278a:	d400      	bmi.n	1000278e <_ntoa_format+0x1d6>
1000278c:	e766      	b.n	1000265c <_ntoa_format+0xa4>
1000278e:	2220      	movs	r2, #32
10002790:	9d0c      	ldr	r5, [sp, #48]	@ 0x30
10002792:	552a      	strb	r2, [r5, r4]
10002794:	3401      	adds	r4, #1
10002796:	e761      	b.n	1000265c <_ntoa_format+0xa4>
10002798:	2c20      	cmp	r4, #32
1000279a:	d0bc      	beq.n	10002716 <_ntoa_format+0x15e>
1000279c:	2558      	movs	r5, #88	@ 0x58
1000279e:	9a0c      	ldr	r2, [sp, #48]	@ 0x30
100027a0:	1912      	adds	r2, r2, r4
100027a2:	7015      	strb	r5, [r2, #0]
100027a4:	3401      	adds	r4, #1
100027a6:	e776      	b.n	10002696 <_ntoa_format+0xde>
100027a8:	069a      	lsls	r2, r3, #26
100027aa:	d508      	bpl.n	100027be <_ntoa_format+0x206>
100027ac:	2258      	movs	r2, #88	@ 0x58
100027ae:	9c0c      	ldr	r4, [sp, #48]	@ 0x30
100027b0:	7022      	strb	r2, [r4, #0]
100027b2:	2230      	movs	r2, #48	@ 0x30
100027b4:	7062      	strb	r2, [r4, #1]
100027b6:	2402      	movs	r4, #2
100027b8:	e746      	b.n	10002648 <_ntoa_format+0x90>
100027ba:	3260      	adds	r2, #96	@ 0x60
100027bc:	e7f7      	b.n	100027ae <_ntoa_format+0x1f6>
100027be:	2278      	movs	r2, #120	@ 0x78
100027c0:	e7f5      	b.n	100027ae <_ntoa_format+0x1f6>
100027c2:	2a00      	cmp	r2, #0
100027c4:	d183      	bne.n	100026ce <_ntoa_format+0x116>
100027c6:	e7b3      	b.n	10002730 <_ntoa_format+0x178>
100027c8:	1ea2      	subs	r2, r4, #2
100027ca:	3c01      	subs	r4, #1
100027cc:	069d      	lsls	r5, r3, #26
100027ce:	d403      	bmi.n	100027d8 <_ntoa_format+0x220>
100027d0:	2578      	movs	r5, #120	@ 0x78
100027d2:	9f0c      	ldr	r7, [sp, #48]	@ 0x30
100027d4:	54bd      	strb	r5, [r7, r2]
100027d6:	e760      	b.n	1000269a <_ntoa_format+0xe2>
100027d8:	2558      	movs	r5, #88	@ 0x58
100027da:	9f0c      	ldr	r7, [sp, #48]	@ 0x30
100027dc:	54bd      	strb	r5, [r7, r2]
100027de:	e75c      	b.n	1000269a <_ntoa_format+0xe2>
100027e0:	2278      	movs	r2, #120	@ 0x78
100027e2:	9c0c      	ldr	r4, [sp, #48]	@ 0x30
100027e4:	7022      	strb	r2, [r4, #0]
100027e6:	3a48      	subs	r2, #72	@ 0x48
100027e8:	7062      	strb	r2, [r4, #1]
100027ea:	2402      	movs	r4, #2
100027ec:	e72c      	b.n	10002648 <_ntoa_format+0x90>
100027ee:	06da      	lsls	r2, r3, #27
100027f0:	d400      	bmi.n	100027f4 <_ntoa_format+0x23c>
100027f2:	e733      	b.n	1000265c <_ntoa_format+0xa4>
100027f4:	055a      	lsls	r2, r3, #21
100027f6:	d48b      	bmi.n	10002710 <_ntoa_format+0x158>
100027f8:	2f20      	cmp	r7, #32
100027fa:	d000      	beq.n	100027fe <_ntoa_format+0x246>
100027fc:	e744      	b.n	10002688 <_ntoa_format+0xd0>
100027fe:	221f      	movs	r2, #31
10002800:	e76f      	b.n	100026e2 <_ntoa_format+0x12a>
10002802:	003c      	movs	r4, r7
10002804:	221f      	movs	r2, #31
10002806:	e76c      	b.n	100026e2 <_ntoa_format+0x12a>

10002808 <_out_char>:
10002808:	b510      	push	{r4, lr}
1000280a:	2800      	cmp	r0, #0
1000280c:	d100      	bne.n	10002810 <_out_char+0x8>
1000280e:	bd10      	pop	{r4, pc}
10002810:	f001 fb64 	bl	10003edc <__wrap_putchar>
10002814:	e7fb      	b.n	1000280e <_out_char+0x6>
10002816:	46c0      	nop			@ (mov r8, r8)

10002818 <_out_fct>:
10002818:	000b      	movs	r3, r1
1000281a:	b510      	push	{r4, lr}
1000281c:	2800      	cmp	r0, #0
1000281e:	d002      	beq.n	10002826 <_out_fct+0xe>
10002820:	6849      	ldr	r1, [r1, #4]
10002822:	681b      	ldr	r3, [r3, #0]
10002824:	4798      	blx	r3
10002826:	bd10      	pop	{r4, pc}

10002828 <_etoa>:
10002828:	b5f0      	push	{r4, r5, r6, r7, lr}
1000282a:	4657      	mov	r7, sl
1000282c:	464e      	mov	r6, r9
1000282e:	4645      	mov	r5, r8
10002830:	46de      	mov	lr, fp
10002832:	b5e0      	push	{r5, r6, r7, lr}
10002834:	b099      	sub	sp, #100	@ 0x64
10002836:	4682      	mov	sl, r0
10002838:	4689      	mov	r9, r1
1000283a:	4690      	mov	r8, r2
1000283c:	9308      	str	r3, [sp, #32]
1000283e:	9a22      	ldr	r2, [sp, #136]	@ 0x88
10002840:	9b23      	ldr	r3, [sp, #140]	@ 0x8c
10002842:	0010      	movs	r0, r2
10002844:	0019      	movs	r1, r3
10002846:	f7ff fa8e 	bl	10001d66 <__wrap___aeabi_dcmpun>
1000284a:	2800      	cmp	r0, #0
1000284c:	d000      	beq.n	10002850 <_etoa+0x28>
1000284e:	e0cd      	b.n	100029ec <_etoa+0x1c4>
10002850:	9822      	ldr	r0, [sp, #136]	@ 0x88
10002852:	9923      	ldr	r1, [sp, #140]	@ 0x8c
10002854:	2201      	movs	r2, #1
10002856:	4bd9      	ldr	r3, [pc, #868]	@ (10002bbc <_etoa+0x394>)
10002858:	4252      	negs	r2, r2
1000285a:	f7ff fa7f 	bl	10001d5c <__wrap___aeabi_dcmpgt>
1000285e:	2800      	cmp	r0, #0
10002860:	d000      	beq.n	10002864 <_etoa+0x3c>
10002862:	e0c3      	b.n	100029ec <_etoa+0x1c4>
10002864:	9822      	ldr	r0, [sp, #136]	@ 0x88
10002866:	9923      	ldr	r1, [sp, #140]	@ 0x8c
10002868:	2201      	movs	r2, #1
1000286a:	4bd5      	ldr	r3, [pc, #852]	@ (10002bc0 <_etoa+0x398>)
1000286c:	4252      	negs	r2, r2
1000286e:	f7ff fa67 	bl	10001d40 <__wrap___aeabi_dcmplt>
10002872:	2800      	cmp	r0, #0
10002874:	d000      	beq.n	10002878 <_etoa+0x50>
10002876:	e0b9      	b.n	100029ec <_etoa+0x1c4>
10002878:	9822      	ldr	r0, [sp, #136]	@ 0x88
1000287a:	9923      	ldr	r1, [sp, #140]	@ 0x8c
1000287c:	2200      	movs	r2, #0
1000287e:	2300      	movs	r3, #0
10002880:	f7ff fa5e 	bl	10001d40 <__wrap___aeabi_dcmplt>
10002884:	2800      	cmp	r0, #0
10002886:	d000      	beq.n	1000288a <_etoa+0x62>
10002888:	e1f1      	b.n	10002c6e <_etoa+0x446>
1000288a:	9e22      	ldr	r6, [sp, #136]	@ 0x88
1000288c:	9f23      	ldr	r7, [sp, #140]	@ 0x8c
1000288e:	2380      	movs	r3, #128	@ 0x80
10002890:	9a26      	ldr	r2, [sp, #152]	@ 0x98
10002892:	00db      	lsls	r3, r3, #3
10002894:	401a      	ands	r2, r3
10002896:	920d      	str	r2, [sp, #52]	@ 0x34
10002898:	9a26      	ldr	r2, [sp, #152]	@ 0x98
1000289a:	421a      	tst	r2, r3
1000289c:	d101      	bne.n	100028a2 <_etoa+0x7a>
1000289e:	2306      	movs	r3, #6
100028a0:	9324      	str	r3, [sp, #144]	@ 0x90
100028a2:	2380      	movs	r3, #128	@ 0x80
100028a4:	9a26      	ldr	r2, [sp, #152]	@ 0x98
100028a6:	011b      	lsls	r3, r3, #4
100028a8:	401a      	ands	r2, r3
100028aa:	003b      	movs	r3, r7
100028ac:	4693      	mov	fp, r2
100028ae:	9609      	str	r6, [sp, #36]	@ 0x24
100028b0:	4333      	orrs	r3, r6
100028b2:	d000      	beq.n	100028b6 <_etoa+0x8e>
100028b4:	e0b3      	b.n	10002a1e <_etoa+0x1f6>
100028b6:	2a00      	cmp	r2, #0
100028b8:	d000      	beq.n	100028bc <_etoa+0x94>
100028ba:	e1c2      	b.n	10002c42 <_etoa+0x41a>
100028bc:	2300      	movs	r3, #0
100028be:	2400      	movs	r4, #0
100028c0:	930a      	str	r3, [sp, #40]	@ 0x28
100028c2:	940b      	str	r4, [sp, #44]	@ 0x2c
100028c4:	2300      	movs	r3, #0
100028c6:	2504      	movs	r5, #4
100028c8:	9309      	str	r3, [sp, #36]	@ 0x24
100028ca:	9b25      	ldr	r3, [sp, #148]	@ 0x94
100028cc:	2400      	movs	r4, #0
100028ce:	42ab      	cmp	r3, r5
100028d0:	d900      	bls.n	100028d4 <_etoa+0xac>
100028d2:	1b5c      	subs	r4, r3, r5
100028d4:	2302      	movs	r3, #2
100028d6:	9a26      	ldr	r2, [sp, #152]	@ 0x98
100028d8:	401a      	ands	r2, r3
100028da:	920c      	str	r2, [sp, #48]	@ 0x30
100028dc:	9a26      	ldr	r2, [sp, #152]	@ 0x98
100028de:	4213      	tst	r3, r2
100028e0:	d003      	beq.n	100028ea <_etoa+0xc2>
100028e2:	426b      	negs	r3, r5
100028e4:	416b      	adcs	r3, r5
100028e6:	425b      	negs	r3, r3
100028e8:	401c      	ands	r4, r3
100028ea:	9b09      	ldr	r3, [sp, #36]	@ 0x24
100028ec:	2b00      	cmp	r3, #0
100028ee:	d007      	beq.n	10002900 <_etoa+0xd8>
100028f0:	9a0a      	ldr	r2, [sp, #40]	@ 0x28
100028f2:	9b0b      	ldr	r3, [sp, #44]	@ 0x2c
100028f4:	0030      	movs	r0, r6
100028f6:	0039      	movs	r1, r7
100028f8:	f7ff f9c1 	bl	10001c7e <__wrap___aeabi_ddiv>
100028fc:	0006      	movs	r6, r0
100028fe:	000f      	movs	r7, r1
10002900:	9822      	ldr	r0, [sp, #136]	@ 0x88
10002902:	9923      	ldr	r1, [sp, #140]	@ 0x8c
10002904:	2200      	movs	r2, #0
10002906:	2300      	movs	r3, #0
10002908:	f7ff fa1a 	bl	10001d40 <__wrap___aeabi_dcmplt>
1000290c:	2800      	cmp	r0, #0
1000290e:	d003      	beq.n	10002918 <_etoa+0xf0>
10002910:	2180      	movs	r1, #128	@ 0x80
10002912:	0609      	lsls	r1, r1, #24
10002914:	187b      	adds	r3, r7, r1
10002916:	001f      	movs	r7, r3
10002918:	9a26      	ldr	r2, [sp, #152]	@ 0x98
1000291a:	4baa      	ldr	r3, [pc, #680]	@ (10002bc4 <_etoa+0x39c>)
1000291c:	9600      	str	r6, [sp, #0]
1000291e:	9701      	str	r7, [sp, #4]
10002920:	4013      	ands	r3, r2
10002922:	9e08      	ldr	r6, [sp, #32]
10002924:	9304      	str	r3, [sp, #16]
10002926:	9b24      	ldr	r3, [sp, #144]	@ 0x90
10002928:	9403      	str	r4, [sp, #12]
1000292a:	9302      	str	r3, [sp, #8]
1000292c:	4642      	mov	r2, r8
1000292e:	0033      	movs	r3, r6
10002930:	4649      	mov	r1, r9
10002932:	4650      	mov	r0, sl
10002934:	f000 f9aa 	bl	10002c8c <_ftoa>
10002938:	0004      	movs	r4, r0
1000293a:	2d00      	cmp	r5, #0
1000293c:	d067      	beq.n	10002a0e <_etoa+0x1e6>
1000293e:	2020      	movs	r0, #32
10002940:	9a26      	ldr	r2, [sp, #152]	@ 0x98
10002942:	4649      	mov	r1, r9
10002944:	4002      	ands	r2, r0
10002946:	0013      	movs	r3, r2
10002948:	425a      	negs	r2, r3
1000294a:	4153      	adcs	r3, r2
1000294c:	425b      	negs	r3, r3
1000294e:	1c62      	adds	r2, r4, #1
10002950:	4018      	ands	r0, r3
10002952:	920a      	str	r2, [sp, #40]	@ 0x28
10002954:	0033      	movs	r3, r6
10002956:	0022      	movs	r2, r4
10002958:	3045      	adds	r0, #69	@ 0x45
1000295a:	47d0      	blx	sl
1000295c:	9a09      	ldr	r2, [sp, #36]	@ 0x24
1000295e:	1e6f      	subs	r7, r5, #1
10002960:	17d3      	asrs	r3, r2, #31
10002962:	18d4      	adds	r4, r2, r3
10002964:	405c      	eors	r4, r3
10002966:	0fd3      	lsrs	r3, r2, #31
10002968:	469b      	mov	fp, r3
1000296a:	2500      	movs	r5, #0
1000296c:	e001      	b.n	10002972 <_etoa+0x14a>
1000296e:	2d20      	cmp	r5, #32
10002970:	d013      	beq.n	1000299a <_etoa+0x172>
10002972:	aa08      	add	r2, sp, #32
10002974:	4694      	mov	ip, r2
10002976:	231f      	movs	r3, #31
10002978:	0020      	movs	r0, r4
1000297a:	4463      	add	r3, ip
1000297c:	210a      	movs	r1, #10
1000297e:	3501      	adds	r5, #1
10002980:	195e      	adds	r6, r3, r5
10002982:	f7fe ff2f 	bl	100017e4 <__wrap___aeabi_uidiv>
10002986:	3130      	adds	r1, #48	@ 0x30
10002988:	7031      	strb	r1, [r6, #0]
1000298a:	0020      	movs	r0, r4
1000298c:	210a      	movs	r1, #10
1000298e:	f7fe ff29 	bl	100017e4 <__wrap___aeabi_uidiv>
10002992:	0026      	movs	r6, r4
10002994:	0004      	movs	r4, r0
10002996:	2e09      	cmp	r6, #9
10002998:	d8e9      	bhi.n	1000296e <_etoa+0x146>
1000299a:	2305      	movs	r3, #5
1000299c:	9306      	str	r3, [sp, #24]
1000299e:	2300      	movs	r3, #0
100029a0:	9304      	str	r3, [sp, #16]
100029a2:	330a      	adds	r3, #10
100029a4:	9303      	str	r3, [sp, #12]
100029a6:	465b      	mov	r3, fp
100029a8:	9e08      	ldr	r6, [sp, #32]
100029aa:	9302      	str	r3, [sp, #8]
100029ac:	ab10      	add	r3, sp, #64	@ 0x40
100029ae:	9a0a      	ldr	r2, [sp, #40]	@ 0x28
100029b0:	9300      	str	r3, [sp, #0]
100029b2:	4649      	mov	r1, r9
100029b4:	0033      	movs	r3, r6
100029b6:	4650      	mov	r0, sl
100029b8:	9705      	str	r7, [sp, #20]
100029ba:	9501      	str	r5, [sp, #4]
100029bc:	f7ff fdfc 	bl	100025b8 <_ntoa_format>
100029c0:	9a0c      	ldr	r2, [sp, #48]	@ 0x30
100029c2:	0004      	movs	r4, r0
100029c4:	2a00      	cmp	r2, #0
100029c6:	d022      	beq.n	10002a0e <_etoa+0x1e6>
100029c8:	4642      	mov	r2, r8
100029ca:	1a85      	subs	r5, r0, r2
100029cc:	9a25      	ldr	r2, [sp, #148]	@ 0x94
100029ce:	42aa      	cmp	r2, r5
100029d0:	d91d      	bls.n	10002a0e <_etoa+0x1e6>
100029d2:	46b0      	mov	r8, r6
100029d4:	4657      	mov	r7, sl
100029d6:	0016      	movs	r6, r2
100029d8:	0022      	movs	r2, r4
100029da:	4643      	mov	r3, r8
100029dc:	4649      	mov	r1, r9
100029de:	2020      	movs	r0, #32
100029e0:	3501      	adds	r5, #1
100029e2:	47b8      	blx	r7
100029e4:	3401      	adds	r4, #1
100029e6:	42ae      	cmp	r6, r5
100029e8:	d8f6      	bhi.n	100029d8 <_etoa+0x1b0>
100029ea:	e010      	b.n	10002a0e <_etoa+0x1e6>
100029ec:	9b26      	ldr	r3, [sp, #152]	@ 0x98
100029ee:	4642      	mov	r2, r8
100029f0:	9304      	str	r3, [sp, #16]
100029f2:	9b25      	ldr	r3, [sp, #148]	@ 0x94
100029f4:	4649      	mov	r1, r9
100029f6:	9303      	str	r3, [sp, #12]
100029f8:	9b24      	ldr	r3, [sp, #144]	@ 0x90
100029fa:	4650      	mov	r0, sl
100029fc:	9302      	str	r3, [sp, #8]
100029fe:	9b22      	ldr	r3, [sp, #136]	@ 0x88
10002a00:	9c23      	ldr	r4, [sp, #140]	@ 0x8c
10002a02:	9300      	str	r3, [sp, #0]
10002a04:	9401      	str	r4, [sp, #4]
10002a06:	9b08      	ldr	r3, [sp, #32]
10002a08:	f000 f940 	bl	10002c8c <_ftoa>
10002a0c:	0004      	movs	r4, r0
10002a0e:	0020      	movs	r0, r4
10002a10:	b019      	add	sp, #100	@ 0x64
10002a12:	bcf0      	pop	{r4, r5, r6, r7}
10002a14:	46bb      	mov	fp, r7
10002a16:	46b2      	mov	sl, r6
10002a18:	46a9      	mov	r9, r5
10002a1a:	46a0      	mov	r8, r4
10002a1c:	bdf0      	pop	{r4, r5, r6, r7, pc}
10002a1e:	4b6a      	ldr	r3, [pc, #424]	@ (10002bc8 <_etoa+0x3a0>)
10002a20:	0078      	lsls	r0, r7, #1
10002a22:	469c      	mov	ip, r3
10002a24:	0d40      	lsrs	r0, r0, #21
10002a26:	4460      	add	r0, ip
10002a28:	f7ff f9ae 	bl	10001d88 <__wrap___aeabi_i2d>
10002a2c:	4a67      	ldr	r2, [pc, #412]	@ (10002bcc <_etoa+0x3a4>)
10002a2e:	4b68      	ldr	r3, [pc, #416]	@ (10002bd0 <_etoa+0x3a8>)
10002a30:	f7ff f943 	bl	10001cba <__wrap___aeabi_dmul>
10002a34:	4a67      	ldr	r2, [pc, #412]	@ (10002bd4 <_etoa+0x3ac>)
10002a36:	4b68      	ldr	r3, [pc, #416]	@ (10002bd8 <_etoa+0x3b0>)
10002a38:	f7ff f918 	bl	10001c6c <__wrap___aeabi_dadd>
10002a3c:	4a67      	ldr	r2, [pc, #412]	@ (10002bdc <_etoa+0x3b4>)
10002a3e:	033b      	lsls	r3, r7, #12
10002a40:	0b1b      	lsrs	r3, r3, #12
10002a42:	431a      	orrs	r2, r3
10002a44:	0004      	movs	r4, r0
10002a46:	000d      	movs	r5, r1
10002a48:	9809      	ldr	r0, [sp, #36]	@ 0x24
10002a4a:	0011      	movs	r1, r2
10002a4c:	4b64      	ldr	r3, [pc, #400]	@ (10002be0 <_etoa+0x3b8>)
10002a4e:	2200      	movs	r2, #0
10002a50:	f7ff f903 	bl	10001c5a <__wrap___aeabi_dsub>
10002a54:	4a63      	ldr	r2, [pc, #396]	@ (10002be4 <_etoa+0x3bc>)
10002a56:	4b64      	ldr	r3, [pc, #400]	@ (10002be8 <_etoa+0x3c0>)
10002a58:	f7ff f92f 	bl	10001cba <__wrap___aeabi_dmul>
10002a5c:	0002      	movs	r2, r0
10002a5e:	000b      	movs	r3, r1
10002a60:	0020      	movs	r0, r4
10002a62:	0029      	movs	r1, r5
10002a64:	f7ff f902 	bl	10001c6c <__wrap___aeabi_dadd>
10002a68:	f7ff f9a6 	bl	10001db8 <__wrap___aeabi_d2iz>
10002a6c:	9009      	str	r0, [sp, #36]	@ 0x24
10002a6e:	f7ff f98b 	bl	10001d88 <__wrap___aeabi_i2d>
10002a72:	4a5e      	ldr	r2, [pc, #376]	@ (10002bec <_etoa+0x3c4>)
10002a74:	4b5e      	ldr	r3, [pc, #376]	@ (10002bf0 <_etoa+0x3c8>)
10002a76:	0004      	movs	r4, r0
10002a78:	000d      	movs	r5, r1
10002a7a:	f7ff f91e 	bl	10001cba <__wrap___aeabi_dmul>
10002a7e:	2200      	movs	r2, #0
10002a80:	4b5c      	ldr	r3, [pc, #368]	@ (10002bf4 <_etoa+0x3cc>)
10002a82:	f7ff f8f3 	bl	10001c6c <__wrap___aeabi_dadd>
10002a86:	f7ff f997 	bl	10001db8 <__wrap___aeabi_d2iz>
10002a8a:	4a5b      	ldr	r2, [pc, #364]	@ (10002bf8 <_etoa+0x3d0>)
10002a8c:	4b5b      	ldr	r3, [pc, #364]	@ (10002bfc <_etoa+0x3d4>)
10002a8e:	0029      	movs	r1, r5
10002a90:	900c      	str	r0, [sp, #48]	@ 0x30
10002a92:	0020      	movs	r0, r4
10002a94:	f7ff f911 	bl	10001cba <__wrap___aeabi_dmul>
10002a98:	0004      	movs	r4, r0
10002a9a:	980c      	ldr	r0, [sp, #48]	@ 0x30
10002a9c:	000d      	movs	r5, r1
10002a9e:	f7ff f973 	bl	10001d88 <__wrap___aeabi_i2d>
10002aa2:	4a57      	ldr	r2, [pc, #348]	@ (10002c00 <_etoa+0x3d8>)
10002aa4:	4b57      	ldr	r3, [pc, #348]	@ (10002c04 <_etoa+0x3dc>)
10002aa6:	f7ff f908 	bl	10001cba <__wrap___aeabi_dmul>
10002aaa:	0002      	movs	r2, r0
10002aac:	000b      	movs	r3, r1
10002aae:	0020      	movs	r0, r4
10002ab0:	0029      	movs	r1, r5
10002ab2:	f7ff f8d2 	bl	10001c5a <__wrap___aeabi_dsub>
10002ab6:	0004      	movs	r4, r0
10002ab8:	000d      	movs	r5, r1
10002aba:	0002      	movs	r2, r0
10002abc:	000b      	movs	r3, r1
10002abe:	940a      	str	r4, [sp, #40]	@ 0x28
10002ac0:	950b      	str	r5, [sp, #44]	@ 0x2c
10002ac2:	f7ff f8fa 	bl	10001cba <__wrap___aeabi_dmul>
10002ac6:	0004      	movs	r4, r0
10002ac8:	000d      	movs	r5, r1
10002aca:	980a      	ldr	r0, [sp, #40]	@ 0x28
10002acc:	990b      	ldr	r1, [sp, #44]	@ 0x2c
10002ace:	0002      	movs	r2, r0
10002ad0:	000b      	movs	r3, r1
10002ad2:	f7ff f8cb 	bl	10001c6c <__wrap___aeabi_dadd>
10002ad6:	2200      	movs	r2, #0
10002ad8:	900e      	str	r0, [sp, #56]	@ 0x38
10002ada:	910f      	str	r1, [sp, #60]	@ 0x3c
10002adc:	4b4a      	ldr	r3, [pc, #296]	@ (10002c08 <_etoa+0x3e0>)
10002ade:	0020      	movs	r0, r4
10002ae0:	0029      	movs	r1, r5
10002ae2:	f7ff f8cc 	bl	10001c7e <__wrap___aeabi_ddiv>
10002ae6:	2200      	movs	r2, #0
10002ae8:	4b48      	ldr	r3, [pc, #288]	@ (10002c0c <_etoa+0x3e4>)
10002aea:	f7ff f8bf 	bl	10001c6c <__wrap___aeabi_dadd>
10002aee:	0002      	movs	r2, r0
10002af0:	000b      	movs	r3, r1
10002af2:	0020      	movs	r0, r4
10002af4:	0029      	movs	r1, r5
10002af6:	f7ff f8c2 	bl	10001c7e <__wrap___aeabi_ddiv>
10002afa:	2200      	movs	r2, #0
10002afc:	4b44      	ldr	r3, [pc, #272]	@ (10002c10 <_etoa+0x3e8>)
10002afe:	f7ff f8b5 	bl	10001c6c <__wrap___aeabi_dadd>
10002b02:	0002      	movs	r2, r0
10002b04:	000b      	movs	r3, r1
10002b06:	0020      	movs	r0, r4
10002b08:	0029      	movs	r1, r5
10002b0a:	f7ff f8b8 	bl	10001c7e <__wrap___aeabi_ddiv>
10002b0e:	9a0a      	ldr	r2, [sp, #40]	@ 0x28
10002b10:	9b0b      	ldr	r3, [sp, #44]	@ 0x2c
10002b12:	000d      	movs	r5, r1
10002b14:	2180      	movs	r1, #128	@ 0x80
10002b16:	0004      	movs	r4, r0
10002b18:	05c9      	lsls	r1, r1, #23
10002b1a:	2000      	movs	r0, #0
10002b1c:	f7ff f89d 	bl	10001c5a <__wrap___aeabi_dsub>
10002b20:	0002      	movs	r2, r0
10002b22:	000b      	movs	r3, r1
10002b24:	0020      	movs	r0, r4
10002b26:	0029      	movs	r1, r5
10002b28:	f7ff f8a0 	bl	10001c6c <__wrap___aeabi_dadd>
10002b2c:	0002      	movs	r2, r0
10002b2e:	000b      	movs	r3, r1
10002b30:	980e      	ldr	r0, [sp, #56]	@ 0x38
10002b32:	990f      	ldr	r1, [sp, #60]	@ 0x3c
10002b34:	f7ff f8a3 	bl	10001c7e <__wrap___aeabi_ddiv>
10002b38:	2200      	movs	r2, #0
10002b3a:	4b28      	ldr	r3, [pc, #160]	@ (10002bdc <_etoa+0x3b4>)
10002b3c:	f7ff f896 	bl	10001c6c <__wrap___aeabi_dadd>
10002b40:	4b34      	ldr	r3, [pc, #208]	@ (10002c14 <_etoa+0x3ec>)
10002b42:	9c0c      	ldr	r4, [sp, #48]	@ 0x30
10002b44:	469c      	mov	ip, r3
10002b46:	4464      	add	r4, ip
10002b48:	0523      	lsls	r3, r4, #20
10002b4a:	2200      	movs	r2, #0
10002b4c:	f7ff f8b5 	bl	10001cba <__wrap___aeabi_dmul>
10002b50:	0004      	movs	r4, r0
10002b52:	000d      	movs	r5, r1
10002b54:	0002      	movs	r2, r0
10002b56:	000b      	movs	r3, r1
10002b58:	0030      	movs	r0, r6
10002b5a:	0039      	movs	r1, r7
10002b5c:	940a      	str	r4, [sp, #40]	@ 0x28
10002b5e:	950b      	str	r5, [sp, #44]	@ 0x2c
10002b60:	f7ff f8ee 	bl	10001d40 <__wrap___aeabi_dcmplt>
10002b64:	2800      	cmp	r0, #0
10002b66:	d15d      	bne.n	10002c24 <_etoa+0x3fc>
10002b68:	0023      	movs	r3, r4
10002b6a:	002a      	movs	r2, r5
10002b6c:	25c6      	movs	r5, #198	@ 0xc6
10002b6e:	9909      	ldr	r1, [sp, #36]	@ 0x24
10002b70:	3163      	adds	r1, #99	@ 0x63
10002b72:	428d      	cmp	r5, r1
10002b74:	41ad      	sbcs	r5, r5
10002b76:	4659      	mov	r1, fp
10002b78:	426d      	negs	r5, r5
10002b7a:	3504      	adds	r5, #4
10002b7c:	2900      	cmp	r1, #0
10002b7e:	d100      	bne.n	10002b82 <_etoa+0x35a>
10002b80:	e6a3      	b.n	100028ca <_etoa+0xa2>
10002b82:	4313      	orrs	r3, r2
10002b84:	d063      	beq.n	10002c4e <_etoa+0x426>
10002b86:	0030      	movs	r0, r6
10002b88:	0039      	movs	r1, r7
10002b8a:	4a23      	ldr	r2, [pc, #140]	@ (10002c18 <_etoa+0x3f0>)
10002b8c:	4b23      	ldr	r3, [pc, #140]	@ (10002c1c <_etoa+0x3f4>)
10002b8e:	f7ff f8dd 	bl	10001d4c <__wrap___aeabi_dcmpge>
10002b92:	2800      	cmp	r0, #0
10002b94:	d007      	beq.n	10002ba6 <_etoa+0x37e>
10002b96:	2200      	movs	r2, #0
10002b98:	0030      	movs	r0, r6
10002b9a:	0039      	movs	r1, r7
10002b9c:	4b20      	ldr	r3, [pc, #128]	@ (10002c20 <_etoa+0x3f8>)
10002b9e:	f7ff f8cf 	bl	10001d40 <__wrap___aeabi_dcmplt>
10002ba2:	2800      	cmp	r0, #0
10002ba4:	d153      	bne.n	10002c4e <_etoa+0x426>
10002ba6:	9b24      	ldr	r3, [sp, #144]	@ 0x90
10002ba8:	2b00      	cmp	r3, #0
10002baa:	d100      	bne.n	10002bae <_etoa+0x386>
10002bac:	e68d      	b.n	100028ca <_etoa+0xa2>
10002bae:	9b0d      	ldr	r3, [sp, #52]	@ 0x34
10002bb0:	1e5a      	subs	r2, r3, #1
10002bb2:	4193      	sbcs	r3, r2
10002bb4:	9a24      	ldr	r2, [sp, #144]	@ 0x90
10002bb6:	1ad3      	subs	r3, r2, r3
10002bb8:	9324      	str	r3, [sp, #144]	@ 0x90
10002bba:	e686      	b.n	100028ca <_etoa+0xa2>
10002bbc:	7fefffff 	.word	0x7fefffff
10002bc0:	ffefffff 	.word	0xffefffff
10002bc4:	fffff7ff 	.word	0xfffff7ff
10002bc8:	fffffc01 	.word	0xfffffc01
10002bcc:	509f79fb 	.word	0x509f79fb
10002bd0:	3fd34413 	.word	0x3fd34413
10002bd4:	8b60c8b3 	.word	0x8b60c8b3
10002bd8:	3fc68a28 	.word	0x3fc68a28
10002bdc:	3ff00000 	.word	0x3ff00000
10002be0:	3ff80000 	.word	0x3ff80000
10002be4:	636f4361 	.word	0x636f4361
10002be8:	3fd287a7 	.word	0x3fd287a7
10002bec:	0979a371 	.word	0x0979a371
10002bf0:	400a934f 	.word	0x400a934f
10002bf4:	3fe00000 	.word	0x3fe00000
10002bf8:	bbb55516 	.word	0xbbb55516
10002bfc:	40026bb1 	.word	0x40026bb1
10002c00:	fefa39ef 	.word	0xfefa39ef
10002c04:	3fe62e42 	.word	0x3fe62e42
10002c08:	402c0000 	.word	0x402c0000
10002c0c:	40240000 	.word	0x40240000
10002c10:	40180000 	.word	0x40180000
10002c14:	000003ff 	.word	0x000003ff
10002c18:	eb1c432d 	.word	0xeb1c432d
10002c1c:	3f1a36e2 	.word	0x3f1a36e2
10002c20:	412e8480 	.word	0x412e8480
10002c24:	9b09      	ldr	r3, [sp, #36]	@ 0x24
10002c26:	2200      	movs	r2, #0
10002c28:	3b01      	subs	r3, #1
10002c2a:	9309      	str	r3, [sp, #36]	@ 0x24
10002c2c:	0020      	movs	r0, r4
10002c2e:	4b16      	ldr	r3, [pc, #88]	@ (10002c88 <_etoa+0x460>)
10002c30:	0029      	movs	r1, r5
10002c32:	f7ff f824 	bl	10001c7e <__wrap___aeabi_ddiv>
10002c36:	000a      	movs	r2, r1
10002c38:	0001      	movs	r1, r0
10002c3a:	0003      	movs	r3, r0
10002c3c:	910a      	str	r1, [sp, #40]	@ 0x28
10002c3e:	920b      	str	r2, [sp, #44]	@ 0x2c
10002c40:	e794      	b.n	10002b6c <_etoa+0x344>
10002c42:	2300      	movs	r3, #0
10002c44:	2400      	movs	r4, #0
10002c46:	930a      	str	r3, [sp, #40]	@ 0x28
10002c48:	940b      	str	r4, [sp, #44]	@ 0x2c
10002c4a:	2300      	movs	r3, #0
10002c4c:	9309      	str	r3, [sp, #36]	@ 0x24
10002c4e:	9a24      	ldr	r2, [sp, #144]	@ 0x90
10002c50:	9b09      	ldr	r3, [sp, #36]	@ 0x24
10002c52:	429a      	cmp	r2, r3
10002c54:	dd14      	ble.n	10002c80 <_etoa+0x458>
10002c56:	1ad3      	subs	r3, r2, r3
10002c58:	3b01      	subs	r3, #1
10002c5a:	9324      	str	r3, [sp, #144]	@ 0x90
10002c5c:	2380      	movs	r3, #128	@ 0x80
10002c5e:	9a26      	ldr	r2, [sp, #152]	@ 0x98
10002c60:	00db      	lsls	r3, r3, #3
10002c62:	431a      	orrs	r2, r3
10002c64:	2300      	movs	r3, #0
10002c66:	2500      	movs	r5, #0
10002c68:	9226      	str	r2, [sp, #152]	@ 0x98
10002c6a:	9309      	str	r3, [sp, #36]	@ 0x24
10002c6c:	e62d      	b.n	100028ca <_etoa+0xa2>
10002c6e:	2280      	movs	r2, #128	@ 0x80
10002c70:	0612      	lsls	r2, r2, #24
10002c72:	4694      	mov	ip, r2
10002c74:	9b22      	ldr	r3, [sp, #136]	@ 0x88
10002c76:	001e      	movs	r6, r3
10002c78:	9b23      	ldr	r3, [sp, #140]	@ 0x8c
10002c7a:	4463      	add	r3, ip
10002c7c:	001f      	movs	r7, r3
10002c7e:	e606      	b.n	1000288e <_etoa+0x66>
10002c80:	2300      	movs	r3, #0
10002c82:	9324      	str	r3, [sp, #144]	@ 0x90
10002c84:	e7ea      	b.n	10002c5c <_etoa+0x434>
10002c86:	46c0      	nop			@ (mov r8, r8)
10002c88:	40240000 	.word	0x40240000

10002c8c <_ftoa>:
10002c8c:	b5f0      	push	{r4, r5, r6, r7, lr}
10002c8e:	4645      	mov	r5, r8
10002c90:	46de      	mov	lr, fp
10002c92:	464e      	mov	r6, r9
10002c94:	4657      	mov	r7, sl
10002c96:	b5e0      	push	{r5, r6, r7, lr}
10002c98:	b095      	sub	sp, #84	@ 0x54
10002c9a:	468b      	mov	fp, r1
10002c9c:	4690      	mov	r8, r2
10002c9e:	4699      	mov	r9, r3
10002ca0:	9a1e      	ldr	r2, [sp, #120]	@ 0x78
10002ca2:	9b1f      	ldr	r3, [sp, #124]	@ 0x7c
10002ca4:	900a      	str	r0, [sp, #40]	@ 0x28
10002ca6:	0019      	movs	r1, r3
10002ca8:	0010      	movs	r0, r2
10002caa:	9d20      	ldr	r5, [sp, #128]	@ 0x80
10002cac:	f7ff f85b 	bl	10001d66 <__wrap___aeabi_dcmpun>
10002cb0:	2800      	cmp	r0, #0
10002cb2:	d000      	beq.n	10002cb6 <_ftoa+0x2a>
10002cb4:	e1b0      	b.n	10003018 <_ftoa+0x38c>
10002cb6:	981e      	ldr	r0, [sp, #120]	@ 0x78
10002cb8:	991f      	ldr	r1, [sp, #124]	@ 0x7c
10002cba:	2201      	movs	r2, #1
10002cbc:	4bc7      	ldr	r3, [pc, #796]	@ (10002fdc <_ftoa+0x350>)
10002cbe:	4252      	negs	r2, r2
10002cc0:	f7ff f83e 	bl	10001d40 <__wrap___aeabi_dcmplt>
10002cc4:	2800      	cmp	r0, #0
10002cc6:	d000      	beq.n	10002cca <_ftoa+0x3e>
10002cc8:	e137      	b.n	10002f3a <_ftoa+0x2ae>
10002cca:	981e      	ldr	r0, [sp, #120]	@ 0x78
10002ccc:	991f      	ldr	r1, [sp, #124]	@ 0x7c
10002cce:	2201      	movs	r2, #1
10002cd0:	4bc3      	ldr	r3, [pc, #780]	@ (10002fe0 <_ftoa+0x354>)
10002cd2:	4252      	negs	r2, r2
10002cd4:	f7ff f842 	bl	10001d5c <__wrap___aeabi_dcmpgt>
10002cd8:	2800      	cmp	r0, #0
10002cda:	d000      	beq.n	10002cde <_ftoa+0x52>
10002cdc:	e0a7      	b.n	10002e2e <_ftoa+0x1a2>
10002cde:	981e      	ldr	r0, [sp, #120]	@ 0x78
10002ce0:	991f      	ldr	r1, [sp, #124]	@ 0x7c
10002ce2:	2200      	movs	r2, #0
10002ce4:	4bbf      	ldr	r3, [pc, #764]	@ (10002fe4 <_ftoa+0x358>)
10002ce6:	f7ff f839 	bl	10001d5c <__wrap___aeabi_dcmpgt>
10002cea:	2800      	cmp	r0, #0
10002cec:	d000      	beq.n	10002cf0 <_ftoa+0x64>
10002cee:	e088      	b.n	10002e02 <_ftoa+0x176>
10002cf0:	981e      	ldr	r0, [sp, #120]	@ 0x78
10002cf2:	991f      	ldr	r1, [sp, #124]	@ 0x7c
10002cf4:	2200      	movs	r2, #0
10002cf6:	4bbc      	ldr	r3, [pc, #752]	@ (10002fe8 <_ftoa+0x35c>)
10002cf8:	f7ff f822 	bl	10001d40 <__wrap___aeabi_dcmplt>
10002cfc:	2800      	cmp	r0, #0
10002cfe:	d000      	beq.n	10002d02 <_ftoa+0x76>
10002d00:	e07f      	b.n	10002e02 <_ftoa+0x176>
10002d02:	981e      	ldr	r0, [sp, #120]	@ 0x78
10002d04:	991f      	ldr	r1, [sp, #124]	@ 0x7c
10002d06:	2200      	movs	r2, #0
10002d08:	2300      	movs	r3, #0
10002d0a:	f7ff f819 	bl	10001d40 <__wrap___aeabi_dcmplt>
10002d0e:	2800      	cmp	r0, #0
10002d10:	d000      	beq.n	10002d14 <_ftoa+0x88>
10002d12:	e0fa      	b.n	10002f0a <_ftoa+0x27e>
10002d14:	2300      	movs	r3, #0
10002d16:	930b      	str	r3, [sp, #44]	@ 0x2c
10002d18:	2380      	movs	r3, #128	@ 0x80
10002d1a:	9c22      	ldr	r4, [sp, #136]	@ 0x88
10002d1c:	9a22      	ldr	r2, [sp, #136]	@ 0x88
10002d1e:	00db      	lsls	r3, r3, #3
10002d20:	401c      	ands	r4, r3
10002d22:	421a      	tst	r2, r3
10002d24:	d100      	bne.n	10002d28 <_ftoa+0x9c>
10002d26:	e102      	b.n	10002f2e <_ftoa+0x2a2>
10002d28:	2d09      	cmp	r5, #9
10002d2a:	d800      	bhi.n	10002d2e <_ftoa+0xa2>
10002d2c:	e17c      	b.n	10003028 <_ftoa+0x39c>
10002d2e:	a906      	add	r1, sp, #24
10002d30:	468c      	mov	ip, r1
10002d32:	002c      	movs	r4, r5
10002d34:	2217      	movs	r2, #23
10002d36:	2300      	movs	r3, #0
10002d38:	2130      	movs	r1, #48	@ 0x30
10002d3a:	3c09      	subs	r4, #9
10002d3c:	4462      	add	r2, ip
10002d3e:	3301      	adds	r3, #1
10002d40:	54d1      	strb	r1, [r2, r3]
10002d42:	1aef      	subs	r7, r5, r3
10002d44:	2b20      	cmp	r3, #32
10002d46:	d100      	bne.n	10002d4a <_ftoa+0xbe>
10002d48:	e132      	b.n	10002fb0 <_ftoa+0x324>
10002d4a:	42a3      	cmp	r3, r4
10002d4c:	d1f7      	bne.n	10002d3e <_ftoa+0xb2>
10002d4e:	2200      	movs	r2, #0
10002d50:	4ba4      	ldr	r3, [pc, #656]	@ (10002fe4 <_ftoa+0x358>)
10002d52:	9206      	str	r2, [sp, #24]
10002d54:	9307      	str	r3, [sp, #28]
10002d56:	981e      	ldr	r0, [sp, #120]	@ 0x78
10002d58:	991f      	ldr	r1, [sp, #124]	@ 0x7c
10002d5a:	f7ff f82d 	bl	10001db8 <__wrap___aeabi_d2iz>
10002d5e:	0005      	movs	r5, r0
10002d60:	f7ff f812 	bl	10001d88 <__wrap___aeabi_i2d>
10002d64:	0002      	movs	r2, r0
10002d66:	000b      	movs	r3, r1
10002d68:	981e      	ldr	r0, [sp, #120]	@ 0x78
10002d6a:	991f      	ldr	r1, [sp, #124]	@ 0x7c
10002d6c:	f7fe ff75 	bl	10001c5a <__wrap___aeabi_dsub>
10002d70:	9a06      	ldr	r2, [sp, #24]
10002d72:	9b07      	ldr	r3, [sp, #28]
10002d74:	f7fe ffa1 	bl	10001cba <__wrap___aeabi_dmul>
10002d78:	9008      	str	r0, [sp, #32]
10002d7a:	9109      	str	r1, [sp, #36]	@ 0x24
10002d7c:	f7ff f840 	bl	10001e00 <__wrap___aeabi_d2uiz>
10002d80:	0006      	movs	r6, r0
10002d82:	f7fe fffd 	bl	10001d80 <__wrap___aeabi_ui2d>
10002d86:	0002      	movs	r2, r0
10002d88:	000b      	movs	r3, r1
10002d8a:	9808      	ldr	r0, [sp, #32]
10002d8c:	9909      	ldr	r1, [sp, #36]	@ 0x24
10002d8e:	f7fe ff64 	bl	10001c5a <__wrap___aeabi_dsub>
10002d92:	2200      	movs	r2, #0
10002d94:	4b95      	ldr	r3, [pc, #596]	@ (10002fec <_ftoa+0x360>)
10002d96:	9008      	str	r0, [sp, #32]
10002d98:	9109      	str	r1, [sp, #36]	@ 0x24
10002d9a:	f7fe ffdf 	bl	10001d5c <__wrap___aeabi_dcmpgt>
10002d9e:	2800      	cmp	r0, #0
10002da0:	d100      	bne.n	10002da4 <_ftoa+0x118>
10002da2:	e0d2      	b.n	10002f4a <_ftoa+0x2be>
10002da4:	3601      	adds	r6, #1
10002da6:	0030      	movs	r0, r6
10002da8:	f7fe ffea 	bl	10001d80 <__wrap___aeabi_ui2d>
10002dac:	9a06      	ldr	r2, [sp, #24]
10002dae:	9b07      	ldr	r3, [sp, #28]
10002db0:	f7fe ffcc 	bl	10001d4c <__wrap___aeabi_dcmpge>
10002db4:	2800      	cmp	r0, #0
10002db6:	d001      	beq.n	10002dbc <_ftoa+0x130>
10002db8:	2600      	movs	r6, #0
10002dba:	3501      	adds	r5, #1
10002dbc:	46aa      	mov	sl, r5
10002dbe:	2f00      	cmp	r7, #0
10002dc0:	d000      	beq.n	10002dc4 <_ftoa+0x138>
10002dc2:	e098      	b.n	10002ef6 <_ftoa+0x26a>
10002dc4:	0028      	movs	r0, r5
10002dc6:	f7fe ffdf 	bl	10001d88 <__wrap___aeabi_i2d>
10002dca:	0002      	movs	r2, r0
10002dcc:	000b      	movs	r3, r1
10002dce:	981e      	ldr	r0, [sp, #120]	@ 0x78
10002dd0:	991f      	ldr	r1, [sp, #124]	@ 0x7c
10002dd2:	f7fe ff42 	bl	10001c5a <__wrap___aeabi_dsub>
10002dd6:	4b85      	ldr	r3, [pc, #532]	@ (10002fec <_ftoa+0x360>)
10002dd8:	2200      	movs	r2, #0
10002dda:	0006      	movs	r6, r0
10002ddc:	000f      	movs	r7, r1
10002dde:	f7fe ffaf 	bl	10001d40 <__wrap___aeabi_dcmplt>
10002de2:	ab0c      	add	r3, sp, #48	@ 0x30
10002de4:	469a      	mov	sl, r3
10002de6:	2800      	cmp	r0, #0
10002de8:	d145      	bne.n	10002e76 <_ftoa+0x1ea>
10002dea:	2200      	movs	r2, #0
10002dec:	0030      	movs	r0, r6
10002dee:	0039      	movs	r1, r7
10002df0:	4b7e      	ldr	r3, [pc, #504]	@ (10002fec <_ftoa+0x360>)
10002df2:	f7fe ffb3 	bl	10001d5c <__wrap___aeabi_dcmpgt>
10002df6:	2800      	cmp	r0, #0
10002df8:	d13d      	bne.n	10002e76 <_ftoa+0x1ea>
10002dfa:	07eb      	lsls	r3, r5, #31
10002dfc:	d53b      	bpl.n	10002e76 <_ftoa+0x1ea>
10002dfe:	3501      	adds	r5, #1
10002e00:	e039      	b.n	10002e76 <_ftoa+0x1ea>
10002e02:	9b22      	ldr	r3, [sp, #136]	@ 0x88
10002e04:	4642      	mov	r2, r8
10002e06:	9304      	str	r3, [sp, #16]
10002e08:	9b21      	ldr	r3, [sp, #132]	@ 0x84
10002e0a:	4659      	mov	r1, fp
10002e0c:	9303      	str	r3, [sp, #12]
10002e0e:	980a      	ldr	r0, [sp, #40]	@ 0x28
10002e10:	9b1e      	ldr	r3, [sp, #120]	@ 0x78
10002e12:	9c1f      	ldr	r4, [sp, #124]	@ 0x7c
10002e14:	9502      	str	r5, [sp, #8]
10002e16:	9300      	str	r3, [sp, #0]
10002e18:	9401      	str	r4, [sp, #4]
10002e1a:	464b      	mov	r3, r9
10002e1c:	f7ff fd04 	bl	10002828 <_etoa>
10002e20:	b015      	add	sp, #84	@ 0x54
10002e22:	bcf0      	pop	{r4, r5, r6, r7}
10002e24:	46bb      	mov	fp, r7
10002e26:	46b2      	mov	sl, r6
10002e28:	46a9      	mov	r9, r5
10002e2a:	46a0      	mov	r8, r4
10002e2c:	bdf0      	pop	{r4, r5, r6, r7, pc}
10002e2e:	9b22      	ldr	r3, [sp, #136]	@ 0x88
10002e30:	075b      	lsls	r3, r3, #29
10002e32:	d467      	bmi.n	10002f04 <_ftoa+0x278>
10002e34:	2203      	movs	r2, #3
10002e36:	4b6e      	ldr	r3, [pc, #440]	@ (10002ff0 <_ftoa+0x364>)
10002e38:	9922      	ldr	r1, [sp, #136]	@ 0x88
10002e3a:	9201      	str	r2, [sp, #4]
10002e3c:	9103      	str	r1, [sp, #12]
10002e3e:	9921      	ldr	r1, [sp, #132]	@ 0x84
10002e40:	9102      	str	r1, [sp, #8]
10002e42:	9300      	str	r3, [sp, #0]
10002e44:	4642      	mov	r2, r8
10002e46:	464b      	mov	r3, r9
10002e48:	4659      	mov	r1, fp
10002e4a:	980a      	ldr	r0, [sp, #40]	@ 0x28
10002e4c:	f7ff fb5e 	bl	1000250c <_out_rev>
10002e50:	e7e6      	b.n	10002e20 <_ftoa+0x194>
10002e52:	aa06      	add	r2, sp, #24
10002e54:	4694      	mov	ip, r2
10002e56:	2317      	movs	r3, #23
10002e58:	0028      	movs	r0, r5
10002e5a:	4463      	add	r3, ip
10002e5c:	210a      	movs	r1, #10
10002e5e:	3401      	adds	r4, #1
10002e60:	191e      	adds	r6, r3, r4
10002e62:	f7fe fc97 	bl	10001794 <__wrap___aeabi_idiv>
10002e66:	3130      	adds	r1, #48	@ 0x30
10002e68:	0028      	movs	r0, r5
10002e6a:	7031      	strb	r1, [r6, #0]
10002e6c:	210a      	movs	r1, #10
10002e6e:	f7fe fc91 	bl	10001794 <__wrap___aeabi_idiv>
10002e72:	1e05      	subs	r5, r0, #0
10002e74:	d076      	beq.n	10002f64 <_ftoa+0x2d8>
10002e76:	2c20      	cmp	r4, #32
10002e78:	d1eb      	bne.n	10002e52 <_ftoa+0x1c6>
10002e7a:	2303      	movs	r3, #3
10002e7c:	9a22      	ldr	r2, [sp, #136]	@ 0x88
10002e7e:	4013      	ands	r3, r2
10002e80:	2b01      	cmp	r3, #1
10002e82:	d11d      	bne.n	10002ec0 <_ftoa+0x234>
10002e84:	9b21      	ldr	r3, [sp, #132]	@ 0x84
10002e86:	2b00      	cmp	r3, #0
10002e88:	d01a      	beq.n	10002ec0 <_ftoa+0x234>
10002e8a:	9b0b      	ldr	r3, [sp, #44]	@ 0x2c
10002e8c:	2b00      	cmp	r3, #0
10002e8e:	d000      	beq.n	10002e92 <_ftoa+0x206>
10002e90:	e0bb      	b.n	1000300a <_ftoa+0x37e>
10002e92:	9a22      	ldr	r2, [sp, #136]	@ 0x88
10002e94:	330c      	adds	r3, #12
10002e96:	4213      	tst	r3, r2
10002e98:	d000      	beq.n	10002e9c <_ftoa+0x210>
10002e9a:	e0b6      	b.n	1000300a <_ftoa+0x37e>
10002e9c:	9b21      	ldr	r3, [sp, #132]	@ 0x84
10002e9e:	42a3      	cmp	r3, r4
10002ea0:	d800      	bhi.n	10002ea4 <_ftoa+0x218>
10002ea2:	e087      	b.n	10002fb4 <_ftoa+0x328>
10002ea4:	ab06      	add	r3, sp, #24
10002ea6:	469c      	mov	ip, r3
10002ea8:	2217      	movs	r2, #23
10002eaa:	2330      	movs	r3, #48	@ 0x30
10002eac:	4462      	add	r2, ip
10002eae:	e004      	b.n	10002eba <_ftoa+0x22e>
10002eb0:	9921      	ldr	r1, [sp, #132]	@ 0x84
10002eb2:	3401      	adds	r4, #1
10002eb4:	5513      	strb	r3, [r2, r4]
10002eb6:	428c      	cmp	r4, r1
10002eb8:	d059      	beq.n	10002f6e <_ftoa+0x2e2>
10002eba:	2c20      	cmp	r4, #32
10002ebc:	d1f8      	bne.n	10002eb0 <_ftoa+0x224>
10002ebe:	2420      	movs	r4, #32
10002ec0:	9b22      	ldr	r3, [sp, #136]	@ 0x88
10002ec2:	9401      	str	r4, [sp, #4]
10002ec4:	9303      	str	r3, [sp, #12]
10002ec6:	9b21      	ldr	r3, [sp, #132]	@ 0x84
10002ec8:	9302      	str	r3, [sp, #8]
10002eca:	4653      	mov	r3, sl
10002ecc:	e7b9      	b.n	10002e42 <_ftoa+0x1b6>
10002ece:	aa06      	add	r2, sp, #24
10002ed0:	4694      	mov	ip, r2
10002ed2:	2317      	movs	r3, #23
10002ed4:	210a      	movs	r1, #10
10002ed6:	4463      	add	r3, ip
10002ed8:	0030      	movs	r0, r6
10002eda:	3401      	adds	r4, #1
10002edc:	191d      	adds	r5, r3, r4
10002ede:	f7fe fc81 	bl	100017e4 <__wrap___aeabi_uidiv>
10002ee2:	3130      	adds	r1, #48	@ 0x30
10002ee4:	7029      	strb	r1, [r5, #0]
10002ee6:	0030      	movs	r0, r6
10002ee8:	210a      	movs	r1, #10
10002eea:	3f01      	subs	r7, #1
10002eec:	f7fe fc7a 	bl	100017e4 <__wrap___aeabi_uidiv>
10002ef0:	2e09      	cmp	r6, #9
10002ef2:	d946      	bls.n	10002f82 <_ftoa+0x2f6>
10002ef4:	0006      	movs	r6, r0
10002ef6:	2c20      	cmp	r4, #32
10002ef8:	d1e9      	bne.n	10002ece <_ftoa+0x242>
10002efa:	4655      	mov	r5, sl
10002efc:	ab0c      	add	r3, sp, #48	@ 0x30
10002efe:	2420      	movs	r4, #32
10002f00:	469a      	mov	sl, r3
10002f02:	e7b8      	b.n	10002e76 <_ftoa+0x1ea>
10002f04:	2204      	movs	r2, #4
10002f06:	4b3b      	ldr	r3, [pc, #236]	@ (10002ff4 <_ftoa+0x368>)
10002f08:	e796      	b.n	10002e38 <_ftoa+0x1ac>
10002f0a:	9a1e      	ldr	r2, [sp, #120]	@ 0x78
10002f0c:	9b1f      	ldr	r3, [sp, #124]	@ 0x7c
10002f0e:	2000      	movs	r0, #0
10002f10:	2100      	movs	r1, #0
10002f12:	f7fe fea2 	bl	10001c5a <__wrap___aeabi_dsub>
10002f16:	2301      	movs	r3, #1
10002f18:	930b      	str	r3, [sp, #44]	@ 0x2c
10002f1a:	2380      	movs	r3, #128	@ 0x80
10002f1c:	9c22      	ldr	r4, [sp, #136]	@ 0x88
10002f1e:	9a22      	ldr	r2, [sp, #136]	@ 0x88
10002f20:	00db      	lsls	r3, r3, #3
10002f22:	901e      	str	r0, [sp, #120]	@ 0x78
10002f24:	911f      	str	r1, [sp, #124]	@ 0x7c
10002f26:	401c      	ands	r4, r3
10002f28:	421a      	tst	r2, r3
10002f2a:	d000      	beq.n	10002f2e <_ftoa+0x2a2>
10002f2c:	e6fc      	b.n	10002d28 <_ftoa+0x9c>
10002f2e:	2200      	movs	r2, #0
10002f30:	4b31      	ldr	r3, [pc, #196]	@ (10002ff8 <_ftoa+0x36c>)
10002f32:	2706      	movs	r7, #6
10002f34:	9206      	str	r2, [sp, #24]
10002f36:	9307      	str	r3, [sp, #28]
10002f38:	e70d      	b.n	10002d56 <_ftoa+0xca>
10002f3a:	9b22      	ldr	r3, [sp, #136]	@ 0x88
10002f3c:	9303      	str	r3, [sp, #12]
10002f3e:	9b21      	ldr	r3, [sp, #132]	@ 0x84
10002f40:	9302      	str	r3, [sp, #8]
10002f42:	2304      	movs	r3, #4
10002f44:	9301      	str	r3, [sp, #4]
10002f46:	4b2d      	ldr	r3, [pc, #180]	@ (10002ffc <_ftoa+0x370>)
10002f48:	e77b      	b.n	10002e42 <_ftoa+0x1b6>
10002f4a:	2200      	movs	r2, #0
10002f4c:	9808      	ldr	r0, [sp, #32]
10002f4e:	9909      	ldr	r1, [sp, #36]	@ 0x24
10002f50:	4b26      	ldr	r3, [pc, #152]	@ (10002fec <_ftoa+0x360>)
10002f52:	f7fe fef5 	bl	10001d40 <__wrap___aeabi_dcmplt>
10002f56:	2800      	cmp	r0, #0
10002f58:	d000      	beq.n	10002f5c <_ftoa+0x2d0>
10002f5a:	e72f      	b.n	10002dbc <_ftoa+0x130>
10002f5c:	2e00      	cmp	r6, #0
10002f5e:	d14f      	bne.n	10003000 <_ftoa+0x374>
10002f60:	3601      	adds	r6, #1
10002f62:	e72b      	b.n	10002dbc <_ftoa+0x130>
10002f64:	2303      	movs	r3, #3
10002f66:	9a22      	ldr	r2, [sp, #136]	@ 0x88
10002f68:	4013      	ands	r3, r2
10002f6a:	2b01      	cmp	r3, #1
10002f6c:	d066      	beq.n	1000303c <_ftoa+0x3b0>
10002f6e:	2c20      	cmp	r4, #32
10002f70:	d0a6      	beq.n	10002ec0 <_ftoa+0x234>
10002f72:	9b0b      	ldr	r3, [sp, #44]	@ 0x2c
10002f74:	2b00      	cmp	r3, #0
10002f76:	d01f      	beq.n	10002fb8 <_ftoa+0x32c>
10002f78:	232d      	movs	r3, #45	@ 0x2d
10002f7a:	4652      	mov	r2, sl
10002f7c:	5513      	strb	r3, [r2, r4]
10002f7e:	3401      	adds	r4, #1
10002f80:	e79e      	b.n	10002ec0 <_ftoa+0x234>
10002f82:	4655      	mov	r5, sl
10002f84:	2c20      	cmp	r4, #32
10002f86:	d0b9      	beq.n	10002efc <_ftoa+0x270>
10002f88:	2330      	movs	r3, #48	@ 0x30
10002f8a:	193a      	adds	r2, r7, r4
10002f8c:	2f00      	cmp	r7, #0
10002f8e:	d008      	beq.n	10002fa2 <_ftoa+0x316>
10002f90:	2017      	movs	r0, #23
10002f92:	a906      	add	r1, sp, #24
10002f94:	3401      	adds	r4, #1
10002f96:	1809      	adds	r1, r1, r0
10002f98:	550b      	strb	r3, [r1, r4]
10002f9a:	2c20      	cmp	r4, #32
10002f9c:	d0ae      	beq.n	10002efc <_ftoa+0x270>
10002f9e:	4294      	cmp	r4, r2
10002fa0:	d1f6      	bne.n	10002f90 <_ftoa+0x304>
10002fa2:	ab0c      	add	r3, sp, #48	@ 0x30
10002fa4:	469a      	mov	sl, r3
10002fa6:	232e      	movs	r3, #46	@ 0x2e
10002fa8:	4652      	mov	r2, sl
10002faa:	5513      	strb	r3, [r2, r4]
10002fac:	3401      	adds	r4, #1
10002fae:	e762      	b.n	10002e76 <_ftoa+0x1ea>
10002fb0:	2420      	movs	r4, #32
10002fb2:	e6cc      	b.n	10002d4e <_ftoa+0xc2>
10002fb4:	2c20      	cmp	r4, #32
10002fb6:	d083      	beq.n	10002ec0 <_ftoa+0x234>
10002fb8:	9b22      	ldr	r3, [sp, #136]	@ 0x88
10002fba:	075b      	lsls	r3, r3, #29
10002fbc:	d408      	bmi.n	10002fd0 <_ftoa+0x344>
10002fbe:	9b22      	ldr	r3, [sp, #136]	@ 0x88
10002fc0:	071b      	lsls	r3, r3, #28
10002fc2:	d400      	bmi.n	10002fc6 <_ftoa+0x33a>
10002fc4:	e77c      	b.n	10002ec0 <_ftoa+0x234>
10002fc6:	2320      	movs	r3, #32
10002fc8:	4652      	mov	r2, sl
10002fca:	5513      	strb	r3, [r2, r4]
10002fcc:	3401      	adds	r4, #1
10002fce:	e777      	b.n	10002ec0 <_ftoa+0x234>
10002fd0:	232b      	movs	r3, #43	@ 0x2b
10002fd2:	4652      	mov	r2, sl
10002fd4:	5513      	strb	r3, [r2, r4]
10002fd6:	3401      	adds	r4, #1
10002fd8:	e772      	b.n	10002ec0 <_ftoa+0x234>
10002fda:	46c0      	nop			@ (mov r8, r8)
10002fdc:	ffefffff 	.word	0xffefffff
10002fe0:	7fefffff 	.word	0x7fefffff
10002fe4:	41cdcd65 	.word	0x41cdcd65
10002fe8:	c1cdcd65 	.word	0xc1cdcd65
10002fec:	3fe00000 	.word	0x3fe00000
10002ff0:	10006b88 	.word	0x10006b88
10002ff4:	10006b80 	.word	0x10006b80
10002ff8:	412e8480 	.word	0x412e8480
10002ffc:	10006b90 	.word	0x10006b90
10003000:	07f3      	lsls	r3, r6, #31
10003002:	d400      	bmi.n	10003006 <_ftoa+0x37a>
10003004:	e6da      	b.n	10002dbc <_ftoa+0x130>
10003006:	3601      	adds	r6, #1
10003008:	e6d8      	b.n	10002dbc <_ftoa+0x130>
1000300a:	9b21      	ldr	r3, [sp, #132]	@ 0x84
1000300c:	3b01      	subs	r3, #1
1000300e:	9321      	str	r3, [sp, #132]	@ 0x84
10003010:	42a3      	cmp	r3, r4
10003012:	d900      	bls.n	10003016 <_ftoa+0x38a>
10003014:	e746      	b.n	10002ea4 <_ftoa+0x218>
10003016:	e7aa      	b.n	10002f6e <_ftoa+0x2e2>
10003018:	9b22      	ldr	r3, [sp, #136]	@ 0x88
1000301a:	9303      	str	r3, [sp, #12]
1000301c:	9b21      	ldr	r3, [sp, #132]	@ 0x84
1000301e:	9302      	str	r3, [sp, #8]
10003020:	2303      	movs	r3, #3
10003022:	9301      	str	r3, [sp, #4]
10003024:	4b07      	ldr	r3, [pc, #28]	@ (10003044 <_ftoa+0x3b8>)
10003026:	e70c      	b.n	10002e42 <_ftoa+0x1b6>
10003028:	4b07      	ldr	r3, [pc, #28]	@ (10003048 <_ftoa+0x3bc>)
1000302a:	00ea      	lsls	r2, r5, #3
1000302c:	189b      	adds	r3, r3, r2
1000302e:	685c      	ldr	r4, [r3, #4]
10003030:	681b      	ldr	r3, [r3, #0]
10003032:	002f      	movs	r7, r5
10003034:	9306      	str	r3, [sp, #24]
10003036:	9407      	str	r4, [sp, #28]
10003038:	2400      	movs	r4, #0
1000303a:	e68c      	b.n	10002d56 <_ftoa+0xca>
1000303c:	9b21      	ldr	r3, [sp, #132]	@ 0x84
1000303e:	2b00      	cmp	r3, #0
10003040:	d095      	beq.n	10002f6e <_ftoa+0x2e2>
10003042:	e722      	b.n	10002e8a <_ftoa+0x1fe>
10003044:	10006b8c 	.word	0x10006b8c
10003048:	10006e28 	.word	0x10006e28

1000304c <_vsnprintf>:
1000304c:	b5f0      	push	{r4, r5, r6, r7, lr}
1000304e:	4657      	mov	r7, sl
10003050:	46de      	mov	lr, fp
10003052:	464e      	mov	r6, r9
10003054:	4645      	mov	r5, r8
10003056:	b5e0      	push	{r5, r6, r7, lr}
10003058:	b0a5      	sub	sp, #148	@ 0x94
1000305a:	001f      	movs	r7, r3
1000305c:	9b2e      	ldr	r3, [sp, #184]	@ 0xb8
1000305e:	4691      	mov	r9, r2
10003060:	930d      	str	r3, [sp, #52]	@ 0x34
10003062:	4aca      	ldr	r2, [pc, #808]	@ (1000338c <_vsnprintf+0x340>)
10003064:	4bca      	ldr	r3, [pc, #808]	@ (10003390 <_vsnprintf+0x344>)
10003066:	4682      	mov	sl, r0
10003068:	468b      	mov	fp, r1
1000306a:	601a      	str	r2, [r3, #0]
1000306c:	2900      	cmp	r1, #0
1000306e:	d100      	bne.n	10003072 <_vsnprintf+0x26>
10003070:	e229      	b.n	100034c6 <_vsnprintf+0x47a>
10003072:	2300      	movs	r3, #0
10003074:	7838      	ldrb	r0, [r7, #0]
10003076:	4698      	mov	r8, r3
10003078:	2800      	cmp	r0, #0
1000307a:	d100      	bne.n	1000307e <_vsnprintf+0x32>
1000307c:	e22b      	b.n	100034d6 <_vsnprintf+0x48a>
1000307e:	4bc5      	ldr	r3, [pc, #788]	@ (10003394 <_vsnprintf+0x348>)
10003080:	4644      	mov	r4, r8
10003082:	930c      	str	r3, [sp, #48]	@ 0x30
10003084:	4bc4      	ldr	r3, [pc, #784]	@ (10003398 <_vsnprintf+0x34c>)
10003086:	4655      	mov	r5, sl
10003088:	464e      	mov	r6, r9
1000308a:	930e      	str	r3, [sp, #56]	@ 0x38
1000308c:	e00a      	b.n	100030a4 <_vsnprintf+0x58>
1000308e:	1c63      	adds	r3, r4, #1
10003090:	4698      	mov	r8, r3
10003092:	0022      	movs	r2, r4
10003094:	0033      	movs	r3, r6
10003096:	4659      	mov	r1, fp
10003098:	47a8      	blx	r5
1000309a:	4644      	mov	r4, r8
1000309c:	7838      	ldrb	r0, [r7, #0]
1000309e:	2800      	cmp	r0, #0
100030a0:	d100      	bne.n	100030a4 <_vsnprintf+0x58>
100030a2:	e087      	b.n	100031b4 <_vsnprintf+0x168>
100030a4:	3701      	adds	r7, #1
100030a6:	2825      	cmp	r0, #37	@ 0x25
100030a8:	d1f1      	bne.n	1000308e <_vsnprintf+0x42>
100030aa:	2308      	movs	r3, #8
100030ac:	469a      	mov	sl, r3
100030ae:	3b04      	subs	r3, #4
100030b0:	4699      	mov	r9, r3
100030b2:	3b02      	subs	r3, #2
100030b4:	4698      	mov	r8, r3
100030b6:	3b01      	subs	r3, #1
100030b8:	2200      	movs	r2, #0
100030ba:	469c      	mov	ip, r3
100030bc:	940b      	str	r4, [sp, #44]	@ 0x2c
100030be:	7838      	ldrb	r0, [r7, #0]
100030c0:	1c79      	adds	r1, r7, #1
100030c2:	0003      	movs	r3, r0
100030c4:	3b20      	subs	r3, #32
100030c6:	b2db      	uxtb	r3, r3
100030c8:	2b10      	cmp	r3, #16
100030ca:	d803      	bhi.n	100030d4 <_vsnprintf+0x88>
100030cc:	9c0c      	ldr	r4, [sp, #48]	@ 0x30
100030ce:	009b      	lsls	r3, r3, #2
100030d0:	58e3      	ldr	r3, [r4, r3]
100030d2:	469f      	mov	pc, r3
100030d4:	0003      	movs	r3, r0
100030d6:	3b30      	subs	r3, #48	@ 0x30
100030d8:	9c0b      	ldr	r4, [sp, #44]	@ 0x2c
100030da:	920b      	str	r2, [sp, #44]	@ 0x2c
100030dc:	2b09      	cmp	r3, #9
100030de:	d93a      	bls.n	10003156 <_vsnprintf+0x10a>
100030e0:	2300      	movs	r3, #0
100030e2:	4698      	mov	r8, r3
100030e4:	282a      	cmp	r0, #42	@ 0x2a
100030e6:	d100      	bne.n	100030ea <_vsnprintf+0x9e>
100030e8:	e0dd      	b.n	100032a6 <_vsnprintf+0x25a>
100030ea:	2300      	movs	r3, #0
100030ec:	469a      	mov	sl, r3
100030ee:	282e      	cmp	r0, #46	@ 0x2e
100030f0:	d04b      	beq.n	1000318a <_vsnprintf+0x13e>
100030f2:	0003      	movs	r3, r0
100030f4:	3b68      	subs	r3, #104	@ 0x68
100030f6:	b2db      	uxtb	r3, r3
100030f8:	2b12      	cmp	r3, #18
100030fa:	d81e      	bhi.n	1000313a <_vsnprintf+0xee>
100030fc:	9a0e      	ldr	r2, [sp, #56]	@ 0x38
100030fe:	009b      	lsls	r3, r3, #2
10003100:	58d3      	ldr	r3, [r2, r3]
10003102:	469f      	mov	pc, r3
10003104:	4663      	mov	r3, ip
10003106:	000f      	movs	r7, r1
10003108:	431a      	orrs	r2, r3
1000310a:	e7d8      	b.n	100030be <_vsnprintf+0x72>
1000310c:	4643      	mov	r3, r8
1000310e:	000f      	movs	r7, r1
10003110:	431a      	orrs	r2, r3
10003112:	e7d4      	b.n	100030be <_vsnprintf+0x72>
10003114:	464b      	mov	r3, r9
10003116:	000f      	movs	r7, r1
10003118:	431a      	orrs	r2, r3
1000311a:	e7d0      	b.n	100030be <_vsnprintf+0x72>
1000311c:	2310      	movs	r3, #16
1000311e:	000f      	movs	r7, r1
10003120:	431a      	orrs	r2, r3
10003122:	e7cc      	b.n	100030be <_vsnprintf+0x72>
10003124:	4653      	mov	r3, sl
10003126:	000f      	movs	r7, r1
10003128:	431a      	orrs	r2, r3
1000312a:	e7c8      	b.n	100030be <_vsnprintf+0x72>
1000312c:	2380      	movs	r3, #128	@ 0x80
1000312e:	005b      	lsls	r3, r3, #1
10003130:	9a0b      	ldr	r2, [sp, #44]	@ 0x2c
10003132:	7878      	ldrb	r0, [r7, #1]
10003134:	431a      	orrs	r2, r3
10003136:	920b      	str	r2, [sp, #44]	@ 0x2c
10003138:	3101      	adds	r1, #1
1000313a:	000f      	movs	r7, r1
1000313c:	2867      	cmp	r0, #103	@ 0x67
1000313e:	d84f      	bhi.n	100031e0 <_vsnprintf+0x194>
10003140:	2824      	cmp	r0, #36	@ 0x24
10003142:	d9a4      	bls.n	1000308e <_vsnprintf+0x42>
10003144:	0003      	movs	r3, r0
10003146:	3b25      	subs	r3, #37	@ 0x25
10003148:	b2db      	uxtb	r3, r3
1000314a:	2b42      	cmp	r3, #66	@ 0x42
1000314c:	d89f      	bhi.n	1000308e <_vsnprintf+0x42>
1000314e:	4993      	ldr	r1, [pc, #588]	@ (1000339c <_vsnprintf+0x350>)
10003150:	009b      	lsls	r3, r3, #2
10003152:	58cb      	ldr	r3, [r1, r3]
10003154:	469f      	mov	pc, r3
10003156:	2300      	movs	r3, #0
10003158:	4698      	mov	r8, r3
1000315a:	9b0b      	ldr	r3, [sp, #44]	@ 0x2c
1000315c:	4647      	mov	r7, r8
1000315e:	469c      	mov	ip, r3
10003160:	e000      	b.n	10003164 <_vsnprintf+0x118>
10003162:	3101      	adds	r1, #1
10003164:	00bb      	lsls	r3, r7, #2
10003166:	19db      	adds	r3, r3, r7
10003168:	005b      	lsls	r3, r3, #1
1000316a:	181f      	adds	r7, r3, r0
1000316c:	7808      	ldrb	r0, [r1, #0]
1000316e:	3f30      	subs	r7, #48	@ 0x30
10003170:	0003      	movs	r3, r0
10003172:	3b30      	subs	r3, #48	@ 0x30
10003174:	2b09      	cmp	r3, #9
10003176:	d9f4      	bls.n	10003162 <_vsnprintf+0x116>
10003178:	4663      	mov	r3, ip
1000317a:	930b      	str	r3, [sp, #44]	@ 0x2c
1000317c:	2300      	movs	r3, #0
1000317e:	46b8      	mov	r8, r7
10003180:	469a      	mov	sl, r3
10003182:	000f      	movs	r7, r1
10003184:	3101      	adds	r1, #1
10003186:	282e      	cmp	r0, #46	@ 0x2e
10003188:	d1b3      	bne.n	100030f2 <_vsnprintf+0xa6>
1000318a:	2080      	movs	r0, #128	@ 0x80
1000318c:	9a0b      	ldr	r2, [sp, #44]	@ 0x2c
1000318e:	00c0      	lsls	r0, r0, #3
10003190:	4302      	orrs	r2, r0
10003192:	920b      	str	r2, [sp, #44]	@ 0x2c
10003194:	2230      	movs	r2, #48	@ 0x30
10003196:	4252      	negs	r2, r2
10003198:	4694      	mov	ip, r2
1000319a:	7878      	ldrb	r0, [r7, #1]
1000319c:	000b      	movs	r3, r1
1000319e:	4484      	add	ip, r0
100031a0:	4662      	mov	r2, ip
100031a2:	2a09      	cmp	r2, #9
100031a4:	d800      	bhi.n	100031a8 <_vsnprintf+0x15c>
100031a6:	e1aa      	b.n	100034fe <_vsnprintf+0x4b2>
100031a8:	282a      	cmp	r0, #42	@ 0x2a
100031aa:	d100      	bne.n	100031ae <_vsnprintf+0x162>
100031ac:	e1b9      	b.n	10003522 <_vsnprintf+0x4d6>
100031ae:	000f      	movs	r7, r1
100031b0:	3101      	adds	r1, #1
100031b2:	e79e      	b.n	100030f2 <_vsnprintf+0xa6>
100031b4:	46a0      	mov	r8, r4
100031b6:	46aa      	mov	sl, r5
100031b8:	46b1      	mov	r9, r6
100031ba:	45c8      	cmp	r8, r9
100031bc:	d303      	bcc.n	100031c6 <_vsnprintf+0x17a>
100031be:	2301      	movs	r3, #1
100031c0:	425b      	negs	r3, r3
100031c2:	444b      	add	r3, r9
100031c4:	4698      	mov	r8, r3
100031c6:	464b      	mov	r3, r9
100031c8:	4642      	mov	r2, r8
100031ca:	4659      	mov	r1, fp
100031cc:	2000      	movs	r0, #0
100031ce:	47d0      	blx	sl
100031d0:	0020      	movs	r0, r4
100031d2:	b025      	add	sp, #148	@ 0x94
100031d4:	bcf0      	pop	{r4, r5, r6, r7}
100031d6:	46bb      	mov	fp, r7
100031d8:	46b2      	mov	sl, r6
100031da:	46a9      	mov	r9, r5
100031dc:	46a0      	mov	r8, r4
100031de:	bdf0      	pop	{r4, r5, r6, r7, pc}
100031e0:	0001      	movs	r1, r0
100031e2:	3969      	subs	r1, #105	@ 0x69
100031e4:	b2c9      	uxtb	r1, r1
100031e6:	290f      	cmp	r1, #15
100031e8:	d900      	bls.n	100031ec <_vsnprintf+0x1a0>
100031ea:	e750      	b.n	1000308e <_vsnprintf+0x42>
100031ec:	2301      	movs	r3, #1
100031ee:	408b      	lsls	r3, r1
100031f0:	469c      	mov	ip, r3
100031f2:	4b6b      	ldr	r3, [pc, #428]	@ (100033a0 <_vsnprintf+0x354>)
100031f4:	4699      	mov	r9, r3
100031f6:	4663      	mov	r3, ip
100031f8:	464a      	mov	r2, r9
100031fa:	4013      	ands	r3, r2
100031fc:	930f      	str	r3, [sp, #60]	@ 0x3c
100031fe:	4662      	mov	r2, ip
10003200:	464b      	mov	r3, r9
10003202:	421a      	tst	r2, r3
10003204:	d000      	beq.n	10003208 <_vsnprintf+0x1bc>
10003206:	e168      	b.n	100034da <_vsnprintf+0x48e>
10003208:	290a      	cmp	r1, #10
1000320a:	d056      	beq.n	100032ba <_vsnprintf+0x26e>
1000320c:	2907      	cmp	r1, #7
1000320e:	d000      	beq.n	10003212 <_vsnprintf+0x1c6>
10003210:	e73d      	b.n	1000308e <_vsnprintf+0x42>
10003212:	9b0d      	ldr	r3, [sp, #52]	@ 0x34
10003214:	cb02      	ldmia	r3!, {r1}
10003216:	4698      	mov	r8, r3
10003218:	2900      	cmp	r1, #0
1000321a:	d000      	beq.n	1000321e <_vsnprintf+0x1d2>
1000321c:	e192      	b.n	10003544 <_vsnprintf+0x4f8>
1000321e:	9b0b      	ldr	r3, [sp, #44]	@ 0x2c
10003220:	2110      	movs	r1, #16
10003222:	001a      	movs	r2, r3
10003224:	438a      	bics	r2, r1
10003226:	0010      	movs	r0, r2
10003228:	3111      	adds	r1, #17
1000322a:	4308      	orrs	r0, r1
1000322c:	4681      	mov	r9, r0
1000322e:	2080      	movs	r0, #128	@ 0x80
10003230:	001a      	movs	r2, r3
10003232:	00c0      	lsls	r0, r0, #3
10003234:	4002      	ands	r2, r0
10003236:	0011      	movs	r1, r2
10003238:	4203      	tst	r3, r0
1000323a:	d11c      	bne.n	10003276 <_vsnprintf+0x22a>
1000323c:	ab14      	add	r3, sp, #80	@ 0x50
1000323e:	469c      	mov	ip, r3
10003240:	221f      	movs	r2, #31
10003242:	230f      	movs	r3, #15
10003244:	4462      	add	r2, ip
10003246:	950d      	str	r5, [sp, #52]	@ 0x34
10003248:	469c      	mov	ip, r3
1000324a:	0015      	movs	r5, r2
1000324c:	9b0f      	ldr	r3, [sp, #60]	@ 0x3c
1000324e:	940b      	str	r4, [sp, #44]	@ 0x2c
10003250:	e002      	b.n	10003258 <_vsnprintf+0x20c>
10003252:	2b20      	cmp	r3, #32
10003254:	d00c      	beq.n	10003270 <_vsnprintf+0x224>
10003256:	0011      	movs	r1, r2
10003258:	4664      	mov	r4, ip
1000325a:	400c      	ands	r4, r1
1000325c:	0020      	movs	r0, r4
1000325e:	3037      	adds	r0, #55	@ 0x37
10003260:	2c09      	cmp	r4, #9
10003262:	d800      	bhi.n	10003266 <_vsnprintf+0x21a>
10003264:	3807      	subs	r0, #7
10003266:	3301      	adds	r3, #1
10003268:	54e8      	strb	r0, [r5, r3]
1000326a:	090a      	lsrs	r2, r1, #4
1000326c:	290f      	cmp	r1, #15
1000326e:	d8f0      	bhi.n	10003252 <_vsnprintf+0x206>
10003270:	9c0b      	ldr	r4, [sp, #44]	@ 0x2c
10003272:	9d0d      	ldr	r5, [sp, #52]	@ 0x34
10003274:	930f      	str	r3, [sp, #60]	@ 0x3c
10003276:	464b      	mov	r3, r9
10003278:	2208      	movs	r2, #8
1000327a:	9306      	str	r3, [sp, #24]
1000327c:	4653      	mov	r3, sl
1000327e:	9205      	str	r2, [sp, #20]
10003280:	3208      	adds	r2, #8
10003282:	9203      	str	r2, [sp, #12]
10003284:	2200      	movs	r2, #0
10003286:	9304      	str	r3, [sp, #16]
10003288:	9b0f      	ldr	r3, [sp, #60]	@ 0x3c
1000328a:	9202      	str	r2, [sp, #8]
1000328c:	9301      	str	r3, [sp, #4]
1000328e:	ab1c      	add	r3, sp, #112	@ 0x70
10003290:	0022      	movs	r2, r4
10003292:	9300      	str	r3, [sp, #0]
10003294:	4659      	mov	r1, fp
10003296:	0033      	movs	r3, r6
10003298:	0028      	movs	r0, r5
1000329a:	f7ff f98d 	bl	100025b8 <_ntoa_format>
1000329e:	4643      	mov	r3, r8
100032a0:	0004      	movs	r4, r0
100032a2:	930d      	str	r3, [sp, #52]	@ 0x34
100032a4:	e6fa      	b.n	1000309c <_vsnprintf+0x50>
100032a6:	9b0d      	ldr	r3, [sp, #52]	@ 0x34
100032a8:	cb04      	ldmia	r3!, {r2}
100032aa:	4690      	mov	r8, r2
100032ac:	2a00      	cmp	r2, #0
100032ae:	db79      	blt.n	100033a4 <_vsnprintf+0x358>
100032b0:	7878      	ldrb	r0, [r7, #1]
100032b2:	930d      	str	r3, [sp, #52]	@ 0x34
100032b4:	000f      	movs	r7, r1
100032b6:	3101      	adds	r1, #1
100032b8:	e717      	b.n	100030ea <_vsnprintf+0x9e>
100032ba:	9b0d      	ldr	r3, [sp, #52]	@ 0x34
100032bc:	cb02      	ldmia	r3!, {r1}
100032be:	9314      	str	r3, [sp, #80]	@ 0x50
100032c0:	780b      	ldrb	r3, [r1, #0]
100032c2:	469c      	mov	ip, r3
100032c4:	0018      	movs	r0, r3
100032c6:	4653      	mov	r3, sl
100032c8:	2b00      	cmp	r3, #0
100032ca:	d100      	bne.n	100032ce <_vsnprintf+0x282>
100032cc:	e134      	b.n	10003538 <_vsnprintf+0x4ec>
100032ce:	2800      	cmp	r0, #0
100032d0:	d015      	beq.n	100032fe <_vsnprintf+0x2b2>
100032d2:	4653      	mov	r3, sl
100032d4:	3b01      	subs	r3, #1
100032d6:	3301      	adds	r3, #1
100032d8:	4699      	mov	r9, r3
100032da:	940d      	str	r4, [sp, #52]	@ 0x34
100032dc:	9c0b      	ldr	r4, [sp, #44]	@ 0x2c
100032de:	4489      	add	r9, r1
100032e0:	464a      	mov	r2, r9
100032e2:	000b      	movs	r3, r1
100032e4:	46a1      	mov	r9, r4
100032e6:	e001      	b.n	100032ec <_vsnprintf+0x2a0>
100032e8:	4293      	cmp	r3, r2
100032ea:	d003      	beq.n	100032f4 <_vsnprintf+0x2a8>
100032ec:	785c      	ldrb	r4, [r3, #1]
100032ee:	3301      	adds	r3, #1
100032f0:	2c00      	cmp	r4, #0
100032f2:	d1f9      	bne.n	100032e8 <_vsnprintf+0x29c>
100032f4:	464a      	mov	r2, r9
100032f6:	1a5b      	subs	r3, r3, r1
100032f8:	9c0d      	ldr	r4, [sp, #52]	@ 0x34
100032fa:	920b      	str	r2, [sp, #44]	@ 0x2c
100032fc:	930f      	str	r3, [sp, #60]	@ 0x3c
100032fe:	2380      	movs	r3, #128	@ 0x80
10003300:	00db      	lsls	r3, r3, #3
10003302:	4699      	mov	r9, r3
10003304:	9a0b      	ldr	r2, [sp, #44]	@ 0x2c
10003306:	4013      	ands	r3, r2
10003308:	930d      	str	r3, [sp, #52]	@ 0x34
1000330a:	464b      	mov	r3, r9
1000330c:	421a      	tst	r2, r3
1000330e:	d004      	beq.n	1000331a <_vsnprintf+0x2ce>
10003310:	9b0f      	ldr	r3, [sp, #60]	@ 0x3c
10003312:	4553      	cmp	r3, sl
10003314:	d901      	bls.n	1000331a <_vsnprintf+0x2ce>
10003316:	4653      	mov	r3, sl
10003318:	930f      	str	r3, [sp, #60]	@ 0x3c
1000331a:	2302      	movs	r3, #2
1000331c:	4699      	mov	r9, r3
1000331e:	9a0b      	ldr	r2, [sp, #44]	@ 0x2c
10003320:	4013      	ands	r3, r2
10003322:	930b      	str	r3, [sp, #44]	@ 0x2c
10003324:	464b      	mov	r3, r9
10003326:	4213      	tst	r3, r2
10003328:	d100      	bne.n	1000332c <_vsnprintf+0x2e0>
1000332a:	e1f5      	b.n	10003718 <_vsnprintf+0x6cc>
1000332c:	4663      	mov	r3, ip
1000332e:	2b00      	cmp	r3, #0
10003330:	d100      	bne.n	10003334 <_vsnprintf+0x2e8>
10003332:	e1d6      	b.n	100036e2 <_vsnprintf+0x696>
10003334:	9b0d      	ldr	r3, [sp, #52]	@ 0x34
10003336:	2b00      	cmp	r3, #0
10003338:	d100      	bne.n	1000333c <_vsnprintf+0x2f0>
1000333a:	e182      	b.n	10003642 <_vsnprintf+0x5f6>
1000333c:	1b0b      	subs	r3, r1, r4
1000333e:	46d1      	mov	r9, sl
10003340:	0031      	movs	r1, r6
10003342:	469a      	mov	sl, r3
10003344:	003b      	movs	r3, r7
10003346:	44a1      	add	r9, r4
10003348:	002e      	movs	r6, r5
1000334a:	465f      	mov	r7, fp
1000334c:	464d      	mov	r5, r9
1000334e:	0022      	movs	r2, r4
10003350:	469b      	mov	fp, r3
10003352:	4689      	mov	r9, r1
10003354:	e009      	b.n	1000336a <_vsnprintf+0x31e>
10003356:	464b      	mov	r3, r9
10003358:	0039      	movs	r1, r7
1000335a:	1c54      	adds	r4, r2, #1
1000335c:	47b0      	blx	r6
1000335e:	4653      	mov	r3, sl
10003360:	5d18      	ldrb	r0, [r3, r4]
10003362:	2800      	cmp	r0, #0
10003364:	d100      	bne.n	10003368 <_vsnprintf+0x31c>
10003366:	e192      	b.n	1000368e <_vsnprintf+0x642>
10003368:	0022      	movs	r2, r4
1000336a:	4295      	cmp	r5, r2
1000336c:	d1f3      	bne.n	10003356 <_vsnprintf+0x30a>
1000336e:	464b      	mov	r3, r9
10003370:	465a      	mov	r2, fp
10003372:	46a9      	mov	r9, r5
10003374:	46bb      	mov	fp, r7
10003376:	0035      	movs	r5, r6
10003378:	0017      	movs	r7, r2
1000337a:	001e      	movs	r6, r3
1000337c:	464c      	mov	r4, r9
1000337e:	9b0b      	ldr	r3, [sp, #44]	@ 0x2c
10003380:	2b00      	cmp	r3, #0
10003382:	d000      	beq.n	10003386 <_vsnprintf+0x33a>
10003384:	e1ad      	b.n	100036e2 <_vsnprintf+0x696>
10003386:	9b14      	ldr	r3, [sp, #80]	@ 0x50
10003388:	930d      	str	r3, [sp, #52]	@ 0x34
1000338a:	e687      	b.n	1000309c <_vsnprintf+0x50>
1000338c:	1000304d 	.word	0x1000304d
10003390:	2000205c 	.word	0x2000205c
10003394:	10006c88 	.word	0x10006c88
10003398:	10006ccc 	.word	0x10006ccc
1000339c:	10006d18 	.word	0x10006d18
100033a0:	00009041 	.word	0x00009041
100033a4:	9a0b      	ldr	r2, [sp, #44]	@ 0x2c
100033a6:	3828      	subs	r0, #40	@ 0x28
100033a8:	4302      	orrs	r2, r0
100033aa:	920b      	str	r2, [sp, #44]	@ 0x2c
100033ac:	4642      	mov	r2, r8
100033ae:	4252      	negs	r2, r2
100033b0:	7878      	ldrb	r0, [r7, #1]
100033b2:	4690      	mov	r8, r2
100033b4:	000f      	movs	r7, r1
100033b6:	930d      	str	r3, [sp, #52]	@ 0x34
100033b8:	3101      	adds	r1, #1
100033ba:	e696      	b.n	100030ea <_vsnprintf+0x9e>
100033bc:	7878      	ldrb	r0, [r7, #1]
100033be:	286c      	cmp	r0, #108	@ 0x6c
100033c0:	d100      	bne.n	100033c4 <_vsnprintf+0x378>
100033c2:	e15d      	b.n	10003680 <_vsnprintf+0x634>
100033c4:	2380      	movs	r3, #128	@ 0x80
100033c6:	9a0b      	ldr	r2, [sp, #44]	@ 0x2c
100033c8:	005b      	lsls	r3, r3, #1
100033ca:	431a      	orrs	r2, r3
100033cc:	920b      	str	r2, [sp, #44]	@ 0x2c
100033ce:	3101      	adds	r1, #1
100033d0:	e6b3      	b.n	1000313a <_vsnprintf+0xee>
100033d2:	2380      	movs	r3, #128	@ 0x80
100033d4:	009b      	lsls	r3, r3, #2
100033d6:	e6ab      	b.n	10003130 <_vsnprintf+0xe4>
100033d8:	7878      	ldrb	r0, [r7, #1]
100033da:	2868      	cmp	r0, #104	@ 0x68
100033dc:	d100      	bne.n	100033e0 <_vsnprintf+0x394>
100033de:	e148      	b.n	10003672 <_vsnprintf+0x626>
100033e0:	2380      	movs	r3, #128	@ 0x80
100033e2:	9a0b      	ldr	r2, [sp, #44]	@ 0x2c
100033e4:	3101      	adds	r1, #1
100033e6:	431a      	orrs	r2, r3
100033e8:	920b      	str	r2, [sp, #44]	@ 0x2c
100033ea:	e6a6      	b.n	1000313a <_vsnprintf+0xee>
100033ec:	2867      	cmp	r0, #103	@ 0x67
100033ee:	d100      	bne.n	100033f2 <_vsnprintf+0x3a6>
100033f0:	e0b2      	b.n	10003558 <_vsnprintf+0x50c>
100033f2:	2847      	cmp	r0, #71	@ 0x47
100033f4:	d100      	bne.n	100033f8 <_vsnprintf+0x3ac>
100033f6:	e11a      	b.n	1000362e <_vsnprintf+0x5e2>
100033f8:	2845      	cmp	r0, #69	@ 0x45
100033fa:	d100      	bne.n	100033fe <_vsnprintf+0x3b2>
100033fc:	e11c      	b.n	10003638 <_vsnprintf+0x5ec>
100033fe:	9a0b      	ldr	r2, [sp, #44]	@ 0x2c
10003400:	2107      	movs	r1, #7
10003402:	9204      	str	r2, [sp, #16]
10003404:	4642      	mov	r2, r8
10003406:	9b0d      	ldr	r3, [sp, #52]	@ 0x34
10003408:	9203      	str	r2, [sp, #12]
1000340a:	3307      	adds	r3, #7
1000340c:	4652      	mov	r2, sl
1000340e:	438b      	bics	r3, r1
10003410:	0019      	movs	r1, r3
10003412:	9202      	str	r2, [sp, #8]
10003414:	c90c      	ldmia	r1!, {r2, r3}
10003416:	0028      	movs	r0, r5
10003418:	9200      	str	r2, [sp, #0]
1000341a:	9301      	str	r3, [sp, #4]
1000341c:	910d      	str	r1, [sp, #52]	@ 0x34
1000341e:	0022      	movs	r2, r4
10003420:	0033      	movs	r3, r6
10003422:	4659      	mov	r1, fp
10003424:	f7ff fa00 	bl	10002828 <_etoa>
10003428:	0004      	movs	r4, r0
1000342a:	e637      	b.n	1000309c <_vsnprintf+0x50>
1000342c:	2846      	cmp	r0, #70	@ 0x46
1000342e:	d100      	bne.n	10003432 <_vsnprintf+0x3e6>
10003430:	e08d      	b.n	1000354e <_vsnprintf+0x502>
10003432:	9a0b      	ldr	r2, [sp, #44]	@ 0x2c
10003434:	2107      	movs	r1, #7
10003436:	9204      	str	r2, [sp, #16]
10003438:	4642      	mov	r2, r8
1000343a:	9b0d      	ldr	r3, [sp, #52]	@ 0x34
1000343c:	9203      	str	r2, [sp, #12]
1000343e:	3307      	adds	r3, #7
10003440:	4652      	mov	r2, sl
10003442:	438b      	bics	r3, r1
10003444:	0019      	movs	r1, r3
10003446:	9202      	str	r2, [sp, #8]
10003448:	c90c      	ldmia	r1!, {r2, r3}
1000344a:	0028      	movs	r0, r5
1000344c:	9200      	str	r2, [sp, #0]
1000344e:	9301      	str	r3, [sp, #4]
10003450:	910d      	str	r1, [sp, #52]	@ 0x34
10003452:	0022      	movs	r2, r4
10003454:	0033      	movs	r3, r6
10003456:	4659      	mov	r1, fp
10003458:	f7ff fc18 	bl	10002c8c <_ftoa>
1000345c:	0004      	movs	r4, r0
1000345e:	e61d      	b.n	1000309c <_vsnprintf+0x50>
10003460:	1c63      	adds	r3, r4, #1
10003462:	4698      	mov	r8, r3
10003464:	0022      	movs	r2, r4
10003466:	0033      	movs	r3, r6
10003468:	4659      	mov	r1, fp
1000346a:	2025      	movs	r0, #37	@ 0x25
1000346c:	47a8      	blx	r5
1000346e:	4644      	mov	r4, r8
10003470:	e614      	b.n	1000309c <_vsnprintf+0x50>
10003472:	9b0d      	ldr	r3, [sp, #52]	@ 0x34
10003474:	3304      	adds	r3, #4
10003476:	930f      	str	r3, [sp, #60]	@ 0x3c
10003478:	1c63      	adds	r3, r4, #1
1000347a:	4699      	mov	r9, r3
1000347c:	9b0b      	ldr	r3, [sp, #44]	@ 0x2c
1000347e:	079a      	lsls	r2, r3, #30
10003480:	d400      	bmi.n	10003484 <_vsnprintf+0x438>
10003482:	e10a      	b.n	1000369a <_vsnprintf+0x64e>
10003484:	9b0d      	ldr	r3, [sp, #52]	@ 0x34
10003486:	0022      	movs	r2, r4
10003488:	7818      	ldrb	r0, [r3, #0]
1000348a:	4659      	mov	r1, fp
1000348c:	0033      	movs	r3, r6
1000348e:	47a8      	blx	r5
10003490:	4643      	mov	r3, r8
10003492:	4444      	add	r4, r8
10003494:	2b01      	cmp	r3, #1
10003496:	d800      	bhi.n	1000349a <_vsnprintf+0x44e>
10003498:	e16f      	b.n	1000377a <_vsnprintf+0x72e>
1000349a:	46b0      	mov	r8, r6
1000349c:	002e      	movs	r6, r5
1000349e:	0025      	movs	r5, r4
100034a0:	464c      	mov	r4, r9
100034a2:	46b9      	mov	r9, r7
100034a4:	465f      	mov	r7, fp
100034a6:	0022      	movs	r2, r4
100034a8:	4643      	mov	r3, r8
100034aa:	3401      	adds	r4, #1
100034ac:	0039      	movs	r1, r7
100034ae:	2020      	movs	r0, #32
100034b0:	47b0      	blx	r6
100034b2:	42ac      	cmp	r4, r5
100034b4:	d1f7      	bne.n	100034a6 <_vsnprintf+0x45a>
100034b6:	002c      	movs	r4, r5
100034b8:	46bb      	mov	fp, r7
100034ba:	0035      	movs	r5, r6
100034bc:	464f      	mov	r7, r9
100034be:	4646      	mov	r6, r8
100034c0:	9b0f      	ldr	r3, [sp, #60]	@ 0x3c
100034c2:	930d      	str	r3, [sp, #52]	@ 0x34
100034c4:	e5ea      	b.n	1000309c <_vsnprintf+0x50>
100034c6:	4bd6      	ldr	r3, [pc, #856]	@ (10003820 <_vsnprintf+0x7d4>)
100034c8:	7838      	ldrb	r0, [r7, #0]
100034ca:	469a      	mov	sl, r3
100034cc:	2300      	movs	r3, #0
100034ce:	4698      	mov	r8, r3
100034d0:	2800      	cmp	r0, #0
100034d2:	d000      	beq.n	100034d6 <_vsnprintf+0x48a>
100034d4:	e5d3      	b.n	1000307e <_vsnprintf+0x32>
100034d6:	2400      	movs	r4, #0
100034d8:	e66f      	b.n	100031ba <_vsnprintf+0x16e>
100034da:	286f      	cmp	r0, #111	@ 0x6f
100034dc:	d042      	beq.n	10003564 <_vsnprintf+0x518>
100034de:	d800      	bhi.n	100034e2 <_vsnprintf+0x496>
100034e0:	e1fd      	b.n	100038de <_vsnprintf+0x892>
100034e2:	2310      	movs	r3, #16
100034e4:	2878      	cmp	r0, #120	@ 0x78
100034e6:	d100      	bne.n	100034ea <_vsnprintf+0x49e>
100034e8:	e09b      	b.n	10003622 <_vsnprintf+0x5d6>
100034ea:	9a0b      	ldr	r2, [sp, #44]	@ 0x2c
100034ec:	439a      	bics	r2, r3
100034ee:	920b      	str	r2, [sp, #44]	@ 0x2c
100034f0:	230a      	movs	r3, #10
100034f2:	469c      	mov	ip, r3
100034f4:	2300      	movs	r3, #0
100034f6:	9314      	str	r3, [sp, #80]	@ 0x50
100034f8:	330a      	adds	r3, #10
100034fa:	930f      	str	r3, [sp, #60]	@ 0x3c
100034fc:	e038      	b.n	10003570 <_vsnprintf+0x524>
100034fe:	4657      	mov	r7, sl
10003500:	9a0b      	ldr	r2, [sp, #44]	@ 0x2c
10003502:	00b9      	lsls	r1, r7, #2
10003504:	19c9      	adds	r1, r1, r7
10003506:	0049      	lsls	r1, r1, #1
10003508:	3301      	adds	r3, #1
1000350a:	180f      	adds	r7, r1, r0
1000350c:	7818      	ldrb	r0, [r3, #0]
1000350e:	3f30      	subs	r7, #48	@ 0x30
10003510:	0001      	movs	r1, r0
10003512:	3930      	subs	r1, #48	@ 0x30
10003514:	2909      	cmp	r1, #9
10003516:	d9f4      	bls.n	10003502 <_vsnprintf+0x4b6>
10003518:	46ba      	mov	sl, r7
1000351a:	920b      	str	r2, [sp, #44]	@ 0x2c
1000351c:	001f      	movs	r7, r3
1000351e:	1c59      	adds	r1, r3, #1
10003520:	e5e7      	b.n	100030f2 <_vsnprintf+0xa6>
10003522:	9b0d      	ldr	r3, [sp, #52]	@ 0x34
10003524:	78b8      	ldrb	r0, [r7, #2]
10003526:	cb04      	ldmia	r3!, {r2}
10003528:	3702      	adds	r7, #2
1000352a:	43d1      	mvns	r1, r2
1000352c:	17c9      	asrs	r1, r1, #31
1000352e:	400a      	ands	r2, r1
10003530:	4692      	mov	sl, r2
10003532:	930d      	str	r3, [sp, #52]	@ 0x34
10003534:	1c79      	adds	r1, r7, #1
10003536:	e5dc      	b.n	100030f2 <_vsnprintf+0xa6>
10003538:	2800      	cmp	r0, #0
1000353a:	d100      	bne.n	1000353e <_vsnprintf+0x4f2>
1000353c:	e6df      	b.n	100032fe <_vsnprintf+0x2b2>
1000353e:	2302      	movs	r3, #2
10003540:	425b      	negs	r3, r3
10003542:	e6c8      	b.n	100032d6 <_vsnprintf+0x28a>
10003544:	2021      	movs	r0, #33	@ 0x21
10003546:	9a0b      	ldr	r2, [sp, #44]	@ 0x2c
10003548:	4302      	orrs	r2, r0
1000354a:	4691      	mov	r9, r2
1000354c:	e676      	b.n	1000323c <_vsnprintf+0x1f0>
1000354e:	2320      	movs	r3, #32
10003550:	9a0b      	ldr	r2, [sp, #44]	@ 0x2c
10003552:	431a      	orrs	r2, r3
10003554:	920b      	str	r2, [sp, #44]	@ 0x2c
10003556:	e76c      	b.n	10003432 <_vsnprintf+0x3e6>
10003558:	2380      	movs	r3, #128	@ 0x80
1000355a:	9a0b      	ldr	r2, [sp, #44]	@ 0x2c
1000355c:	011b      	lsls	r3, r3, #4
1000355e:	431a      	orrs	r2, r3
10003560:	920b      	str	r2, [sp, #44]	@ 0x2c
10003562:	e74c      	b.n	100033fe <_vsnprintf+0x3b2>
10003564:	2308      	movs	r3, #8
10003566:	469c      	mov	ip, r3
10003568:	2300      	movs	r3, #0
1000356a:	9314      	str	r3, [sp, #80]	@ 0x50
1000356c:	3308      	adds	r3, #8
1000356e:	930f      	str	r3, [sp, #60]	@ 0x3c
10003570:	980b      	ldr	r0, [sp, #44]	@ 0x2c
10003572:	2380      	movs	r3, #128	@ 0x80
10003574:	0002      	movs	r2, r0
10003576:	00db      	lsls	r3, r3, #3
10003578:	401a      	ands	r2, r3
1000357a:	0011      	movs	r1, r2
1000357c:	0002      	movs	r2, r0
1000357e:	4218      	tst	r0, r3
10003580:	d000      	beq.n	10003584 <_vsnprintf+0x538>
10003582:	e080      	b.n	10003686 <_vsnprintf+0x63a>
10003584:	230c      	movs	r3, #12
10003586:	439a      	bics	r2, r3
10003588:	0010      	movs	r0, r2
1000358a:	2380      	movs	r3, #128	@ 0x80
1000358c:	0002      	movs	r2, r0
1000358e:	009b      	lsls	r3, r3, #2
10003590:	401a      	ands	r2, r3
10003592:	920b      	str	r2, [sp, #44]	@ 0x2c
10003594:	4218      	tst	r0, r3
10003596:	d000      	beq.n	1000359a <_vsnprintf+0x54e>
10003598:	e0f1      	b.n	1000377e <_vsnprintf+0x732>
1000359a:	2380      	movs	r3, #128	@ 0x80
1000359c:	0002      	movs	r2, r0
1000359e:	005b      	lsls	r3, r3, #1
100035a0:	401a      	ands	r2, r3
100035a2:	4691      	mov	r9, r2
100035a4:	9a0d      	ldr	r2, [sp, #52]	@ 0x34
100035a6:	3204      	adds	r2, #4
100035a8:	9214      	str	r2, [sp, #80]	@ 0x50
100035aa:	4218      	tst	r0, r3
100035ac:	d000      	beq.n	100035b0 <_vsnprintf+0x564>
100035ae:	e2c3      	b.n	10003b38 <_vsnprintf+0xaec>
100035b0:	0643      	lsls	r3, r0, #25
100035b2:	d500      	bpl.n	100035b6 <_vsnprintf+0x56a>
100035b4:	e0d7      	b.n	10003766 <_vsnprintf+0x71a>
100035b6:	0603      	lsls	r3, r0, #24
100035b8:	d400      	bmi.n	100035bc <_vsnprintf+0x570>
100035ba:	e321      	b.n	10003c00 <_vsnprintf+0xbb4>
100035bc:	9b0d      	ldr	r3, [sp, #52]	@ 0x34
100035be:	881b      	ldrh	r3, [r3, #0]
100035c0:	9309      	str	r3, [sp, #36]	@ 0x24
100035c2:	2b00      	cmp	r3, #0
100035c4:	d000      	beq.n	100035c8 <_vsnprintf+0x57c>
100035c6:	e12d      	b.n	10003824 <_vsnprintf+0x7d8>
100035c8:	3310      	adds	r3, #16
100035ca:	4398      	bics	r0, r3
100035cc:	2900      	cmp	r1, #0
100035ce:	d100      	bne.n	100035d2 <_vsnprintf+0x586>
100035d0:	e128      	b.n	10003824 <_vsnprintf+0x7d8>
100035d2:	2300      	movs	r3, #0
100035d4:	4699      	mov	r9, r3
100035d6:	4643      	mov	r3, r8
100035d8:	9305      	str	r3, [sp, #20]
100035da:	4653      	mov	r3, sl
100035dc:	9304      	str	r3, [sp, #16]
100035de:	9b0f      	ldr	r3, [sp, #60]	@ 0x3c
100035e0:	9006      	str	r0, [sp, #24]
100035e2:	9303      	str	r3, [sp, #12]
100035e4:	2300      	movs	r3, #0
100035e6:	9302      	str	r3, [sp, #8]
100035e8:	464b      	mov	r3, r9
100035ea:	9301      	str	r3, [sp, #4]
100035ec:	ab1c      	add	r3, sp, #112	@ 0x70
100035ee:	0022      	movs	r2, r4
100035f0:	9300      	str	r3, [sp, #0]
100035f2:	4659      	mov	r1, fp
100035f4:	0033      	movs	r3, r6
100035f6:	0028      	movs	r0, r5
100035f8:	f7fe ffde 	bl	100025b8 <_ntoa_format>
100035fc:	0004      	movs	r4, r0
100035fe:	e6c2      	b.n	10003386 <_vsnprintf+0x33a>
10003600:	2858      	cmp	r0, #88	@ 0x58
10003602:	d009      	beq.n	10003618 <_vsnprintf+0x5cc>
10003604:	2862      	cmp	r0, #98	@ 0x62
10003606:	d000      	beq.n	1000360a <_vsnprintf+0x5be>
10003608:	e2e3      	b.n	10003bd2 <_vsnprintf+0xb86>
1000360a:	2302      	movs	r3, #2
1000360c:	469c      	mov	ip, r3
1000360e:	2300      	movs	r3, #0
10003610:	9314      	str	r3, [sp, #80]	@ 0x50
10003612:	3302      	adds	r3, #2
10003614:	930f      	str	r3, [sp, #60]	@ 0x3c
10003616:	e7ab      	b.n	10003570 <_vsnprintf+0x524>
10003618:	2320      	movs	r3, #32
1000361a:	9a0b      	ldr	r2, [sp, #44]	@ 0x2c
1000361c:	431a      	orrs	r2, r3
1000361e:	920b      	str	r2, [sp, #44]	@ 0x2c
10003620:	3b10      	subs	r3, #16
10003622:	469c      	mov	ip, r3
10003624:	2300      	movs	r3, #0
10003626:	9314      	str	r3, [sp, #80]	@ 0x50
10003628:	3310      	adds	r3, #16
1000362a:	930f      	str	r3, [sp, #60]	@ 0x3c
1000362c:	e7a0      	b.n	10003570 <_vsnprintf+0x524>
1000362e:	2380      	movs	r3, #128	@ 0x80
10003630:	9a0b      	ldr	r2, [sp, #44]	@ 0x2c
10003632:	011b      	lsls	r3, r3, #4
10003634:	431a      	orrs	r2, r3
10003636:	920b      	str	r2, [sp, #44]	@ 0x2c
10003638:	2320      	movs	r3, #32
1000363a:	9a0b      	ldr	r2, [sp, #44]	@ 0x2c
1000363c:	431a      	orrs	r2, r3
1000363e:	920b      	str	r2, [sp, #44]	@ 0x2c
10003640:	e6dd      	b.n	100033fe <_vsnprintf+0x3b2>
10003642:	1b0b      	subs	r3, r1, r4
10003644:	469a      	mov	sl, r3
10003646:	9b0f      	ldr	r3, [sp, #60]	@ 0x3c
10003648:	4699      	mov	r9, r3
1000364a:	003b      	movs	r3, r7
1000364c:	0037      	movs	r7, r6
1000364e:	465e      	mov	r6, fp
10003650:	469b      	mov	fp, r3
10003652:	0022      	movs	r2, r4
10003654:	003b      	movs	r3, r7
10003656:	0031      	movs	r1, r6
10003658:	47a8      	blx	r5
1000365a:	4653      	mov	r3, sl
1000365c:	3401      	adds	r4, #1
1000365e:	5d18      	ldrb	r0, [r3, r4]
10003660:	2800      	cmp	r0, #0
10003662:	d1f6      	bne.n	10003652 <_vsnprintf+0x606>
10003664:	464b      	mov	r3, r9
10003666:	930f      	str	r3, [sp, #60]	@ 0x3c
10003668:	465b      	mov	r3, fp
1000366a:	46b3      	mov	fp, r6
1000366c:	003e      	movs	r6, r7
1000366e:	001f      	movs	r7, r3
10003670:	e685      	b.n	1000337e <_vsnprintf+0x332>
10003672:	23c0      	movs	r3, #192	@ 0xc0
10003674:	9a0b      	ldr	r2, [sp, #44]	@ 0x2c
10003676:	78b8      	ldrb	r0, [r7, #2]
10003678:	431a      	orrs	r2, r3
1000367a:	920b      	str	r2, [sp, #44]	@ 0x2c
1000367c:	1cf9      	adds	r1, r7, #3
1000367e:	e55c      	b.n	1000313a <_vsnprintf+0xee>
10003680:	23c0      	movs	r3, #192	@ 0xc0
10003682:	009b      	lsls	r3, r3, #2
10003684:	e7f6      	b.n	10003674 <_vsnprintf+0x628>
10003686:	230d      	movs	r3, #13
10003688:	439a      	bics	r2, r3
1000368a:	0010      	movs	r0, r2
1000368c:	e77d      	b.n	1000358a <_vsnprintf+0x53e>
1000368e:	465b      	mov	r3, fp
10003690:	0035      	movs	r5, r6
10003692:	46bb      	mov	fp, r7
10003694:	464e      	mov	r6, r9
10003696:	001f      	movs	r7, r3
10003698:	e671      	b.n	1000337e <_vsnprintf+0x332>
1000369a:	4643      	mov	r3, r8
1000369c:	2b01      	cmp	r3, #1
1000369e:	d966      	bls.n	1000376e <_vsnprintf+0x722>
100036a0:	1e63      	subs	r3, r4, #1
100036a2:	4443      	add	r3, r8
100036a4:	0032      	movs	r2, r6
100036a6:	002e      	movs	r6, r5
100036a8:	001d      	movs	r5, r3
100036aa:	003b      	movs	r3, r7
100036ac:	46a2      	mov	sl, r4
100036ae:	465f      	mov	r7, fp
100036b0:	4691      	mov	r9, r2
100036b2:	469b      	mov	fp, r3
100036b4:	0022      	movs	r2, r4
100036b6:	464b      	mov	r3, r9
100036b8:	3401      	adds	r4, #1
100036ba:	0039      	movs	r1, r7
100036bc:	2020      	movs	r0, #32
100036be:	47b0      	blx	r6
100036c0:	42ac      	cmp	r4, r5
100036c2:	d1f7      	bne.n	100036b4 <_vsnprintf+0x668>
100036c4:	465b      	mov	r3, fp
100036c6:	0035      	movs	r5, r6
100036c8:	46bb      	mov	fp, r7
100036ca:	464e      	mov	r6, r9
100036cc:	46a1      	mov	r9, r4
100036ce:	4654      	mov	r4, sl
100036d0:	001f      	movs	r7, r3
100036d2:	9b0d      	ldr	r3, [sp, #52]	@ 0x34
100036d4:	464a      	mov	r2, r9
100036d6:	7818      	ldrb	r0, [r3, #0]
100036d8:	4659      	mov	r1, fp
100036da:	0033      	movs	r3, r6
100036dc:	4444      	add	r4, r8
100036de:	47a8      	blx	r5
100036e0:	e6ee      	b.n	100034c0 <_vsnprintf+0x474>
100036e2:	9b0f      	ldr	r3, [sp, #60]	@ 0x3c
100036e4:	46a1      	mov	r9, r4
100036e6:	4598      	cmp	r8, r3
100036e8:	d800      	bhi.n	100036ec <_vsnprintf+0x6a0>
100036ea:	e64c      	b.n	10003386 <_vsnprintf+0x33a>
100036ec:	4444      	add	r4, r8
100036ee:	1ae4      	subs	r4, r4, r3
100036f0:	46b0      	mov	r8, r6
100036f2:	002e      	movs	r6, r5
100036f4:	0025      	movs	r5, r4
100036f6:	464c      	mov	r4, r9
100036f8:	46b9      	mov	r9, r7
100036fa:	465f      	mov	r7, fp
100036fc:	0022      	movs	r2, r4
100036fe:	4643      	mov	r3, r8
10003700:	3401      	adds	r4, #1
10003702:	0039      	movs	r1, r7
10003704:	2020      	movs	r0, #32
10003706:	47b0      	blx	r6
10003708:	42ac      	cmp	r4, r5
1000370a:	d1f7      	bne.n	100036fc <_vsnprintf+0x6b0>
1000370c:	002c      	movs	r4, r5
1000370e:	46bb      	mov	fp, r7
10003710:	0035      	movs	r5, r6
10003712:	464f      	mov	r7, r9
10003714:	4646      	mov	r6, r8
10003716:	e636      	b.n	10003386 <_vsnprintf+0x33a>
10003718:	980f      	ldr	r0, [sp, #60]	@ 0x3c
1000371a:	4580      	cmp	r8, r0
1000371c:	d800      	bhi.n	10003720 <_vsnprintf+0x6d4>
1000371e:	e273      	b.n	10003c08 <_vsnprintf+0xbbc>
10003720:	4643      	mov	r3, r8
10003722:	18e2      	adds	r2, r4, r3
10003724:	1a13      	subs	r3, r2, r0
10003726:	0032      	movs	r2, r6
10003728:	002e      	movs	r6, r5
1000372a:	001d      	movs	r5, r3
1000372c:	003b      	movs	r3, r7
1000372e:	4691      	mov	r9, r2
10003730:	465f      	mov	r7, fp
10003732:	469b      	mov	fp, r3
10003734:	910f      	str	r1, [sp, #60]	@ 0x3c
10003736:	0022      	movs	r2, r4
10003738:	464b      	mov	r3, r9
1000373a:	3401      	adds	r4, #1
1000373c:	0039      	movs	r1, r7
1000373e:	2020      	movs	r0, #32
10003740:	47b0      	blx	r6
10003742:	42ac      	cmp	r4, r5
10003744:	d1f7      	bne.n	10003736 <_vsnprintf+0x6ea>
10003746:	465b      	mov	r3, fp
10003748:	46bb      	mov	fp, r7
1000374a:	001f      	movs	r7, r3
1000374c:	4643      	mov	r3, r8
1000374e:	990f      	ldr	r1, [sp, #60]	@ 0x3c
10003750:	3301      	adds	r3, #1
10003752:	930f      	str	r3, [sp, #60]	@ 0x3c
10003754:	780b      	ldrb	r3, [r1, #0]
10003756:	0035      	movs	r5, r6
10003758:	469c      	mov	ip, r3
1000375a:	464e      	mov	r6, r9
1000375c:	4660      	mov	r0, ip
1000375e:	2800      	cmp	r0, #0
10003760:	d000      	beq.n	10003764 <_vsnprintf+0x718>
10003762:	e5e7      	b.n	10003334 <_vsnprintf+0x2e8>
10003764:	e60f      	b.n	10003386 <_vsnprintf+0x33a>
10003766:	9b0d      	ldr	r3, [sp, #52]	@ 0x34
10003768:	781b      	ldrb	r3, [r3, #0]
1000376a:	9309      	str	r3, [sp, #36]	@ 0x24
1000376c:	e729      	b.n	100035c2 <_vsnprintf+0x576>
1000376e:	9b0d      	ldr	r3, [sp, #52]	@ 0x34
10003770:	0022      	movs	r2, r4
10003772:	7818      	ldrb	r0, [r3, #0]
10003774:	4659      	mov	r1, fp
10003776:	0033      	movs	r3, r6
10003778:	47a8      	blx	r5
1000377a:	464c      	mov	r4, r9
1000377c:	e6a0      	b.n	100034c0 <_vsnprintf+0x474>
1000377e:	9a0d      	ldr	r2, [sp, #52]	@ 0x34
10003780:	3bfa      	subs	r3, #250	@ 0xfa
10003782:	3bff      	subs	r3, #255	@ 0xff
10003784:	3207      	adds	r2, #7
10003786:	439a      	bics	r2, r3
10003788:	3301      	adds	r3, #1
1000378a:	4699      	mov	r9, r3
1000378c:	4491      	add	r9, r2
1000378e:	464b      	mov	r3, r9
10003790:	930d      	str	r3, [sp, #52]	@ 0x34
10003792:	6813      	ldr	r3, [r2, #0]
10003794:	6852      	ldr	r2, [r2, #4]
10003796:	9215      	str	r2, [sp, #84]	@ 0x54
10003798:	431a      	orrs	r2, r3
1000379a:	d106      	bne.n	100037aa <_vsnprintf+0x75e>
1000379c:	3210      	adds	r2, #16
1000379e:	4390      	bics	r0, r2
100037a0:	2200      	movs	r2, #0
100037a2:	9209      	str	r2, [sp, #36]	@ 0x24
100037a4:	2900      	cmp	r1, #0
100037a6:	d000      	beq.n	100037aa <_vsnprintf+0x75e>
100037a8:	e083      	b.n	100038b2 <_vsnprintf+0x866>
100037aa:	2261      	movs	r2, #97	@ 0x61
100037ac:	0681      	lsls	r1, r0, #26
100037ae:	d500      	bpl.n	100037b2 <_vsnprintf+0x766>
100037b0:	2241      	movs	r2, #65	@ 0x41
100037b2:	b2d2      	uxtb	r2, r2
100037b4:	920a      	str	r2, [sp, #40]	@ 0x28
100037b6:	aa14      	add	r2, sp, #80	@ 0x50
100037b8:	4691      	mov	r9, r2
100037ba:	9a0a      	ldr	r2, [sp, #40]	@ 0x28
100037bc:	2100      	movs	r1, #0
100037be:	3a0a      	subs	r2, #10
100037c0:	920b      	str	r2, [sp, #44]	@ 0x2c
100037c2:	4642      	mov	r2, r8
100037c4:	9217      	str	r2, [sp, #92]	@ 0x5c
100037c6:	4652      	mov	r2, sl
100037c8:	9218      	str	r2, [sp, #96]	@ 0x60
100037ca:	465a      	mov	r2, fp
100037cc:	46b2      	mov	sl, r6
100037ce:	9109      	str	r1, [sp, #36]	@ 0x24
100037d0:	001e      	movs	r6, r3
100037d2:	311f      	adds	r1, #31
100037d4:	9b14      	ldr	r3, [sp, #80]	@ 0x50
100037d6:	4449      	add	r1, r9
100037d8:	46bb      	mov	fp, r7
100037da:	9416      	str	r4, [sp, #88]	@ 0x58
100037dc:	951a      	str	r5, [sp, #104]	@ 0x68
100037de:	2400      	movs	r4, #0
100037e0:	4667      	mov	r7, ip
100037e2:	4698      	mov	r8, r3
100037e4:	4689      	mov	r9, r1
100037e6:	9d15      	ldr	r5, [sp, #84]	@ 0x54
100037e8:	9019      	str	r0, [sp, #100]	@ 0x64
100037ea:	921b      	str	r2, [sp, #108]	@ 0x6c
100037ec:	e00a      	b.n	10003804 <_vsnprintf+0x7b8>
100037ee:	3230      	adds	r2, #48	@ 0x30
100037f0:	b2d2      	uxtb	r2, r2
100037f2:	464b      	mov	r3, r9
100037f4:	3401      	adds	r4, #1
100037f6:	551a      	strb	r2, [r3, r4]
100037f8:	45a8      	cmp	r8, r5
100037fa:	d04c      	beq.n	10003896 <_vsnprintf+0x84a>
100037fc:	2c20      	cmp	r4, #32
100037fe:	d04c      	beq.n	1000389a <_vsnprintf+0x84e>
10003800:	0006      	movs	r6, r0
10003802:	000d      	movs	r5, r1
10003804:	003a      	movs	r2, r7
10003806:	2300      	movs	r3, #0
10003808:	0030      	movs	r0, r6
1000380a:	0029      	movs	r1, r5
1000380c:	f7fe f828 	bl	10001860 <__wrap___aeabi_uldivmod>
10003810:	b2d2      	uxtb	r2, r2
10003812:	2a09      	cmp	r2, #9
10003814:	d9eb      	bls.n	100037ee <_vsnprintf+0x7a2>
10003816:	9b0b      	ldr	r3, [sp, #44]	@ 0x2c
10003818:	469c      	mov	ip, r3
1000381a:	4462      	add	r2, ip
1000381c:	b2d2      	uxtb	r2, r2
1000381e:	e7e8      	b.n	100037f2 <_vsnprintf+0x7a6>
10003820:	10002509 	.word	0x10002509
10003824:	2361      	movs	r3, #97	@ 0x61
10003826:	0682      	lsls	r2, r0, #26
10003828:	d500      	bpl.n	1000382c <_vsnprintf+0x7e0>
1000382a:	2341      	movs	r3, #65	@ 0x41
1000382c:	b2db      	uxtb	r3, r3
1000382e:	3b0a      	subs	r3, #10
10003830:	930b      	str	r3, [sp, #44]	@ 0x2c
10003832:	4643      	mov	r3, r8
10003834:	a914      	add	r1, sp, #80	@ 0x50
10003836:	221f      	movs	r2, #31
10003838:	468c      	mov	ip, r1
1000383a:	9315      	str	r3, [sp, #84]	@ 0x54
1000383c:	4653      	mov	r3, sl
1000383e:	4462      	add	r2, ip
10003840:	46b2      	mov	sl, r6
10003842:	940d      	str	r4, [sp, #52]	@ 0x34
10003844:	9717      	str	r7, [sp, #92]	@ 0x5c
10003846:	464c      	mov	r4, r9
10003848:	4680      	mov	r8, r0
1000384a:	46a9      	mov	r9, r5
1000384c:	0017      	movs	r7, r2
1000384e:	9d09      	ldr	r5, [sp, #36]	@ 0x24
10003850:	9e0f      	ldr	r6, [sp, #60]	@ 0x3c
10003852:	9316      	str	r3, [sp, #88]	@ 0x58
10003854:	e008      	b.n	10003868 <_vsnprintf+0x81c>
10003856:	3330      	adds	r3, #48	@ 0x30
10003858:	b2db      	uxtb	r3, r3
1000385a:	3401      	adds	r4, #1
1000385c:	553b      	strb	r3, [r7, r4]
1000385e:	42b5      	cmp	r5, r6
10003860:	d30e      	bcc.n	10003880 <_vsnprintf+0x834>
10003862:	2c20      	cmp	r4, #32
10003864:	d00c      	beq.n	10003880 <_vsnprintf+0x834>
10003866:	0005      	movs	r5, r0
10003868:	0031      	movs	r1, r6
1000386a:	0028      	movs	r0, r5
1000386c:	f7fd ffba 	bl	100017e4 <__wrap___aeabi_uidiv>
10003870:	b2cb      	uxtb	r3, r1
10003872:	2909      	cmp	r1, #9
10003874:	d9ef      	bls.n	10003856 <_vsnprintf+0x80a>
10003876:	9a0b      	ldr	r2, [sp, #44]	@ 0x2c
10003878:	4694      	mov	ip, r2
1000387a:	4463      	add	r3, ip
1000387c:	b2db      	uxtb	r3, r3
1000387e:	e7ec      	b.n	1000385a <_vsnprintf+0x80e>
10003880:	9b15      	ldr	r3, [sp, #84]	@ 0x54
10003882:	4640      	mov	r0, r8
10003884:	4698      	mov	r8, r3
10003886:	9b16      	ldr	r3, [sp, #88]	@ 0x58
10003888:	464d      	mov	r5, r9
1000388a:	4656      	mov	r6, sl
1000388c:	46a1      	mov	r9, r4
1000388e:	469a      	mov	sl, r3
10003890:	9c0d      	ldr	r4, [sp, #52]	@ 0x34
10003892:	9f17      	ldr	r7, [sp, #92]	@ 0x5c
10003894:	e69f      	b.n	100035d6 <_vsnprintf+0x58a>
10003896:	42b7      	cmp	r7, r6
10003898:	d9b0      	bls.n	100037fc <_vsnprintf+0x7b0>
1000389a:	9b17      	ldr	r3, [sp, #92]	@ 0x5c
1000389c:	4656      	mov	r6, sl
1000389e:	4698      	mov	r8, r3
100038a0:	9b18      	ldr	r3, [sp, #96]	@ 0x60
100038a2:	465f      	mov	r7, fp
100038a4:	469a      	mov	sl, r3
100038a6:	9b1b      	ldr	r3, [sp, #108]	@ 0x6c
100038a8:	9409      	str	r4, [sp, #36]	@ 0x24
100038aa:	469b      	mov	fp, r3
100038ac:	9c16      	ldr	r4, [sp, #88]	@ 0x58
100038ae:	9819      	ldr	r0, [sp, #100]	@ 0x64
100038b0:	9d1a      	ldr	r5, [sp, #104]	@ 0x68
100038b2:	4643      	mov	r3, r8
100038b4:	9305      	str	r3, [sp, #20]
100038b6:	4653      	mov	r3, sl
100038b8:	9304      	str	r3, [sp, #16]
100038ba:	9b0f      	ldr	r3, [sp, #60]	@ 0x3c
100038bc:	9006      	str	r0, [sp, #24]
100038be:	9303      	str	r3, [sp, #12]
100038c0:	2300      	movs	r3, #0
100038c2:	9302      	str	r3, [sp, #8]
100038c4:	9b09      	ldr	r3, [sp, #36]	@ 0x24
100038c6:	9301      	str	r3, [sp, #4]
100038c8:	ab1c      	add	r3, sp, #112	@ 0x70
100038ca:	0022      	movs	r2, r4
100038cc:	9300      	str	r3, [sp, #0]
100038ce:	4659      	mov	r1, fp
100038d0:	0033      	movs	r3, r6
100038d2:	0028      	movs	r0, r5
100038d4:	f7fe fe70 	bl	100025b8 <_ntoa_format>
100038d8:	0004      	movs	r4, r0
100038da:	f7ff fbdf 	bl	1000309c <_vsnprintf+0x50>
100038de:	2310      	movs	r3, #16
100038e0:	9a0b      	ldr	r2, [sp, #44]	@ 0x2c
100038e2:	439a      	bics	r2, r3
100038e4:	920f      	str	r2, [sp, #60]	@ 0x3c
100038e6:	2869      	cmp	r0, #105	@ 0x69
100038e8:	d000      	beq.n	100038ec <_vsnprintf+0x8a0>
100038ea:	e191      	b.n	10003c10 <_vsnprintf+0xbc4>
100038ec:	990b      	ldr	r1, [sp, #44]	@ 0x2c
100038ee:	2380      	movs	r3, #128	@ 0x80
100038f0:	000a      	movs	r2, r1
100038f2:	00db      	lsls	r3, r3, #3
100038f4:	401a      	ands	r2, r3
100038f6:	0010      	movs	r0, r2
100038f8:	000a      	movs	r2, r1
100038fa:	4219      	tst	r1, r3
100038fc:	d003      	beq.n	10003906 <_vsnprintf+0x8ba>
100038fe:	2111      	movs	r1, #17
10003900:	0018      	movs	r0, r3
10003902:	438a      	bics	r2, r1
10003904:	920f      	str	r2, [sp, #60]	@ 0x3c
10003906:	9a0f      	ldr	r2, [sp, #60]	@ 0x3c
10003908:	2380      	movs	r3, #128	@ 0x80
1000390a:	0011      	movs	r1, r2
1000390c:	009b      	lsls	r3, r3, #2
1000390e:	4019      	ands	r1, r3
10003910:	468c      	mov	ip, r1
10003912:	421a      	tst	r2, r3
10003914:	d15b      	bne.n	100039ce <_vsnprintf+0x982>
10003916:	2380      	movs	r3, #128	@ 0x80
10003918:	0011      	movs	r1, r2
1000391a:	005b      	lsls	r3, r3, #1
1000391c:	4019      	ands	r1, r3
1000391e:	4689      	mov	r9, r1
10003920:	990d      	ldr	r1, [sp, #52]	@ 0x34
10003922:	3104      	adds	r1, #4
10003924:	910b      	str	r1, [sp, #44]	@ 0x2c
10003926:	421a      	tst	r2, r3
10003928:	d000      	beq.n	1000392c <_vsnprintf+0x8e0>
1000392a:	e0b2      	b.n	10003a92 <_vsnprintf+0xa46>
1000392c:	0013      	movs	r3, r2
1000392e:	065b      	lsls	r3, r3, #25
10003930:	d400      	bmi.n	10003934 <_vsnprintf+0x8e8>
10003932:	e0ed      	b.n	10003b10 <_vsnprintf+0xac4>
10003934:	9b0d      	ldr	r3, [sp, #52]	@ 0x34
10003936:	781b      	ldrb	r3, [r3, #0]
10003938:	001a      	movs	r2, r3
1000393a:	0fd9      	lsrs	r1, r3, #31
1000393c:	910d      	str	r1, [sp, #52]	@ 0x34
1000393e:	2b00      	cmp	r3, #0
10003940:	d100      	bne.n	10003944 <_vsnprintf+0x8f8>
10003942:	e0a3      	b.n	10003a8c <_vsnprintf+0xa40>
10003944:	0010      	movs	r0, r2
10003946:	aa14      	add	r2, sp, #80	@ 0x50
10003948:	4694      	mov	ip, r2
1000394a:	4642      	mov	r2, r8
1000394c:	231f      	movs	r3, #31
1000394e:	9215      	str	r2, [sp, #84]	@ 0x54
10003950:	4652      	mov	r2, sl
10003952:	4463      	add	r3, ip
10003954:	46a8      	mov	r8, r5
10003956:	46ba      	mov	sl, r7
10003958:	464d      	mov	r5, r9
1000395a:	9414      	str	r4, [sp, #80]	@ 0x50
1000395c:	46b1      	mov	r9, r6
1000395e:	0004      	movs	r4, r0
10003960:	001f      	movs	r7, r3
10003962:	9216      	str	r2, [sp, #88]	@ 0x58
10003964:	e001      	b.n	1000396a <_vsnprintf+0x91e>
10003966:	2d20      	cmp	r5, #32
10003968:	d00f      	beq.n	1000398a <_vsnprintf+0x93e>
1000396a:	0020      	movs	r0, r4
1000396c:	210a      	movs	r1, #10
1000396e:	f7fd ff39 	bl	100017e4 <__wrap___aeabi_uidiv>
10003972:	3501      	adds	r5, #1
10003974:	197e      	adds	r6, r7, r5
10003976:	3130      	adds	r1, #48	@ 0x30
10003978:	7031      	strb	r1, [r6, #0]
1000397a:	0020      	movs	r0, r4
1000397c:	210a      	movs	r1, #10
1000397e:	f7fd ff31 	bl	100017e4 <__wrap___aeabi_uidiv>
10003982:	0026      	movs	r6, r4
10003984:	0004      	movs	r4, r0
10003986:	2e09      	cmp	r6, #9
10003988:	d8ed      	bhi.n	10003966 <_vsnprintf+0x91a>
1000398a:	9b15      	ldr	r3, [sp, #84]	@ 0x54
1000398c:	464e      	mov	r6, r9
1000398e:	46a9      	mov	r9, r5
10003990:	4645      	mov	r5, r8
10003992:	4698      	mov	r8, r3
10003994:	9b16      	ldr	r3, [sp, #88]	@ 0x58
10003996:	4657      	mov	r7, sl
10003998:	469a      	mov	sl, r3
1000399a:	9c14      	ldr	r4, [sp, #80]	@ 0x50
1000399c:	9b0f      	ldr	r3, [sp, #60]	@ 0x3c
1000399e:	9306      	str	r3, [sp, #24]
100039a0:	4643      	mov	r3, r8
100039a2:	9305      	str	r3, [sp, #20]
100039a4:	4653      	mov	r3, sl
100039a6:	9304      	str	r3, [sp, #16]
100039a8:	230a      	movs	r3, #10
100039aa:	9303      	str	r3, [sp, #12]
100039ac:	9b0d      	ldr	r3, [sp, #52]	@ 0x34
100039ae:	9302      	str	r3, [sp, #8]
100039b0:	464b      	mov	r3, r9
100039b2:	9301      	str	r3, [sp, #4]
100039b4:	ab1c      	add	r3, sp, #112	@ 0x70
100039b6:	0022      	movs	r2, r4
100039b8:	9300      	str	r3, [sp, #0]
100039ba:	4659      	mov	r1, fp
100039bc:	0033      	movs	r3, r6
100039be:	0028      	movs	r0, r5
100039c0:	f7fe fdfa 	bl	100025b8 <_ntoa_format>
100039c4:	9b0b      	ldr	r3, [sp, #44]	@ 0x2c
100039c6:	0004      	movs	r4, r0
100039c8:	930d      	str	r3, [sp, #52]	@ 0x34
100039ca:	f7ff fb67 	bl	1000309c <_vsnprintf+0x50>
100039ce:	2207      	movs	r2, #7
100039d0:	9b0d      	ldr	r3, [sp, #52]	@ 0x34
100039d2:	3307      	adds	r3, #7
100039d4:	4393      	bics	r3, r2
100039d6:	3201      	adds	r2, #1
100039d8:	4694      	mov	ip, r2
100039da:	449c      	add	ip, r3
100039dc:	4662      	mov	r2, ip
100039de:	920d      	str	r2, [sp, #52]	@ 0x34
100039e0:	cb0c      	ldmia	r3, {r2, r3}
100039e2:	0fd9      	lsrs	r1, r3, #31
100039e4:	910b      	str	r1, [sp, #44]	@ 0x2c
100039e6:	0011      	movs	r1, r2
100039e8:	4319      	orrs	r1, r3
100039ea:	d100      	bne.n	100039ee <_vsnprintf+0x9a2>
100039ec:	e09b      	b.n	10003b26 <_vsnprintf+0xada>
100039ee:	17d9      	asrs	r1, r3, #31
100039f0:	9113      	str	r1, [sp, #76]	@ 0x4c
100039f2:	9112      	str	r1, [sp, #72]	@ 0x48
100039f4:	4051      	eors	r1, r2
100039f6:	9110      	str	r1, [sp, #64]	@ 0x40
100039f8:	9913      	ldr	r1, [sp, #76]	@ 0x4c
100039fa:	4059      	eors	r1, r3
100039fc:	9111      	str	r1, [sp, #68]	@ 0x44
100039fe:	9810      	ldr	r0, [sp, #64]	@ 0x40
10003a00:	9911      	ldr	r1, [sp, #68]	@ 0x44
10003a02:	9a12      	ldr	r2, [sp, #72]	@ 0x48
10003a04:	9b13      	ldr	r3, [sp, #76]	@ 0x4c
10003a06:	1a80      	subs	r0, r0, r2
10003a08:	4199      	sbcs	r1, r3
10003a0a:	9010      	str	r0, [sp, #64]	@ 0x40
10003a0c:	9111      	str	r1, [sp, #68]	@ 0x44
10003a0e:	aa14      	add	r2, sp, #80	@ 0x50
10003a10:	4694      	mov	ip, r2
10003a12:	4642      	mov	r2, r8
10003a14:	2300      	movs	r3, #0
10003a16:	9215      	str	r2, [sp, #84]	@ 0x54
10003a18:	4652      	mov	r2, sl
10003a1a:	4699      	mov	r9, r3
10003a1c:	9216      	str	r2, [sp, #88]	@ 0x58
10003a1e:	0032      	movs	r2, r6
10003a20:	331f      	adds	r3, #31
10003a22:	4463      	add	r3, ip
10003a24:	46a8      	mov	r8, r5
10003a26:	464e      	mov	r6, r9
10003a28:	46ba      	mov	sl, r7
10003a2a:	9414      	str	r4, [sp, #80]	@ 0x50
10003a2c:	001f      	movs	r7, r3
10003a2e:	9c10      	ldr	r4, [sp, #64]	@ 0x40
10003a30:	9d11      	ldr	r5, [sp, #68]	@ 0x44
10003a32:	4691      	mov	r9, r2
10003a34:	e001      	b.n	10003a3a <_vsnprintf+0x9ee>
10003a36:	2e20      	cmp	r6, #32
10003a38:	d010      	beq.n	10003a5c <_vsnprintf+0xa10>
10003a3a:	0020      	movs	r0, r4
10003a3c:	0029      	movs	r1, r5
10003a3e:	220a      	movs	r2, #10
10003a40:	2300      	movs	r3, #0
10003a42:	f7fd ff0d 	bl	10001860 <__wrap___aeabi_uldivmod>
10003a46:	3601      	adds	r6, #1
10003a48:	3230      	adds	r2, #48	@ 0x30
10003a4a:	002b      	movs	r3, r5
10003a4c:	55ba      	strb	r2, [r7, r6]
10003a4e:	000d      	movs	r5, r1
10003a50:	0022      	movs	r2, r4
10003a52:	0004      	movs	r4, r0
10003a54:	2b00      	cmp	r3, #0
10003a56:	d1ee      	bne.n	10003a36 <_vsnprintf+0x9ea>
10003a58:	2a09      	cmp	r2, #9
10003a5a:	d8ec      	bhi.n	10003a36 <_vsnprintf+0x9ea>
10003a5c:	9b15      	ldr	r3, [sp, #84]	@ 0x54
10003a5e:	9410      	str	r4, [sp, #64]	@ 0x40
10003a60:	9511      	str	r5, [sp, #68]	@ 0x44
10003a62:	4645      	mov	r5, r8
10003a64:	4698      	mov	r8, r3
10003a66:	464b      	mov	r3, r9
10003a68:	9a16      	ldr	r2, [sp, #88]	@ 0x58
10003a6a:	46b1      	mov	r9, r6
10003a6c:	4657      	mov	r7, sl
10003a6e:	001e      	movs	r6, r3
10003a70:	4692      	mov	sl, r2
10003a72:	9c14      	ldr	r4, [sp, #80]	@ 0x50
10003a74:	9b0f      	ldr	r3, [sp, #60]	@ 0x3c
10003a76:	9306      	str	r3, [sp, #24]
10003a78:	4643      	mov	r3, r8
10003a7a:	9305      	str	r3, [sp, #20]
10003a7c:	4653      	mov	r3, sl
10003a7e:	9304      	str	r3, [sp, #16]
10003a80:	230a      	movs	r3, #10
10003a82:	9303      	str	r3, [sp, #12]
10003a84:	9b0b      	ldr	r3, [sp, #44]	@ 0x2c
10003a86:	9302      	str	r3, [sp, #8]
10003a88:	464b      	mov	r3, r9
10003a8a:	e71c      	b.n	100038c6 <_vsnprintf+0x87a>
10003a8c:	2800      	cmp	r0, #0
10003a8e:	d185      	bne.n	1000399c <_vsnprintf+0x950>
10003a90:	e759      	b.n	10003946 <_vsnprintf+0x8fa>
10003a92:	9b0d      	ldr	r3, [sp, #52]	@ 0x34
10003a94:	681b      	ldr	r3, [r3, #0]
10003a96:	0fda      	lsrs	r2, r3, #31
10003a98:	0011      	movs	r1, r2
10003a9a:	2b00      	cmp	r3, #0
10003a9c:	d100      	bne.n	10003aa0 <_vsnprintf+0xa54>
10003a9e:	e0a6      	b.n	10003bee <_vsnprintf+0xba2>
10003aa0:	17da      	asrs	r2, r3, #31
10003aa2:	1898      	adds	r0, r3, r2
10003aa4:	4050      	eors	r0, r2
10003aa6:	aa14      	add	r2, sp, #80	@ 0x50
10003aa8:	4691      	mov	r9, r2
10003aaa:	231f      	movs	r3, #31
10003aac:	4642      	mov	r2, r8
10003aae:	444b      	add	r3, r9
10003ab0:	46a8      	mov	r8, r5
10003ab2:	940d      	str	r4, [sp, #52]	@ 0x34
10003ab4:	9716      	str	r7, [sp, #88]	@ 0x58
10003ab6:	0004      	movs	r4, r0
10003ab8:	4665      	mov	r5, ip
10003aba:	46b1      	mov	r9, r6
10003abc:	001f      	movs	r7, r3
10003abe:	9114      	str	r1, [sp, #80]	@ 0x50
10003ac0:	9215      	str	r2, [sp, #84]	@ 0x54
10003ac2:	e001      	b.n	10003ac8 <_vsnprintf+0xa7c>
10003ac4:	2d20      	cmp	r5, #32
10003ac6:	d00f      	beq.n	10003ae8 <_vsnprintf+0xa9c>
10003ac8:	0020      	movs	r0, r4
10003aca:	210a      	movs	r1, #10
10003acc:	f7fd fe8a 	bl	100017e4 <__wrap___aeabi_uidiv>
10003ad0:	3501      	adds	r5, #1
10003ad2:	197e      	adds	r6, r7, r5
10003ad4:	3130      	adds	r1, #48	@ 0x30
10003ad6:	7031      	strb	r1, [r6, #0]
10003ad8:	0020      	movs	r0, r4
10003ada:	210a      	movs	r1, #10
10003adc:	f7fd fe82 	bl	100017e4 <__wrap___aeabi_uidiv>
10003ae0:	0026      	movs	r6, r4
10003ae2:	0004      	movs	r4, r0
10003ae4:	2e09      	cmp	r6, #9
10003ae6:	d8ed      	bhi.n	10003ac4 <_vsnprintf+0xa78>
10003ae8:	9b15      	ldr	r3, [sp, #84]	@ 0x54
10003aea:	46ac      	mov	ip, r5
10003aec:	4645      	mov	r5, r8
10003aee:	4698      	mov	r8, r3
10003af0:	9b14      	ldr	r3, [sp, #80]	@ 0x50
10003af2:	464e      	mov	r6, r9
10003af4:	0019      	movs	r1, r3
10003af6:	9c0d      	ldr	r4, [sp, #52]	@ 0x34
10003af8:	9f16      	ldr	r7, [sp, #88]	@ 0x58
10003afa:	9b0f      	ldr	r3, [sp, #60]	@ 0x3c
10003afc:	9102      	str	r1, [sp, #8]
10003afe:	9306      	str	r3, [sp, #24]
10003b00:	4643      	mov	r3, r8
10003b02:	9305      	str	r3, [sp, #20]
10003b04:	4653      	mov	r3, sl
10003b06:	9304      	str	r3, [sp, #16]
10003b08:	230a      	movs	r3, #10
10003b0a:	9303      	str	r3, [sp, #12]
10003b0c:	4663      	mov	r3, ip
10003b0e:	e750      	b.n	100039b2 <_vsnprintf+0x966>
10003b10:	0013      	movs	r3, r2
10003b12:	061b      	lsls	r3, r3, #24
10003b14:	d56e      	bpl.n	10003bf4 <_vsnprintf+0xba8>
10003b16:	9b0d      	ldr	r3, [sp, #52]	@ 0x34
10003b18:	2200      	movs	r2, #0
10003b1a:	5e9b      	ldrsh	r3, [r3, r2]
10003b1c:	17d9      	asrs	r1, r3, #31
10003b1e:	185a      	adds	r2, r3, r1
10003b20:	404a      	eors	r2, r1
10003b22:	b292      	uxth	r2, r2
10003b24:	e709      	b.n	1000393a <_vsnprintf+0x8ee>
10003b26:	2300      	movs	r3, #0
10003b28:	4699      	mov	r9, r3
10003b2a:	2800      	cmp	r0, #0
10003b2c:	d1a2      	bne.n	10003a74 <_vsnprintf+0xa28>
10003b2e:	2200      	movs	r2, #0
10003b30:	2300      	movs	r3, #0
10003b32:	9210      	str	r2, [sp, #64]	@ 0x40
10003b34:	9311      	str	r3, [sp, #68]	@ 0x44
10003b36:	e76a      	b.n	10003a0e <_vsnprintf+0x9c2>
10003b38:	9b0d      	ldr	r3, [sp, #52]	@ 0x34
10003b3a:	681b      	ldr	r3, [r3, #0]
10003b3c:	4699      	mov	r9, r3
10003b3e:	2b00      	cmp	r3, #0
10003b40:	d103      	bne.n	10003b4a <_vsnprintf+0xafe>
10003b42:	3310      	adds	r3, #16
10003b44:	4398      	bics	r0, r3
10003b46:	2900      	cmp	r1, #0
10003b48:	d138      	bne.n	10003bbc <_vsnprintf+0xb70>
10003b4a:	2361      	movs	r3, #97	@ 0x61
10003b4c:	0682      	lsls	r2, r0, #26
10003b4e:	d500      	bpl.n	10003b52 <_vsnprintf+0xb06>
10003b50:	2341      	movs	r3, #65	@ 0x41
10003b52:	b2db      	uxtb	r3, r3
10003b54:	3b0a      	subs	r3, #10
10003b56:	930d      	str	r3, [sp, #52]	@ 0x34
10003b58:	4643      	mov	r3, r8
10003b5a:	9316      	str	r3, [sp, #88]	@ 0x58
10003b5c:	4653      	mov	r3, sl
10003b5e:	a914      	add	r1, sp, #80	@ 0x50
10003b60:	221f      	movs	r2, #31
10003b62:	468c      	mov	ip, r1
10003b64:	9317      	str	r3, [sp, #92]	@ 0x5c
10003b66:	002b      	movs	r3, r5
10003b68:	4462      	add	r2, ip
10003b6a:	464d      	mov	r5, r9
10003b6c:	46b2      	mov	sl, r6
10003b6e:	9415      	str	r4, [sp, #84]	@ 0x54
10003b70:	9718      	str	r7, [sp, #96]	@ 0x60
10003b72:	4680      	mov	r8, r0
10003b74:	0017      	movs	r7, r2
10003b76:	4699      	mov	r9, r3
10003b78:	9c0b      	ldr	r4, [sp, #44]	@ 0x2c
10003b7a:	9e0f      	ldr	r6, [sp, #60]	@ 0x3c
10003b7c:	e008      	b.n	10003b90 <_vsnprintf+0xb44>
10003b7e:	3330      	adds	r3, #48	@ 0x30
10003b80:	b2db      	uxtb	r3, r3
10003b82:	3401      	adds	r4, #1
10003b84:	553b      	strb	r3, [r7, r4]
10003b86:	42b5      	cmp	r5, r6
10003b88:	d30e      	bcc.n	10003ba8 <_vsnprintf+0xb5c>
10003b8a:	2c20      	cmp	r4, #32
10003b8c:	d00c      	beq.n	10003ba8 <_vsnprintf+0xb5c>
10003b8e:	0005      	movs	r5, r0
10003b90:	0031      	movs	r1, r6
10003b92:	0028      	movs	r0, r5
10003b94:	f7fd fe26 	bl	100017e4 <__wrap___aeabi_uidiv>
10003b98:	b2cb      	uxtb	r3, r1
10003b9a:	2909      	cmp	r1, #9
10003b9c:	d9ef      	bls.n	10003b7e <_vsnprintf+0xb32>
10003b9e:	9a0d      	ldr	r2, [sp, #52]	@ 0x34
10003ba0:	4694      	mov	ip, r2
10003ba2:	4463      	add	r3, ip
10003ba4:	b2db      	uxtb	r3, r3
10003ba6:	e7ec      	b.n	10003b82 <_vsnprintf+0xb36>
10003ba8:	9b16      	ldr	r3, [sp, #88]	@ 0x58
10003baa:	4640      	mov	r0, r8
10003bac:	4698      	mov	r8, r3
10003bae:	9b17      	ldr	r3, [sp, #92]	@ 0x5c
10003bb0:	4656      	mov	r6, sl
10003bb2:	464d      	mov	r5, r9
10003bb4:	469a      	mov	sl, r3
10003bb6:	940b      	str	r4, [sp, #44]	@ 0x2c
10003bb8:	9f18      	ldr	r7, [sp, #96]	@ 0x60
10003bba:	9c15      	ldr	r4, [sp, #84]	@ 0x54
10003bbc:	4643      	mov	r3, r8
10003bbe:	9305      	str	r3, [sp, #20]
10003bc0:	4653      	mov	r3, sl
10003bc2:	9304      	str	r3, [sp, #16]
10003bc4:	9b0f      	ldr	r3, [sp, #60]	@ 0x3c
10003bc6:	9006      	str	r0, [sp, #24]
10003bc8:	9303      	str	r3, [sp, #12]
10003bca:	2300      	movs	r3, #0
10003bcc:	9302      	str	r3, [sp, #8]
10003bce:	9b0b      	ldr	r3, [sp, #44]	@ 0x2c
10003bd0:	e50b      	b.n	100035ea <_vsnprintf+0x59e>
10003bd2:	990b      	ldr	r1, [sp, #44]	@ 0x2c
10003bd4:	2380      	movs	r3, #128	@ 0x80
10003bd6:	000a      	movs	r2, r1
10003bd8:	00db      	lsls	r3, r3, #3
10003bda:	401a      	ands	r2, r3
10003bdc:	0010      	movs	r0, r2
10003bde:	000a      	movs	r2, r1
10003be0:	4219      	tst	r1, r3
10003be2:	d000      	beq.n	10003be6 <_vsnprintf+0xb9a>
10003be4:	e68b      	b.n	100038fe <_vsnprintf+0x8b2>
10003be6:	2310      	movs	r3, #16
10003be8:	439a      	bics	r2, r3
10003bea:	920f      	str	r2, [sp, #60]	@ 0x3c
10003bec:	e68b      	b.n	10003906 <_vsnprintf+0x8ba>
10003bee:	2800      	cmp	r0, #0
10003bf0:	d183      	bne.n	10003afa <_vsnprintf+0xaae>
10003bf2:	e758      	b.n	10003aa6 <_vsnprintf+0xa5a>
10003bf4:	9b0d      	ldr	r3, [sp, #52]	@ 0x34
10003bf6:	681b      	ldr	r3, [r3, #0]
10003bf8:	17d9      	asrs	r1, r3, #31
10003bfa:	185a      	adds	r2, r3, r1
10003bfc:	404a      	eors	r2, r1
10003bfe:	e69c      	b.n	1000393a <_vsnprintf+0x8ee>
10003c00:	9b0d      	ldr	r3, [sp, #52]	@ 0x34
10003c02:	681b      	ldr	r3, [r3, #0]
10003c04:	9309      	str	r3, [sp, #36]	@ 0x24
10003c06:	e4dc      	b.n	100035c2 <_vsnprintf+0x576>
10003c08:	0003      	movs	r3, r0
10003c0a:	3301      	adds	r3, #1
10003c0c:	930f      	str	r3, [sp, #60]	@ 0x3c
10003c0e:	e5a5      	b.n	1000375c <_vsnprintf+0x710>
10003c10:	920b      	str	r2, [sp, #44]	@ 0x2c
10003c12:	e46d      	b.n	100034f0 <_vsnprintf+0x4a4>

10003c14 <vfctprintf>:
10003c14:	b500      	push	{lr}
10003c16:	b085      	sub	sp, #20
10003c18:	9103      	str	r1, [sp, #12]
10003c1a:	2101      	movs	r1, #1
10003c1c:	9002      	str	r0, [sp, #8]
10003c1e:	9300      	str	r3, [sp, #0]
10003c20:	4803      	ldr	r0, [pc, #12]	@ (10003c30 <vfctprintf+0x1c>)
10003c22:	0013      	movs	r3, r2
10003c24:	424a      	negs	r2, r1
10003c26:	a902      	add	r1, sp, #8
10003c28:	f7ff fa10 	bl	1000304c <_vsnprintf>
10003c2c:	b005      	add	sp, #20
10003c2e:	bd00      	pop	{pc}
10003c30:	10002819 	.word	0x10002819

10003c34 <weak_raw_vprintf>:
10003c34:	b510      	push	{r4, lr}
10003c36:	4a09      	ldr	r2, [pc, #36]	@ (10003c5c <weak_raw_vprintf+0x28>)
10003c38:	0003      	movs	r3, r0
10003c3a:	6814      	ldr	r4, [r2, #0]
10003c3c:	b084      	sub	sp, #16
10003c3e:	2c00      	cmp	r4, #0
10003c40:	d008      	beq.n	10003c54 <weak_raw_vprintf+0x20>
10003c42:	2201      	movs	r2, #1
10003c44:	9100      	str	r1, [sp, #0]
10003c46:	4806      	ldr	r0, [pc, #24]	@ (10003c60 <weak_raw_vprintf+0x2c>)
10003c48:	4252      	negs	r2, r2
10003c4a:	a903      	add	r1, sp, #12
10003c4c:	47a0      	blx	r4
10003c4e:	2001      	movs	r0, #1
10003c50:	b004      	add	sp, #16
10003c52:	bd10      	pop	{r4, pc}
10003c54:	f000 f98e 	bl	10003f74 <__wrap_puts>
10003c58:	2000      	movs	r0, #0
10003c5a:	e7f9      	b.n	10003c50 <weak_raw_vprintf+0x1c>
10003c5c:	2000205c 	.word	0x2000205c
10003c60:	10002809 	.word	0x10002809

10003c64 <_exit>:
10003c64:	be00      	bkpt	0x0000
10003c66:	e7fd      	b.n	10003c64 <_exit>

10003c68 <exit>:
10003c68:	b510      	push	{r4, lr}
10003c6a:	f7ff fffb 	bl	10003c64 <_exit>
10003c6e:	46c0      	nop			@ (mov r8, r8)

10003c70 <runtime_init>:
10003c70:	b570      	push	{r4, r5, r6, lr}
10003c72:	f7fd fcb7 	bl	100015e4 <runtime_run_initializers>
10003c76:	4d07      	ldr	r5, [pc, #28]	@ (10003c94 <runtime_init+0x24>)
10003c78:	4e07      	ldr	r6, [pc, #28]	@ (10003c98 <runtime_init+0x28>)
10003c7a:	42b5      	cmp	r5, r6
10003c7c:	d209      	bcs.n	10003c92 <runtime_init+0x22>
10003c7e:	2400      	movs	r4, #0
10003c80:	3e01      	subs	r6, #1
10003c82:	1b76      	subs	r6, r6, r5
10003c84:	08b6      	lsrs	r6, r6, #2
10003c86:	cd08      	ldmia	r5!, {r3}
10003c88:	4798      	blx	r3
10003c8a:	0023      	movs	r3, r4
10003c8c:	3401      	adds	r4, #1
10003c8e:	42b3      	cmp	r3, r6
10003c90:	d1f9      	bne.n	10003c86 <runtime_init+0x16>
10003c92:	bd70      	pop	{r4, r5, r6, pc}
10003c94:	10006aa4 	.word	0x10006aa4
10003c98:	10006ab0 	.word	0x10006ab0

10003c9c <stdio_out_chars_no_crlf>:
10003c9c:	0003      	movs	r3, r0
10003c9e:	b510      	push	{r4, lr}
10003ca0:	0008      	movs	r0, r1
10003ca2:	0011      	movs	r1, r2
10003ca4:	681b      	ldr	r3, [r3, #0]
10003ca6:	4798      	blx	r3
10003ca8:	bd10      	pop	{r4, pc}
10003caa:	46c0      	nop			@ (mov r8, r8)

10003cac <stdio_out_chars_crlf>:
10003cac:	b5f0      	push	{r4, r5, r6, r7, lr}
10003cae:	46c6      	mov	lr, r8
10003cb0:	b500      	push	{lr}
10003cb2:	7d43      	ldrb	r3, [r0, #21]
10003cb4:	0007      	movs	r7, r0
10003cb6:	000d      	movs	r5, r1
10003cb8:	0016      	movs	r6, r2
10003cba:	2b00      	cmp	r3, #0
10003cbc:	d038      	beq.n	10003d30 <stdio_out_chars_crlf+0x84>
10003cbe:	2a00      	cmp	r2, #0
10003cc0:	dd2e      	ble.n	10003d20 <stdio_out_chars_crlf+0x74>
10003cc2:	2100      	movs	r1, #0
10003cc4:	1e6a      	subs	r2, r5, #1
10003cc6:	4690      	mov	r8, r2
10003cc8:	5c6a      	ldrb	r2, [r5, r1]
10003cca:	7d03      	ldrb	r3, [r0, #20]
10003ccc:	1c4c      	adds	r4, r1, #1
10003cce:	2000      	movs	r0, #0
10003cd0:	2a0a      	cmp	r2, #10
10003cd2:	d00c      	beq.n	10003cee <stdio_out_chars_crlf+0x42>
10003cd4:	42a6      	cmp	r6, r4
10003cd6:	d016      	beq.n	10003d06 <stdio_out_chars_crlf+0x5a>
10003cd8:	4643      	mov	r3, r8
10003cda:	5d1b      	ldrb	r3, [r3, r4]
10003cdc:	0021      	movs	r1, r4
10003cde:	3b0d      	subs	r3, #13
10003ce0:	425a      	negs	r2, r3
10003ce2:	4153      	adcs	r3, r2
10003ce4:	5c6a      	ldrb	r2, [r5, r1]
10003ce6:	b2db      	uxtb	r3, r3
10003ce8:	1c4c      	adds	r4, r1, #1
10003cea:	2a0a      	cmp	r2, #10
10003cec:	d1f2      	bne.n	10003cd4 <stdio_out_chars_crlf+0x28>
10003cee:	2b00      	cmp	r3, #0
10003cf0:	d1f0      	bne.n	10003cd4 <stdio_out_chars_crlf+0x28>
10003cf2:	4288      	cmp	r0, r1
10003cf4:	db17      	blt.n	10003d26 <stdio_out_chars_crlf+0x7a>
10003cf6:	2102      	movs	r1, #2
10003cf8:	4810      	ldr	r0, [pc, #64]	@ (10003d3c <stdio_out_chars_crlf+0x90>)
10003cfa:	683b      	ldr	r3, [r7, #0]
10003cfc:	4798      	blx	r3
10003cfe:	42a6      	cmp	r6, r4
10003d00:	d007      	beq.n	10003d12 <stdio_out_chars_crlf+0x66>
10003d02:	0020      	movs	r0, r4
10003d04:	e7e8      	b.n	10003cd8 <stdio_out_chars_crlf+0x2c>
10003d06:	4286      	cmp	r6, r0
10003d08:	dd03      	ble.n	10003d12 <stdio_out_chars_crlf+0x66>
10003d0a:	1a31      	subs	r1, r6, r0
10003d0c:	683b      	ldr	r3, [r7, #0]
10003d0e:	1828      	adds	r0, r5, r0
10003d10:	4798      	blx	r3
10003d12:	19ad      	adds	r5, r5, r6
10003d14:	3d01      	subs	r5, #1
10003d16:	782b      	ldrb	r3, [r5, #0]
10003d18:	3b0d      	subs	r3, #13
10003d1a:	425a      	negs	r2, r3
10003d1c:	4153      	adcs	r3, r2
10003d1e:	753b      	strb	r3, [r7, #20]
10003d20:	bc80      	pop	{r7}
10003d22:	46b8      	mov	r8, r7
10003d24:	bdf0      	pop	{r4, r5, r6, r7, pc}
10003d26:	1a09      	subs	r1, r1, r0
10003d28:	683b      	ldr	r3, [r7, #0]
10003d2a:	1828      	adds	r0, r5, r0
10003d2c:	4798      	blx	r3
10003d2e:	e7e2      	b.n	10003cf6 <stdio_out_chars_crlf+0x4a>
10003d30:	6803      	ldr	r3, [r0, #0]
10003d32:	0011      	movs	r1, r2
10003d34:	0028      	movs	r0, r5
10003d36:	4798      	blx	r3
10003d38:	e7f2      	b.n	10003d20 <stdio_out_chars_crlf+0x74>
10003d3a:	46c0      	nop			@ (mov r8, r8)
10003d3c:	10006e78 	.word	0x10006e78

10003d40 <stdio_buffered_printer>:
10003d40:	b5f0      	push	{r4, r5, r6, r7, lr}
10003d42:	46c6      	mov	lr, r8
10003d44:	680b      	ldr	r3, [r1, #0]
10003d46:	0006      	movs	r6, r0
10003d48:	000c      	movs	r4, r1
10003d4a:	b500      	push	{lr}
10003d4c:	2b80      	cmp	r3, #128	@ 0x80
10003d4e:	d006      	beq.n	10003d5e <stdio_buffered_printer+0x1e>
10003d50:	1c5a      	adds	r2, r3, #1
10003d52:	6022      	str	r2, [r4, #0]
10003d54:	18e4      	adds	r4, r4, r3
10003d56:	7126      	strb	r6, [r4, #4]
10003d58:	bc80      	pop	{r7}
10003d5a:	46b8      	mov	r8, r7
10003d5c:	bdf0      	pop	{r4, r5, r6, r7, pc}
10003d5e:	4b0f      	ldr	r3, [pc, #60]	@ (10003d9c <stdio_buffered_printer+0x5c>)
10003d60:	681d      	ldr	r5, [r3, #0]
10003d62:	2d00      	cmp	r5, #0
10003d64:	d016      	beq.n	10003d94 <stdio_buffered_printer+0x54>
10003d66:	1d0b      	adds	r3, r1, #4
10003d68:	4698      	mov	r8, r3
10003d6a:	4f0d      	ldr	r7, [pc, #52]	@ (10003da0 <stdio_buffered_printer+0x60>)
10003d6c:	e002      	b.n	10003d74 <stdio_buffered_printer+0x34>
10003d6e:	692d      	ldr	r5, [r5, #16]
10003d70:	2d00      	cmp	r5, #0
10003d72:	d00f      	beq.n	10003d94 <stdio_buffered_printer+0x54>
10003d74:	682b      	ldr	r3, [r5, #0]
10003d76:	2b00      	cmp	r3, #0
10003d78:	d0f9      	beq.n	10003d6e <stdio_buffered_printer+0x2e>
10003d7a:	683b      	ldr	r3, [r7, #0]
10003d7c:	2b00      	cmp	r3, #0
10003d7e:	d001      	beq.n	10003d84 <stdio_buffered_printer+0x44>
10003d80:	42ab      	cmp	r3, r5
10003d82:	d1f4      	bne.n	10003d6e <stdio_buffered_printer+0x2e>
10003d84:	0028      	movs	r0, r5
10003d86:	4641      	mov	r1, r8
10003d88:	6822      	ldr	r2, [r4, #0]
10003d8a:	f7ff ff8f 	bl	10003cac <stdio_out_chars_crlf>
10003d8e:	692d      	ldr	r5, [r5, #16]
10003d90:	2d00      	cmp	r5, #0
10003d92:	d1ef      	bne.n	10003d74 <stdio_buffered_printer+0x34>
10003d94:	2201      	movs	r2, #1
10003d96:	2300      	movs	r3, #0
10003d98:	e7db      	b.n	10003d52 <stdio_buffered_printer+0x12>
10003d9a:	46c0      	nop			@ (mov r8, r8)
10003d9c:	20001c50 	.word	0x20001c50
10003da0:	20001c58 	.word	0x20001c58

10003da4 <stdio_put_string>:
10003da4:	b5f0      	push	{r4, r5, r6, r7, lr}
10003da6:	46de      	mov	lr, fp
10003da8:	4657      	mov	r7, sl
10003daa:	464e      	mov	r6, r9
10003dac:	4645      	mov	r5, r8
10003dae:	b5e0      	push	{r5, r6, r7, lr}
10003db0:	b085      	sub	sp, #20
10003db2:	0017      	movs	r7, r2
10003db4:	001c      	movs	r4, r3
10003db6:	0006      	movs	r6, r0
10003db8:	000d      	movs	r5, r1
10003dba:	f7fd f9fb 	bl	100011b4 <time_us_64>
10003dbe:	2300      	movs	r3, #0
10003dc0:	4a31      	ldr	r2, [pc, #196]	@ (10003e88 <stdio_put_string+0xe4>)
10003dc2:	1812      	adds	r2, r2, r0
10003dc4:	414b      	adcs	r3, r1
10003dc6:	2180      	movs	r1, #128	@ 0x80
10003dc8:	0609      	lsls	r1, r1, #24
10003dca:	428b      	cmp	r3, r1
10003dcc:	d302      	bcc.n	10003dd4 <stdio_put_string+0x30>
10003dce:	2201      	movs	r2, #1
10003dd0:	4b2e      	ldr	r3, [pc, #184]	@ (10003e8c <stdio_put_string+0xe8>)
10003dd2:	4252      	negs	r2, r2
10003dd4:	492e      	ldr	r1, [pc, #184]	@ (10003e90 <stdio_put_string+0xec>)
10003dd6:	0008      	movs	r0, r1
10003dd8:	468a      	mov	sl, r1
10003dda:	f002 fe2d 	bl	10006a38 <__mutex_try_enter_block_until_veneer>
10003dde:	9001      	str	r0, [sp, #4]
10003de0:	1c6b      	adds	r3, r5, #1
10003de2:	d103      	bne.n	10003dec <stdio_put_string+0x48>
10003de4:	0030      	movs	r0, r6
10003de6:	f002 fd53 	bl	10006890 <strlen>
10003dea:	0005      	movs	r5, r0
10003dec:	2c00      	cmp	r4, #0
10003dee:	d026      	beq.n	10003e3e <stdio_put_string+0x9a>
10003df0:	4b28      	ldr	r3, [pc, #160]	@ (10003e94 <stdio_put_string+0xf0>)
10003df2:	4698      	mov	r8, r3
10003df4:	4b28      	ldr	r3, [pc, #160]	@ (10003e98 <stdio_put_string+0xf4>)
10003df6:	681c      	ldr	r4, [r3, #0]
10003df8:	2c00      	cmp	r4, #0
10003dfa:	d015      	beq.n	10003e28 <stdio_put_string+0x84>
10003dfc:	2f00      	cmp	r7, #0
10003dfe:	d121      	bne.n	10003e44 <stdio_put_string+0xa0>
10003e00:	4f26      	ldr	r7, [pc, #152]	@ (10003e9c <stdio_put_string+0xf8>)
10003e02:	e002      	b.n	10003e0a <stdio_put_string+0x66>
10003e04:	6924      	ldr	r4, [r4, #16]
10003e06:	2c00      	cmp	r4, #0
10003e08:	d00e      	beq.n	10003e28 <stdio_put_string+0x84>
10003e0a:	6823      	ldr	r3, [r4, #0]
10003e0c:	2b00      	cmp	r3, #0
10003e0e:	d0f9      	beq.n	10003e04 <stdio_put_string+0x60>
10003e10:	683b      	ldr	r3, [r7, #0]
10003e12:	2b00      	cmp	r3, #0
10003e14:	d001      	beq.n	10003e1a <stdio_put_string+0x76>
10003e16:	429c      	cmp	r4, r3
10003e18:	d1f4      	bne.n	10003e04 <stdio_put_string+0x60>
10003e1a:	0020      	movs	r0, r4
10003e1c:	002a      	movs	r2, r5
10003e1e:	0031      	movs	r1, r6
10003e20:	47c0      	blx	r8
10003e22:	6924      	ldr	r4, [r4, #16]
10003e24:	2c00      	cmp	r4, #0
10003e26:	d1f0      	bne.n	10003e0a <stdio_put_string+0x66>
10003e28:	9b01      	ldr	r3, [sp, #4]
10003e2a:	2b00      	cmp	r3, #0
10003e2c:	d128      	bne.n	10003e80 <stdio_put_string+0xdc>
10003e2e:	0028      	movs	r0, r5
10003e30:	b005      	add	sp, #20
10003e32:	bcf0      	pop	{r4, r5, r6, r7}
10003e34:	46bb      	mov	fp, r7
10003e36:	46b2      	mov	sl, r6
10003e38:	46a9      	mov	r9, r5
10003e3a:	46a0      	mov	r8, r4
10003e3c:	bdf0      	pop	{r4, r5, r6, r7, pc}
10003e3e:	4b18      	ldr	r3, [pc, #96]	@ (10003ea0 <stdio_put_string+0xfc>)
10003e40:	4698      	mov	r8, r3
10003e42:	e7d7      	b.n	10003df4 <stdio_put_string+0x50>
10003e44:	4b15      	ldr	r3, [pc, #84]	@ (10003e9c <stdio_put_string+0xf8>)
10003e46:	4699      	mov	r9, r3
10003e48:	ab02      	add	r3, sp, #8
10003e4a:	1ddf      	adds	r7, r3, #7
10003e4c:	230a      	movs	r3, #10
10003e4e:	469b      	mov	fp, r3
10003e50:	e002      	b.n	10003e58 <stdio_put_string+0xb4>
10003e52:	6924      	ldr	r4, [r4, #16]
10003e54:	2c00      	cmp	r4, #0
10003e56:	d0e7      	beq.n	10003e28 <stdio_put_string+0x84>
10003e58:	6823      	ldr	r3, [r4, #0]
10003e5a:	2b00      	cmp	r3, #0
10003e5c:	d0f9      	beq.n	10003e52 <stdio_put_string+0xae>
10003e5e:	464b      	mov	r3, r9
10003e60:	681b      	ldr	r3, [r3, #0]
10003e62:	2b00      	cmp	r3, #0
10003e64:	d001      	beq.n	10003e6a <stdio_put_string+0xc6>
10003e66:	42a3      	cmp	r3, r4
10003e68:	d1f3      	bne.n	10003e52 <stdio_put_string+0xae>
10003e6a:	002a      	movs	r2, r5
10003e6c:	0031      	movs	r1, r6
10003e6e:	0020      	movs	r0, r4
10003e70:	47c0      	blx	r8
10003e72:	465b      	mov	r3, fp
10003e74:	2201      	movs	r2, #1
10003e76:	0039      	movs	r1, r7
10003e78:	0020      	movs	r0, r4
10003e7a:	703b      	strb	r3, [r7, #0]
10003e7c:	47c0      	blx	r8
10003e7e:	e7e8      	b.n	10003e52 <stdio_put_string+0xae>
10003e80:	4650      	mov	r0, sl
10003e82:	f002 fd99 	bl	100069b8 <__mutex_exit_veneer>
10003e86:	e7d2      	b.n	10003e2e <stdio_put_string+0x8a>
10003e88:	000f4240 	.word	0x000f4240
10003e8c:	7fffffff 	.word	0x7fffffff
10003e90:	20001018 	.word	0x20001018
10003e94:	10003cad 	.word	0x10003cad
10003e98:	20001c50 	.word	0x20001c50
10003e9c:	20001c58 	.word	0x20001c58
10003ea0:	10003c9d 	.word	0x10003c9d

10003ea4 <stdio_set_driver_enabled>:
10003ea4:	4a0a      	ldr	r2, [pc, #40]	@ (10003ed0 <stdio_set_driver_enabled+0x2c>)
10003ea6:	6813      	ldr	r3, [r2, #0]
10003ea8:	2b00      	cmp	r3, #0
10003eaa:	d105      	bne.n	10003eb8 <stdio_set_driver_enabled+0x14>
10003eac:	e00c      	b.n	10003ec8 <stdio_set_driver_enabled+0x24>
10003eae:	001a      	movs	r2, r3
10003eb0:	691b      	ldr	r3, [r3, #16]
10003eb2:	3210      	adds	r2, #16
10003eb4:	2b00      	cmp	r3, #0
10003eb6:	d007      	beq.n	10003ec8 <stdio_set_driver_enabled+0x24>
10003eb8:	4298      	cmp	r0, r3
10003eba:	d1f8      	bne.n	10003eae <stdio_set_driver_enabled+0xa>
10003ebc:	2900      	cmp	r1, #0
10003ebe:	d102      	bne.n	10003ec6 <stdio_set_driver_enabled+0x22>
10003ec0:	6903      	ldr	r3, [r0, #16]
10003ec2:	6013      	str	r3, [r2, #0]
10003ec4:	6101      	str	r1, [r0, #16]
10003ec6:	4770      	bx	lr
10003ec8:	2900      	cmp	r1, #0
10003eca:	d0fc      	beq.n	10003ec6 <stdio_set_driver_enabled+0x22>
10003ecc:	6010      	str	r0, [r2, #0]
10003ece:	e7fa      	b.n	10003ec6 <stdio_set_driver_enabled+0x22>
10003ed0:	20001c50 	.word	0x20001c50

10003ed4 <stdio_init_all>:
10003ed4:	b510      	push	{r4, lr}
10003ed6:	f000 fb03 	bl	100044e0 <stdio_usb_init>
10003eda:	bd10      	pop	{r4, pc}

10003edc <__wrap_putchar>:
10003edc:	b5f0      	push	{r4, r5, r6, r7, lr}
10003ede:	46ce      	mov	lr, r9
10003ee0:	4647      	mov	r7, r8
10003ee2:	b580      	push	{r7, lr}
10003ee4:	b083      	sub	sp, #12
10003ee6:	466b      	mov	r3, sp
10003ee8:	0006      	movs	r6, r0
10003eea:	1ddd      	adds	r5, r3, #7
10003eec:	7028      	strb	r0, [r5, #0]
10003eee:	f7fd f961 	bl	100011b4 <time_us_64>
10003ef2:	2300      	movs	r3, #0
10003ef4:	4a1a      	ldr	r2, [pc, #104]	@ (10003f60 <__wrap_putchar+0x84>)
10003ef6:	1812      	adds	r2, r2, r0
10003ef8:	414b      	adcs	r3, r1
10003efa:	2180      	movs	r1, #128	@ 0x80
10003efc:	0609      	lsls	r1, r1, #24
10003efe:	428b      	cmp	r3, r1
10003f00:	d302      	bcc.n	10003f08 <__wrap_putchar+0x2c>
10003f02:	2201      	movs	r2, #1
10003f04:	4b17      	ldr	r3, [pc, #92]	@ (10003f64 <__wrap_putchar+0x88>)
10003f06:	4252      	negs	r2, r2
10003f08:	4917      	ldr	r1, [pc, #92]	@ (10003f68 <__wrap_putchar+0x8c>)
10003f0a:	0008      	movs	r0, r1
10003f0c:	4688      	mov	r8, r1
10003f0e:	f002 fd93 	bl	10006a38 <__mutex_try_enter_block_until_veneer>
10003f12:	4b16      	ldr	r3, [pc, #88]	@ (10003f6c <__wrap_putchar+0x90>)
10003f14:	4681      	mov	r9, r0
10003f16:	681c      	ldr	r4, [r3, #0]
10003f18:	2c00      	cmp	r4, #0
10003f1a:	d014      	beq.n	10003f46 <__wrap_putchar+0x6a>
10003f1c:	4f14      	ldr	r7, [pc, #80]	@ (10003f70 <__wrap_putchar+0x94>)
10003f1e:	e002      	b.n	10003f26 <__wrap_putchar+0x4a>
10003f20:	6924      	ldr	r4, [r4, #16]
10003f22:	2c00      	cmp	r4, #0
10003f24:	d00f      	beq.n	10003f46 <__wrap_putchar+0x6a>
10003f26:	6823      	ldr	r3, [r4, #0]
10003f28:	2b00      	cmp	r3, #0
10003f2a:	d0f9      	beq.n	10003f20 <__wrap_putchar+0x44>
10003f2c:	683b      	ldr	r3, [r7, #0]
10003f2e:	2b00      	cmp	r3, #0
10003f30:	d001      	beq.n	10003f36 <__wrap_putchar+0x5a>
10003f32:	429c      	cmp	r4, r3
10003f34:	d1f4      	bne.n	10003f20 <__wrap_putchar+0x44>
10003f36:	0020      	movs	r0, r4
10003f38:	2201      	movs	r2, #1
10003f3a:	0029      	movs	r1, r5
10003f3c:	f7ff feb6 	bl	10003cac <stdio_out_chars_crlf>
10003f40:	6924      	ldr	r4, [r4, #16]
10003f42:	2c00      	cmp	r4, #0
10003f44:	d1ef      	bne.n	10003f26 <__wrap_putchar+0x4a>
10003f46:	464b      	mov	r3, r9
10003f48:	2b00      	cmp	r3, #0
10003f4a:	d105      	bne.n	10003f58 <__wrap_putchar+0x7c>
10003f4c:	0030      	movs	r0, r6
10003f4e:	b003      	add	sp, #12
10003f50:	bcc0      	pop	{r6, r7}
10003f52:	46b9      	mov	r9, r7
10003f54:	46b0      	mov	r8, r6
10003f56:	bdf0      	pop	{r4, r5, r6, r7, pc}
10003f58:	4640      	mov	r0, r8
10003f5a:	f002 fd2d 	bl	100069b8 <__mutex_exit_veneer>
10003f5e:	e7f5      	b.n	10003f4c <__wrap_putchar+0x70>
10003f60:	000f4240 	.word	0x000f4240
10003f64:	7fffffff 	.word	0x7fffffff
10003f68:	20001018 	.word	0x20001018
10003f6c:	20001c50 	.word	0x20001c50
10003f70:	20001c58 	.word	0x20001c58

10003f74 <__wrap_puts>:
10003f74:	b570      	push	{r4, r5, r6, lr}
10003f76:	0004      	movs	r4, r0
10003f78:	f002 fc8a 	bl	10006890 <strlen>
10003f7c:	2301      	movs	r3, #1
10003f7e:	0001      	movs	r1, r0
10003f80:	0005      	movs	r5, r0
10003f82:	2201      	movs	r2, #1
10003f84:	0020      	movs	r0, r4
10003f86:	f7ff ff0d 	bl	10003da4 <stdio_put_string>
10003f8a:	4b08      	ldr	r3, [pc, #32]	@ (10003fac <__wrap_puts+0x38>)
10003f8c:	681c      	ldr	r4, [r3, #0]
10003f8e:	2c00      	cmp	r4, #0
10003f90:	d006      	beq.n	10003fa0 <__wrap_puts+0x2c>
10003f92:	6863      	ldr	r3, [r4, #4]
10003f94:	2b00      	cmp	r3, #0
10003f96:	d005      	beq.n	10003fa4 <__wrap_puts+0x30>
10003f98:	4798      	blx	r3
10003f9a:	6924      	ldr	r4, [r4, #16]
10003f9c:	2c00      	cmp	r4, #0
10003f9e:	d1f8      	bne.n	10003f92 <__wrap_puts+0x1e>
10003fa0:	0028      	movs	r0, r5
10003fa2:	bd70      	pop	{r4, r5, r6, pc}
10003fa4:	6924      	ldr	r4, [r4, #16]
10003fa6:	2c00      	cmp	r4, #0
10003fa8:	d1f3      	bne.n	10003f92 <__wrap_puts+0x1e>
10003faa:	e7f9      	b.n	10003fa0 <__wrap_puts+0x2c>
10003fac:	20001c50 	.word	0x20001c50

10003fb0 <__wrap_vprintf>:
10003fb0:	b5f0      	push	{r4, r5, r6, r7, lr}
10003fb2:	46ce      	mov	lr, r9
10003fb4:	4647      	mov	r7, r8
10003fb6:	b580      	push	{r7, lr}
10003fb8:	b0a3      	sub	sp, #140	@ 0x8c
10003fba:	0004      	movs	r4, r0
10003fbc:	000d      	movs	r5, r1
10003fbe:	f7fd f8f9 	bl	100011b4 <time_us_64>
10003fc2:	2300      	movs	r3, #0
10003fc4:	4a29      	ldr	r2, [pc, #164]	@ (1000406c <__wrap_vprintf+0xbc>)
10003fc6:	1812      	adds	r2, r2, r0
10003fc8:	414b      	adcs	r3, r1
10003fca:	2180      	movs	r1, #128	@ 0x80
10003fcc:	0609      	lsls	r1, r1, #24
10003fce:	428b      	cmp	r3, r1
10003fd0:	d302      	bcc.n	10003fd8 <__wrap_vprintf+0x28>
10003fd2:	2201      	movs	r2, #1
10003fd4:	4b26      	ldr	r3, [pc, #152]	@ (10004070 <__wrap_vprintf+0xc0>)
10003fd6:	4252      	negs	r2, r2
10003fd8:	4f26      	ldr	r7, [pc, #152]	@ (10004074 <__wrap_vprintf+0xc4>)
10003fda:	0038      	movs	r0, r7
10003fdc:	f002 fd2c 	bl	10006a38 <__mutex_try_enter_block_until_veneer>
10003fe0:	2300      	movs	r3, #0
10003fe2:	0006      	movs	r6, r0
10003fe4:	9301      	str	r3, [sp, #4]
10003fe6:	0022      	movs	r2, r4
10003fe8:	002b      	movs	r3, r5
10003fea:	4823      	ldr	r0, [pc, #140]	@ (10004078 <__wrap_vprintf+0xc8>)
10003fec:	a901      	add	r1, sp, #4
10003fee:	f7ff fe11 	bl	10003c14 <vfctprintf>
10003ff2:	9b01      	ldr	r3, [sp, #4]
10003ff4:	4680      	mov	r8, r0
10003ff6:	2b00      	cmp	r3, #0
10003ff8:	d114      	bne.n	10004024 <__wrap_vprintf+0x74>
10003ffa:	4b20      	ldr	r3, [pc, #128]	@ (1000407c <__wrap_vprintf+0xcc>)
10003ffc:	681c      	ldr	r4, [r3, #0]
10003ffe:	2c00      	cmp	r4, #0
10004000:	d006      	beq.n	10004010 <__wrap_vprintf+0x60>
10004002:	6863      	ldr	r3, [r4, #4]
10004004:	2b00      	cmp	r3, #0
10004006:	d00b      	beq.n	10004020 <__wrap_vprintf+0x70>
10004008:	4798      	blx	r3
1000400a:	6924      	ldr	r4, [r4, #16]
1000400c:	2c00      	cmp	r4, #0
1000400e:	d1f8      	bne.n	10004002 <__wrap_vprintf+0x52>
10004010:	2e00      	cmp	r6, #0
10004012:	d125      	bne.n	10004060 <__wrap_vprintf+0xb0>
10004014:	4640      	mov	r0, r8
10004016:	b023      	add	sp, #140	@ 0x8c
10004018:	bcc0      	pop	{r6, r7}
1000401a:	46b9      	mov	r9, r7
1000401c:	46b0      	mov	r8, r6
1000401e:	bdf0      	pop	{r4, r5, r6, r7, pc}
10004020:	6924      	ldr	r4, [r4, #16]
10004022:	e7ec      	b.n	10003ffe <__wrap_vprintf+0x4e>
10004024:	4b15      	ldr	r3, [pc, #84]	@ (1000407c <__wrap_vprintf+0xcc>)
10004026:	681d      	ldr	r5, [r3, #0]
10004028:	4699      	mov	r9, r3
1000402a:	2d00      	cmp	r5, #0
1000402c:	d01c      	beq.n	10004068 <__wrap_vprintf+0xb8>
1000402e:	4c14      	ldr	r4, [pc, #80]	@ (10004080 <__wrap_vprintf+0xd0>)
10004030:	e002      	b.n	10004038 <__wrap_vprintf+0x88>
10004032:	692d      	ldr	r5, [r5, #16]
10004034:	2d00      	cmp	r5, #0
10004036:	d00f      	beq.n	10004058 <__wrap_vprintf+0xa8>
10004038:	682b      	ldr	r3, [r5, #0]
1000403a:	2b00      	cmp	r3, #0
1000403c:	d0f9      	beq.n	10004032 <__wrap_vprintf+0x82>
1000403e:	6823      	ldr	r3, [r4, #0]
10004040:	2b00      	cmp	r3, #0
10004042:	d001      	beq.n	10004048 <__wrap_vprintf+0x98>
10004044:	42ab      	cmp	r3, r5
10004046:	d1f4      	bne.n	10004032 <__wrap_vprintf+0x82>
10004048:	0028      	movs	r0, r5
1000404a:	9a01      	ldr	r2, [sp, #4]
1000404c:	a902      	add	r1, sp, #8
1000404e:	f7ff fe2d 	bl	10003cac <stdio_out_chars_crlf>
10004052:	692d      	ldr	r5, [r5, #16]
10004054:	2d00      	cmp	r5, #0
10004056:	d1ef      	bne.n	10004038 <__wrap_vprintf+0x88>
10004058:	464b      	mov	r3, r9
1000405a:	9501      	str	r5, [sp, #4]
1000405c:	681c      	ldr	r4, [r3, #0]
1000405e:	e7ce      	b.n	10003ffe <__wrap_vprintf+0x4e>
10004060:	0038      	movs	r0, r7
10004062:	f002 fca9 	bl	100069b8 <__mutex_exit_veneer>
10004066:	e7d5      	b.n	10004014 <__wrap_vprintf+0x64>
10004068:	9501      	str	r5, [sp, #4]
1000406a:	e7d1      	b.n	10004010 <__wrap_vprintf+0x60>
1000406c:	000f4240 	.word	0x000f4240
10004070:	7fffffff 	.word	0x7fffffff
10004074:	20001018 	.word	0x20001018
10004078:	10003d41 	.word	0x10003d41
1000407c:	20001c50 	.word	0x20001c50
10004080:	20001c58 	.word	0x20001c58

10004084 <__wrap_printf>:
10004084:	b40f      	push	{r0, r1, r2, r3}
10004086:	b500      	push	{lr}
10004088:	b083      	sub	sp, #12
1000408a:	a904      	add	r1, sp, #16
1000408c:	c901      	ldmia	r1!, {r0}
1000408e:	9101      	str	r1, [sp, #4]
10004090:	f7ff ff8e 	bl	10003fb0 <__wrap_vprintf>
10004094:	b003      	add	sp, #12
10004096:	bc08      	pop	{r3}
10004098:	b004      	add	sp, #16
1000409a:	4718      	bx	r3

1000409c <resetd_init>:
1000409c:	4770      	bx	lr
1000409e:	46c0      	nop			@ (mov r8, r8)

100040a0 <resetd_reset>:
100040a0:	2200      	movs	r2, #0
100040a2:	4b01      	ldr	r3, [pc, #4]	@ (100040a8 <resetd_reset+0x8>)
100040a4:	701a      	strb	r2, [r3, #0]
100040a6:	4770      	bx	lr
100040a8:	200020ae 	.word	0x200020ae

100040ac <resetd_open>:
100040ac:	794b      	ldrb	r3, [r1, #5]
100040ae:	2000      	movs	r0, #0
100040b0:	2bff      	cmp	r3, #255	@ 0xff
100040b2:	d10b      	bne.n	100040cc <resetd_open+0x20>
100040b4:	798b      	ldrb	r3, [r1, #6]
100040b6:	2b00      	cmp	r3, #0
100040b8:	d108      	bne.n	100040cc <resetd_open+0x20>
100040ba:	79cb      	ldrb	r3, [r1, #7]
100040bc:	2b01      	cmp	r3, #1
100040be:	d105      	bne.n	100040cc <resetd_open+0x20>
100040c0:	2a08      	cmp	r2, #8
100040c2:	d903      	bls.n	100040cc <resetd_open+0x20>
100040c4:	4b02      	ldr	r3, [pc, #8]	@ (100040d0 <resetd_open+0x24>)
100040c6:	788a      	ldrb	r2, [r1, #2]
100040c8:	3009      	adds	r0, #9
100040ca:	701a      	strb	r2, [r3, #0]
100040cc:	4770      	bx	lr
100040ce:	46c0      	nop			@ (mov r8, r8)
100040d0:	200020ae 	.word	0x200020ae

100040d4 <resetd_xfer_cb>:
100040d4:	2001      	movs	r0, #1
100040d6:	4770      	bx	lr

100040d8 <resetd_control_xfer_cb>:
100040d8:	b510      	push	{r4, lr}
100040da:	2901      	cmp	r1, #1
100040dc:	d001      	beq.n	100040e2 <resetd_control_xfer_cb+0xa>
100040de:	2001      	movs	r0, #1
100040e0:	bd10      	pop	{r4, pc}
100040e2:	4913      	ldr	r1, [pc, #76]	@ (10004130 <resetd_control_xfer_cb+0x58>)
100040e4:	7953      	ldrb	r3, [r2, #5]
100040e6:	7910      	ldrb	r0, [r2, #4]
100040e8:	7809      	ldrb	r1, [r1, #0]
100040ea:	021b      	lsls	r3, r3, #8
100040ec:	4303      	orrs	r3, r0
100040ee:	2000      	movs	r0, #0
100040f0:	4299      	cmp	r1, r3
100040f2:	d1f5      	bne.n	100040e0 <resetd_control_xfer_cb+0x8>
100040f4:	7853      	ldrb	r3, [r2, #1]
100040f6:	2b01      	cmp	r3, #1
100040f8:	d008      	beq.n	1000410c <resetd_control_xfer_cb+0x34>
100040fa:	2b02      	cmp	r3, #2
100040fc:	d1f0      	bne.n	100040e0 <resetd_control_xfer_cb+0x8>
100040fe:	2000      	movs	r0, #0
10004100:	2264      	movs	r2, #100	@ 0x64
10004102:	2100      	movs	r1, #0
10004104:	f7fd f9b6 	bl	10001474 <watchdog_reboot>
10004108:	2001      	movs	r0, #1
1000410a:	e7e9      	b.n	100040e0 <resetd_control_xfer_cb+0x8>
1000410c:	78d3      	ldrb	r3, [r2, #3]
1000410e:	7891      	ldrb	r1, [r2, #2]
10004110:	021b      	lsls	r3, r3, #8
10004112:	4319      	orrs	r1, r3
10004114:	05db      	lsls	r3, r3, #23
10004116:	d507      	bpl.n	10004128 <resetd_control_xfer_cb+0x50>
10004118:	0a4a      	lsrs	r2, r1, #9
1000411a:	0010      	movs	r0, r2
1000411c:	2301      	movs	r3, #1
1000411e:	401a      	ands	r2, r3
10004120:	337e      	adds	r3, #126	@ 0x7e
10004122:	4019      	ands	r1, r3
10004124:	f7fd fa2e 	bl	10001584 <rom_reset_usb_boot_extra>
10004128:	2001      	movs	r0, #1
1000412a:	0a4a      	lsrs	r2, r1, #9
1000412c:	4240      	negs	r0, r0
1000412e:	e7f5      	b.n	1000411c <resetd_control_xfer_cb+0x44>
10004130:	200020ae 	.word	0x200020ae

10004134 <tud_descriptor_bos_cb>:
10004134:	4800      	ldr	r0, [pc, #0]	@ (10004138 <tud_descriptor_bos_cb+0x4>)
10004136:	4770      	bx	lr
10004138:	10006f44 	.word	0x10006f44

1000413c <tud_vendor_control_xfer_cb>:
1000413c:	b570      	push	{r4, r5, r6, lr}
1000413e:	0005      	movs	r5, r0
10004140:	0014      	movs	r4, r2
10004142:	2001      	movs	r0, #1
10004144:	2901      	cmp	r1, #1
10004146:	d109      	bne.n	1000415c <tud_vendor_control_xfer_cb+0x20>
10004148:	7853      	ldrb	r3, [r2, #1]
1000414a:	2000      	movs	r0, #0
1000414c:	2b01      	cmp	r3, #1
1000414e:	d105      	bne.n	1000415c <tud_vendor_control_xfer_cb+0x20>
10004150:	7963      	ldrb	r3, [r4, #5]
10004152:	7912      	ldrb	r2, [r2, #4]
10004154:	021b      	lsls	r3, r3, #8
10004156:	4313      	orrs	r3, r2
10004158:	2b07      	cmp	r3, #7
1000415a:	d000      	beq.n	1000415e <tud_vendor_control_xfer_cb+0x22>
1000415c:	bd70      	pop	{r4, r5, r6, pc}
1000415e:	0021      	movs	r1, r4
10004160:	0028      	movs	r0, r5
10004162:	4a02      	ldr	r2, [pc, #8]	@ (1000416c <tud_vendor_control_xfer_cb+0x30>)
10004164:	339f      	adds	r3, #159	@ 0x9f
10004166:	f001 fa5f 	bl	10005628 <tud_control_xfer>
1000416a:	e7f7      	b.n	1000415c <tud_vendor_control_xfer_cb+0x20>
1000416c:	10006e9c 	.word	0x10006e9c

10004170 <usbd_app_driver_get_cb>:
10004170:	2301      	movs	r3, #1
10004172:	7003      	strb	r3, [r0, #0]
10004174:	4800      	ldr	r0, [pc, #0]	@ (10004178 <usbd_app_driver_get_cb+0x8>)
10004176:	4770      	bx	lr
10004178:	10006e7c 	.word	0x10006e7c

1000417c <tud_cdc_line_coding_cb>:
1000417c:	784b      	ldrb	r3, [r1, #1]
1000417e:	780a      	ldrb	r2, [r1, #0]
10004180:	021b      	lsls	r3, r3, #8
10004182:	4313      	orrs	r3, r2
10004184:	788a      	ldrb	r2, [r1, #2]
10004186:	b510      	push	{r4, lr}
10004188:	0412      	lsls	r2, r2, #16
1000418a:	431a      	orrs	r2, r3
1000418c:	78cb      	ldrb	r3, [r1, #3]
1000418e:	061b      	lsls	r3, r3, #24
10004190:	4313      	orrs	r3, r2
10004192:	2296      	movs	r2, #150	@ 0x96
10004194:	00d2      	lsls	r2, r2, #3
10004196:	4293      	cmp	r3, r2
10004198:	d000      	beq.n	1000419c <tud_cdc_line_coding_cb+0x20>
1000419a:	bd10      	pop	{r4, pc}
1000419c:	2200      	movs	r2, #0
1000419e:	2001      	movs	r0, #1
100041a0:	0011      	movs	r1, r2
100041a2:	4240      	negs	r0, r0
100041a4:	f7fd f9ee 	bl	10001584 <rom_reset_usb_boot_extra>

100041a8 <stdio_usb_set_chars_available_callback>:
100041a8:	4b02      	ldr	r3, [pc, #8]	@ (100041b4 <stdio_usb_set_chars_available_callback+0xc>)
100041aa:	6018      	str	r0, [r3, #0]
100041ac:	4b02      	ldr	r3, [pc, #8]	@ (100041b8 <stdio_usb_set_chars_available_callback+0x10>)
100041ae:	6019      	str	r1, [r3, #0]
100041b0:	4770      	bx	lr
100041b2:	46c0      	nop			@ (mov r8, r8)
100041b4:	20001bf0 	.word	0x20001bf0
100041b8:	20001bf4 	.word	0x20001bf4

100041bc <usb_irq>:
100041bc:	b510      	push	{r4, lr}
100041be:	4b02      	ldr	r3, [pc, #8]	@ (100041c8 <usb_irq+0xc>)
100041c0:	7818      	ldrb	r0, [r3, #0]
100041c2:	f7fc f9d7 	bl	10000574 <irq_set_pending>
100041c6:	bd10      	pop	{r4, pc}
100041c8:	200020af 	.word	0x200020af

100041cc <timer_task>:
100041cc:	4b15      	ldr	r3, [pc, #84]	@ (10004224 <timer_task+0x58>)
100041ce:	b570      	push	{r4, r5, r6, lr}
100041d0:	681a      	ldr	r2, [r3, #0]
100041d2:	2a00      	cmp	r2, #0
100041d4:	d022      	beq.n	1000421c <timer_task+0x50>
100041d6:	f3ef 8110 	mrs	r1, PRIMASK
100041da:	b672      	cpsid	i
100041dc:	6810      	ldr	r0, [r2, #0]
100041de:	2800      	cmp	r0, #0
100041e0:	d0fc      	beq.n	100041dc <timer_task+0x10>
100041e2:	f3bf 8f5f 	dmb	sy
100041e6:	2000      	movs	r0, #0
100041e8:	4a0f      	ldr	r2, [pc, #60]	@ (10004228 <timer_task+0x5c>)
100041ea:	6059      	str	r1, [r3, #4]
100041ec:	7010      	strb	r0, [r2, #0]
100041ee:	681b      	ldr	r3, [r3, #0]
100041f0:	f3bf 8f5f 	dmb	sy
100041f4:	6018      	str	r0, [r3, #0]
100041f6:	f381 8810 	msr	PRIMASK, r1
100041fa:	2400      	movs	r4, #0
100041fc:	2500      	movs	r5, #0
100041fe:	4e0b      	ldr	r6, [pc, #44]	@ (1000422c <timer_task+0x60>)
10004200:	7830      	ldrb	r0, [r6, #0]
10004202:	f7fc f9ab 	bl	1000055c <irq_is_enabled>
10004206:	2800      	cmp	r0, #0
10004208:	d104      	bne.n	10004214 <timer_task+0x48>
1000420a:	2400      	movs	r4, #0
1000420c:	2500      	movs	r5, #0
1000420e:	0029      	movs	r1, r5
10004210:	0020      	movs	r0, r4
10004212:	bd70      	pop	{r4, r5, r6, pc}
10004214:	7830      	ldrb	r0, [r6, #0]
10004216:	f7fc f9ad 	bl	10000574 <irq_set_pending>
1000421a:	e7f8      	b.n	1000420e <timer_task+0x42>
1000421c:	24fa      	movs	r4, #250	@ 0xfa
1000421e:	2500      	movs	r5, #0
10004220:	00a4      	lsls	r4, r4, #2
10004222:	e7ec      	b.n	100041fe <timer_task+0x32>
10004224:	20002068 	.word	0x20002068
10004228:	200020b0 	.word	0x200020b0
1000422c:	200020af 	.word	0x200020af

10004230 <stdio_usb_in_chars>:
10004230:	b570      	push	{r4, r5, r6, lr}
10004232:	0004      	movs	r4, r0
10004234:	2000      	movs	r0, #0
10004236:	000e      	movs	r6, r1
10004238:	f001 fb16 	bl	10005868 <tud_cdc_n_connected>
1000423c:	2800      	cmp	r0, #0
1000423e:	d036      	beq.n	100042ae <stdio_usb_in_chars+0x7e>
10004240:	2000      	movs	r0, #0
10004242:	f001 fb27 	bl	10005894 <tud_cdc_n_available>
10004246:	2800      	cmp	r0, #0
10004248:	d031      	beq.n	100042ae <stdio_usb_in_chars+0x7e>
1000424a:	f7fc ffb3 	bl	100011b4 <time_us_64>
1000424e:	2300      	movs	r3, #0
10004250:	4a18      	ldr	r2, [pc, #96]	@ (100042b4 <stdio_usb_in_chars+0x84>)
10004252:	1812      	adds	r2, r2, r0
10004254:	414b      	adcs	r3, r1
10004256:	2180      	movs	r1, #128	@ 0x80
10004258:	0609      	lsls	r1, r1, #24
1000425a:	428b      	cmp	r3, r1
1000425c:	d216      	bcs.n	1000428c <stdio_usb_in_chars+0x5c>
1000425e:	4d16      	ldr	r5, [pc, #88]	@ (100042b8 <stdio_usb_in_chars+0x88>)
10004260:	0028      	movs	r0, r5
10004262:	f002 fbe9 	bl	10006a38 <__mutex_try_enter_block_until_veneer>
10004266:	2800      	cmp	r0, #0
10004268:	d021      	beq.n	100042ae <stdio_usb_in_chars+0x7e>
1000426a:	2000      	movs	r0, #0
1000426c:	f001 fafc 	bl	10005868 <tud_cdc_n_connected>
10004270:	2800      	cmp	r0, #0
10004272:	d10f      	bne.n	10004294 <stdio_usb_in_chars+0x64>
10004274:	2001      	movs	r0, #1
10004276:	2100      	movs	r1, #0
10004278:	4240      	negs	r0, r0
1000427a:	f000 fd09 	bl	10004c90 <tud_task_ext>
1000427e:	2403      	movs	r4, #3
10004280:	4264      	negs	r4, r4
10004282:	0028      	movs	r0, r5
10004284:	f002 fb98 	bl	100069b8 <__mutex_exit_veneer>
10004288:	0020      	movs	r0, r4
1000428a:	bd70      	pop	{r4, r5, r6, pc}
1000428c:	2201      	movs	r2, #1
1000428e:	4b0b      	ldr	r3, [pc, #44]	@ (100042bc <stdio_usb_in_chars+0x8c>)
10004290:	4252      	negs	r2, r2
10004292:	e7e4      	b.n	1000425e <stdio_usb_in_chars+0x2e>
10004294:	2000      	movs	r0, #0
10004296:	f001 fafd 	bl	10005894 <tud_cdc_n_available>
1000429a:	2800      	cmp	r0, #0
1000429c:	d0ea      	beq.n	10004274 <stdio_usb_in_chars+0x44>
1000429e:	0021      	movs	r1, r4
100042a0:	0032      	movs	r2, r6
100042a2:	2000      	movs	r0, #0
100042a4:	f001 fb00 	bl	100058a8 <tud_cdc_n_read>
100042a8:	1e04      	subs	r4, r0, #0
100042aa:	d1ea      	bne.n	10004282 <stdio_usb_in_chars+0x52>
100042ac:	e7e7      	b.n	1000427e <stdio_usb_in_chars+0x4e>
100042ae:	2403      	movs	r4, #3
100042b0:	4264      	negs	r4, r4
100042b2:	e7e9      	b.n	10004288 <stdio_usb_in_chars+0x58>
100042b4:	000f4240 	.word	0x000f4240
100042b8:	20002090 	.word	0x20002090
100042bc:	7fffffff 	.word	0x7fffffff

100042c0 <stdio_usb_out_flush>:
100042c0:	b510      	push	{r4, lr}
100042c2:	f7fc ff77 	bl	100011b4 <time_us_64>
100042c6:	2300      	movs	r3, #0
100042c8:	4a0e      	ldr	r2, [pc, #56]	@ (10004304 <stdio_usb_out_flush+0x44>)
100042ca:	1812      	adds	r2, r2, r0
100042cc:	414b      	adcs	r3, r1
100042ce:	2180      	movs	r1, #128	@ 0x80
100042d0:	0609      	lsls	r1, r1, #24
100042d2:	428b      	cmp	r3, r1
100042d4:	d302      	bcc.n	100042dc <stdio_usb_out_flush+0x1c>
100042d6:	2201      	movs	r2, #1
100042d8:	4b0b      	ldr	r3, [pc, #44]	@ (10004308 <stdio_usb_out_flush+0x48>)
100042da:	4252      	negs	r2, r2
100042dc:	4c0b      	ldr	r4, [pc, #44]	@ (1000430c <stdio_usb_out_flush+0x4c>)
100042de:	0020      	movs	r0, r4
100042e0:	f002 fbaa 	bl	10006a38 <__mutex_try_enter_block_until_veneer>
100042e4:	2800      	cmp	r0, #0
100042e6:	d00c      	beq.n	10004302 <stdio_usb_out_flush+0x42>
100042e8:	2001      	movs	r0, #1
100042ea:	2100      	movs	r1, #0
100042ec:	4240      	negs	r0, r0
100042ee:	f000 fccf 	bl	10004c90 <tud_task_ext>
100042f2:	2000      	movs	r0, #0
100042f4:	f001 fb22 	bl	1000593c <tud_cdc_n_write_flush>
100042f8:	2800      	cmp	r0, #0
100042fa:	d1f5      	bne.n	100042e8 <stdio_usb_out_flush+0x28>
100042fc:	0020      	movs	r0, r4
100042fe:	f002 fb5b 	bl	100069b8 <__mutex_exit_veneer>
10004302:	bd10      	pop	{r4, pc}
10004304:	000f4240 	.word	0x000f4240
10004308:	7fffffff 	.word	0x7fffffff
1000430c:	20002090 	.word	0x20002090

10004310 <stdio_usb_out_chars>:
10004310:	b5f8      	push	{r3, r4, r5, r6, r7, lr}
10004312:	46de      	mov	lr, fp
10004314:	4657      	mov	r7, sl
10004316:	b580      	push	{r7, lr}
10004318:	0005      	movs	r5, r0
1000431a:	000c      	movs	r4, r1
1000431c:	f7fc ff4a 	bl	100011b4 <time_us_64>
10004320:	2300      	movs	r3, #0
10004322:	4a37      	ldr	r2, [pc, #220]	@ (10004400 <stdio_usb_out_chars+0xf0>)
10004324:	1812      	adds	r2, r2, r0
10004326:	414b      	adcs	r3, r1
10004328:	2180      	movs	r1, #128	@ 0x80
1000432a:	0609      	lsls	r1, r1, #24
1000432c:	428b      	cmp	r3, r1
1000432e:	d302      	bcc.n	10004336 <stdio_usb_out_chars+0x26>
10004330:	2201      	movs	r2, #1
10004332:	4b34      	ldr	r3, [pc, #208]	@ (10004404 <stdio_usb_out_chars+0xf4>)
10004334:	4252      	negs	r2, r2
10004336:	4934      	ldr	r1, [pc, #208]	@ (10004408 <stdio_usb_out_chars+0xf8>)
10004338:	0008      	movs	r0, r1
1000433a:	468a      	mov	sl, r1
1000433c:	f002 fb7c 	bl	10006a38 <__mutex_try_enter_block_until_veneer>
10004340:	2800      	cmp	r0, #0
10004342:	d103      	bne.n	1000434c <stdio_usb_out_chars+0x3c>
10004344:	bcc0      	pop	{r6, r7}
10004346:	46bb      	mov	fp, r7
10004348:	46b2      	mov	sl, r6
1000434a:	bdf8      	pop	{r3, r4, r5, r6, r7, pc}
1000434c:	2000      	movs	r0, #0
1000434e:	f001 fa8b 	bl	10005868 <tud_cdc_n_connected>
10004352:	2800      	cmp	r0, #0
10004354:	d04a      	beq.n	100043ec <stdio_usb_out_chars+0xdc>
10004356:	2600      	movs	r6, #0
10004358:	2c00      	cmp	r4, #0
1000435a:	dd43      	ble.n	100043e4 <stdio_usb_out_chars+0xd4>
1000435c:	4b2b      	ldr	r3, [pc, #172]	@ (1000440c <stdio_usb_out_chars+0xfc>)
1000435e:	469b      	mov	fp, r3
10004360:	e014      	b.n	1000438c <stdio_usb_out_chars+0x7c>
10004362:	19a9      	adds	r1, r5, r6
10004364:	2000      	movs	r0, #0
10004366:	f001 fb23 	bl	100059b0 <tud_cdc_n_write>
1000436a:	0007      	movs	r7, r0
1000436c:	2001      	movs	r0, #1
1000436e:	2100      	movs	r1, #0
10004370:	4240      	negs	r0, r0
10004372:	f000 fc8d 	bl	10004c90 <tud_task_ext>
10004376:	2000      	movs	r0, #0
10004378:	f001 fae0 	bl	1000593c <tud_cdc_n_write_flush>
1000437c:	f7fc ff1a 	bl	100011b4 <time_us_64>
10004380:	4b22      	ldr	r3, [pc, #136]	@ (1000440c <stdio_usb_out_chars+0xfc>)
10004382:	19f6      	adds	r6, r6, r7
10004384:	6018      	str	r0, [r3, #0]
10004386:	6059      	str	r1, [r3, #4]
10004388:	42b4      	cmp	r4, r6
1000438a:	dd2b      	ble.n	100043e4 <stdio_usb_out_chars+0xd4>
1000438c:	2000      	movs	r0, #0
1000438e:	f001 fb2f 	bl	100059f0 <tud_cdc_n_write_available>
10004392:	1ba7      	subs	r7, r4, r6
10004394:	0002      	movs	r2, r0
10004396:	42b8      	cmp	r0, r7
10004398:	dd00      	ble.n	1000439c <stdio_usb_out_chars+0x8c>
1000439a:	003a      	movs	r2, r7
1000439c:	2a00      	cmp	r2, #0
1000439e:	d1e0      	bne.n	10004362 <stdio_usb_out_chars+0x52>
100043a0:	2001      	movs	r0, #1
100043a2:	2100      	movs	r1, #0
100043a4:	4240      	negs	r0, r0
100043a6:	f000 fc73 	bl	10004c90 <tud_task_ext>
100043aa:	2000      	movs	r0, #0
100043ac:	f001 fac6 	bl	1000593c <tud_cdc_n_write_flush>
100043b0:	2000      	movs	r0, #0
100043b2:	f001 fa59 	bl	10005868 <tud_cdc_n_connected>
100043b6:	2800      	cmp	r0, #0
100043b8:	d014      	beq.n	100043e4 <stdio_usb_out_chars+0xd4>
100043ba:	2000      	movs	r0, #0
100043bc:	f001 fb18 	bl	100059f0 <tud_cdc_n_write_available>
100043c0:	2800      	cmp	r0, #0
100043c2:	d1e1      	bne.n	10004388 <stdio_usb_out_chars+0x78>
100043c4:	f7fc fef6 	bl	100011b4 <time_us_64>
100043c8:	465b      	mov	r3, fp
100043ca:	000f      	movs	r7, r1
100043cc:	681a      	ldr	r2, [r3, #0]
100043ce:	685b      	ldr	r3, [r3, #4]
100043d0:	2100      	movs	r1, #0
100043d2:	4684      	mov	ip, r0
100043d4:	480e      	ldr	r0, [pc, #56]	@ (10004410 <stdio_usb_out_chars+0x100>)
100043d6:	1812      	adds	r2, r2, r0
100043d8:	414b      	adcs	r3, r1
100043da:	429f      	cmp	r7, r3
100043dc:	d802      	bhi.n	100043e4 <stdio_usb_out_chars+0xd4>
100043de:	d1d3      	bne.n	10004388 <stdio_usb_out_chars+0x78>
100043e0:	4594      	cmp	ip, r2
100043e2:	d9d1      	bls.n	10004388 <stdio_usb_out_chars+0x78>
100043e4:	4650      	mov	r0, sl
100043e6:	f002 fae7 	bl	100069b8 <__mutex_exit_veneer>
100043ea:	e7ab      	b.n	10004344 <stdio_usb_out_chars+0x34>
100043ec:	2000      	movs	r0, #0
100043ee:	2100      	movs	r1, #0
100043f0:	4b06      	ldr	r3, [pc, #24]	@ (1000440c <stdio_usb_out_chars+0xfc>)
100043f2:	6018      	str	r0, [r3, #0]
100043f4:	6059      	str	r1, [r3, #4]
100043f6:	4650      	mov	r0, sl
100043f8:	f002 fade 	bl	100069b8 <__mutex_exit_veneer>
100043fc:	e7a2      	b.n	10004344 <stdio_usb_out_chars+0x34>
100043fe:	46c0      	nop			@ (mov r8, r8)
10004400:	000f4240 	.word	0x000f4240
10004404:	7fffffff 	.word	0x7fffffff
10004408:	20002090 	.word	0x20002090
1000440c:	200011a0 	.word	0x200011a0
10004410:	0007a120 	.word	0x0007a120

10004414 <low_priority_worker_irq>:
10004414:	b530      	push	{r4, r5, lr}
10004416:	4c2b      	ldr	r4, [pc, #172]	@ (100044c4 <low_priority_worker_irq+0xb0>)
10004418:	b085      	sub	sp, #20
1000441a:	2100      	movs	r1, #0
1000441c:	0020      	movs	r0, r4
1000441e:	f002 faeb 	bl	100069f8 <__mutex_try_enter_veneer>
10004422:	2800      	cmp	r0, #0
10004424:	d11c      	bne.n	10004460 <low_priority_worker_irq+0x4c>
10004426:	4b28      	ldr	r3, [pc, #160]	@ (100044c8 <low_priority_worker_irq+0xb4>)
10004428:	681a      	ldr	r2, [r3, #0]
1000442a:	2a00      	cmp	r2, #0
1000442c:	d016      	beq.n	1000445c <low_priority_worker_irq+0x48>
1000442e:	f3ef 8110 	mrs	r1, PRIMASK
10004432:	b672      	cpsid	i
10004434:	6810      	ldr	r0, [r2, #0]
10004436:	2800      	cmp	r0, #0
10004438:	d0fc      	beq.n	10004434 <low_priority_worker_irq+0x20>
1000443a:	f3bf 8f5f 	dmb	sy
1000443e:	2401      	movs	r4, #1
10004440:	4822      	ldr	r0, [pc, #136]	@ (100044cc <low_priority_worker_irq+0xb8>)
10004442:	6059      	str	r1, [r3, #4]
10004444:	7802      	ldrb	r2, [r0, #0]
10004446:	681b      	ldr	r3, [r3, #0]
10004448:	b2d2      	uxtb	r2, r2
1000444a:	7004      	strb	r4, [r0, #0]
1000444c:	f3bf 8f5f 	dmb	sy
10004450:	2000      	movs	r0, #0
10004452:	6018      	str	r0, [r3, #0]
10004454:	f381 8810 	msr	PRIMASK, r1
10004458:	2a00      	cmp	r2, #0
1000445a:	d017      	beq.n	1000448c <low_priority_worker_irq+0x78>
1000445c:	b005      	add	sp, #20
1000445e:	bd30      	pop	{r4, r5, pc}
10004460:	2001      	movs	r0, #1
10004462:	2100      	movs	r1, #0
10004464:	4240      	negs	r0, r0
10004466:	f000 fc13 	bl	10004c90 <tud_task_ext>
1000446a:	2000      	movs	r0, #0
1000446c:	f001 fa12 	bl	10005894 <tud_cdc_n_available>
10004470:	0005      	movs	r5, r0
10004472:	0020      	movs	r0, r4
10004474:	f002 faa0 	bl	100069b8 <__mutex_exit_veneer>
10004478:	2d00      	cmp	r5, #0
1000447a:	d0ef      	beq.n	1000445c <low_priority_worker_irq+0x48>
1000447c:	4b14      	ldr	r3, [pc, #80]	@ (100044d0 <low_priority_worker_irq+0xbc>)
1000447e:	681b      	ldr	r3, [r3, #0]
10004480:	2b00      	cmp	r3, #0
10004482:	d0eb      	beq.n	1000445c <low_priority_worker_irq+0x48>
10004484:	4a13      	ldr	r2, [pc, #76]	@ (100044d4 <low_priority_worker_irq+0xc0>)
10004486:	6810      	ldr	r0, [r2, #0]
10004488:	4798      	blx	r3
1000448a:	e7e7      	b.n	1000445c <low_priority_worker_irq+0x48>
1000448c:	f7fc fc7a 	bl	10000d84 <alarm_pool_get_default>
10004490:	0004      	movs	r4, r0
10004492:	f7fc fe8f 	bl	100011b4 <time_us_64>
10004496:	22fa      	movs	r2, #250	@ 0xfa
10004498:	2300      	movs	r3, #0
1000449a:	0092      	lsls	r2, r2, #2
1000449c:	1812      	adds	r2, r2, r0
1000449e:	414b      	adcs	r3, r1
100044a0:	2180      	movs	r1, #128	@ 0x80
100044a2:	0609      	lsls	r1, r1, #24
100044a4:	428b      	cmp	r3, r1
100044a6:	d302      	bcc.n	100044ae <low_priority_worker_irq+0x9a>
100044a8:	2201      	movs	r2, #1
100044aa:	4b0b      	ldr	r3, [pc, #44]	@ (100044d8 <low_priority_worker_irq+0xc4>)
100044ac:	4252      	negs	r2, r2
100044ae:	2101      	movs	r1, #1
100044b0:	9102      	str	r1, [sp, #8]
100044b2:	2100      	movs	r1, #0
100044b4:	9101      	str	r1, [sp, #4]
100044b6:	4909      	ldr	r1, [pc, #36]	@ (100044dc <low_priority_worker_irq+0xc8>)
100044b8:	0020      	movs	r0, r4
100044ba:	9100      	str	r1, [sp, #0]
100044bc:	f7fc fc66 	bl	10000d8c <alarm_pool_add_alarm_at>
100044c0:	e7cc      	b.n	1000445c <low_priority_worker_irq+0x48>
100044c2:	46c0      	nop			@ (mov r8, r8)
100044c4:	20002090 	.word	0x20002090
100044c8:	20002068 	.word	0x20002068
100044cc:	200020b0 	.word	0x200020b0
100044d0:	20001bf0 	.word	0x20001bf0
100044d4:	20001bf4 	.word	0x20001bf4
100044d8:	7fffffff 	.word	0x7fffffff
100044dc:	100041cd 	.word	0x100041cd

100044e0 <stdio_usb_init>:
100044e0:	23d0      	movs	r3, #208	@ 0xd0
100044e2:	b510      	push	{r4, lr}
100044e4:	061b      	lsls	r3, r3, #24
100044e6:	b084      	sub	sp, #16
100044e8:	681c      	ldr	r4, [r3, #0]
100044ea:	f7fc fc4b 	bl	10000d84 <alarm_pool_get_default>
100044ee:	f7fc fd49 	bl	10000f84 <alarm_pool_core_num>
100044f2:	42a0      	cmp	r0, r4
100044f4:	d002      	beq.n	100044fc <stdio_usb_init+0x1c>
100044f6:	2000      	movs	r0, #0
100044f8:	b004      	add	sp, #16
100044fa:	bd10      	pop	{r4, pc}
100044fc:	4b2a      	ldr	r3, [pc, #168]	@ (100045a8 <stdio_usb_init+0xc8>)
100044fe:	2100      	movs	r1, #0
10004500:	2000      	movs	r0, #0
10004502:	781b      	ldrb	r3, [r3, #0]
10004504:	f001 fd70 	bl	10005fe8 <tusb_rhport_init>
10004508:	4828      	ldr	r0, [pc, #160]	@ (100045ac <stdio_usb_init+0xcc>)
1000450a:	6803      	ldr	r3, [r0, #0]
1000450c:	2b00      	cmp	r3, #0
1000450e:	d047      	beq.n	100045a0 <stdio_usb_init+0xc0>
10004510:	2001      	movs	r0, #1
10004512:	f7fc f9c7 	bl	100008a4 <user_irq_claim_unused>
10004516:	23ff      	movs	r3, #255	@ 0xff
10004518:	4c25      	ldr	r4, [pc, #148]	@ (100045b0 <stdio_usb_init+0xd0>)
1000451a:	4926      	ldr	r1, [pc, #152]	@ (100045b4 <stdio_usb_init+0xd4>)
1000451c:	7020      	strb	r0, [r4, #0]
1000451e:	4018      	ands	r0, r3
10004520:	f7fc f842 	bl	100005a8 <irq_set_exclusive_handler>
10004524:	7820      	ldrb	r0, [r4, #0]
10004526:	2101      	movs	r1, #1
10004528:	f7fc f806 	bl	10000538 <irq_set_enabled>
1000452c:	2005      	movs	r0, #5
1000452e:	f7fc f829 	bl	10000584 <irq_has_shared_handler>
10004532:	2800      	cmp	r0, #0
10004534:	d126      	bne.n	10004584 <stdio_usb_init+0xa4>
10004536:	2208      	movs	r2, #8
10004538:	2100      	movs	r1, #0
1000453a:	481f      	ldr	r0, [pc, #124]	@ (100045b8 <stdio_usb_init+0xd8>)
1000453c:	f7fd ffd8 	bl	100024f0 <__wrap_memset>
10004540:	f7fc fc20 	bl	10000d84 <alarm_pool_get_default>
10004544:	0004      	movs	r4, r0
10004546:	f7fc fe35 	bl	100011b4 <time_us_64>
1000454a:	22fa      	movs	r2, #250	@ 0xfa
1000454c:	2300      	movs	r3, #0
1000454e:	0092      	lsls	r2, r2, #2
10004550:	1812      	adds	r2, r2, r0
10004552:	414b      	adcs	r3, r1
10004554:	2180      	movs	r1, #128	@ 0x80
10004556:	0609      	lsls	r1, r1, #24
10004558:	428b      	cmp	r3, r1
1000455a:	d302      	bcc.n	10004562 <stdio_usb_init+0x82>
1000455c:	2201      	movs	r2, #1
1000455e:	4b17      	ldr	r3, [pc, #92]	@ (100045bc <stdio_usb_init+0xdc>)
10004560:	4252      	negs	r2, r2
10004562:	2101      	movs	r1, #1
10004564:	9102      	str	r1, [sp, #8]
10004566:	2100      	movs	r1, #0
10004568:	9101      	str	r1, [sp, #4]
1000456a:	4915      	ldr	r1, [pc, #84]	@ (100045c0 <stdio_usb_init+0xe0>)
1000456c:	0020      	movs	r0, r4
1000456e:	9100      	str	r1, [sp, #0]
10004570:	f7fc fc0c 	bl	10000d8c <alarm_pool_add_alarm_at>
10004574:	2800      	cmp	r0, #0
10004576:	dbbe      	blt.n	100044f6 <stdio_usb_init+0x16>
10004578:	4812      	ldr	r0, [pc, #72]	@ (100045c4 <stdio_usb_init+0xe4>)
1000457a:	2101      	movs	r1, #1
1000457c:	f7ff fc92 	bl	10003ea4 <stdio_set_driver_enabled>
10004580:	2001      	movs	r0, #1
10004582:	e7b9      	b.n	100044f8 <stdio_usb_init+0x18>
10004584:	2001      	movs	r0, #1
10004586:	f7fb ffa5 	bl	100004d4 <spin_lock_claim_unused>
1000458a:	4b0b      	ldr	r3, [pc, #44]	@ (100045b8 <stdio_usb_init+0xd8>)
1000458c:	0001      	movs	r1, r0
1000458e:	0018      	movs	r0, r3
10004590:	f7fc f9ea 	bl	10000968 <critical_section_init_with_lock_num>
10004594:	2200      	movs	r2, #0
10004596:	2005      	movs	r0, #5
10004598:	490b      	ldr	r1, [pc, #44]	@ (100045c8 <stdio_usb_init+0xe8>)
1000459a:	f7fc f82f 	bl	100005fc <irq_add_shared_handler>
1000459e:	e7eb      	b.n	10004578 <stdio_usb_init+0x98>
100045a0:	f7fc f9c6 	bl	10000930 <mutex_init>
100045a4:	e7b4      	b.n	10004510 <stdio_usb_init+0x30>
100045a6:	46c0      	nop			@ (mov r8, r8)
100045a8:	100070f8 	.word	0x100070f8
100045ac:	20002090 	.word	0x20002090
100045b0:	200020af 	.word	0x200020af
100045b4:	10004415 	.word	0x10004415
100045b8:	20002068 	.word	0x20002068
100045bc:	7fffffff 	.word	0x7fffffff
100045c0:	100041cd 	.word	0x100041cd
100045c4:	20000fe0 	.word	0x20000fe0
100045c8:	100041bd 	.word	0x100041bd

100045cc <tud_descriptor_device_cb>:
100045cc:	4800      	ldr	r0, [pc, #0]	@ (100045d0 <tud_descriptor_device_cb+0x4>)
100045ce:	4770      	bx	lr
100045d0:	10006fe0 	.word	0x10006fe0

100045d4 <tud_descriptor_configuration_cb>:
100045d4:	4800      	ldr	r0, [pc, #0]	@ (100045d8 <tud_descriptor_configuration_cb+0x4>)
100045d6:	4770      	bx	lr
100045d8:	10006f8c 	.word	0x10006f8c

100045dc <tud_descriptor_string_cb>:
100045dc:	b510      	push	{r4, lr}
100045de:	0004      	movs	r4, r0
100045e0:	4817      	ldr	r0, [pc, #92]	@ (10004640 <tud_descriptor_string_cb+0x64>)
100045e2:	7803      	ldrb	r3, [r0, #0]
100045e4:	2b00      	cmp	r3, #0
100045e6:	d020      	beq.n	1000462a <tud_descriptor_string_cb+0x4e>
100045e8:	2c00      	cmp	r4, #0
100045ea:	d106      	bne.n	100045fa <tud_descriptor_string_cb+0x1e>
100045ec:	4b15      	ldr	r3, [pc, #84]	@ (10004644 <tud_descriptor_string_cb+0x68>)
100045ee:	4816      	ldr	r0, [pc, #88]	@ (10004648 <tud_descriptor_string_cb+0x6c>)
100045f0:	8043      	strh	r3, [r0, #2]
100045f2:	3b06      	subs	r3, #6
100045f4:	3bff      	subs	r3, #255	@ 0xff
100045f6:	8003      	strh	r3, [r0, #0]
100045f8:	bd10      	pop	{r4, pc}
100045fa:	2c05      	cmp	r4, #5
100045fc:	d819      	bhi.n	10004632 <tud_descriptor_string_cb+0x56>
100045fe:	4b13      	ldr	r3, [pc, #76]	@ (1000464c <tud_descriptor_string_cb+0x70>)
10004600:	00a4      	lsls	r4, r4, #2
10004602:	58e0      	ldr	r0, [r4, r3]
10004604:	4912      	ldr	r1, [pc, #72]	@ (10004650 <tud_descriptor_string_cb+0x74>)
10004606:	2301      	movs	r3, #1
10004608:	3801      	subs	r0, #1
1000460a:	e004      	b.n	10004616 <tud_descriptor_string_cb+0x3a>
1000460c:	3301      	adds	r3, #1
1000460e:	800a      	strh	r2, [r1, #0]
10004610:	3102      	adds	r1, #2
10004612:	2b14      	cmp	r3, #20
10004614:	d00f      	beq.n	10004636 <tud_descriptor_string_cb+0x5a>
10004616:	5cc2      	ldrb	r2, [r0, r3]
10004618:	2a00      	cmp	r2, #0
1000461a:	d1f7      	bne.n	1000460c <tud_descriptor_string_cb+0x30>
1000461c:	22c0      	movs	r2, #192	@ 0xc0
1000461e:	b2db      	uxtb	r3, r3
10004620:	005b      	lsls	r3, r3, #1
10004622:	0092      	lsls	r2, r2, #2
10004624:	4808      	ldr	r0, [pc, #32]	@ (10004648 <tud_descriptor_string_cb+0x6c>)
10004626:	4313      	orrs	r3, r2
10004628:	e7e5      	b.n	100045f6 <tud_descriptor_string_cb+0x1a>
1000462a:	2111      	movs	r1, #17
1000462c:	f000 f81a 	bl	10004664 <pico_get_unique_board_id_string>
10004630:	e7da      	b.n	100045e8 <tud_descriptor_string_cb+0xc>
10004632:	2000      	movs	r0, #0
10004634:	e7e0      	b.n	100045f8 <tud_descriptor_string_cb+0x1c>
10004636:	23ca      	movs	r3, #202	@ 0xca
10004638:	4803      	ldr	r0, [pc, #12]	@ (10004648 <tud_descriptor_string_cb+0x6c>)
1000463a:	009b      	lsls	r3, r3, #2
1000463c:	e7db      	b.n	100045f6 <tud_descriptor_string_cb+0x1a>
1000463e:	46c0      	nop			@ (mov r8, r8)
10004640:	20002098 	.word	0x20002098
10004644:	00000409 	.word	0x00000409
10004648:	20001c28 	.word	0x20001c28
1000464c:	10006f74 	.word	0x10006f74
10004650:	20001c2a 	.word	0x20001c2a

10004654 <_retrieve_unique_id_on_boot>:
10004654:	b510      	push	{r4, lr}
10004656:	4802      	ldr	r0, [pc, #8]	@ (10004660 <_retrieve_unique_id_on_boot+0xc>)
10004658:	f000 f8d8 	bl	1000480c <flash_get_unique_id>
1000465c:	bd10      	pop	{r4, pc}
1000465e:	46c0      	nop			@ (mov r8, r8)
10004660:	20002080 	.word	0x20002080

10004664 <pico_get_unique_board_id_string>:
10004664:	b530      	push	{r4, r5, lr}
10004666:	1e4b      	subs	r3, r1, #1
10004668:	2901      	cmp	r1, #1
1000466a:	d100      	bne.n	1000466e <pico_get_unique_board_id_string+0xa>
1000466c:	e0a7      	b.n	100047be <pico_get_unique_board_id_string+0x15a>
1000466e:	4a66      	ldr	r2, [pc, #408]	@ (10004808 <pico_get_unique_board_id_string+0x1a4>)
10004670:	7811      	ldrb	r1, [r2, #0]
10004672:	090d      	lsrs	r5, r1, #4
10004674:	002c      	movs	r4, r5
10004676:	3430      	adds	r4, #48	@ 0x30
10004678:	299f      	cmp	r1, #159	@ 0x9f
1000467a:	d900      	bls.n	1000467e <pico_get_unique_board_id_string+0x1a>
1000467c:	e0a2      	b.n	100047c4 <pico_get_unique_board_id_string+0x160>
1000467e:	7004      	strb	r4, [r0, #0]
10004680:	2b01      	cmp	r3, #1
10004682:	d100      	bne.n	10004686 <pico_get_unique_board_id_string+0x22>
10004684:	e0be      	b.n	10004804 <pico_get_unique_board_id_string+0x1a0>
10004686:	210f      	movs	r1, #15
10004688:	7814      	ldrb	r4, [r2, #0]
1000468a:	4021      	ands	r1, r4
1000468c:	000c      	movs	r4, r1
1000468e:	3430      	adds	r4, #48	@ 0x30
10004690:	2909      	cmp	r1, #9
10004692:	d900      	bls.n	10004696 <pico_get_unique_board_id_string+0x32>
10004694:	e098      	b.n	100047c8 <pico_get_unique_board_id_string+0x164>
10004696:	7044      	strb	r4, [r0, #1]
10004698:	2b02      	cmp	r3, #2
1000469a:	d100      	bne.n	1000469e <pico_get_unique_board_id_string+0x3a>
1000469c:	e0b2      	b.n	10004804 <pico_get_unique_board_id_string+0x1a0>
1000469e:	7854      	ldrb	r4, [r2, #1]
100046a0:	0925      	lsrs	r5, r4, #4
100046a2:	0029      	movs	r1, r5
100046a4:	3130      	adds	r1, #48	@ 0x30
100046a6:	2c9f      	cmp	r4, #159	@ 0x9f
100046a8:	d900      	bls.n	100046ac <pico_get_unique_board_id_string+0x48>
100046aa:	e090      	b.n	100047ce <pico_get_unique_board_id_string+0x16a>
100046ac:	7081      	strb	r1, [r0, #2]
100046ae:	2b03      	cmp	r3, #3
100046b0:	d100      	bne.n	100046b4 <pico_get_unique_board_id_string+0x50>
100046b2:	e0a7      	b.n	10004804 <pico_get_unique_board_id_string+0x1a0>
100046b4:	210f      	movs	r1, #15
100046b6:	4021      	ands	r1, r4
100046b8:	000c      	movs	r4, r1
100046ba:	3430      	adds	r4, #48	@ 0x30
100046bc:	2909      	cmp	r1, #9
100046be:	d900      	bls.n	100046c2 <pico_get_unique_board_id_string+0x5e>
100046c0:	e087      	b.n	100047d2 <pico_get_unique_board_id_string+0x16e>
100046c2:	70c4      	strb	r4, [r0, #3]
100046c4:	2b04      	cmp	r3, #4
100046c6:	d100      	bne.n	100046ca <pico_get_unique_board_id_string+0x66>
100046c8:	e09c      	b.n	10004804 <pico_get_unique_board_id_string+0x1a0>
100046ca:	7894      	ldrb	r4, [r2, #2]
100046cc:	0925      	lsrs	r5, r4, #4
100046ce:	0029      	movs	r1, r5
100046d0:	3130      	adds	r1, #48	@ 0x30
100046d2:	2c9f      	cmp	r4, #159	@ 0x9f
100046d4:	d900      	bls.n	100046d8 <pico_get_unique_board_id_string+0x74>
100046d6:	e07f      	b.n	100047d8 <pico_get_unique_board_id_string+0x174>
100046d8:	7101      	strb	r1, [r0, #4]
100046da:	2b05      	cmp	r3, #5
100046dc:	d100      	bne.n	100046e0 <pico_get_unique_board_id_string+0x7c>
100046de:	e091      	b.n	10004804 <pico_get_unique_board_id_string+0x1a0>
100046e0:	210f      	movs	r1, #15
100046e2:	4021      	ands	r1, r4
100046e4:	000c      	movs	r4, r1
100046e6:	3430      	adds	r4, #48	@ 0x30
100046e8:	2909      	cmp	r1, #9
100046ea:	d900      	bls.n	100046ee <pico_get_unique_board_id_string+0x8a>
100046ec:	e076      	b.n	100047dc <pico_get_unique_board_id_string+0x178>
100046ee:	7144      	strb	r4, [r0, #5]
100046f0:	2b06      	cmp	r3, #6
100046f2:	d100      	bne.n	100046f6 <pico_get_unique_board_id_string+0x92>
100046f4:	e086      	b.n	10004804 <pico_get_unique_board_id_string+0x1a0>
100046f6:	78d4      	ldrb	r4, [r2, #3]
100046f8:	0925      	lsrs	r5, r4, #4
100046fa:	0029      	movs	r1, r5
100046fc:	3130      	adds	r1, #48	@ 0x30
100046fe:	2c9f      	cmp	r4, #159	@ 0x9f
10004700:	d900      	bls.n	10004704 <pico_get_unique_board_id_string+0xa0>
10004702:	e06e      	b.n	100047e2 <pico_get_unique_board_id_string+0x17e>
10004704:	7181      	strb	r1, [r0, #6]
10004706:	2b07      	cmp	r3, #7
10004708:	d100      	bne.n	1000470c <pico_get_unique_board_id_string+0xa8>
1000470a:	e07b      	b.n	10004804 <pico_get_unique_board_id_string+0x1a0>
1000470c:	210f      	movs	r1, #15
1000470e:	4021      	ands	r1, r4
10004710:	000c      	movs	r4, r1
10004712:	3430      	adds	r4, #48	@ 0x30
10004714:	2909      	cmp	r1, #9
10004716:	d866      	bhi.n	100047e6 <pico_get_unique_board_id_string+0x182>
10004718:	71c4      	strb	r4, [r0, #7]
1000471a:	2b08      	cmp	r3, #8
1000471c:	d100      	bne.n	10004720 <pico_get_unique_board_id_string+0xbc>
1000471e:	e071      	b.n	10004804 <pico_get_unique_board_id_string+0x1a0>
10004720:	7914      	ldrb	r4, [r2, #4]
10004722:	0925      	lsrs	r5, r4, #4
10004724:	0029      	movs	r1, r5
10004726:	3130      	adds	r1, #48	@ 0x30
10004728:	2c9f      	cmp	r4, #159	@ 0x9f
1000472a:	d85f      	bhi.n	100047ec <pico_get_unique_board_id_string+0x188>
1000472c:	7201      	strb	r1, [r0, #8]
1000472e:	2b09      	cmp	r3, #9
10004730:	d068      	beq.n	10004804 <pico_get_unique_board_id_string+0x1a0>
10004732:	210f      	movs	r1, #15
10004734:	4021      	ands	r1, r4
10004736:	000c      	movs	r4, r1
10004738:	3430      	adds	r4, #48	@ 0x30
1000473a:	2909      	cmp	r1, #9
1000473c:	d858      	bhi.n	100047f0 <pico_get_unique_board_id_string+0x18c>
1000473e:	7244      	strb	r4, [r0, #9]
10004740:	2b0a      	cmp	r3, #10
10004742:	d05f      	beq.n	10004804 <pico_get_unique_board_id_string+0x1a0>
10004744:	7954      	ldrb	r4, [r2, #5]
10004746:	0925      	lsrs	r5, r4, #4
10004748:	0029      	movs	r1, r5
1000474a:	3130      	adds	r1, #48	@ 0x30
1000474c:	2c9f      	cmp	r4, #159	@ 0x9f
1000474e:	d852      	bhi.n	100047f6 <pico_get_unique_board_id_string+0x192>
10004750:	7281      	strb	r1, [r0, #10]
10004752:	2b0b      	cmp	r3, #11
10004754:	d056      	beq.n	10004804 <pico_get_unique_board_id_string+0x1a0>
10004756:	210f      	movs	r1, #15
10004758:	4021      	ands	r1, r4
1000475a:	000c      	movs	r4, r1
1000475c:	3430      	adds	r4, #48	@ 0x30
1000475e:	2909      	cmp	r1, #9
10004760:	d84b      	bhi.n	100047fa <pico_get_unique_board_id_string+0x196>
10004762:	72c4      	strb	r4, [r0, #11]
10004764:	2b0c      	cmp	r3, #12
10004766:	d04d      	beq.n	10004804 <pico_get_unique_board_id_string+0x1a0>
10004768:	7994      	ldrb	r4, [r2, #6]
1000476a:	0925      	lsrs	r5, r4, #4
1000476c:	0029      	movs	r1, r5
1000476e:	3130      	adds	r1, #48	@ 0x30
10004770:	2c9f      	cmp	r4, #159	@ 0x9f
10004772:	d900      	bls.n	10004776 <pico_get_unique_board_id_string+0x112>
10004774:	3107      	adds	r1, #7
10004776:	7301      	strb	r1, [r0, #12]
10004778:	2b0d      	cmp	r3, #13
1000477a:	d043      	beq.n	10004804 <pico_get_unique_board_id_string+0x1a0>
1000477c:	210f      	movs	r1, #15
1000477e:	4021      	ands	r1, r4
10004780:	000c      	movs	r4, r1
10004782:	3430      	adds	r4, #48	@ 0x30
10004784:	2909      	cmp	r1, #9
10004786:	d901      	bls.n	1000478c <pico_get_unique_board_id_string+0x128>
10004788:	3137      	adds	r1, #55	@ 0x37
1000478a:	000c      	movs	r4, r1
1000478c:	7344      	strb	r4, [r0, #13]
1000478e:	2b0e      	cmp	r3, #14
10004790:	d038      	beq.n	10004804 <pico_get_unique_board_id_string+0x1a0>
10004792:	79d1      	ldrb	r1, [r2, #7]
10004794:	090c      	lsrs	r4, r1, #4
10004796:	0022      	movs	r2, r4
10004798:	3230      	adds	r2, #48	@ 0x30
1000479a:	299f      	cmp	r1, #159	@ 0x9f
1000479c:	d900      	bls.n	100047a0 <pico_get_unique_board_id_string+0x13c>
1000479e:	3207      	adds	r2, #7
100047a0:	7382      	strb	r2, [r0, #14]
100047a2:	2b0f      	cmp	r3, #15
100047a4:	d02e      	beq.n	10004804 <pico_get_unique_board_id_string+0x1a0>
100047a6:	220f      	movs	r2, #15
100047a8:	400a      	ands	r2, r1
100047aa:	0011      	movs	r1, r2
100047ac:	3137      	adds	r1, #55	@ 0x37
100047ae:	2a09      	cmp	r2, #9
100047b0:	d801      	bhi.n	100047b6 <pico_get_unique_board_id_string+0x152>
100047b2:	3230      	adds	r2, #48	@ 0x30
100047b4:	0011      	movs	r1, r2
100047b6:	73c1      	strb	r1, [r0, #15]
100047b8:	2b10      	cmp	r3, #16
100047ba:	d023      	beq.n	10004804 <pico_get_unique_board_id_string+0x1a0>
100047bc:	3010      	adds	r0, #16
100047be:	2300      	movs	r3, #0
100047c0:	7003      	strb	r3, [r0, #0]
100047c2:	bd30      	pop	{r4, r5, pc}
100047c4:	3407      	adds	r4, #7
100047c6:	e75a      	b.n	1000467e <pico_get_unique_board_id_string+0x1a>
100047c8:	3137      	adds	r1, #55	@ 0x37
100047ca:	000c      	movs	r4, r1
100047cc:	e763      	b.n	10004696 <pico_get_unique_board_id_string+0x32>
100047ce:	3107      	adds	r1, #7
100047d0:	e76c      	b.n	100046ac <pico_get_unique_board_id_string+0x48>
100047d2:	3137      	adds	r1, #55	@ 0x37
100047d4:	000c      	movs	r4, r1
100047d6:	e774      	b.n	100046c2 <pico_get_unique_board_id_string+0x5e>
100047d8:	3107      	adds	r1, #7
100047da:	e77d      	b.n	100046d8 <pico_get_unique_board_id_string+0x74>
100047dc:	3137      	adds	r1, #55	@ 0x37
100047de:	000c      	movs	r4, r1
100047e0:	e785      	b.n	100046ee <pico_get_unique_board_id_string+0x8a>
100047e2:	3107      	adds	r1, #7
100047e4:	e78e      	b.n	10004704 <pico_get_unique_board_id_string+0xa0>
100047e6:	3137      	adds	r1, #55	@ 0x37
100047e8:	000c      	movs	r4, r1
100047ea:	e795      	b.n	10004718 <pico_get_unique_board_id_string+0xb4>
100047ec:	3107      	adds	r1, #7
100047ee:	e79d      	b.n	1000472c <pico_get_unique_board_id_string+0xc8>
100047f0:	3137      	adds	r1, #55	@ 0x37
100047f2:	000c      	movs	r4, r1
100047f4:	e7a3      	b.n	1000473e <pico_get_unique_board_id_string+0xda>
100047f6:	3107      	adds	r1, #7
100047f8:	e7aa      	b.n	10004750 <pico_get_unique_board_id_string+0xec>
100047fa:	3137      	adds	r1, #55	@ 0x37
100047fc:	000c      	movs	r4, r1
100047fe:	72c4      	strb	r4, [r0, #11]
10004800:	2b0c      	cmp	r3, #12
10004802:	d1b1      	bne.n	10004768 <pico_get_unique_board_id_string+0x104>
10004804:	18c0      	adds	r0, r0, r3
10004806:	e7da      	b.n	100047be <pico_get_unique_board_id_string+0x15a>
10004808:	20002080 	.word	0x20002080

1000480c <flash_get_unique_id>:
1000480c:	b510      	push	{r4, lr}
1000480e:	b088      	sub	sp, #32
10004810:	0004      	movs	r4, r0
10004812:	220d      	movs	r2, #13
10004814:	2100      	movs	r1, #0
10004816:	4668      	mov	r0, sp
10004818:	f7fd fe6a 	bl	100024f0 <__wrap_memset>
1000481c:	220d      	movs	r2, #13
1000481e:	2100      	movs	r1, #0
10004820:	a804      	add	r0, sp, #16
10004822:	f7fd fe65 	bl	100024f0 <__wrap_memset>
10004826:	234b      	movs	r3, #75	@ 0x4b
10004828:	466a      	mov	r2, sp
1000482a:	4668      	mov	r0, sp
1000482c:	7013      	strb	r3, [r2, #0]
1000482e:	a904      	add	r1, sp, #16
10004830:	220d      	movs	r2, #13
10004832:	f002 f8b9 	bl	100069a8 <__flash_do_cmd_veneer>
10004836:	2115      	movs	r1, #21
10004838:	2208      	movs	r2, #8
1000483a:	0020      	movs	r0, r4
1000483c:	4469      	add	r1, sp
1000483e:	f7fd fe5d 	bl	100024fc <__wrap___aeabi_memcpy>
10004842:	b008      	add	sp, #32
10004844:	bd10      	pop	{r4, pc}
10004846:	46c0      	nop			@ (mov r8, r8)

10004848 <dcd_init>:
10004848:	b5f8      	push	{r3, r4, r5, r6, r7, lr}
1000484a:	f000 f943 	bl	10004ad4 <rp2040_usb_init>
1000484e:	230c      	movs	r3, #12
10004850:	4d19      	ldr	r5, [pc, #100]	@ (100048b8 <dcd_init+0x70>)
10004852:	22ff      	movs	r2, #255	@ 0xff
10004854:	67ab      	str	r3, [r5, #120]	@ 0x78
10004856:	2005      	movs	r0, #5
10004858:	4918      	ldr	r1, [pc, #96]	@ (100048bc <dcd_init+0x74>)
1000485a:	f7fb fecf 	bl	100005fc <irq_add_shared_handler>
1000485e:	4c18      	ldr	r4, [pc, #96]	@ (100048c0 <dcd_init+0x78>)
10004860:	2240      	movs	r2, #64	@ 0x40
10004862:	2100      	movs	r1, #0
10004864:	0020      	movs	r0, r4
10004866:	f7fd fe43 	bl	100024f0 <__wrap_memset>
1000486a:	2740      	movs	r7, #64	@ 0x40
1000486c:	2300      	movs	r3, #0
1000486e:	2601      	movs	r6, #1
10004870:	2121      	movs	r1, #33	@ 0x21
10004872:	4a14      	ldr	r2, [pc, #80]	@ (100048c4 <dcd_init+0x7c>)
10004874:	7066      	strb	r6, [r4, #1]
10004876:	8327      	strh	r7, [r4, #24]
10004878:	60a2      	str	r2, [r4, #8]
1000487a:	6013      	str	r3, [r2, #0]
1000487c:	5463      	strb	r3, [r4, r1]
1000487e:	315f      	adds	r1, #95	@ 0x5f
10004880:	8461      	strh	r1, [r4, #34]	@ 0x22
10004882:	3945      	subs	r1, #69	@ 0x45
10004884:	5463      	strb	r3, [r4, r1]
10004886:	4a10      	ldr	r2, [pc, #64]	@ (100048c8 <dcd_init+0x80>)
10004888:	4910      	ldr	r1, [pc, #64]	@ (100048cc <dcd_init+0x84>)
1000488a:	6063      	str	r3, [r4, #4]
1000488c:	60e2      	str	r2, [r4, #12]
1000488e:	8727      	strh	r7, [r4, #56]	@ 0x38
10004890:	62a1      	str	r1, [r4, #40]	@ 0x28
10004892:	600b      	str	r3, [r1, #0]
10004894:	6263      	str	r3, [r4, #36]	@ 0x24
10004896:	62e2      	str	r2, [r4, #44]	@ 0x2c
10004898:	f002 f89e 	bl	100069d8 <__reset_non_control_endpoints_veneer>
1000489c:	2380      	movs	r3, #128	@ 0x80
1000489e:	059b      	lsls	r3, r3, #22
100048a0:	642e      	str	r6, [r5, #64]	@ 0x40
100048a2:	64eb      	str	r3, [r5, #76]	@ 0x4c
100048a4:	2390      	movs	r3, #144	@ 0x90
100048a6:	4a0a      	ldr	r2, [pc, #40]	@ (100048d0 <dcd_init+0x88>)
100048a8:	2001      	movs	r0, #1
100048aa:	50ea      	str	r2, [r5, r3]
100048ac:	2280      	movs	r2, #128	@ 0x80
100048ae:	4b09      	ldr	r3, [pc, #36]	@ (100048d4 <dcd_init+0x8c>)
100048b0:	0252      	lsls	r2, r2, #9
100048b2:	64da      	str	r2, [r3, #76]	@ 0x4c
100048b4:	bdf8      	pop	{r3, r4, r5, r6, r7, pc}
100048b6:	46c0      	nop			@ (mov r8, r8)
100048b8:	50110000 	.word	0x50110000
100048bc:	20000491 	.word	0x20000491
100048c0:	20001c5c 	.word	0x20001c5c
100048c4:	50100084 	.word	0x50100084
100048c8:	50100100 	.word	0x50100100
100048cc:	50100080 	.word	0x50100080
100048d0:	0001d010 	.word	0x0001d010
100048d4:	50112000 	.word	0x50112000

100048d8 <dcd_int_enable>:
100048d8:	b510      	push	{r4, lr}
100048da:	2101      	movs	r1, #1
100048dc:	2005      	movs	r0, #5
100048de:	f7fb fe2b 	bl	10000538 <irq_set_enabled>
100048e2:	bd10      	pop	{r4, pc}

100048e4 <dcd_set_address>:
100048e4:	b510      	push	{r4, lr}
100048e6:	2200      	movs	r2, #0
100048e8:	2100      	movs	r1, #0
100048ea:	4802      	ldr	r0, [pc, #8]	@ (100048f4 <dcd_set_address+0x10>)
100048ec:	f000 f912 	bl	10004b14 <hw_endpoint_xfer_start>
100048f0:	bd10      	pop	{r4, pc}
100048f2:	46c0      	nop			@ (mov r8, r8)
100048f4:	20001c7c 	.word	0x20001c7c

100048f8 <dcd_sof_enable>:
100048f8:	4b04      	ldr	r3, [pc, #16]	@ (1000490c <dcd_sof_enable+0x14>)
100048fa:	7019      	strb	r1, [r3, #0]
100048fc:	2900      	cmp	r1, #0
100048fe:	d004      	beq.n	1000490a <dcd_sof_enable+0x12>
10004900:	2180      	movs	r1, #128	@ 0x80
10004902:	2390      	movs	r3, #144	@ 0x90
10004904:	4a02      	ldr	r2, [pc, #8]	@ (10004910 <dcd_sof_enable+0x18>)
10004906:	0289      	lsls	r1, r1, #10
10004908:	50d1      	str	r1, [r2, r3]
1000490a:	4770      	bx	lr
1000490c:	200020aa 	.word	0x200020aa
10004910:	50112000 	.word	0x50112000

10004914 <dcd_edpt0_status_complete>:
10004914:	780b      	ldrb	r3, [r1, #0]
10004916:	065b      	lsls	r3, r3, #25
10004918:	d102      	bne.n	10004920 <dcd_edpt0_status_complete+0xc>
1000491a:	784b      	ldrb	r3, [r1, #1]
1000491c:	2b05      	cmp	r3, #5
1000491e:	d000      	beq.n	10004922 <dcd_edpt0_status_complete+0xe>
10004920:	4770      	bx	lr
10004922:	788a      	ldrb	r2, [r1, #2]
10004924:	4b01      	ldr	r3, [pc, #4]	@ (1000492c <dcd_edpt0_status_complete+0x18>)
10004926:	601a      	str	r2, [r3, #0]
10004928:	e7fa      	b.n	10004920 <dcd_edpt0_status_complete+0xc>
1000492a:	46c0      	nop			@ (mov r8, r8)
1000492c:	50110000 	.word	0x50110000

10004930 <dcd_edpt_open>:
10004930:	b5f0      	push	{r4, r5, r6, r7, lr}
10004932:	46c6      	mov	lr, r8
10004934:	78c8      	ldrb	r0, [r1, #3]
10004936:	b500      	push	{lr}
10004938:	0780      	lsls	r0, r0, #30
1000493a:	0f83      	lsrs	r3, r0, #30
1000493c:	0018      	movs	r0, r3
1000493e:	2b01      	cmp	r3, #1
10004940:	d060      	beq.n	10004a04 <dcd_edpt_open+0xd4>
10004942:	788f      	ldrb	r7, [r1, #2]
10004944:	790a      	ldrb	r2, [r1, #4]
10004946:	794b      	ldrb	r3, [r1, #5]
10004948:	217f      	movs	r1, #127	@ 0x7f
1000494a:	4039      	ands	r1, r7
1000494c:	09fc      	lsrs	r4, r7, #7
1000494e:	021b      	lsls	r3, r3, #8
10004950:	004e      	lsls	r6, r1, #1
10004952:	4313      	orrs	r3, r2
10004954:	4d33      	ldr	r5, [pc, #204]	@ (10004a24 <dcd_edpt_open+0xf4>)
10004956:	1932      	adds	r2, r6, r4
10004958:	0152      	lsls	r2, r2, #5
1000495a:	18aa      	adds	r2, r5, r2
1000495c:	7097      	strb	r7, [r2, #2]
1000495e:	2701      	movs	r7, #1
10004960:	4067      	eors	r7, r4
10004962:	7057      	strb	r7, [r2, #1]
10004964:	2700      	movs	r7, #0
10004966:	055b      	lsls	r3, r3, #21
10004968:	0d5b      	lsrs	r3, r3, #21
1000496a:	70d7      	strb	r7, [r2, #3]
1000496c:	8313      	strh	r3, [r2, #24]
1000496e:	76d0      	strb	r0, [r2, #27]
10004970:	46b8      	mov	r8, r7
10004972:	00ca      	lsls	r2, r1, #3
10004974:	2c01      	cmp	r4, #1
10004976:	d032      	beq.n	100049de <dcd_edpt_open+0xae>
10004978:	4f2b      	ldr	r7, [pc, #172]	@ (10004a28 <dcd_edpt_open+0xf8>)
1000497a:	46bc      	mov	ip, r7
1000497c:	018f      	lsls	r7, r1, #6
1000497e:	4462      	add	r2, ip
10004980:	46bc      	mov	ip, r7
10004982:	44ac      	add	ip, r5
10004984:	4667      	mov	r7, ip
10004986:	60ba      	str	r2, [r7, #8]
10004988:	4647      	mov	r7, r8
1000498a:	6017      	str	r7, [r2, #0]
1000498c:	2900      	cmp	r1, #0
1000498e:	d032      	beq.n	100049f6 <dcd_edpt_open+0xc6>
10004990:	4a26      	ldr	r2, [pc, #152]	@ (10004a2c <dcd_edpt_open+0xfc>)
10004992:	00c9      	lsls	r1, r1, #3
10004994:	4690      	mov	r8, r2
10004996:	4662      	mov	r2, ip
10004998:	4441      	add	r1, r8
1000499a:	6051      	str	r1, [r2, #4]
1000499c:	223f      	movs	r2, #63	@ 0x3f
1000499e:	333f      	adds	r3, #63	@ 0x3f
100049a0:	4393      	bics	r3, r2
100049a2:	2802      	cmp	r0, #2
100049a4:	d037      	beq.n	10004a16 <dcd_edpt_open+0xe6>
100049a6:	4922      	ldr	r1, [pc, #136]	@ (10004a30 <dcd_edpt_open+0x100>)
100049a8:	1937      	adds	r7, r6, r4
100049aa:	680a      	ldr	r2, [r1, #0]
100049ac:	017f      	lsls	r7, r7, #5
100049ae:	18d3      	adds	r3, r2, r3
100049b0:	600b      	str	r3, [r1, #0]
100049b2:	4920      	ldr	r1, [pc, #128]	@ (10004a34 <dcd_edpt_open+0x104>)
100049b4:	19ef      	adds	r7, r5, r7
100049b6:	60fa      	str	r2, [r7, #12]
100049b8:	428b      	cmp	r3, r1
100049ba:	d82e      	bhi.n	10004a1a <dcd_edpt_open+0xea>
100049bc:	1936      	adds	r6, r6, r4
100049be:	0176      	lsls	r6, r6, #5
100049c0:	19ad      	adds	r5, r5, r6
100049c2:	7eeb      	ldrb	r3, [r5, #27]
100049c4:	491c      	ldr	r1, [pc, #112]	@ (10004a38 <dcd_edpt_open+0x108>)
100049c6:	069b      	lsls	r3, r3, #26
100049c8:	404a      	eors	r2, r1
100049ca:	4313      	orrs	r3, r2
100049cc:	2280      	movs	r2, #128	@ 0x80
100049ce:	0612      	lsls	r2, r2, #24
100049d0:	4313      	orrs	r3, r2
100049d2:	686a      	ldr	r2, [r5, #4]
100049d4:	6013      	str	r3, [r2, #0]
100049d6:	2001      	movs	r0, #1
100049d8:	bc80      	pop	{r7}
100049da:	46b8      	mov	r8, r7
100049dc:	bdf0      	pop	{r4, r5, r6, r7, pc}
100049de:	4f17      	ldr	r7, [pc, #92]	@ (10004a3c <dcd_edpt_open+0x10c>)
100049e0:	46bc      	mov	ip, r7
100049e2:	018f      	lsls	r7, r1, #6
100049e4:	4462      	add	r2, ip
100049e6:	46bc      	mov	ip, r7
100049e8:	44ac      	add	ip, r5
100049ea:	4667      	mov	r7, ip
100049ec:	62ba      	str	r2, [r7, #40]	@ 0x28
100049ee:	4647      	mov	r7, r8
100049f0:	6017      	str	r7, [r2, #0]
100049f2:	2900      	cmp	r1, #0
100049f4:	d108      	bne.n	10004a08 <dcd_edpt_open+0xd8>
100049f6:	2300      	movs	r3, #0
100049f8:	0164      	lsls	r4, r4, #5
100049fa:	192c      	adds	r4, r5, r4
100049fc:	6063      	str	r3, [r4, #4]
100049fe:	4b10      	ldr	r3, [pc, #64]	@ (10004a40 <dcd_edpt_open+0x110>)
10004a00:	60e3      	str	r3, [r4, #12]
10004a02:	e7e8      	b.n	100049d6 <dcd_edpt_open+0xa6>
10004a04:	2000      	movs	r0, #0
10004a06:	e7e7      	b.n	100049d8 <dcd_edpt_open+0xa8>
10004a08:	4a0b      	ldr	r2, [pc, #44]	@ (10004a38 <dcd_edpt_open+0x108>)
10004a0a:	00c9      	lsls	r1, r1, #3
10004a0c:	4690      	mov	r8, r2
10004a0e:	4662      	mov	r2, ip
10004a10:	4441      	add	r1, r8
10004a12:	6251      	str	r1, [r2, #36]	@ 0x24
10004a14:	e7c2      	b.n	1000499c <dcd_edpt_open+0x6c>
10004a16:	005b      	lsls	r3, r3, #1
10004a18:	e7c5      	b.n	100049a6 <dcd_edpt_open+0x76>
10004a1a:	f7fc fddd 	bl	100015d8 <hard_assertion_failure>
10004a1e:	68fa      	ldr	r2, [r7, #12]
10004a20:	e7cc      	b.n	100049bc <dcd_edpt_open+0x8c>
10004a22:	46c0      	nop			@ (mov r8, r8)
10004a24:	20001c5c 	.word	0x20001c5c
10004a28:	50100084 	.word	0x50100084
10004a2c:	50100004 	.word	0x50100004
10004a30:	20002064 	.word	0x20002064
10004a34:	50100fff 	.word	0x50100fff
10004a38:	50100000 	.word	0x50100000
10004a3c:	50100080 	.word	0x50100080
10004a40:	50100100 	.word	0x50100100

10004a44 <dcd_edpt_close_all>:
10004a44:	b510      	push	{r4, lr}
10004a46:	f001 ffc7 	bl	100069d8 <__reset_non_control_endpoints_veneer>
10004a4a:	bd10      	pop	{r4, pc}

10004a4c <dcd_edpt_xfer>:
10004a4c:	b510      	push	{r4, lr}
10004a4e:	207f      	movs	r0, #127	@ 0x7f
10004a50:	000c      	movs	r4, r1
10004a52:	4020      	ands	r0, r4
10004a54:	0040      	lsls	r0, r0, #1
10004a56:	09e4      	lsrs	r4, r4, #7
10004a58:	0011      	movs	r1, r2
10004a5a:	1900      	adds	r0, r0, r4
10004a5c:	001a      	movs	r2, r3
10004a5e:	4b03      	ldr	r3, [pc, #12]	@ (10004a6c <dcd_edpt_xfer+0x20>)
10004a60:	0140      	lsls	r0, r0, #5
10004a62:	18c0      	adds	r0, r0, r3
10004a64:	f000 f856 	bl	10004b14 <hw_endpoint_xfer_start>
10004a68:	2001      	movs	r0, #1
10004a6a:	bd10      	pop	{r4, pc}
10004a6c:	20001c5c 	.word	0x20001c5c

10004a70 <dcd_edpt_stall>:
10004a70:	237f      	movs	r3, #127	@ 0x7f
10004a72:	0018      	movs	r0, r3
10004a74:	b510      	push	{r4, lr}
10004a76:	4008      	ands	r0, r1
10004a78:	09ca      	lsrs	r2, r1, #7
10004a7a:	420b      	tst	r3, r1
10004a7c:	d103      	bne.n	10004a86 <dcd_edpt_stall+0x16>
10004a7e:	4907      	ldr	r1, [pc, #28]	@ (10004a9c <dcd_edpt_stall+0x2c>)
10004a80:	3b7d      	subs	r3, #125	@ 0x7d
10004a82:	1a9b      	subs	r3, r3, r2
10004a84:	668b      	str	r3, [r1, #104]	@ 0x68
10004a86:	0040      	lsls	r0, r0, #1
10004a88:	1880      	adds	r0, r0, r2
10004a8a:	2280      	movs	r2, #128	@ 0x80
10004a8c:	4b04      	ldr	r3, [pc, #16]	@ (10004aa0 <dcd_edpt_stall+0x30>)
10004a8e:	0140      	lsls	r0, r0, #5
10004a90:	2100      	movs	r1, #0
10004a92:	18c0      	adds	r0, r0, r3
10004a94:	0112      	lsls	r2, r2, #4
10004a96:	f001 ffdf 	bl	10006a58 <___hw_endpoint_buffer_control_update32_veneer>
10004a9a:	bd10      	pop	{r4, pc}
10004a9c:	50112000 	.word	0x50112000
10004aa0:	20001c5c 	.word	0x20001c5c

10004aa4 <dcd_edpt_clear_stall>:
10004aa4:	227f      	movs	r2, #127	@ 0x7f
10004aa6:	0013      	movs	r3, r2
10004aa8:	b510      	push	{r4, lr}
10004aaa:	400b      	ands	r3, r1
10004aac:	420a      	tst	r2, r1
10004aae:	d100      	bne.n	10004ab2 <dcd_edpt_clear_stall+0xe>
10004ab0:	bd10      	pop	{r4, pc}
10004ab2:	09c9      	lsrs	r1, r1, #7
10004ab4:	005b      	lsls	r3, r3, #1
10004ab6:	185b      	adds	r3, r3, r1
10004ab8:	4804      	ldr	r0, [pc, #16]	@ (10004acc <dcd_edpt_clear_stall+0x28>)
10004aba:	015b      	lsls	r3, r3, #5
10004abc:	18c0      	adds	r0, r0, r3
10004abe:	2300      	movs	r3, #0
10004ac0:	2200      	movs	r2, #0
10004ac2:	4903      	ldr	r1, [pc, #12]	@ (10004ad0 <dcd_edpt_clear_stall+0x2c>)
10004ac4:	70c3      	strb	r3, [r0, #3]
10004ac6:	f001 ffc7 	bl	10006a58 <___hw_endpoint_buffer_control_update32_veneer>
10004aca:	e7f1      	b.n	10004ab0 <dcd_edpt_clear_stall+0xc>
10004acc:	20001c5c 	.word	0x20001c5c
10004ad0:	fffff7ff 	.word	0xfffff7ff

10004ad4 <rp2040_usb_init>:
10004ad4:	2280      	movs	r2, #128	@ 0x80
10004ad6:	4b0a      	ldr	r3, [pc, #40]	@ (10004b00 <rp2040_usb_init+0x2c>)
10004ad8:	0452      	lsls	r2, r2, #17
10004ada:	b510      	push	{r4, lr}
10004adc:	601a      	str	r2, [r3, #0]
10004ade:	4b09      	ldr	r3, [pc, #36]	@ (10004b04 <rp2040_usb_init+0x30>)
10004ae0:	4909      	ldr	r1, [pc, #36]	@ (10004b08 <rp2040_usb_init+0x34>)
10004ae2:	601a      	str	r2, [r3, #0]
10004ae4:	0010      	movs	r0, r2
10004ae6:	680b      	ldr	r3, [r1, #0]
10004ae8:	4398      	bics	r0, r3
10004aea:	d1fb      	bne.n	10004ae4 <rp2040_usb_init+0x10>
10004aec:	2280      	movs	r2, #128	@ 0x80
10004aee:	2100      	movs	r1, #0
10004af0:	0152      	lsls	r2, r2, #5
10004af2:	4806      	ldr	r0, [pc, #24]	@ (10004b0c <rp2040_usb_init+0x38>)
10004af4:	f7fd fcfc 	bl	100024f0 <__wrap_memset>
10004af8:	2209      	movs	r2, #9
10004afa:	4b05      	ldr	r3, [pc, #20]	@ (10004b10 <rp2040_usb_init+0x3c>)
10004afc:	675a      	str	r2, [r3, #116]	@ 0x74
10004afe:	bd10      	pop	{r4, pc}
10004b00:	4000e000 	.word	0x4000e000
10004b04:	4000f000 	.word	0x4000f000
10004b08:	4000c008 	.word	0x4000c008
10004b0c:	50100000 	.word	0x50100000
10004b10:	50110000 	.word	0x50110000

10004b14 <hw_endpoint_xfer_start>:
10004b14:	2300      	movs	r3, #0
10004b16:	b510      	push	{r4, lr}
10004b18:	82c3      	strh	r3, [r0, #22]
10004b1a:	3301      	adds	r3, #1
10004b1c:	8282      	strh	r2, [r0, #20]
10004b1e:	7683      	strb	r3, [r0, #26]
10004b20:	6101      	str	r1, [r0, #16]
10004b22:	0004      	movs	r4, r0
10004b24:	f001 ff80 	bl	10006a28 <__e15_is_bulkin_ep_veneer>
10004b28:	2800      	cmp	r0, #0
10004b2a:	d004      	beq.n	10004b36 <hw_endpoint_xfer_start+0x22>
10004b2c:	2180      	movs	r1, #128	@ 0x80
10004b2e:	2390      	movs	r3, #144	@ 0x90
10004b30:	4a07      	ldr	r2, [pc, #28]	@ (10004b50 <hw_endpoint_xfer_start+0x3c>)
10004b32:	0289      	lsls	r1, r1, #10
10004b34:	50d1      	str	r1, [r2, r3]
10004b36:	0020      	movs	r0, r4
10004b38:	f001 ff6e 	bl	10006a18 <__e15_is_critical_frame_period_veneer>
10004b3c:	2800      	cmp	r0, #0
10004b3e:	d002      	beq.n	10004b46 <hw_endpoint_xfer_start+0x32>
10004b40:	2301      	movs	r3, #1
10004b42:	7723      	strb	r3, [r4, #28]
10004b44:	bd10      	pop	{r4, pc}
10004b46:	0020      	movs	r0, r4
10004b48:	f001 ff7e 	bl	10006a48 <__hw_endpoint_start_next_buffer_veneer>
10004b4c:	e7fa      	b.n	10004b44 <hw_endpoint_xfer_start+0x30>
10004b4e:	46c0      	nop			@ (mov r8, r8)
10004b50:	50112000 	.word	0x50112000

10004b54 <tud_event_hook_cb>:
10004b54:	4770      	bx	lr
10004b56:	46c0      	nop			@ (mov r8, r8)

10004b58 <tud_sof_cb>:
10004b58:	4770      	bx	lr
10004b5a:	46c0      	nop			@ (mov r8, r8)

10004b5c <tud_descriptor_device_qualifier_cb>:
10004b5c:	2000      	movs	r0, #0
10004b5e:	4770      	bx	lr

10004b60 <tud_descriptor_other_speed_configuration_cb>:
10004b60:	2000      	movs	r0, #0
10004b62:	4770      	bx	lr

10004b64 <tud_mount_cb>:
10004b64:	4770      	bx	lr
10004b66:	46c0      	nop			@ (mov r8, r8)

10004b68 <tud_umount_cb>:
10004b68:	4770      	bx	lr
10004b6a:	46c0      	nop			@ (mov r8, r8)

10004b6c <tud_suspend_cb>:
10004b6c:	4770      	bx	lr
10004b6e:	46c0      	nop			@ (mov r8, r8)

10004b70 <tud_resume_cb>:
10004b70:	4770      	bx	lr
10004b72:	46c0      	nop			@ (mov r8, r8)

10004b74 <tud_mounted>:
10004b74:	4b02      	ldr	r3, [pc, #8]	@ (10004b80 <tud_mounted+0xc>)
10004b76:	7858      	ldrb	r0, [r3, #1]
10004b78:	1e43      	subs	r3, r0, #1
10004b7a:	4198      	sbcs	r0, r3
10004b7c:	b2c0      	uxtb	r0, r0
10004b7e:	4770      	bx	lr
10004b80:	20001708 	.word	0x20001708

10004b84 <tud_suspended>:
10004b84:	4b02      	ldr	r3, [pc, #8]	@ (10004b90 <tud_suspended+0xc>)
10004b86:	7818      	ldrb	r0, [r3, #0]
10004b88:	0740      	lsls	r0, r0, #29
10004b8a:	0fc0      	lsrs	r0, r0, #31
10004b8c:	4770      	bx	lr
10004b8e:	46c0      	nop			@ (mov r8, r8)
10004b90:	20001708 	.word	0x20001708

10004b94 <tud_rhport_init>:
10004b94:	b5f0      	push	{r4, r5, r6, r7, lr}
10004b96:	46d6      	mov	lr, sl
10004b98:	464f      	mov	r7, r9
10004b9a:	4646      	mov	r6, r8
10004b9c:	b5c0      	push	{r6, r7, lr}
10004b9e:	4b31      	ldr	r3, [pc, #196]	@ (10004c64 <tud_rhport_init+0xd0>)
10004ba0:	0007      	movs	r7, r0
10004ba2:	469a      	mov	sl, r3
10004ba4:	781b      	ldrb	r3, [r3, #0]
10004ba6:	000e      	movs	r6, r1
10004ba8:	2bff      	cmp	r3, #255	@ 0xff
10004baa:	d001      	beq.n	10004bb0 <tud_rhport_init+0x1c>
10004bac:	2001      	movs	r0, #1
10004bae:	e044      	b.n	10004c3a <tud_rhport_init+0xa6>
10004bb0:	2900      	cmp	r1, #0
10004bb2:	d041      	beq.n	10004c38 <tud_rhport_init+0xa4>
10004bb4:	2100      	movs	r1, #0
10004bb6:	2254      	movs	r2, #84	@ 0x54
10004bb8:	482b      	ldr	r0, [pc, #172]	@ (10004c68 <tud_rhport_init+0xd4>)
10004bba:	f7fd fc99 	bl	100024f0 <__wrap_memset>
10004bbe:	2200      	movs	r2, #0
10004bc0:	4c2a      	ldr	r4, [pc, #168]	@ (10004c6c <tud_rhport_init+0xd8>)
10004bc2:	4b2b      	ldr	r3, [pc, #172]	@ (10004c70 <tud_rhport_init+0xdc>)
10004bc4:	0020      	movs	r0, r4
10004bc6:	701a      	strb	r2, [r3, #0]
10004bc8:	f7fb feb2 	bl	10000930 <mutex_init>
10004bcc:	4b29      	ldr	r3, [pc, #164]	@ (10004c74 <tud_rhport_init+0xe0>)
10004bce:	601c      	str	r4, [r3, #0]
10004bd0:	4c29      	ldr	r4, [pc, #164]	@ (10004c78 <tud_rhport_init+0xe4>)
10004bd2:	0020      	movs	r0, r4
10004bd4:	3c14      	subs	r4, #20
10004bd6:	f7fb feb9 	bl	1000094c <critical_section_init>
10004bda:	0020      	movs	r0, r4
10004bdc:	f001 fe0c 	bl	100067f8 <tu_fifo_clear>
10004be0:	4b26      	ldr	r3, [pc, #152]	@ (10004c7c <tud_rhport_init+0xe8>)
10004be2:	4d27      	ldr	r5, [pc, #156]	@ (10004c80 <tud_rhport_init+0xec>)
10004be4:	601c      	str	r4, [r3, #0]
10004be6:	4b27      	ldr	r3, [pc, #156]	@ (10004c84 <tud_rhport_init+0xf0>)
10004be8:	2b00      	cmp	r3, #0
10004bea:	d02b      	beq.n	10004c44 <tud_rhport_init+0xb0>
10004bec:	0028      	movs	r0, r5
10004bee:	f7ff fabf 	bl	10004170 <usbd_app_driver_get_cb>
10004bf2:	4b25      	ldr	r3, [pc, #148]	@ (10004c88 <tud_rhport_init+0xf4>)
10004bf4:	782a      	ldrb	r2, [r5, #0]
10004bf6:	6018      	str	r0, [r3, #0]
10004bf8:	4924      	ldr	r1, [pc, #144]	@ (10004c8c <tud_rhport_init+0xf8>)
10004bfa:	2400      	movs	r4, #0
10004bfc:	4689      	mov	r9, r1
10004bfe:	4922      	ldr	r1, [pc, #136]	@ (10004c88 <tud_rhport_init+0xf4>)
10004c00:	2300      	movs	r3, #0
10004c02:	4688      	mov	r8, r1
10004c04:	e010      	b.n	10004c28 <tud_rhport_init+0x94>
10004c06:	4643      	mov	r3, r8
10004c08:	681b      	ldr	r3, [r3, #0]
10004c0a:	0162      	lsls	r2, r4, #5
10004c0c:	189b      	adds	r3, r3, r2
10004c0e:	2b00      	cmp	r3, #0
10004c10:	d012      	beq.n	10004c38 <tud_rhport_init+0xa4>
10004c12:	685b      	ldr	r3, [r3, #4]
10004c14:	2b00      	cmp	r3, #0
10004c16:	d00f      	beq.n	10004c38 <tud_rhport_init+0xa4>
10004c18:	4798      	blx	r3
10004c1a:	782a      	ldrb	r2, [r5, #0]
10004c1c:	3401      	adds	r4, #1
10004c1e:	b2e4      	uxtb	r4, r4
10004c20:	1c51      	adds	r1, r2, #1
10004c22:	0023      	movs	r3, r4
10004c24:	42a1      	cmp	r1, r4
10004c26:	db0f      	blt.n	10004c48 <tud_rhport_init+0xb4>
10004c28:	42a2      	cmp	r2, r4
10004c2a:	d8ec      	bhi.n	10004c06 <tud_rhport_init+0x72>
10004c2c:	1a9b      	subs	r3, r3, r2
10004c2e:	015b      	lsls	r3, r3, #5
10004c30:	444b      	add	r3, r9
10004c32:	685b      	ldr	r3, [r3, #4]
10004c34:	2b00      	cmp	r3, #0
10004c36:	d1ef      	bne.n	10004c18 <tud_rhport_init+0x84>
10004c38:	2000      	movs	r0, #0
10004c3a:	bce0      	pop	{r5, r6, r7}
10004c3c:	46ba      	mov	sl, r7
10004c3e:	46b1      	mov	r9, r6
10004c40:	46a8      	mov	r8, r5
10004c42:	bdf0      	pop	{r4, r5, r6, r7, pc}
10004c44:	782a      	ldrb	r2, [r5, #0]
10004c46:	e7d7      	b.n	10004bf8 <tud_rhport_init+0x64>
10004c48:	4653      	mov	r3, sl
10004c4a:	0031      	movs	r1, r6
10004c4c:	0038      	movs	r0, r7
10004c4e:	701f      	strb	r7, [r3, #0]
10004c50:	f7ff fdfa 	bl	10004848 <dcd_init>
10004c54:	2800      	cmp	r0, #0
10004c56:	d0ef      	beq.n	10004c38 <tud_rhport_init+0xa4>
10004c58:	0038      	movs	r0, r7
10004c5a:	f7ff fe3d 	bl	100048d8 <dcd_int_enable>
10004c5e:	2001      	movs	r0, #1
10004c60:	e7eb      	b.n	10004c3a <tud_rhport_init+0xa6>
10004c62:	46c0      	nop			@ (mov r8, r8)
10004c64:	20001014 	.word	0x20001014
10004c68:	20001708 	.word	0x20001708
10004c6c:	20001700 	.word	0x20001700
10004c70:	200020ab 	.word	0x200020ab
10004c74:	2000175c 	.word	0x2000175c
10004c78:	2000100c 	.word	0x2000100c
10004c7c:	20001760 	.word	0x20001760
10004c80:	200020a9 	.word	0x200020a9
10004c84:	10004171 	.word	0x10004171
10004c88:	20001558 	.word	0x20001558
10004c8c:	1000709c 	.word	0x1000709c

10004c90 <tud_task_ext>:
10004c90:	b5f0      	push	{r4, r5, r6, r7, lr}
10004c92:	46de      	mov	lr, fp
10004c94:	4657      	mov	r7, sl
10004c96:	464e      	mov	r6, r9
10004c98:	4645      	mov	r5, r8
10004c9a:	b5e0      	push	{r5, r6, r7, lr}
10004c9c:	4bc8      	ldr	r3, [pc, #800]	@ (10004fc0 <tud_task_ext+0x330>)
10004c9e:	b091      	sub	sp, #68	@ 0x44
10004ca0:	9302      	str	r3, [sp, #8]
10004ca2:	781b      	ldrb	r3, [r3, #0]
10004ca4:	2bff      	cmp	r3, #255	@ 0xff
10004ca6:	d100      	bne.n	10004caa <tud_task_ext+0x1a>
10004ca8:	e13e      	b.n	10004f28 <tud_task_ext+0x298>
10004caa:	4bc6      	ldr	r3, [pc, #792]	@ (10004fc4 <tud_task_ext+0x334>)
10004cac:	4ec6      	ldr	r6, [pc, #792]	@ (10004fc8 <tud_task_ext+0x338>)
10004cae:	469b      	mov	fp, r3
10004cb0:	465f      	mov	r7, fp
10004cb2:	4bc6      	ldr	r3, [pc, #792]	@ (10004fcc <tud_task_ext+0x33c>)
10004cb4:	ac0d      	add	r4, sp, #52	@ 0x34
10004cb6:	9301      	str	r3, [sp, #4]
10004cb8:	4bc5      	ldr	r3, [pc, #788]	@ (10004fd0 <tud_task_ext+0x340>)
10004cba:	9300      	str	r3, [sp, #0]
10004cbc:	6835      	ldr	r5, [r6, #0]
10004cbe:	696a      	ldr	r2, [r5, #20]
10004cc0:	f3ef 8110 	mrs	r1, PRIMASK
10004cc4:	b672      	cpsid	i
10004cc6:	6813      	ldr	r3, [r2, #0]
10004cc8:	2b00      	cmp	r3, #0
10004cca:	d0fc      	beq.n	10004cc6 <tud_task_ext+0x36>
10004ccc:	f3bf 8f5f 	dmb	sy
10004cd0:	61a9      	str	r1, [r5, #24]
10004cd2:	0028      	movs	r0, r5
10004cd4:	0021      	movs	r1, r4
10004cd6:	f001 fbbd 	bl	10006454 <tu_fifo_read>
10004cda:	696a      	ldr	r2, [r5, #20]
10004cdc:	69ab      	ldr	r3, [r5, #24]
10004cde:	f3bf 8f5f 	dmb	sy
10004ce2:	2100      	movs	r1, #0
10004ce4:	6011      	str	r1, [r2, #0]
10004ce6:	f383 8810 	msr	PRIMASK, r3
10004cea:	2800      	cmp	r0, #0
10004cec:	d100      	bne.n	10004cf0 <tud_task_ext+0x60>
10004cee:	e11b      	b.n	10004f28 <tud_task_ext+0x298>
10004cf0:	7863      	ldrb	r3, [r4, #1]
10004cf2:	2b08      	cmp	r3, #8
10004cf4:	d8e2      	bhi.n	10004cbc <tud_task_ext+0x2c>
10004cf6:	009b      	lsls	r3, r3, #2
10004cf8:	58fb      	ldr	r3, [r7, r3]
10004cfa:	469f      	mov	pc, r3
10004cfc:	6863      	ldr	r3, [r4, #4]
10004cfe:	2b00      	cmp	r3, #0
10004d00:	d0dc      	beq.n	10004cbc <tud_task_ext+0x2c>
10004d02:	68a0      	ldr	r0, [r4, #8]
10004d04:	4798      	blx	r3
10004d06:	e7d9      	b.n	10004cbc <tud_task_ext+0x2c>
10004d08:	227f      	movs	r2, #127	@ 0x7f
10004d0a:	7921      	ldrb	r1, [r4, #4]
10004d0c:	4daf      	ldr	r5, [pc, #700]	@ (10004fcc <tud_task_ext+0x33c>)
10004d0e:	400a      	ands	r2, r1
10004d10:	0053      	lsls	r3, r2, #1
10004d12:	18eb      	adds	r3, r5, r3
10004d14:	4698      	mov	r8, r3
10004d16:	09c8      	lsrs	r0, r1, #7
10004d18:	4480      	add	r8, r0
10004d1a:	4640      	mov	r0, r8
10004d1c:	2301      	movs	r3, #1
10004d1e:	3030      	adds	r0, #48	@ 0x30
10004d20:	7905      	ldrb	r5, [r0, #4]
10004d22:	439d      	bics	r5, r3
10004d24:	7105      	strb	r5, [r0, #4]
10004d26:	7905      	ldrb	r5, [r0, #4]
10004d28:	3303      	adds	r3, #3
10004d2a:	439d      	bics	r5, r3
10004d2c:	7105      	strb	r5, [r0, #4]
10004d2e:	2a00      	cmp	r2, #0
10004d30:	d100      	bne.n	10004d34 <tud_task_ext+0xa4>
10004d32:	e100      	b.n	10004f36 <tud_task_ext+0x2a6>
10004d34:	4643      	mov	r3, r8
10004d36:	4aa7      	ldr	r2, [pc, #668]	@ (10004fd4 <tud_task_ext+0x344>)
10004d38:	7d1b      	ldrb	r3, [r3, #20]
10004d3a:	7812      	ldrb	r2, [r2, #0]
10004d3c:	4293      	cmp	r3, r2
10004d3e:	d300      	bcc.n	10004d42 <tud_task_ext+0xb2>
10004d40:	e0ef      	b.n	10004f22 <tud_task_ext+0x292>
10004d42:	4aa5      	ldr	r2, [pc, #660]	@ (10004fd8 <tud_task_ext+0x348>)
10004d44:	015b      	lsls	r3, r3, #5
10004d46:	6815      	ldr	r5, [r2, #0]
10004d48:	18ed      	adds	r5, r5, r3
10004d4a:	2d00      	cmp	r5, #0
10004d4c:	d100      	bne.n	10004d50 <tud_task_ext+0xc0>
10004d4e:	e0eb      	b.n	10004f28 <tud_task_ext+0x298>
10004d50:	68a3      	ldr	r3, [r4, #8]
10004d52:	7962      	ldrb	r2, [r4, #5]
10004d54:	7820      	ldrb	r0, [r4, #0]
10004d56:	69ad      	ldr	r5, [r5, #24]
10004d58:	47a8      	blx	r5
10004d5a:	e7af      	b.n	10004cbc <tud_task_ext+0x2c>
10004d5c:	4a9f      	ldr	r2, [pc, #636]	@ (10004fdc <tud_task_ext+0x34c>)
10004d5e:	7813      	ldrb	r3, [r2, #0]
10004d60:	2b00      	cmp	r3, #0
10004d62:	d100      	bne.n	10004d66 <tud_task_ext+0xd6>
10004d64:	e0e0      	b.n	10004f28 <tud_task_ext+0x298>
10004d66:	7813      	ldrb	r3, [r2, #0]
10004d68:	3b01      	subs	r3, #1
10004d6a:	b2db      	uxtb	r3, r3
10004d6c:	7013      	strb	r3, [r2, #0]
10004d6e:	7813      	ldrb	r3, [r2, #0]
10004d70:	2b00      	cmp	r3, #0
10004d72:	d1a3      	bne.n	10004cbc <tud_task_ext+0x2c>
10004d74:	2201      	movs	r2, #1
10004d76:	4d95      	ldr	r5, [pc, #596]	@ (10004fcc <tud_task_ext+0x33c>)
10004d78:	2101      	movs	r1, #1
10004d7a:	782b      	ldrb	r3, [r5, #0]
10004d7c:	2004      	movs	r0, #4
10004d7e:	4313      	orrs	r3, r2
10004d80:	702b      	strb	r3, [r5, #0]
10004d82:	2334      	movs	r3, #52	@ 0x34
10004d84:	5cea      	ldrb	r2, [r5, r3]
10004d86:	438a      	bics	r2, r1
10004d88:	54ea      	strb	r2, [r5, r3]
10004d8a:	5cea      	ldrb	r2, [r5, r3]
10004d8c:	4382      	bics	r2, r0
10004d8e:	54ea      	strb	r2, [r5, r3]
10004d90:	3301      	adds	r3, #1
10004d92:	5cea      	ldrb	r2, [r5, r3]
10004d94:	438a      	bics	r2, r1
10004d96:	54ea      	strb	r2, [r5, r3]
10004d98:	5cea      	ldrb	r2, [r5, r3]
10004d9a:	4382      	bics	r2, r0
10004d9c:	54ea      	strb	r2, [r5, r3]
10004d9e:	7823      	ldrb	r3, [r4, #0]
10004da0:	2000      	movs	r0, #0
10004da2:	469b      	mov	fp, r3
10004da4:	f000 fca0 	bl	100056e8 <usbd_control_set_complete_callback>
10004da8:	2260      	movs	r2, #96	@ 0x60
10004daa:	7923      	ldrb	r3, [r4, #4]
10004dac:	401a      	ands	r2, r3
10004dae:	2a60      	cmp	r2, #96	@ 0x60
10004db0:	d100      	bne.n	10004db4 <tud_task_ext+0x124>
10004db2:	e0ef      	b.n	10004f94 <tud_task_ext+0x304>
10004db4:	2a40      	cmp	r2, #64	@ 0x40
10004db6:	d100      	bne.n	10004dba <tud_task_ext+0x12a>
10004db8:	e0f5      	b.n	10004fa6 <tud_task_ext+0x316>
10004dba:	06db      	lsls	r3, r3, #27
10004dbc:	0edb      	lsrs	r3, r3, #27
10004dbe:	2b01      	cmp	r3, #1
10004dc0:	d100      	bne.n	10004dc4 <tud_task_ext+0x134>
10004dc2:	e113      	b.n	10004fec <tud_task_ext+0x35c>
10004dc4:	2b02      	cmp	r3, #2
10004dc6:	d100      	bne.n	10004dca <tud_task_ext+0x13a>
10004dc8:	e0c7      	b.n	10004f5a <tud_task_ext+0x2ca>
10004dca:	2b00      	cmp	r3, #0
10004dcc:	d000      	beq.n	10004dd0 <tud_task_ext+0x140>
10004dce:	e0e1      	b.n	10004f94 <tud_task_ext+0x304>
10004dd0:	2a20      	cmp	r2, #32
10004dd2:	d100      	bne.n	10004dd6 <tud_task_ext+0x146>
10004dd4:	e21c      	b.n	10005210 <tud_task_ext+0x580>
10004dd6:	2a00      	cmp	r2, #0
10004dd8:	d000      	beq.n	10004ddc <tud_task_ext+0x14c>
10004dda:	e0db      	b.n	10004f94 <tud_task_ext+0x304>
10004ddc:	7963      	ldrb	r3, [r4, #5]
10004dde:	2b09      	cmp	r3, #9
10004de0:	d900      	bls.n	10004de4 <tud_task_ext+0x154>
10004de2:	e0d7      	b.n	10004f94 <tud_task_ext+0x304>
10004de4:	4a7e      	ldr	r2, [pc, #504]	@ (10004fe0 <tud_task_ext+0x350>)
10004de6:	009b      	lsls	r3, r3, #2
10004de8:	58d3      	ldr	r3, [r2, r3]
10004dea:	469f      	mov	pc, r3
10004dec:	4d77      	ldr	r5, [pc, #476]	@ (10004fcc <tud_task_ext+0x33c>)
10004dee:	782b      	ldrb	r3, [r5, #0]
10004df0:	07db      	lsls	r3, r3, #31
10004df2:	d400      	bmi.n	10004df6 <tud_task_ext+0x166>
10004df4:	e762      	b.n	10004cbc <tud_task_ext+0x2c>
10004df6:	f7ff febb 	bl	10004b70 <tud_resume_cb>
10004dfa:	e75f      	b.n	10004cbc <tud_task_ext+0x2c>
10004dfc:	9b01      	ldr	r3, [sp, #4]
10004dfe:	78db      	ldrb	r3, [r3, #3]
10004e00:	07db      	lsls	r3, r3, #31
10004e02:	d400      	bmi.n	10004e06 <tud_task_ext+0x176>
10004e04:	e75a      	b.n	10004cbc <tud_task_ext+0x2c>
10004e06:	6860      	ldr	r0, [r4, #4]
10004e08:	f7ff fea6 	bl	10004b58 <tud_sof_cb>
10004e0c:	e756      	b.n	10004cbc <tud_task_ext+0x2c>
10004e0e:	4d6f      	ldr	r5, [pc, #444]	@ (10004fcc <tud_task_ext+0x33c>)
10004e10:	782b      	ldrb	r3, [r5, #0]
10004e12:	07db      	lsls	r3, r3, #31
10004e14:	d400      	bmi.n	10004e18 <tud_task_ext+0x188>
10004e16:	e751      	b.n	10004cbc <tud_task_ext+0x2c>
10004e18:	7828      	ldrb	r0, [r5, #0]
10004e1a:	0700      	lsls	r0, r0, #28
10004e1c:	0fc0      	lsrs	r0, r0, #31
10004e1e:	f7ff fea5 	bl	10004b6c <tud_suspend_cb>
10004e22:	e74b      	b.n	10004cbc <tud_task_ext+0x2c>
10004e24:	7823      	ldrb	r3, [r4, #0]
10004e26:	496a      	ldr	r1, [pc, #424]	@ (10004fd0 <tud_task_ext+0x340>)
10004e28:	4699      	mov	r9, r3
10004e2a:	468b      	mov	fp, r1
10004e2c:	4b69      	ldr	r3, [pc, #420]	@ (10004fd4 <tud_task_ext+0x344>)
10004e2e:	496a      	ldr	r1, [pc, #424]	@ (10004fd8 <tud_task_ext+0x348>)
10004e30:	4698      	mov	r8, r3
10004e32:	468a      	mov	sl, r1
10004e34:	0039      	movs	r1, r7
10004e36:	781a      	ldrb	r2, [r3, #0]
10004e38:	4647      	mov	r7, r8
10004e3a:	2300      	movs	r3, #0
10004e3c:	46b0      	mov	r8, r6
10004e3e:	2500      	movs	r5, #0
10004e40:	464e      	mov	r6, r9
10004e42:	4689      	mov	r9, r1
10004e44:	e010      	b.n	10004e68 <tud_task_ext+0x1d8>
10004e46:	4653      	mov	r3, sl
10004e48:	681b      	ldr	r3, [r3, #0]
10004e4a:	016a      	lsls	r2, r5, #5
10004e4c:	189b      	adds	r3, r3, r2
10004e4e:	2b00      	cmp	r3, #0
10004e50:	d100      	bne.n	10004e54 <tud_task_ext+0x1c4>
10004e52:	e076      	b.n	10004f42 <tud_task_ext+0x2b2>
10004e54:	68db      	ldr	r3, [r3, #12]
10004e56:	0030      	movs	r0, r6
10004e58:	4798      	blx	r3
10004e5a:	783a      	ldrb	r2, [r7, #0]
10004e5c:	3501      	adds	r5, #1
10004e5e:	b2ed      	uxtb	r5, r5
10004e60:	1c51      	adds	r1, r2, #1
10004e62:	002b      	movs	r3, r5
10004e64:	428d      	cmp	r5, r1
10004e66:	dc44      	bgt.n	10004ef2 <tud_task_ext+0x262>
10004e68:	4295      	cmp	r5, r2
10004e6a:	d3ec      	bcc.n	10004e46 <tud_task_ext+0x1b6>
10004e6c:	1a9b      	subs	r3, r3, r2
10004e6e:	015b      	lsls	r3, r3, #5
10004e70:	445b      	add	r3, fp
10004e72:	e7ef      	b.n	10004e54 <tud_task_ext+0x1c4>
10004e74:	7823      	ldrb	r3, [r4, #0]
10004e76:	4958      	ldr	r1, [pc, #352]	@ (10004fd8 <tud_task_ext+0x348>)
10004e78:	4699      	mov	r9, r3
10004e7a:	4b56      	ldr	r3, [pc, #344]	@ (10004fd4 <tud_task_ext+0x344>)
10004e7c:	468a      	mov	sl, r1
10004e7e:	4698      	mov	r8, r3
10004e80:	0031      	movs	r1, r6
10004e82:	46bb      	mov	fp, r7
10004e84:	464e      	mov	r6, r9
10004e86:	781a      	ldrb	r2, [r3, #0]
10004e88:	2500      	movs	r5, #0
10004e8a:	2300      	movs	r3, #0
10004e8c:	4647      	mov	r7, r8
10004e8e:	4689      	mov	r9, r1
10004e90:	e00f      	b.n	10004eb2 <tud_task_ext+0x222>
10004e92:	4653      	mov	r3, sl
10004e94:	681b      	ldr	r3, [r3, #0]
10004e96:	016a      	lsls	r2, r5, #5
10004e98:	189b      	adds	r3, r3, r2
10004e9a:	2b00      	cmp	r3, #0
10004e9c:	d055      	beq.n	10004f4a <tud_task_ext+0x2ba>
10004e9e:	68db      	ldr	r3, [r3, #12]
10004ea0:	0030      	movs	r0, r6
10004ea2:	4798      	blx	r3
10004ea4:	783a      	ldrb	r2, [r7, #0]
10004ea6:	3501      	adds	r5, #1
10004ea8:	b2ed      	uxtb	r5, r5
10004eaa:	1c51      	adds	r1, r2, #1
10004eac:	002b      	movs	r3, r5
10004eae:	428d      	cmp	r5, r1
10004eb0:	dc07      	bgt.n	10004ec2 <tud_task_ext+0x232>
10004eb2:	4295      	cmp	r5, r2
10004eb4:	d3ed      	bcc.n	10004e92 <tud_task_ext+0x202>
10004eb6:	1a9b      	subs	r3, r3, r2
10004eb8:	9a00      	ldr	r2, [sp, #0]
10004eba:	015b      	lsls	r3, r3, #5
10004ebc:	4694      	mov	ip, r2
10004ebe:	4463      	add	r3, ip
10004ec0:	e7ed      	b.n	10004e9e <tud_task_ext+0x20e>
10004ec2:	9d01      	ldr	r5, [sp, #4]
10004ec4:	2254      	movs	r2, #84	@ 0x54
10004ec6:	2100      	movs	r1, #0
10004ec8:	0028      	movs	r0, r5
10004eca:	f7fd fb11 	bl	100024f0 <__wrap_memset>
10004ece:	2210      	movs	r2, #16
10004ed0:	21ff      	movs	r1, #255	@ 0xff
10004ed2:	4844      	ldr	r0, [pc, #272]	@ (10004fe4 <tud_task_ext+0x354>)
10004ed4:	f7fd fb0c 	bl	100024f0 <__wrap_memset>
10004ed8:	0028      	movs	r0, r5
10004eda:	2220      	movs	r2, #32
10004edc:	21ff      	movs	r1, #255	@ 0xff
10004ede:	3014      	adds	r0, #20
10004ee0:	464e      	mov	r6, r9
10004ee2:	465f      	mov	r7, fp
10004ee4:	f7fd fb04 	bl	100024f0 <__wrap_memset>
10004ee8:	f000 fbf4 	bl	100056d4 <usbd_control_reset>
10004eec:	f7ff fe3c 	bl	10004b68 <tud_umount_cb>
10004ef0:	e6e4      	b.n	10004cbc <tud_task_ext+0x2c>
10004ef2:	4d36      	ldr	r5, [pc, #216]	@ (10004fcc <tud_task_ext+0x33c>)
10004ef4:	2254      	movs	r2, #84	@ 0x54
10004ef6:	2100      	movs	r1, #0
10004ef8:	0028      	movs	r0, r5
10004efa:	f7fd faf9 	bl	100024f0 <__wrap_memset>
10004efe:	2210      	movs	r2, #16
10004f00:	21ff      	movs	r1, #255	@ 0xff
10004f02:	1d28      	adds	r0, r5, #4
10004f04:	f7fd faf4 	bl	100024f0 <__wrap_memset>
10004f08:	0028      	movs	r0, r5
10004f0a:	2220      	movs	r2, #32
10004f0c:	21ff      	movs	r1, #255	@ 0xff
10004f0e:	3014      	adds	r0, #20
10004f10:	4646      	mov	r6, r8
10004f12:	464f      	mov	r7, r9
10004f14:	f7fd faec 	bl	100024f0 <__wrap_memset>
10004f18:	f000 fbdc 	bl	100056d4 <usbd_control_reset>
10004f1c:	7923      	ldrb	r3, [r4, #4]
10004f1e:	70ab      	strb	r3, [r5, #2]
10004f20:	e6cc      	b.n	10004cbc <tud_task_ext+0x2c>
10004f22:	1c50      	adds	r0, r2, #1
10004f24:	4298      	cmp	r0, r3
10004f26:	da13      	bge.n	10004f50 <tud_task_ext+0x2c0>
10004f28:	b011      	add	sp, #68	@ 0x44
10004f2a:	bcf0      	pop	{r4, r5, r6, r7}
10004f2c:	46bb      	mov	fp, r7
10004f2e:	46b2      	mov	sl, r6
10004f30:	46a9      	mov	r9, r5
10004f32:	46a0      	mov	r8, r4
10004f34:	bdf0      	pop	{r4, r5, r6, r7, pc}
10004f36:	68a3      	ldr	r3, [r4, #8]
10004f38:	7962      	ldrb	r2, [r4, #5]
10004f3a:	7820      	ldrb	r0, [r4, #0]
10004f3c:	f000 fbe8 	bl	10005710 <usbd_control_xfer_cb>
10004f40:	e6bc      	b.n	10004cbc <tud_task_ext+0x2c>
10004f42:	4646      	mov	r6, r8
10004f44:	464f      	mov	r7, r9
10004f46:	4d21      	ldr	r5, [pc, #132]	@ (10004fcc <tud_task_ext+0x33c>)
10004f48:	e7e6      	b.n	10004f18 <tud_task_ext+0x288>
10004f4a:	464e      	mov	r6, r9
10004f4c:	465f      	mov	r7, fp
10004f4e:	e7cb      	b.n	10004ee8 <tud_task_ext+0x258>
10004f50:	4d1f      	ldr	r5, [pc, #124]	@ (10004fd0 <tud_task_ext+0x340>)
10004f52:	1a9b      	subs	r3, r3, r2
10004f54:	015b      	lsls	r3, r3, #5
10004f56:	195d      	adds	r5, r3, r5
10004f58:	e6fa      	b.n	10004d50 <tud_task_ext+0xc0>
10004f5a:	2370      	movs	r3, #112	@ 0x70
10004f5c:	7a21      	ldrb	r1, [r4, #8]
10004f5e:	420b      	tst	r3, r1
10004f60:	d118      	bne.n	10004f94 <tud_task_ext+0x304>
10004f62:	09c8      	lsrs	r0, r1, #7
10004f64:	4682      	mov	sl, r0
10004f66:	330f      	adds	r3, #15
10004f68:	400b      	ands	r3, r1
10004f6a:	005b      	lsls	r3, r3, #1
10004f6c:	4698      	mov	r8, r3
10004f6e:	4819      	ldr	r0, [pc, #100]	@ (10004fd4 <tud_task_ext+0x344>)
10004f70:	18eb      	adds	r3, r5, r3
10004f72:	4453      	add	r3, sl
10004f74:	7d1b      	ldrb	r3, [r3, #20]
10004f76:	7800      	ldrb	r0, [r0, #0]
10004f78:	4699      	mov	r9, r3
10004f7a:	4283      	cmp	r3, r0
10004f7c:	d266      	bcs.n	1000504c <tud_task_ext+0x3bc>
10004f7e:	4816      	ldr	r0, [pc, #88]	@ (10004fd8 <tud_task_ext+0x348>)
10004f80:	015b      	lsls	r3, r3, #5
10004f82:	6800      	ldr	r0, [r0, #0]
10004f84:	4681      	mov	r9, r0
10004f86:	4499      	add	r9, r3
10004f88:	2a00      	cmp	r2, #0
10004f8a:	d100      	bne.n	10004f8e <tud_task_ext+0x2fe>
10004f8c:	e15f      	b.n	1000524e <tud_task_ext+0x5be>
10004f8e:	464b      	mov	r3, r9
10004f90:	2b00      	cmp	r3, #0
10004f92:	d168      	bne.n	10005066 <tud_task_ext+0x3d6>
10004f94:	7820      	ldrb	r0, [r4, #0]
10004f96:	2100      	movs	r1, #0
10004f98:	f7ff fd6a 	bl	10004a70 <dcd_edpt_stall>
10004f9c:	2180      	movs	r1, #128	@ 0x80
10004f9e:	7820      	ldrb	r0, [r4, #0]
10004fa0:	f7ff fd66 	bl	10004a70 <dcd_edpt_stall>
10004fa4:	e68a      	b.n	10004cbc <tud_task_ext+0x2c>
10004fa6:	4810      	ldr	r0, [pc, #64]	@ (10004fe8 <tud_task_ext+0x358>)
10004fa8:	f000 fb9e 	bl	100056e8 <usbd_control_set_complete_callback>
10004fac:	2101      	movs	r1, #1
10004fae:	4658      	mov	r0, fp
10004fb0:	aa0e      	add	r2, sp, #56	@ 0x38
10004fb2:	f7ff f8c3 	bl	1000413c <tud_vendor_control_xfer_cb>
10004fb6:	2800      	cmp	r0, #0
10004fb8:	d000      	beq.n	10004fbc <tud_task_ext+0x32c>
10004fba:	e67f      	b.n	10004cbc <tud_task_ext+0x2c>
10004fbc:	e7ea      	b.n	10004f94 <tud_task_ext+0x304>
10004fbe:	46c0      	nop			@ (mov r8, r8)
10004fc0:	20001014 	.word	0x20001014
10004fc4:	10006ff4 	.word	0x10006ff4
10004fc8:	20001760 	.word	0x20001760
10004fcc:	20001708 	.word	0x20001708
10004fd0:	1000709c 	.word	0x1000709c
10004fd4:	200020a9 	.word	0x200020a9
10004fd8:	20001558 	.word	0x20001558
10004fdc:	200020ab 	.word	0x200020ab
10004fe0:	10007018 	.word	0x10007018
10004fe4:	2000170c 	.word	0x2000170c
10004fe8:	1000413d 	.word	0x1000413d
10004fec:	7a23      	ldrb	r3, [r4, #8]
10004fee:	2b0f      	cmp	r3, #15
10004ff0:	d8d0      	bhi.n	10004f94 <tud_task_ext+0x304>
10004ff2:	4acf      	ldr	r2, [pc, #828]	@ (10005330 <tud_task_ext+0x6a0>)
10004ff4:	18eb      	adds	r3, r5, r3
10004ff6:	791b      	ldrb	r3, [r3, #4]
10004ff8:	7815      	ldrb	r5, [r2, #0]
10004ffa:	42ab      	cmp	r3, r5
10004ffc:	d33e      	bcc.n	1000507c <tud_task_ext+0x3ec>
10004ffe:	1c69      	adds	r1, r5, #1
10005000:	4299      	cmp	r1, r3
10005002:	dbc7      	blt.n	10004f94 <tud_task_ext+0x304>
10005004:	1b5d      	subs	r5, r3, r5
10005006:	4bcb      	ldr	r3, [pc, #812]	@ (10005334 <tud_task_ext+0x6a4>)
10005008:	016d      	lsls	r5, r5, #5
1000500a:	18ed      	adds	r5, r5, r3
1000500c:	6968      	ldr	r0, [r5, #20]
1000500e:	f000 fb6b 	bl	100056e8 <usbd_control_set_complete_callback>
10005012:	2101      	movs	r1, #1
10005014:	4658      	mov	r0, fp
10005016:	696b      	ldr	r3, [r5, #20]
10005018:	aa0e      	add	r2, sp, #56	@ 0x38
1000501a:	4798      	blx	r3
1000501c:	2800      	cmp	r0, #0
1000501e:	d000      	beq.n	10005022 <tud_task_ext+0x392>
10005020:	e64c      	b.n	10004cbc <tud_task_ext+0x2c>
10005022:	2260      	movs	r2, #96	@ 0x60
10005024:	0015      	movs	r5, r2
10005026:	7923      	ldrb	r3, [r4, #4]
10005028:	401d      	ands	r5, r3
1000502a:	421a      	tst	r2, r3
1000502c:	d1b2      	bne.n	10004f94 <tud_task_ext+0x304>
1000502e:	7963      	ldrb	r3, [r4, #5]
10005030:	3b0a      	subs	r3, #10
10005032:	2b01      	cmp	r3, #1
10005034:	d8ae      	bhi.n	10004f94 <tud_task_ext+0x304>
10005036:	f000 fb57 	bl	100056e8 <usbd_control_set_complete_callback>
1000503a:	7963      	ldrb	r3, [r4, #5]
1000503c:	2b0a      	cmp	r3, #10
1000503e:	d100      	bne.n	10005042 <tud_task_ext+0x3b2>
10005040:	e199      	b.n	10005376 <tud_task_ext+0x6e6>
10005042:	4658      	mov	r0, fp
10005044:	a90e      	add	r1, sp, #56	@ 0x38
10005046:	f000 fad9 	bl	100055fc <tud_control_status>
1000504a:	e637      	b.n	10004cbc <tud_task_ext+0x2c>
1000504c:	1c43      	adds	r3, r0, #1
1000504e:	454b      	cmp	r3, r9
10005050:	da00      	bge.n	10005054 <tud_task_ext+0x3c4>
10005052:	e0f7      	b.n	10005244 <tud_task_ext+0x5b4>
10005054:	464b      	mov	r3, r9
10005056:	1a1b      	subs	r3, r3, r0
10005058:	015b      	lsls	r3, r3, #5
1000505a:	4699      	mov	r9, r3
1000505c:	48b5      	ldr	r0, [pc, #724]	@ (10005334 <tud_task_ext+0x6a4>)
1000505e:	4481      	add	r9, r0
10005060:	2a00      	cmp	r2, #0
10005062:	d100      	bne.n	10005066 <tud_task_ext+0x3d6>
10005064:	e0f3      	b.n	1000524e <tud_task_ext+0x5be>
10005066:	464b      	mov	r3, r9
10005068:	6958      	ldr	r0, [r3, #20]
1000506a:	f000 fb3d 	bl	100056e8 <usbd_control_set_complete_callback>
1000506e:	464b      	mov	r3, r9
10005070:	2101      	movs	r1, #1
10005072:	4658      	mov	r0, fp
10005074:	695b      	ldr	r3, [r3, #20]
10005076:	aa0e      	add	r2, sp, #56	@ 0x38
10005078:	4798      	blx	r3
1000507a:	e79c      	b.n	10004fb6 <tud_task_ext+0x326>
1000507c:	4aae      	ldr	r2, [pc, #696]	@ (10005338 <tud_task_ext+0x6a8>)
1000507e:	015b      	lsls	r3, r3, #5
10005080:	6815      	ldr	r5, [r2, #0]
10005082:	18ed      	adds	r5, r5, r3
10005084:	2d00      	cmp	r5, #0
10005086:	d1c1      	bne.n	1000500c <tud_task_ext+0x37c>
10005088:	e784      	b.n	10004f94 <tud_task_ext+0x304>
1000508a:	79a3      	ldrb	r3, [r4, #6]
1000508c:	4699      	mov	r9, r3
1000508e:	786b      	ldrb	r3, [r5, #1]
10005090:	4599      	cmp	r9, r3
10005092:	d0d6      	beq.n	10005042 <tud_task_ext+0x3b2>
10005094:	786b      	ldrb	r3, [r5, #1]
10005096:	2b00      	cmp	r3, #0
10005098:	d000      	beq.n	1000509c <tud_task_ext+0x40c>
1000509a:	e133      	b.n	10005304 <tud_task_ext+0x674>
1000509c:	464b      	mov	r3, r9
1000509e:	706b      	strb	r3, [r5, #1]
100050a0:	2b00      	cmp	r3, #0
100050a2:	d100      	bne.n	100050a6 <tud_task_ext+0x416>
100050a4:	e12b      	b.n	100052fe <tud_task_ext+0x66e>
100050a6:	4648      	mov	r0, r9
100050a8:	3801      	subs	r0, #1
100050aa:	b2c0      	uxtb	r0, r0
100050ac:	f7ff fa92 	bl	100045d4 <tud_descriptor_configuration_cb>
100050b0:	2800      	cmp	r0, #0
100050b2:	d100      	bne.n	100050b6 <tud_task_ext+0x426>
100050b4:	e17e      	b.n	100053b4 <tud_task_ext+0x724>
100050b6:	7843      	ldrb	r3, [r0, #1]
100050b8:	9307      	str	r3, [sp, #28]
100050ba:	2b02      	cmp	r3, #2
100050bc:	d000      	beq.n	100050c0 <tud_task_ext+0x430>
100050be:	e179      	b.n	100053b4 <tud_task_ext+0x724>
100050c0:	2201      	movs	r2, #1
100050c2:	79c1      	ldrb	r1, [r0, #7]
100050c4:	46b1      	mov	r9, r6
100050c6:	118b      	asrs	r3, r1, #6
100050c8:	1149      	asrs	r1, r1, #5
100050ca:	4013      	ands	r3, r2
100050cc:	400a      	ands	r2, r1
100050ce:	2130      	movs	r1, #48	@ 0x30
100050d0:	0112      	lsls	r2, r2, #4
100050d2:	015b      	lsls	r3, r3, #5
100050d4:	4313      	orrs	r3, r2
100050d6:	782a      	ldrb	r2, [r5, #0]
100050d8:	46a8      	mov	r8, r5
100050da:	438a      	bics	r2, r1
100050dc:	4313      	orrs	r3, r2
100050de:	702b      	strb	r3, [r5, #0]
100050e0:	2309      	movs	r3, #9
100050e2:	469a      	mov	sl, r3
100050e4:	4482      	add	sl, r0
100050e6:	4656      	mov	r6, sl
100050e8:	46ba      	mov	sl, r7
100050ea:	78c3      	ldrb	r3, [r0, #3]
100050ec:	7882      	ldrb	r2, [r0, #2]
100050ee:	021b      	lsls	r3, r3, #8
100050f0:	4313      	orrs	r3, r2
100050f2:	18c3      	adds	r3, r0, r3
100050f4:	9305      	str	r3, [sp, #20]
100050f6:	4b8e      	ldr	r3, [pc, #568]	@ (10005330 <tud_task_ext+0x6a0>)
100050f8:	9304      	str	r3, [sp, #16]
100050fa:	4b8e      	ldr	r3, [pc, #568]	@ (10005334 <tud_task_ext+0x6a4>)
100050fc:	9308      	str	r3, [sp, #32]
100050fe:	4b8e      	ldr	r3, [pc, #568]	@ (10005338 <tud_task_ext+0x6a8>)
10005100:	9309      	str	r3, [sp, #36]	@ 0x24
10005102:	4b8e      	ldr	r3, [pc, #568]	@ (1000533c <tud_task_ext+0x6ac>)
10005104:	930a      	str	r3, [sp, #40]	@ 0x28
10005106:	9b05      	ldr	r3, [sp, #20]
10005108:	42b3      	cmp	r3, r6
1000510a:	d800      	bhi.n	1000510e <tud_task_ext+0x47e>
1000510c:	e155      	b.n	100053ba <tud_task_ext+0x72a>
1000510e:	7873      	ldrb	r3, [r6, #1]
10005110:	2201      	movs	r2, #1
10005112:	2b0b      	cmp	r3, #11
10005114:	d103      	bne.n	1000511e <tud_task_ext+0x48e>
10005116:	7833      	ldrb	r3, [r6, #0]
10005118:	78f2      	ldrb	r2, [r6, #3]
1000511a:	18f6      	adds	r6, r6, r3
1000511c:	7873      	ldrb	r3, [r6, #1]
1000511e:	2b04      	cmp	r3, #4
10005120:	d000      	beq.n	10005124 <tud_task_ext+0x494>
10005122:	e144      	b.n	100053ae <tud_task_ext+0x71e>
10005124:	9b05      	ldr	r3, [sp, #20]
10005126:	2700      	movs	r7, #0
10005128:	1b9b      	subs	r3, r3, r6
1000512a:	b29b      	uxth	r3, r3
1000512c:	9306      	str	r3, [sp, #24]
1000512e:	9b04      	ldr	r3, [sp, #16]
10005130:	920b      	str	r2, [sp, #44]	@ 0x2c
10005132:	781d      	ldrb	r5, [r3, #0]
10005134:	2300      	movs	r3, #0
10005136:	9303      	str	r3, [sp, #12]
10005138:	e01b      	b.n	10005172 <tud_task_ext+0x4e2>
1000513a:	9a09      	ldr	r2, [sp, #36]	@ 0x24
1000513c:	017b      	lsls	r3, r7, #5
1000513e:	6815      	ldr	r5, [r2, #0]
10005140:	18ed      	adds	r5, r5, r3
10005142:	2d00      	cmp	r5, #0
10005144:	d100      	bne.n	10005148 <tud_task_ext+0x4b8>
10005146:	e132      	b.n	100053ae <tud_task_ext+0x71e>
10005148:	0031      	movs	r1, r6
1000514a:	4658      	mov	r0, fp
1000514c:	692b      	ldr	r3, [r5, #16]
1000514e:	9a06      	ldr	r2, [sp, #24]
10005150:	4798      	blx	r3
10005152:	4684      	mov	ip, r0
10005154:	2808      	cmp	r0, #8
10005156:	d903      	bls.n	10005160 <tud_task_ext+0x4d0>
10005158:	9a06      	ldr	r2, [sp, #24]
1000515a:	4282      	cmp	r2, r0
1000515c:	d300      	bcc.n	10005160 <tud_task_ext+0x4d0>
1000515e:	e113      	b.n	10005388 <tud_task_ext+0x6f8>
10005160:	9b04      	ldr	r3, [sp, #16]
10005162:	3701      	adds	r7, #1
10005164:	781d      	ldrb	r5, [r3, #0]
10005166:	b2ff      	uxtb	r7, r7
10005168:	1c6b      	adds	r3, r5, #1
1000516a:	9703      	str	r7, [sp, #12]
1000516c:	429f      	cmp	r7, r3
1000516e:	dd00      	ble.n	10005172 <tud_task_ext+0x4e2>
10005170:	e11d      	b.n	100053ae <tud_task_ext+0x71e>
10005172:	42bd      	cmp	r5, r7
10005174:	d8e1      	bhi.n	1000513a <tud_task_ext+0x4aa>
10005176:	9b03      	ldr	r3, [sp, #12]
10005178:	1b5d      	subs	r5, r3, r5
1000517a:	9b08      	ldr	r3, [sp, #32]
1000517c:	016d      	lsls	r5, r5, #5
1000517e:	469c      	mov	ip, r3
10005180:	4465      	add	r5, ip
10005182:	e7e1      	b.n	10005148 <tud_task_ext+0x4b8>
10005184:	786b      	ldrb	r3, [r5, #1]
10005186:	aa0c      	add	r2, sp, #48	@ 0x30
10005188:	3202      	adds	r2, #2
1000518a:	7013      	strb	r3, [r2, #0]
1000518c:	4658      	mov	r0, fp
1000518e:	2301      	movs	r3, #1
10005190:	a90e      	add	r1, sp, #56	@ 0x38
10005192:	f000 fa49 	bl	10005628 <tud_control_xfer>
10005196:	e591      	b.n	10004cbc <tud_task_ext+0x2c>
10005198:	88e3      	ldrh	r3, [r4, #6]
1000519a:	0a1a      	lsrs	r2, r3, #8
1000519c:	b2d8      	uxtb	r0, r3
1000519e:	2a0f      	cmp	r2, #15
100051a0:	d900      	bls.n	100051a4 <tud_task_ext+0x514>
100051a2:	e6f7      	b.n	10004f94 <tud_task_ext+0x304>
100051a4:	4966      	ldr	r1, [pc, #408]	@ (10005340 <tud_task_ext+0x6b0>)
100051a6:	0093      	lsls	r3, r2, #2
100051a8:	58cb      	ldr	r3, [r1, r3]
100051aa:	469f      	mov	pc, r3
100051ac:	a80e      	add	r0, sp, #56	@ 0x38
100051ae:	f000 faa1 	bl	100056f4 <usbd_control_set_request>
100051b2:	4658      	mov	r0, fp
100051b4:	79a1      	ldrb	r1, [r4, #6]
100051b6:	f7ff fb95 	bl	100048e4 <dcd_set_address>
100051ba:	2202      	movs	r2, #2
100051bc:	782b      	ldrb	r3, [r5, #0]
100051be:	4313      	orrs	r3, r2
100051c0:	702b      	strb	r3, [r5, #0]
100051c2:	e57b      	b.n	10004cbc <tud_task_ext+0x2c>
100051c4:	88e3      	ldrh	r3, [r4, #6]
100051c6:	2b01      	cmp	r3, #1
100051c8:	d000      	beq.n	100051cc <tud_task_ext+0x53c>
100051ca:	e6e3      	b.n	10004f94 <tud_task_ext+0x304>
100051cc:	2208      	movs	r2, #8
100051ce:	782b      	ldrb	r3, [r5, #0]
100051d0:	4658      	mov	r0, fp
100051d2:	4393      	bics	r3, r2
100051d4:	a90e      	add	r1, sp, #56	@ 0x38
100051d6:	702b      	strb	r3, [r5, #0]
100051d8:	f000 fa10 	bl	100055fc <tud_control_status>
100051dc:	e56e      	b.n	10004cbc <tud_task_ext+0x2c>
100051de:	2002      	movs	r0, #2
100051e0:	7829      	ldrb	r1, [r5, #0]
100051e2:	ab0c      	add	r3, sp, #48	@ 0x30
100051e4:	1c9a      	adds	r2, r3, #2
100051e6:	068b      	lsls	r3, r1, #26
100051e8:	0889      	lsrs	r1, r1, #2
100051ea:	0fdb      	lsrs	r3, r3, #31
100051ec:	4001      	ands	r1, r0
100051ee:	430b      	orrs	r3, r1
100051f0:	8013      	strh	r3, [r2, #0]
100051f2:	4658      	mov	r0, fp
100051f4:	2302      	movs	r3, #2
100051f6:	a90e      	add	r1, sp, #56	@ 0x38
100051f8:	f000 fa16 	bl	10005628 <tud_control_xfer>
100051fc:	e55e      	b.n	10004cbc <tud_task_ext+0x2c>
100051fe:	88e3      	ldrh	r3, [r4, #6]
10005200:	2b01      	cmp	r3, #1
10005202:	d000      	beq.n	10005206 <tud_task_ext+0x576>
10005204:	e6c6      	b.n	10004f94 <tud_task_ext+0x304>
10005206:	2208      	movs	r2, #8
10005208:	782b      	ldrb	r3, [r5, #0]
1000520a:	4313      	orrs	r3, r2
1000520c:	702b      	strb	r3, [r5, #0]
1000520e:	e718      	b.n	10005042 <tud_task_ext+0x3b2>
10005210:	7a23      	ldrb	r3, [r4, #8]
10005212:	2b0f      	cmp	r3, #15
10005214:	d900      	bls.n	10005218 <tud_task_ext+0x588>
10005216:	e6bd      	b.n	10004f94 <tud_task_ext+0x304>
10005218:	18eb      	adds	r3, r5, r3
1000521a:	791d      	ldrb	r5, [r3, #4]
1000521c:	4b44      	ldr	r3, [pc, #272]	@ (10005330 <tud_task_ext+0x6a0>)
1000521e:	781b      	ldrb	r3, [r3, #0]
10005220:	429d      	cmp	r5, r3
10005222:	d228      	bcs.n	10005276 <tud_task_ext+0x5e6>
10005224:	4b44      	ldr	r3, [pc, #272]	@ (10005338 <tud_task_ext+0x6a8>)
10005226:	016d      	lsls	r5, r5, #5
10005228:	681b      	ldr	r3, [r3, #0]
1000522a:	195d      	adds	r5, r3, r5
1000522c:	2d00      	cmp	r5, #0
1000522e:	d100      	bne.n	10005232 <tud_task_ext+0x5a2>
10005230:	e6b0      	b.n	10004f94 <tud_task_ext+0x304>
10005232:	6968      	ldr	r0, [r5, #20]
10005234:	f000 fa58 	bl	100056e8 <usbd_control_set_complete_callback>
10005238:	2101      	movs	r1, #1
1000523a:	4658      	mov	r0, fp
1000523c:	696b      	ldr	r3, [r5, #20]
1000523e:	aa0e      	add	r2, sp, #56	@ 0x38
10005240:	4798      	blx	r3
10005242:	e6b8      	b.n	10004fb6 <tud_task_ext+0x326>
10005244:	2a00      	cmp	r2, #0
10005246:	d000      	beq.n	1000524a <tud_task_ext+0x5ba>
10005248:	e6a4      	b.n	10004f94 <tud_task_ext+0x304>
1000524a:	2300      	movs	r3, #0
1000524c:	4699      	mov	r9, r3
1000524e:	7962      	ldrb	r2, [r4, #5]
10005250:	2002      	movs	r0, #2
10005252:	0013      	movs	r3, r2
10005254:	9203      	str	r2, [sp, #12]
10005256:	4383      	bics	r3, r0
10005258:	2b01      	cmp	r3, #1
1000525a:	d015      	beq.n	10005288 <tud_task_ext+0x5f8>
1000525c:	2a00      	cmp	r2, #0
1000525e:	d000      	beq.n	10005262 <tud_task_ext+0x5d2>
10005260:	e698      	b.n	10004f94 <tud_task_ext+0x304>
10005262:	002b      	movs	r3, r5
10005264:	4443      	add	r3, r8
10005266:	4453      	add	r3, sl
10005268:	3330      	adds	r3, #48	@ 0x30
1000526a:	791b      	ldrb	r3, [r3, #4]
1000526c:	aa0c      	add	r2, sp, #48	@ 0x30
1000526e:	079b      	lsls	r3, r3, #30
10005270:	0fdb      	lsrs	r3, r3, #31
10005272:	3202      	adds	r2, #2
10005274:	e7bc      	b.n	100051f0 <tud_task_ext+0x560>
10005276:	1c5a      	adds	r2, r3, #1
10005278:	42aa      	cmp	r2, r5
1000527a:	da00      	bge.n	1000527e <tud_task_ext+0x5ee>
1000527c:	e68a      	b.n	10004f94 <tud_task_ext+0x304>
1000527e:	1aed      	subs	r5, r5, r3
10005280:	4b2c      	ldr	r3, [pc, #176]	@ (10005334 <tud_task_ext+0x6a4>)
10005282:	016d      	lsls	r5, r5, #5
10005284:	18ed      	adds	r5, r5, r3
10005286:	e7d4      	b.n	10005232 <tud_task_ext+0x5a2>
10005288:	88e3      	ldrh	r3, [r4, #6]
1000528a:	2b00      	cmp	r3, #0
1000528c:	d112      	bne.n	100052b4 <tud_task_ext+0x624>
1000528e:	9b02      	ldr	r3, [sp, #8]
10005290:	7818      	ldrb	r0, [r3, #0]
10005292:	9b03      	ldr	r3, [sp, #12]
10005294:	2b01      	cmp	r3, #1
10005296:	d023      	beq.n	100052e0 <tud_task_ext+0x650>
10005298:	f7ff fbea 	bl	10004a70 <dcd_edpt_stall>
1000529c:	4643      	mov	r3, r8
1000529e:	2102      	movs	r1, #2
100052a0:	18eb      	adds	r3, r5, r3
100052a2:	4453      	add	r3, sl
100052a4:	3330      	adds	r3, #48	@ 0x30
100052a6:	791a      	ldrb	r2, [r3, #4]
100052a8:	430a      	orrs	r2, r1
100052aa:	2101      	movs	r1, #1
100052ac:	711a      	strb	r2, [r3, #4]
100052ae:	791a      	ldrb	r2, [r3, #4]
100052b0:	430a      	orrs	r2, r1
100052b2:	711a      	strb	r2, [r3, #4]
100052b4:	464b      	mov	r3, r9
100052b6:	2b00      	cmp	r3, #0
100052b8:	d100      	bne.n	100052bc <tud_task_ext+0x62c>
100052ba:	e4ff      	b.n	10004cbc <tud_task_ext+0x2c>
100052bc:	6958      	ldr	r0, [r3, #20]
100052be:	f000 fa13 	bl	100056e8 <usbd_control_set_complete_callback>
100052c2:	464b      	mov	r3, r9
100052c4:	2101      	movs	r1, #1
100052c6:	695b      	ldr	r3, [r3, #20]
100052c8:	aa0e      	add	r2, sp, #56	@ 0x38
100052ca:	4658      	mov	r0, fp
100052cc:	4798      	blx	r3
100052ce:	2000      	movs	r0, #0
100052d0:	f000 fa0a 	bl	100056e8 <usbd_control_set_complete_callback>
100052d4:	2335      	movs	r3, #53	@ 0x35
100052d6:	5ceb      	ldrb	r3, [r5, r3]
100052d8:	07db      	lsls	r3, r3, #31
100052da:	d500      	bpl.n	100052de <tud_task_ext+0x64e>
100052dc:	e4ee      	b.n	10004cbc <tud_task_ext+0x2c>
100052de:	e6b0      	b.n	10005042 <tud_task_ext+0x3b2>
100052e0:	f7ff fbe0 	bl	10004aa4 <dcd_edpt_clear_stall>
100052e4:	4643      	mov	r3, r8
100052e6:	2102      	movs	r1, #2
100052e8:	18eb      	adds	r3, r5, r3
100052ea:	4453      	add	r3, sl
100052ec:	3330      	adds	r3, #48	@ 0x30
100052ee:	791a      	ldrb	r2, [r3, #4]
100052f0:	438a      	bics	r2, r1
100052f2:	711a      	strb	r2, [r3, #4]
100052f4:	791a      	ldrb	r2, [r3, #4]
100052f6:	9903      	ldr	r1, [sp, #12]
100052f8:	438a      	bics	r2, r1
100052fa:	711a      	strb	r2, [r3, #4]
100052fc:	e7da      	b.n	100052b4 <tud_task_ext+0x624>
100052fe:	f7ff fc33 	bl	10004b68 <tud_umount_cb>
10005302:	e69e      	b.n	10005042 <tud_task_ext+0x3b2>
10005304:	2100      	movs	r1, #0
10005306:	4658      	mov	r0, fp
10005308:	f7ff faf6 	bl	100048f8 <dcd_sof_enable>
1000530c:	4658      	mov	r0, fp
1000530e:	f7ff fb99 	bl	10004a44 <dcd_edpt_close_all>
10005312:	78ab      	ldrb	r3, [r5, #2]
10005314:	4907      	ldr	r1, [pc, #28]	@ (10005334 <tud_task_ext+0x6a4>)
10005316:	9303      	str	r3, [sp, #12]
10005318:	9104      	str	r1, [sp, #16]
1000531a:	4b05      	ldr	r3, [pc, #20]	@ (10005330 <tud_task_ext+0x6a0>)
1000531c:	4906      	ldr	r1, [pc, #24]	@ (10005338 <tud_task_ext+0x6a8>)
1000531e:	4698      	mov	r8, r3
10005320:	781a      	ldrb	r2, [r3, #0]
10005322:	9105      	str	r1, [sp, #20]
10005324:	2300      	movs	r3, #0
10005326:	0029      	movs	r1, r5
10005328:	001d      	movs	r5, r3
1000532a:	468a      	mov	sl, r1
1000532c:	e01b      	b.n	10005366 <tud_task_ext+0x6d6>
1000532e:	46c0      	nop			@ (mov r8, r8)
10005330:	200020a9 	.word	0x200020a9
10005334:	1000709c 	.word	0x1000709c
10005338:	20001558 	.word	0x20001558
1000533c:	2000171c 	.word	0x2000171c
10005340:	10007040 	.word	0x10007040
10005344:	9b05      	ldr	r3, [sp, #20]
10005346:	016a      	lsls	r2, r5, #5
10005348:	681b      	ldr	r3, [r3, #0]
1000534a:	189b      	adds	r3, r3, r2
1000534c:	2b00      	cmp	r3, #0
1000534e:	d04d      	beq.n	100053ec <tud_task_ext+0x75c>
10005350:	68db      	ldr	r3, [r3, #12]
10005352:	4658      	mov	r0, fp
10005354:	4798      	blx	r3
10005356:	4643      	mov	r3, r8
10005358:	781a      	ldrb	r2, [r3, #0]
1000535a:	3501      	adds	r5, #1
1000535c:	b2ed      	uxtb	r5, r5
1000535e:	1c51      	adds	r1, r2, #1
10005360:	002b      	movs	r3, r5
10005362:	428d      	cmp	r5, r1
10005364:	dc2e      	bgt.n	100053c4 <tud_task_ext+0x734>
10005366:	4295      	cmp	r5, r2
10005368:	d3ec      	bcc.n	10005344 <tud_task_ext+0x6b4>
1000536a:	1a9b      	subs	r3, r3, r2
1000536c:	9a04      	ldr	r2, [sp, #16]
1000536e:	015b      	lsls	r3, r3, #5
10005370:	4694      	mov	ip, r2
10005372:	4463      	add	r3, ip
10005374:	e7ec      	b.n	10005350 <tud_task_ext+0x6c0>
10005376:	ab0c      	add	r3, sp, #48	@ 0x30
10005378:	1c9a      	adds	r2, r3, #2
1000537a:	4658      	mov	r0, fp
1000537c:	2301      	movs	r3, #1
1000537e:	a90e      	add	r1, sp, #56	@ 0x38
10005380:	7015      	strb	r5, [r2, #0]
10005382:	f000 f951 	bl	10005628 <tud_control_xfer>
10005386:	e499      	b.n	10004cbc <tud_task_ext+0x2c>
10005388:	9a0b      	ldr	r2, [sp, #44]	@ 0x2c
1000538a:	2a01      	cmp	r2, #1
1000538c:	d04f      	beq.n	1000542e <tud_task_ext+0x79e>
1000538e:	2a00      	cmp	r2, #0
10005390:	d03c      	beq.n	1000540c <tud_task_ext+0x77c>
10005392:	2300      	movs	r3, #0
10005394:	78b0      	ldrb	r0, [r6, #2]
10005396:	e004      	b.n	100053a2 <tud_task_ext+0x712>
10005398:	3301      	adds	r3, #1
1000539a:	b2db      	uxtb	r3, r3
1000539c:	710f      	strb	r7, [r1, #4]
1000539e:	4293      	cmp	r3, r2
100053a0:	d234      	bcs.n	1000540c <tud_task_ext+0x77c>
100053a2:	18c1      	adds	r1, r0, r3
100053a4:	b2c9      	uxtb	r1, r1
100053a6:	4441      	add	r1, r8
100053a8:	790d      	ldrb	r5, [r1, #4]
100053aa:	2dff      	cmp	r5, #255	@ 0xff
100053ac:	d0f4      	beq.n	10005398 <tud_task_ext+0x708>
100053ae:	464e      	mov	r6, r9
100053b0:	4645      	mov	r5, r8
100053b2:	4657      	mov	r7, sl
100053b4:	2300      	movs	r3, #0
100053b6:	706b      	strb	r3, [r5, #1]
100053b8:	e5ec      	b.n	10004f94 <tud_task_ext+0x304>
100053ba:	464e      	mov	r6, r9
100053bc:	4657      	mov	r7, sl
100053be:	f7ff fbd1 	bl	10004b64 <tud_mount_cb>
100053c2:	e63e      	b.n	10005042 <tud_task_ext+0x3b2>
100053c4:	4655      	mov	r5, sl
100053c6:	2254      	movs	r2, #84	@ 0x54
100053c8:	2100      	movs	r1, #0
100053ca:	0028      	movs	r0, r5
100053cc:	f7fd f890 	bl	100024f0 <__wrap_memset>
100053d0:	2210      	movs	r2, #16
100053d2:	21ff      	movs	r1, #255	@ 0xff
100053d4:	1d28      	adds	r0, r5, #4
100053d6:	f7fd f88b 	bl	100024f0 <__wrap_memset>
100053da:	0028      	movs	r0, r5
100053dc:	2220      	movs	r2, #32
100053de:	21ff      	movs	r1, #255	@ 0xff
100053e0:	3014      	adds	r0, #20
100053e2:	f7fd f885 	bl	100024f0 <__wrap_memset>
100053e6:	9b03      	ldr	r3, [sp, #12]
100053e8:	70ab      	strb	r3, [r5, #2]
100053ea:	e657      	b.n	1000509c <tud_task_ext+0x40c>
100053ec:	4655      	mov	r5, sl
100053ee:	e7fa      	b.n	100053e6 <tud_task_ext+0x756>
100053f0:	f7fe fea0 	bl	10004134 <tud_descriptor_bos_cb>
100053f4:	1e02      	subs	r2, r0, #0
100053f6:	d100      	bne.n	100053fa <tud_task_ext+0x76a>
100053f8:	e5cc      	b.n	10004f94 <tud_task_ext+0x304>
100053fa:	78d3      	ldrb	r3, [r2, #3]
100053fc:	7891      	ldrb	r1, [r2, #2]
100053fe:	021b      	lsls	r3, r3, #8
10005400:	430b      	orrs	r3, r1
10005402:	4658      	mov	r0, fp
10005404:	a90e      	add	r1, sp, #56	@ 0x38
10005406:	f000 f90f 	bl	10005628 <tud_control_xfer>
1000540a:	e5d4      	b.n	10004fb6 <tud_task_ext+0x326>
1000540c:	4665      	mov	r5, ip
1000540e:	003b      	movs	r3, r7
10005410:	002a      	movs	r2, r5
10005412:	0031      	movs	r1, r6
10005414:	980a      	ldr	r0, [sp, #40]	@ 0x28
10005416:	f000 fe8d 	bl	10006134 <tu_edpt_bind_driver>
1000541a:	46ac      	mov	ip, r5
1000541c:	9b04      	ldr	r3, [sp, #16]
1000541e:	9a03      	ldr	r2, [sp, #12]
10005420:	781b      	ldrb	r3, [r3, #0]
10005422:	4466      	add	r6, ip
10005424:	3301      	adds	r3, #1
10005426:	4293      	cmp	r3, r2
10005428:	db00      	blt.n	1000542c <tud_task_ext+0x79c>
1000542a:	e66c      	b.n	10005106 <tud_task_ext+0x476>
1000542c:	e7bf      	b.n	100053ae <tud_task_ext+0x71e>
1000542e:	4b17      	ldr	r3, [pc, #92]	@ (1000548c <tud_task_ext+0x7fc>)
10005430:	6929      	ldr	r1, [r5, #16]
10005432:	4299      	cmp	r1, r3
10005434:	d1ad      	bne.n	10005392 <tud_task_ext+0x702>
10005436:	9a07      	ldr	r2, [sp, #28]
10005438:	e7ab      	b.n	10005392 <tud_task_ext+0x702>
1000543a:	f7ff fb8f 	bl	10004b5c <tud_descriptor_device_qualifier_cb>
1000543e:	1e02      	subs	r2, r0, #0
10005440:	d100      	bne.n	10005444 <tud_task_ext+0x7b4>
10005442:	e5a7      	b.n	10004f94 <tud_task_ext+0x304>
10005444:	4658      	mov	r0, fp
10005446:	7813      	ldrb	r3, [r2, #0]
10005448:	a90e      	add	r1, sp, #56	@ 0x38
1000544a:	f000 f8ed 	bl	10005628 <tud_control_xfer>
1000544e:	e5b2      	b.n	10004fb6 <tud_task_ext+0x326>
10005450:	8921      	ldrh	r1, [r4, #8]
10005452:	f7ff f8c3 	bl	100045dc <tud_descriptor_string_cb>
10005456:	1e02      	subs	r2, r0, #0
10005458:	d1f4      	bne.n	10005444 <tud_task_ext+0x7b4>
1000545a:	e59b      	b.n	10004f94 <tud_task_ext+0x304>
1000545c:	2a02      	cmp	r2, #2
1000545e:	d00f      	beq.n	10005480 <tud_task_ext+0x7f0>
10005460:	f7ff fb7e 	bl	10004b60 <tud_descriptor_other_speed_configuration_cb>
10005464:	1e02      	subs	r2, r0, #0
10005466:	d1c8      	bne.n	100053fa <tud_task_ext+0x76a>
10005468:	e594      	b.n	10004f94 <tud_task_ext+0x304>
1000546a:	f7ff f8af 	bl	100045cc <tud_descriptor_device_cb>
1000546e:	1e02      	subs	r2, r0, #0
10005470:	d100      	bne.n	10005474 <tud_task_ext+0x7e4>
10005472:	e58f      	b.n	10004f94 <tud_task_ext+0x304>
10005474:	2312      	movs	r3, #18
10005476:	4658      	mov	r0, fp
10005478:	a90e      	add	r1, sp, #56	@ 0x38
1000547a:	f000 f8d5 	bl	10005628 <tud_control_xfer>
1000547e:	e59a      	b.n	10004fb6 <tud_task_ext+0x326>
10005480:	f7ff f8a8 	bl	100045d4 <tud_descriptor_configuration_cb>
10005484:	1e02      	subs	r2, r0, #0
10005486:	d1b8      	bne.n	100053fa <tud_task_ext+0x76a>
10005488:	e584      	b.n	10004f94 <tud_task_ext+0x304>
1000548a:	46c0      	nop			@ (mov r8, r8)
1000548c:	10005af5 	.word	0x10005af5

10005490 <usbd_open_edpt_pair>:
10005490:	b5f8      	push	{r3, r4, r5, r6, r7, lr}
10005492:	4657      	mov	r7, sl
10005494:	464e      	mov	r6, r9
10005496:	46de      	mov	lr, fp
10005498:	4645      	mov	r5, r8
1000549a:	000c      	movs	r4, r1
1000549c:	b5e0      	push	{r5, r6, r7, lr}
1000549e:	0016      	movs	r6, r2
100054a0:	001f      	movs	r7, r3
100054a2:	2a00      	cmp	r2, #0
100054a4:	d03c      	beq.n	10005520 <usbd_open_edpt_pair+0x90>
100054a6:	4b1f      	ldr	r3, [pc, #124]	@ (10005524 <usbd_open_edpt_pair+0x94>)
100054a8:	2500      	movs	r5, #0
100054aa:	469a      	mov	sl, r3
100054ac:	2370      	movs	r3, #112	@ 0x70
100054ae:	4699      	mov	r9, r3
100054b0:	4b1d      	ldr	r3, [pc, #116]	@ (10005528 <usbd_open_edpt_pair+0x98>)
100054b2:	469b      	mov	fp, r3
100054b4:	e017      	b.n	100054e6 <usbd_open_edpt_pair+0x56>
100054b6:	465b      	mov	r3, fp
100054b8:	0020      	movs	r0, r4
100054ba:	7899      	ldrb	r1, [r3, #2]
100054bc:	f000 fdfc 	bl	100060b8 <tu_edpt_validate>
100054c0:	2800      	cmp	r0, #0
100054c2:	d01f      	beq.n	10005504 <usbd_open_edpt_pair+0x74>
100054c4:	0021      	movs	r1, r4
100054c6:	4640      	mov	r0, r8
100054c8:	f7ff fa32 	bl	10004930 <dcd_edpt_open>
100054cc:	2800      	cmp	r0, #0
100054ce:	d019      	beq.n	10005504 <usbd_open_edpt_pair+0x74>
100054d0:	78a3      	ldrb	r3, [r4, #2]
100054d2:	09da      	lsrs	r2, r3, #7
100054d4:	2a01      	cmp	r2, #1
100054d6:	d01c      	beq.n	10005512 <usbd_open_edpt_pair+0x82>
100054d8:	9a0a      	ldr	r2, [sp, #40]	@ 0x28
100054da:	3501      	adds	r5, #1
100054dc:	7013      	strb	r3, [r2, #0]
100054de:	7823      	ldrb	r3, [r4, #0]
100054e0:	18e4      	adds	r4, r4, r3
100054e2:	42b5      	cmp	r5, r6
100054e4:	da1c      	bge.n	10005520 <usbd_open_edpt_pair+0x90>
100054e6:	7863      	ldrb	r3, [r4, #1]
100054e8:	2b05      	cmp	r3, #5
100054ea:	d10b      	bne.n	10005504 <usbd_open_edpt_pair+0x74>
100054ec:	78e3      	ldrb	r3, [r4, #3]
100054ee:	079b      	lsls	r3, r3, #30
100054f0:	0f9b      	lsrs	r3, r3, #30
100054f2:	42bb      	cmp	r3, r7
100054f4:	d106      	bne.n	10005504 <usbd_open_edpt_pair+0x74>
100054f6:	4653      	mov	r3, sl
100054f8:	464a      	mov	r2, r9
100054fa:	781b      	ldrb	r3, [r3, #0]
100054fc:	4698      	mov	r8, r3
100054fe:	78a3      	ldrb	r3, [r4, #2]
10005500:	421a      	tst	r2, r3
10005502:	d0d8      	beq.n	100054b6 <usbd_open_edpt_pair+0x26>
10005504:	2000      	movs	r0, #0
10005506:	bcf0      	pop	{r4, r5, r6, r7}
10005508:	46bb      	mov	fp, r7
1000550a:	46b2      	mov	sl, r6
1000550c:	46a9      	mov	r9, r5
1000550e:	46a0      	mov	r8, r4
10005510:	bdf8      	pop	{r3, r4, r5, r6, r7, pc}
10005512:	9a0b      	ldr	r2, [sp, #44]	@ 0x2c
10005514:	3501      	adds	r5, #1
10005516:	7013      	strb	r3, [r2, #0]
10005518:	7823      	ldrb	r3, [r4, #0]
1000551a:	18e4      	adds	r4, r4, r3
1000551c:	42b5      	cmp	r5, r6
1000551e:	dbe2      	blt.n	100054e6 <usbd_open_edpt_pair+0x56>
10005520:	2001      	movs	r0, #1
10005522:	e7f0      	b.n	10005506 <usbd_open_edpt_pair+0x76>
10005524:	20001014 	.word	0x20001014
10005528:	20001708 	.word	0x20001708

1000552c <usbd_edpt_open>:
1000552c:	2270      	movs	r2, #112	@ 0x70
1000552e:	b570      	push	{r4, r5, r6, lr}
10005530:	4b09      	ldr	r3, [pc, #36]	@ (10005558 <usbd_edpt_open+0x2c>)
10005532:	000c      	movs	r4, r1
10005534:	781d      	ldrb	r5, [r3, #0]
10005536:	788b      	ldrb	r3, [r1, #2]
10005538:	421a      	tst	r2, r3
1000553a:	d001      	beq.n	10005540 <usbd_edpt_open+0x14>
1000553c:	2000      	movs	r0, #0
1000553e:	bd70      	pop	{r4, r5, r6, pc}
10005540:	4b06      	ldr	r3, [pc, #24]	@ (1000555c <usbd_edpt_open+0x30>)
10005542:	0020      	movs	r0, r4
10005544:	7899      	ldrb	r1, [r3, #2]
10005546:	f000 fdb7 	bl	100060b8 <tu_edpt_validate>
1000554a:	2800      	cmp	r0, #0
1000554c:	d0f6      	beq.n	1000553c <usbd_edpt_open+0x10>
1000554e:	0021      	movs	r1, r4
10005550:	0028      	movs	r0, r5
10005552:	f7ff f9ed 	bl	10004930 <dcd_edpt_open>
10005556:	e7f2      	b.n	1000553e <usbd_edpt_open+0x12>
10005558:	20001014 	.word	0x20001014
1000555c:	20001708 	.word	0x20001708

10005560 <usbd_edpt_claim>:
10005560:	000b      	movs	r3, r1
10005562:	207f      	movs	r0, #127	@ 0x7f
10005564:	b510      	push	{r4, lr}
10005566:	4018      	ands	r0, r3
10005568:	09db      	lsrs	r3, r3, #7
1000556a:	3334      	adds	r3, #52	@ 0x34
1000556c:	0040      	lsls	r0, r0, #1
1000556e:	4a04      	ldr	r2, [pc, #16]	@ (10005580 <usbd_edpt_claim+0x20>)
10005570:	18c0      	adds	r0, r0, r3
10005572:	4b04      	ldr	r3, [pc, #16]	@ (10005584 <usbd_edpt_claim+0x24>)
10005574:	6811      	ldr	r1, [r2, #0]
10005576:	18c0      	adds	r0, r0, r3
10005578:	f000 fd5a 	bl	10006030 <tu_edpt_claim>
1000557c:	bd10      	pop	{r4, pc}
1000557e:	46c0      	nop			@ (mov r8, r8)
10005580:	2000175c 	.word	0x2000175c
10005584:	20001708 	.word	0x20001708

10005588 <usbd_edpt_release>:
10005588:	000b      	movs	r3, r1
1000558a:	207f      	movs	r0, #127	@ 0x7f
1000558c:	b510      	push	{r4, lr}
1000558e:	4018      	ands	r0, r3
10005590:	09db      	lsrs	r3, r3, #7
10005592:	3334      	adds	r3, #52	@ 0x34
10005594:	0040      	lsls	r0, r0, #1
10005596:	4a04      	ldr	r2, [pc, #16]	@ (100055a8 <usbd_edpt_release+0x20>)
10005598:	18c0      	adds	r0, r0, r3
1000559a:	4b04      	ldr	r3, [pc, #16]	@ (100055ac <usbd_edpt_release+0x24>)
1000559c:	6811      	ldr	r1, [r2, #0]
1000559e:	18c0      	adds	r0, r0, r3
100055a0:	f000 fd6e 	bl	10006080 <tu_edpt_release>
100055a4:	bd10      	pop	{r4, pc}
100055a6:	46c0      	nop			@ (mov r8, r8)
100055a8:	2000175c 	.word	0x2000175c
100055ac:	20001708 	.word	0x20001708

100055b0 <usbd_edpt_xfer>:
100055b0:	b570      	push	{r4, r5, r6, lr}
100055b2:	247f      	movs	r4, #127	@ 0x7f
100055b4:	480f      	ldr	r0, [pc, #60]	@ (100055f4 <usbd_edpt_xfer+0x44>)
100055b6:	400c      	ands	r4, r1
100055b8:	0064      	lsls	r4, r4, #1
100055ba:	1904      	adds	r4, r0, r4
100055bc:	09cd      	lsrs	r5, r1, #7
100055be:	1964      	adds	r4, r4, r5
100055c0:	3430      	adds	r4, #48	@ 0x30
100055c2:	7920      	ldrb	r0, [r4, #4]
100055c4:	07c0      	lsls	r0, r0, #31
100055c6:	d501      	bpl.n	100055cc <usbd_edpt_xfer+0x1c>
100055c8:	2000      	movs	r0, #0
100055ca:	bd70      	pop	{r4, r5, r6, pc}
100055cc:	2601      	movs	r6, #1
100055ce:	7925      	ldrb	r5, [r4, #4]
100055d0:	4809      	ldr	r0, [pc, #36]	@ (100055f8 <usbd_edpt_xfer+0x48>)
100055d2:	4335      	orrs	r5, r6
100055d4:	7800      	ldrb	r0, [r0, #0]
100055d6:	7125      	strb	r5, [r4, #4]
100055d8:	f7ff fa38 	bl	10004a4c <dcd_edpt_xfer>
100055dc:	2800      	cmp	r0, #0
100055de:	d1f4      	bne.n	100055ca <usbd_edpt_xfer+0x1a>
100055e0:	2201      	movs	r2, #1
100055e2:	7923      	ldrb	r3, [r4, #4]
100055e4:	4393      	bics	r3, r2
100055e6:	7123      	strb	r3, [r4, #4]
100055e8:	7923      	ldrb	r3, [r4, #4]
100055ea:	3203      	adds	r2, #3
100055ec:	4393      	bics	r3, r2
100055ee:	7123      	strb	r3, [r4, #4]
100055f0:	e7ea      	b.n	100055c8 <usbd_edpt_xfer+0x18>
100055f2:	46c0      	nop			@ (mov r8, r8)
100055f4:	20001708 	.word	0x20001708
100055f8:	20001014 	.word	0x20001014

100055fc <tud_control_status>:
100055fc:	b570      	push	{r4, r5, r6, lr}
100055fe:	4c09      	ldr	r4, [pc, #36]	@ (10005624 <tud_control_status+0x28>)
10005600:	0006      	movs	r6, r0
10005602:	2208      	movs	r2, #8
10005604:	0020      	movs	r0, r4
10005606:	000d      	movs	r5, r1
10005608:	f7fc ff78 	bl	100024fc <__wrap___aeabi_memcpy>
1000560c:	2300      	movs	r3, #0
1000560e:	2180      	movs	r1, #128	@ 0x80
10005610:	60e3      	str	r3, [r4, #12]
10005612:	60a3      	str	r3, [r4, #8]
10005614:	782b      	ldrb	r3, [r5, #0]
10005616:	0030      	movs	r0, r6
10005618:	4399      	bics	r1, r3
1000561a:	2200      	movs	r2, #0
1000561c:	2300      	movs	r3, #0
1000561e:	f7ff ffc7 	bl	100055b0 <usbd_edpt_xfer>
10005622:	bd70      	pop	{r4, r5, r6, pc}
10005624:	200016e8 	.word	0x200016e8

10005628 <tud_control_xfer>:
10005628:	b5f8      	push	{r3, r4, r5, r6, r7, lr}
1000562a:	46ce      	mov	lr, r9
1000562c:	4647      	mov	r7, r8
1000562e:	4690      	mov	r8, r2
10005630:	4e26      	ldr	r6, [pc, #152]	@ (100056cc <tud_control_xfer+0xa4>)
10005632:	b580      	push	{r7, lr}
10005634:	4681      	mov	r9, r0
10005636:	2208      	movs	r2, #8
10005638:	0030      	movs	r0, r6
1000563a:	000d      	movs	r5, r1
1000563c:	001f      	movs	r7, r3
1000563e:	f7fc ff5d 	bl	100024fc <__wrap___aeabi_memcpy>
10005642:	4643      	mov	r3, r8
10005644:	60b3      	str	r3, [r6, #8]
10005646:	2300      	movs	r3, #0
10005648:	81f3      	strh	r3, [r6, #14]
1000564a:	79ec      	ldrb	r4, [r5, #7]
1000564c:	79ab      	ldrb	r3, [r5, #6]
1000564e:	0224      	lsls	r4, r4, #8
10005650:	431c      	orrs	r4, r3
10005652:	1c23      	adds	r3, r4, #0
10005654:	42bc      	cmp	r4, r7
10005656:	d900      	bls.n	1000565a <tud_control_xfer+0x32>
10005658:	1c3b      	adds	r3, r7, #0
1000565a:	b29f      	uxth	r7, r3
1000565c:	81b3      	strh	r3, [r6, #12]
1000565e:	2c00      	cmp	r4, #0
10005660:	d00e      	beq.n	10005680 <tud_control_xfer+0x58>
10005662:	2f00      	cmp	r7, #0
10005664:	d018      	beq.n	10005698 <tud_control_xfer+0x70>
10005666:	4643      	mov	r3, r8
10005668:	2b00      	cmp	r3, #0
1000566a:	d02c      	beq.n	100056c6 <tud_control_xfer+0x9e>
1000566c:	1c3b      	adds	r3, r7, #0
1000566e:	2f40      	cmp	r7, #64	@ 0x40
10005670:	d81b      	bhi.n	100056aa <tud_control_xfer+0x82>
10005672:	b29f      	uxth	r7, r3
10005674:	7833      	ldrb	r3, [r6, #0]
10005676:	2b7f      	cmp	r3, #127	@ 0x7f
10005678:	d81c      	bhi.n	100056b4 <tud_control_xfer+0x8c>
1000567a:	2100      	movs	r1, #0
1000567c:	4a14      	ldr	r2, [pc, #80]	@ (100056d0 <tud_control_xfer+0xa8>)
1000567e:	e00f      	b.n	100056a0 <tud_control_xfer+0x78>
10005680:	2180      	movs	r1, #128	@ 0x80
10005682:	782b      	ldrb	r3, [r5, #0]
10005684:	2200      	movs	r2, #0
10005686:	4399      	bics	r1, r3
10005688:	4648      	mov	r0, r9
1000568a:	2300      	movs	r3, #0
1000568c:	f7ff ff90 	bl	100055b0 <usbd_edpt_xfer>
10005690:	bcc0      	pop	{r6, r7}
10005692:	46b9      	mov	r9, r7
10005694:	46b0      	mov	r8, r6
10005696:	bdf8      	pop	{r3, r4, r5, r6, r7, pc}
10005698:	237f      	movs	r3, #127	@ 0x7f
1000569a:	2200      	movs	r2, #0
1000569c:	7831      	ldrb	r1, [r6, #0]
1000569e:	4399      	bics	r1, r3
100056a0:	003b      	movs	r3, r7
100056a2:	4648      	mov	r0, r9
100056a4:	f7ff ff84 	bl	100055b0 <usbd_edpt_xfer>
100056a8:	e7f2      	b.n	10005690 <tud_control_xfer+0x68>
100056aa:	2340      	movs	r3, #64	@ 0x40
100056ac:	b29f      	uxth	r7, r3
100056ae:	7833      	ldrb	r3, [r6, #0]
100056b0:	2b7f      	cmp	r3, #127	@ 0x7f
100056b2:	d9e2      	bls.n	1000567a <tud_control_xfer+0x52>
100056b4:	4c06      	ldr	r4, [pc, #24]	@ (100056d0 <tud_control_xfer+0xa8>)
100056b6:	003a      	movs	r2, r7
100056b8:	4641      	mov	r1, r8
100056ba:	0020      	movs	r0, r4
100056bc:	f7fc ff1e 	bl	100024fc <__wrap___aeabi_memcpy>
100056c0:	2180      	movs	r1, #128	@ 0x80
100056c2:	0022      	movs	r2, r4
100056c4:	e7ec      	b.n	100056a0 <tud_control_xfer+0x78>
100056c6:	2000      	movs	r0, #0
100056c8:	e7e2      	b.n	10005690 <tud_control_xfer+0x68>
100056ca:	46c0      	nop			@ (mov r8, r8)
100056cc:	200016e8 	.word	0x200016e8
100056d0:	200016a8 	.word	0x200016a8

100056d4 <usbd_control_reset>:
100056d4:	b510      	push	{r4, lr}
100056d6:	2214      	movs	r2, #20
100056d8:	2100      	movs	r1, #0
100056da:	4802      	ldr	r0, [pc, #8]	@ (100056e4 <usbd_control_reset+0x10>)
100056dc:	f7fc ff08 	bl	100024f0 <__wrap_memset>
100056e0:	bd10      	pop	{r4, pc}
100056e2:	46c0      	nop			@ (mov r8, r8)
100056e4:	200016e8 	.word	0x200016e8

100056e8 <usbd_control_set_complete_callback>:
100056e8:	4b01      	ldr	r3, [pc, #4]	@ (100056f0 <usbd_control_set_complete_callback+0x8>)
100056ea:	6118      	str	r0, [r3, #16]
100056ec:	4770      	bx	lr
100056ee:	46c0      	nop			@ (mov r8, r8)
100056f0:	200016e8 	.word	0x200016e8

100056f4 <usbd_control_set_request>:
100056f4:	b510      	push	{r4, lr}
100056f6:	4c05      	ldr	r4, [pc, #20]	@ (1000570c <usbd_control_set_request+0x18>)
100056f8:	0001      	movs	r1, r0
100056fa:	2208      	movs	r2, #8
100056fc:	0020      	movs	r0, r4
100056fe:	f7fc fefd 	bl	100024fc <__wrap___aeabi_memcpy>
10005702:	2300      	movs	r3, #0
10005704:	60a3      	str	r3, [r4, #8]
10005706:	60e3      	str	r3, [r4, #12]
10005708:	bd10      	pop	{r4, pc}
1000570a:	46c0      	nop			@ (mov r8, r8)
1000570c:	200016e8 	.word	0x200016e8

10005710 <usbd_control_xfer_cb>:
10005710:	b570      	push	{r4, r5, r6, lr}
10005712:	4c38      	ldr	r4, [pc, #224]	@ (100057f4 <usbd_control_xfer_cb+0xe4>)
10005714:	001d      	movs	r5, r3
10005716:	7823      	ldrb	r3, [r4, #0]
10005718:	0006      	movs	r6, r0
1000571a:	09da      	lsrs	r2, r3, #7
1000571c:	09c9      	lsrs	r1, r1, #7
1000571e:	428a      	cmp	r2, r1
10005720:	d010      	beq.n	10005744 <usbd_control_xfer_cb+0x34>
10005722:	2000      	movs	r0, #0
10005724:	2d00      	cmp	r5, #0
10005726:	d000      	beq.n	1000572a <usbd_control_xfer_cb+0x1a>
10005728:	bd70      	pop	{r4, r5, r6, pc}
1000572a:	0021      	movs	r1, r4
1000572c:	0030      	movs	r0, r6
1000572e:	f7ff f8f1 	bl	10004914 <dcd_edpt0_status_complete>
10005732:	6923      	ldr	r3, [r4, #16]
10005734:	2b00      	cmp	r3, #0
10005736:	d003      	beq.n	10005740 <usbd_control_xfer_cb+0x30>
10005738:	0022      	movs	r2, r4
1000573a:	2103      	movs	r1, #3
1000573c:	0030      	movs	r0, r6
1000573e:	4798      	blx	r3
10005740:	2001      	movs	r0, #1
10005742:	e7f1      	b.n	10005728 <usbd_control_xfer_cb+0x18>
10005744:	68a0      	ldr	r0, [r4, #8]
10005746:	2b7f      	cmp	r3, #127	@ 0x7f
10005748:	d805      	bhi.n	10005756 <usbd_control_xfer_cb+0x46>
1000574a:	2800      	cmp	r0, #0
1000574c:	d034      	beq.n	100057b8 <usbd_control_xfer_cb+0xa8>
1000574e:	002a      	movs	r2, r5
10005750:	4929      	ldr	r1, [pc, #164]	@ (100057f8 <usbd_control_xfer_cb+0xe8>)
10005752:	f7fc fed3 	bl	100024fc <__wrap___aeabi_memcpy>
10005756:	89e2      	ldrh	r2, [r4, #14]
10005758:	68a1      	ldr	r1, [r4, #8]
1000575a:	1952      	adds	r2, r2, r5
1000575c:	88e3      	ldrh	r3, [r4, #6]
1000575e:	b292      	uxth	r2, r2
10005760:	1949      	adds	r1, r1, r5
10005762:	81e2      	strh	r2, [r4, #14]
10005764:	60a1      	str	r1, [r4, #8]
10005766:	4293      	cmp	r3, r2
10005768:	d014      	beq.n	10005794 <usbd_control_xfer_cb+0x84>
1000576a:	2d3f      	cmp	r5, #63	@ 0x3f
1000576c:	d912      	bls.n	10005794 <usbd_control_xfer_cb+0x84>
1000576e:	89a3      	ldrh	r3, [r4, #12]
10005770:	1a98      	subs	r0, r3, r2
10005772:	1c05      	adds	r5, r0, #0
10005774:	b280      	uxth	r0, r0
10005776:	2840      	cmp	r0, #64	@ 0x40
10005778:	d82a      	bhi.n	100057d0 <usbd_control_xfer_cb+0xc0>
1000577a:	7820      	ldrb	r0, [r4, #0]
1000577c:	b2ad      	uxth	r5, r5
1000577e:	287f      	cmp	r0, #127	@ 0x7f
10005780:	d828      	bhi.n	100057d4 <usbd_control_xfer_cb+0xc4>
10005782:	2100      	movs	r1, #0
10005784:	429a      	cmp	r2, r3
10005786:	d032      	beq.n	100057ee <usbd_control_xfer_cb+0xde>
10005788:	4a1b      	ldr	r2, [pc, #108]	@ (100057f8 <usbd_control_xfer_cb+0xe8>)
1000578a:	002b      	movs	r3, r5
1000578c:	0030      	movs	r0, r6
1000578e:	f7ff ff0f 	bl	100055b0 <usbd_edpt_xfer>
10005792:	e7c9      	b.n	10005728 <usbd_control_xfer_cb+0x18>
10005794:	6923      	ldr	r3, [r4, #16]
10005796:	2b00      	cmp	r3, #0
10005798:	d005      	beq.n	100057a6 <usbd_control_xfer_cb+0x96>
1000579a:	0022      	movs	r2, r4
1000579c:	2102      	movs	r1, #2
1000579e:	0030      	movs	r0, r6
100057a0:	4798      	blx	r3
100057a2:	2800      	cmp	r0, #0
100057a4:	d00a      	beq.n	100057bc <usbd_control_xfer_cb+0xac>
100057a6:	2180      	movs	r1, #128	@ 0x80
100057a8:	7823      	ldrb	r3, [r4, #0]
100057aa:	2200      	movs	r2, #0
100057ac:	4399      	bics	r1, r3
100057ae:	0030      	movs	r0, r6
100057b0:	2300      	movs	r3, #0
100057b2:	f7ff fefd 	bl	100055b0 <usbd_edpt_xfer>
100057b6:	e7b7      	b.n	10005728 <usbd_control_xfer_cb+0x18>
100057b8:	2000      	movs	r0, #0
100057ba:	e7b5      	b.n	10005728 <usbd_control_xfer_cb+0x18>
100057bc:	2100      	movs	r1, #0
100057be:	0030      	movs	r0, r6
100057c0:	f7ff f956 	bl	10004a70 <dcd_edpt_stall>
100057c4:	0030      	movs	r0, r6
100057c6:	2180      	movs	r1, #128	@ 0x80
100057c8:	f7ff f952 	bl	10004a70 <dcd_edpt_stall>
100057cc:	2001      	movs	r0, #1
100057ce:	e7ab      	b.n	10005728 <usbd_control_xfer_cb+0x18>
100057d0:	2540      	movs	r5, #64	@ 0x40
100057d2:	e7d2      	b.n	1000577a <usbd_control_xfer_cb+0x6a>
100057d4:	429a      	cmp	r2, r3
100057d6:	d007      	beq.n	100057e8 <usbd_control_xfer_cb+0xd8>
100057d8:	4c07      	ldr	r4, [pc, #28]	@ (100057f8 <usbd_control_xfer_cb+0xe8>)
100057da:	002a      	movs	r2, r5
100057dc:	0020      	movs	r0, r4
100057de:	f7fc fe8d 	bl	100024fc <__wrap___aeabi_memcpy>
100057e2:	2180      	movs	r1, #128	@ 0x80
100057e4:	0022      	movs	r2, r4
100057e6:	e7d0      	b.n	1000578a <usbd_control_xfer_cb+0x7a>
100057e8:	2180      	movs	r1, #128	@ 0x80
100057ea:	2200      	movs	r2, #0
100057ec:	e7cd      	b.n	1000578a <usbd_control_xfer_cb+0x7a>
100057ee:	2200      	movs	r2, #0
100057f0:	e7cb      	b.n	1000578a <usbd_control_xfer_cb+0x7a>
100057f2:	46c0      	nop			@ (mov r8, r8)
100057f4:	200016e8 	.word	0x200016e8
100057f8:	200016a8 	.word	0x200016a8

100057fc <_prep_out_transaction.isra.0>:
100057fc:	b570      	push	{r4, r5, r6, lr}
100057fe:	0005      	movs	r5, r0
10005800:	f7ff f9b8 	bl	10004b74 <tud_mounted>
10005804:	2800      	cmp	r0, #0
10005806:	d100      	bne.n	1000580a <_prep_out_transaction.isra.0+0xe>
10005808:	bd70      	pop	{r4, r5, r6, pc}
1000580a:	f7ff f9bb 	bl	10004b84 <tud_suspended>
1000580e:	2800      	cmp	r0, #0
10005810:	d1fa      	bne.n	10005808 <_prep_out_transaction.isra.0+0xc>
10005812:	23c8      	movs	r3, #200	@ 0xc8
10005814:	436b      	muls	r3, r5
10005816:	4c12      	ldr	r4, [pc, #72]	@ (10005860 <_prep_out_transaction.isra.0+0x64>)
10005818:	18e6      	adds	r6, r4, r3
1000581a:	78f1      	ldrb	r1, [r6, #3]
1000581c:	2900      	cmp	r1, #0
1000581e:	d0f3      	beq.n	10005808 <_prep_out_transaction.isra.0+0xc>
10005820:	3310      	adds	r3, #16
10005822:	191c      	adds	r4, r3, r4
10005824:	0020      	movs	r0, r4
10005826:	f000 fdff 	bl	10006428 <tu_fifo_remaining>
1000582a:	283f      	cmp	r0, #63	@ 0x3f
1000582c:	d9ec      	bls.n	10005808 <_prep_out_transaction.isra.0+0xc>
1000582e:	2000      	movs	r0, #0
10005830:	78f1      	ldrb	r1, [r6, #3]
10005832:	f7ff fe95 	bl	10005560 <usbd_edpt_claim>
10005836:	2800      	cmp	r0, #0
10005838:	d0e6      	beq.n	10005808 <_prep_out_transaction.isra.0+0xc>
1000583a:	0020      	movs	r0, r4
1000583c:	f000 fdf4 	bl	10006428 <tu_fifo_remaining>
10005840:	283f      	cmp	r0, #63	@ 0x3f
10005842:	d908      	bls.n	10005856 <_prep_out_transaction.isra.0+0x5a>
10005844:	4b07      	ldr	r3, [pc, #28]	@ (10005864 <_prep_out_transaction.isra.0+0x68>)
10005846:	01ea      	lsls	r2, r5, #7
10005848:	18d2      	adds	r2, r2, r3
1000584a:	78f1      	ldrb	r1, [r6, #3]
1000584c:	2340      	movs	r3, #64	@ 0x40
1000584e:	2000      	movs	r0, #0
10005850:	f7ff feae 	bl	100055b0 <usbd_edpt_xfer>
10005854:	e7d8      	b.n	10005808 <_prep_out_transaction.isra.0+0xc>
10005856:	78f1      	ldrb	r1, [r6, #3]
10005858:	2000      	movs	r0, #0
1000585a:	f7ff fe95 	bl	10005588 <usbd_edpt_release>
1000585e:	e7d3      	b.n	10005808 <_prep_out_transaction.isra.0+0xc>
10005860:	200015e0 	.word	0x200015e0
10005864:	2000155c 	.word	0x2000155c

10005868 <tud_cdc_n_connected>:
10005868:	b510      	push	{r4, lr}
1000586a:	0004      	movs	r4, r0
1000586c:	f7ff f982 	bl	10004b74 <tud_mounted>
10005870:	2800      	cmp	r0, #0
10005872:	d101      	bne.n	10005878 <tud_cdc_n_connected+0x10>
10005874:	2000      	movs	r0, #0
10005876:	bd10      	pop	{r4, pc}
10005878:	f7ff f984 	bl	10004b84 <tud_suspended>
1000587c:	2800      	cmp	r0, #0
1000587e:	d1f9      	bne.n	10005874 <tud_cdc_n_connected+0xc>
10005880:	22c8      	movs	r2, #200	@ 0xc8
10005882:	4362      	muls	r2, r4
10005884:	4b02      	ldr	r3, [pc, #8]	@ (10005890 <tud_cdc_n_connected+0x28>)
10005886:	3001      	adds	r0, #1
10005888:	189b      	adds	r3, r3, r2
1000588a:	791b      	ldrb	r3, [r3, #4]
1000588c:	4018      	ands	r0, r3
1000588e:	e7f2      	b.n	10005876 <tud_cdc_n_connected+0xe>
10005890:	200015e0 	.word	0x200015e0

10005894 <tud_cdc_n_available>:
10005894:	23c8      	movs	r3, #200	@ 0xc8
10005896:	b510      	push	{r4, lr}
10005898:	4343      	muls	r3, r0
1000589a:	4802      	ldr	r0, [pc, #8]	@ (100058a4 <tud_cdc_n_available+0x10>)
1000589c:	1818      	adds	r0, r3, r0
1000589e:	f000 fda5 	bl	100063ec <tu_fifo_count>
100058a2:	bd10      	pop	{r4, pc}
100058a4:	200015f0 	.word	0x200015f0

100058a8 <tud_cdc_n_read>:
100058a8:	b5f0      	push	{r4, r5, r6, r7, lr}
100058aa:	24c8      	movs	r4, #200	@ 0xc8
100058ac:	46c6      	mov	lr, r8
100058ae:	2380      	movs	r3, #128	@ 0x80
100058b0:	4344      	muls	r4, r0
100058b2:	4f1f      	ldr	r7, [pc, #124]	@ (10005930 <tud_cdc_n_read+0x88>)
100058b4:	3410      	adds	r4, #16
100058b6:	0005      	movs	r5, r0
100058b8:	b500      	push	{lr}
100058ba:	193c      	adds	r4, r7, r4
100058bc:	025b      	lsls	r3, r3, #9
100058be:	429a      	cmp	r2, r3
100058c0:	d300      	bcc.n	100058c4 <tud_cdc_n_read+0x1c>
100058c2:	4a1c      	ldr	r2, [pc, #112]	@ (10005934 <tud_cdc_n_read+0x8c>)
100058c4:	0020      	movs	r0, r4
100058c6:	b292      	uxth	r2, r2
100058c8:	f000 fe12 	bl	100064f0 <tu_fifo_read_n>
100058cc:	4680      	mov	r8, r0
100058ce:	f7ff f951 	bl	10004b74 <tud_mounted>
100058d2:	2800      	cmp	r0, #0
100058d4:	d103      	bne.n	100058de <tud_cdc_n_read+0x36>
100058d6:	4640      	mov	r0, r8
100058d8:	bc80      	pop	{r7}
100058da:	46b8      	mov	r8, r7
100058dc:	bdf0      	pop	{r4, r5, r6, r7, pc}
100058de:	f7ff f951 	bl	10004b84 <tud_suspended>
100058e2:	2800      	cmp	r0, #0
100058e4:	d1f7      	bne.n	100058d6 <tud_cdc_n_read+0x2e>
100058e6:	26c8      	movs	r6, #200	@ 0xc8
100058e8:	436e      	muls	r6, r5
100058ea:	19be      	adds	r6, r7, r6
100058ec:	78f3      	ldrb	r3, [r6, #3]
100058ee:	2b00      	cmp	r3, #0
100058f0:	d0f1      	beq.n	100058d6 <tud_cdc_n_read+0x2e>
100058f2:	0020      	movs	r0, r4
100058f4:	f000 fd98 	bl	10006428 <tu_fifo_remaining>
100058f8:	283f      	cmp	r0, #63	@ 0x3f
100058fa:	d9ec      	bls.n	100058d6 <tud_cdc_n_read+0x2e>
100058fc:	2000      	movs	r0, #0
100058fe:	78f1      	ldrb	r1, [r6, #3]
10005900:	f7ff fe2e 	bl	10005560 <usbd_edpt_claim>
10005904:	2800      	cmp	r0, #0
10005906:	d0e6      	beq.n	100058d6 <tud_cdc_n_read+0x2e>
10005908:	0020      	movs	r0, r4
1000590a:	f000 fd8d 	bl	10006428 <tu_fifo_remaining>
1000590e:	283f      	cmp	r0, #63	@ 0x3f
10005910:	d908      	bls.n	10005924 <tud_cdc_n_read+0x7c>
10005912:	4b09      	ldr	r3, [pc, #36]	@ (10005938 <tud_cdc_n_read+0x90>)
10005914:	01ea      	lsls	r2, r5, #7
10005916:	18d2      	adds	r2, r2, r3
10005918:	78f1      	ldrb	r1, [r6, #3]
1000591a:	2340      	movs	r3, #64	@ 0x40
1000591c:	2000      	movs	r0, #0
1000591e:	f7ff fe47 	bl	100055b0 <usbd_edpt_xfer>
10005922:	e7d8      	b.n	100058d6 <tud_cdc_n_read+0x2e>
10005924:	78f1      	ldrb	r1, [r6, #3]
10005926:	2000      	movs	r0, #0
10005928:	f7ff fe2e 	bl	10005588 <usbd_edpt_release>
1000592c:	e7d3      	b.n	100058d6 <tud_cdc_n_read+0x2e>
1000592e:	46c0      	nop			@ (mov r8, r8)
10005930:	200015e0 	.word	0x200015e0
10005934:	0000ffff 	.word	0x0000ffff
10005938:	2000155c 	.word	0x2000155c

1000593c <tud_cdc_n_write_flush>:
1000593c:	b5f8      	push	{r3, r4, r5, r6, r7, lr}
1000593e:	0006      	movs	r6, r0
10005940:	f7ff f918 	bl	10004b74 <tud_mounted>
10005944:	2800      	cmp	r0, #0
10005946:	d101      	bne.n	1000594c <tud_cdc_n_write_flush+0x10>
10005948:	2000      	movs	r0, #0
1000594a:	bdf8      	pop	{r3, r4, r5, r6, r7, pc}
1000594c:	f7ff f91a 	bl	10004b84 <tud_suspended>
10005950:	2800      	cmp	r0, #0
10005952:	d1f9      	bne.n	10005948 <tud_cdc_n_write_flush+0xc>
10005954:	24c8      	movs	r4, #200	@ 0xc8
10005956:	4374      	muls	r4, r6
10005958:	0025      	movs	r5, r4
1000595a:	4f13      	ldr	r7, [pc, #76]	@ (100059a8 <tud_cdc_n_write_flush+0x6c>)
1000595c:	3524      	adds	r5, #36	@ 0x24
1000595e:	19ed      	adds	r5, r5, r7
10005960:	0028      	movs	r0, r5
10005962:	f000 fd43 	bl	100063ec <tu_fifo_count>
10005966:	2800      	cmp	r0, #0
10005968:	d0ee      	beq.n	10005948 <tud_cdc_n_write_flush+0xc>
1000596a:	193f      	adds	r7, r7, r4
1000596c:	2000      	movs	r0, #0
1000596e:	78b9      	ldrb	r1, [r7, #2]
10005970:	f7ff fdf6 	bl	10005560 <usbd_edpt_claim>
10005974:	2800      	cmp	r0, #0
10005976:	d0e7      	beq.n	10005948 <tud_cdc_n_write_flush+0xc>
10005978:	4b0c      	ldr	r3, [pc, #48]	@ (100059ac <tud_cdc_n_write_flush+0x70>)
1000597a:	01f4      	lsls	r4, r6, #7
1000597c:	18e4      	adds	r4, r4, r3
1000597e:	0021      	movs	r1, r4
10005980:	0028      	movs	r0, r5
10005982:	2240      	movs	r2, #64	@ 0x40
10005984:	f000 fdb4 	bl	100064f0 <tu_fifo_read_n>
10005988:	78b9      	ldrb	r1, [r7, #2]
1000598a:	1e05      	subs	r5, r0, #0
1000598c:	d008      	beq.n	100059a0 <tud_cdc_n_write_flush+0x64>
1000598e:	0003      	movs	r3, r0
10005990:	0022      	movs	r2, r4
10005992:	2000      	movs	r0, #0
10005994:	f7ff fe0c 	bl	100055b0 <usbd_edpt_xfer>
10005998:	2800      	cmp	r0, #0
1000599a:	d0d5      	beq.n	10005948 <tud_cdc_n_write_flush+0xc>
1000599c:	0028      	movs	r0, r5
1000599e:	e7d4      	b.n	1000594a <tud_cdc_n_write_flush+0xe>
100059a0:	2000      	movs	r0, #0
100059a2:	f7ff fdf1 	bl	10005588 <usbd_edpt_release>
100059a6:	e7cf      	b.n	10005948 <tud_cdc_n_write_flush+0xc>
100059a8:	200015e0 	.word	0x200015e0
100059ac:	2000159c 	.word	0x2000159c

100059b0 <tud_cdc_n_write>:
100059b0:	b570      	push	{r4, r5, r6, lr}
100059b2:	24c8      	movs	r4, #200	@ 0xc8
100059b4:	4344      	muls	r4, r0
100059b6:	4b0c      	ldr	r3, [pc, #48]	@ (100059e8 <tud_cdc_n_write+0x38>)
100059b8:	0005      	movs	r5, r0
100059ba:	18e4      	adds	r4, r4, r3
100059bc:	2380      	movs	r3, #128	@ 0x80
100059be:	025b      	lsls	r3, r3, #9
100059c0:	429a      	cmp	r2, r3
100059c2:	d300      	bcc.n	100059c6 <tud_cdc_n_write+0x16>
100059c4:	4a09      	ldr	r2, [pc, #36]	@ (100059ec <tud_cdc_n_write+0x3c>)
100059c6:	0020      	movs	r0, r4
100059c8:	b292      	uxth	r2, r2
100059ca:	f000 fe59 	bl	10006680 <tu_fifo_write_n>
100059ce:	0006      	movs	r6, r0
100059d0:	0020      	movs	r0, r4
100059d2:	f000 fd0b 	bl	100063ec <tu_fifo_count>
100059d6:	283f      	cmp	r0, #63	@ 0x3f
100059d8:	d801      	bhi.n	100059de <tud_cdc_n_write+0x2e>
100059da:	0030      	movs	r0, r6
100059dc:	bd70      	pop	{r4, r5, r6, pc}
100059de:	0028      	movs	r0, r5
100059e0:	f7ff ffac 	bl	1000593c <tud_cdc_n_write_flush>
100059e4:	e7f9      	b.n	100059da <tud_cdc_n_write+0x2a>
100059e6:	46c0      	nop			@ (mov r8, r8)
100059e8:	20001604 	.word	0x20001604
100059ec:	0000ffff 	.word	0x0000ffff

100059f0 <tud_cdc_n_write_available>:
100059f0:	23c8      	movs	r3, #200	@ 0xc8
100059f2:	b510      	push	{r4, lr}
100059f4:	4343      	muls	r3, r0
100059f6:	4802      	ldr	r0, [pc, #8]	@ (10005a00 <tud_cdc_n_write_available+0x10>)
100059f8:	1818      	adds	r0, r3, r0
100059fa:	f000 fd15 	bl	10006428 <tu_fifo_remaining>
100059fe:	bd10      	pop	{r4, pc}
10005a00:	20001604 	.word	0x20001604

10005a04 <cdcd_init>:
10005a04:	b5f0      	push	{r4, r5, r6, r7, lr}
10005a06:	2500      	movs	r5, #0
10005a08:	4c18      	ldr	r4, [pc, #96]	@ (10005a6c <cdcd_init+0x68>)
10005a0a:	b083      	sub	sp, #12
10005a0c:	22c8      	movs	r2, #200	@ 0xc8
10005a0e:	2100      	movs	r1, #0
10005a10:	0020      	movs	r0, r4
10005a12:	f7fc fd6d 	bl	100024f0 <__wrap_memset>
10005a16:	4b16      	ldr	r3, [pc, #88]	@ (10005a70 <cdcd_init+0x6c>)
10005a18:	0021      	movs	r1, r4
10005a1a:	701d      	strb	r5, [r3, #0]
10005a1c:	23ff      	movs	r3, #255	@ 0xff
10005a1e:	7163      	strb	r3, [r4, #5]
10005a20:	23e1      	movs	r3, #225	@ 0xe1
10005a22:	025b      	lsls	r3, r3, #9
10005a24:	60a3      	str	r3, [r4, #8]
10005a26:	0020      	movs	r0, r4
10005a28:	2308      	movs	r3, #8
10005a2a:	2240      	movs	r2, #64	@ 0x40
10005a2c:	73a3      	strb	r3, [r4, #14]
10005a2e:	3138      	adds	r1, #56	@ 0x38
10005a30:	9500      	str	r5, [sp, #0]
10005a32:	3b07      	subs	r3, #7
10005a34:	3010      	adds	r0, #16
10005a36:	f000 fca3 	bl	10006380 <tu_fifo_config>
10005a3a:	0027      	movs	r7, r4
10005a3c:	2301      	movs	r3, #1
10005a3e:	0021      	movs	r1, r4
10005a40:	0020      	movs	r0, r4
10005a42:	0026      	movs	r6, r4
10005a44:	2240      	movs	r2, #64	@ 0x40
10005a46:	3178      	adds	r1, #120	@ 0x78
10005a48:	9300      	str	r3, [sp, #0]
10005a4a:	37b8      	adds	r7, #184	@ 0xb8
10005a4c:	3024      	adds	r0, #36	@ 0x24
10005a4e:	f000 fc97 	bl	10006380 <tu_fifo_config>
10005a52:	36c0      	adds	r6, #192	@ 0xc0
10005a54:	0038      	movs	r0, r7
10005a56:	f7fa ff6b 	bl	10000930 <mutex_init>
10005a5a:	0030      	movs	r0, r6
10005a5c:	f7fa ff68 	bl	10000930 <mutex_init>
10005a60:	61e5      	str	r5, [r4, #28]
10005a62:	6227      	str	r7, [r4, #32]
10005a64:	6326      	str	r6, [r4, #48]	@ 0x30
10005a66:	6365      	str	r5, [r4, #52]	@ 0x34
10005a68:	b003      	add	sp, #12
10005a6a:	bdf0      	pop	{r4, r5, r6, r7, pc}
10005a6c:	200015e0 	.word	0x200015e0
10005a70:	200015dc 	.word	0x200015dc

10005a74 <cdcd_deinit>:
10005a74:	4b0b      	ldr	r3, [pc, #44]	@ (10005aa4 <cdcd_deinit+0x30>)
10005a76:	6b19      	ldr	r1, [r3, #48]	@ 0x30
10005a78:	2900      	cmp	r1, #0
10005a7a:	d00a      	beq.n	10005a92 <cdcd_deinit+0x1e>
10005a7c:	6a1a      	ldr	r2, [r3, #32]
10005a7e:	2a00      	cmp	r2, #0
10005a80:	d00d      	beq.n	10005a9e <cdcd_deinit+0x2a>
10005a82:	2200      	movs	r2, #0
10005a84:	621a      	str	r2, [r3, #32]
10005a86:	631a      	str	r2, [r3, #48]	@ 0x30
10005a88:	61da      	str	r2, [r3, #28]
10005a8a:	2200      	movs	r2, #0
10005a8c:	635a      	str	r2, [r3, #52]	@ 0x34
10005a8e:	2001      	movs	r0, #1
10005a90:	4770      	bx	lr
10005a92:	6a1a      	ldr	r2, [r3, #32]
10005a94:	2a00      	cmp	r2, #0
10005a96:	d0fa      	beq.n	10005a8e <cdcd_deinit+0x1a>
10005a98:	61d9      	str	r1, [r3, #28]
10005a9a:	6219      	str	r1, [r3, #32]
10005a9c:	e7f7      	b.n	10005a8e <cdcd_deinit+0x1a>
10005a9e:	631a      	str	r2, [r3, #48]	@ 0x30
10005aa0:	e7f3      	b.n	10005a8a <cdcd_deinit+0x16>
10005aa2:	46c0      	nop			@ (mov r8, r8)
10005aa4:	200015e0 	.word	0x200015e0

10005aa8 <cdcd_reset>:
10005aa8:	b570      	push	{r4, r5, r6, lr}
10005aaa:	4c0f      	ldr	r4, [pc, #60]	@ (10005ae8 <cdcd_reset+0x40>)
10005aac:	2205      	movs	r2, #5
10005aae:	2100      	movs	r1, #0
10005ab0:	0020      	movs	r0, r4
10005ab2:	f7fc fd1d 	bl	100024f0 <__wrap_memset>
10005ab6:	4d0d      	ldr	r5, [pc, #52]	@ (10005aec <cdcd_reset+0x44>)
10005ab8:	782b      	ldrb	r3, [r5, #0]
10005aba:	07da      	lsls	r2, r3, #31
10005abc:	d507      	bpl.n	10005ace <cdcd_reset+0x26>
10005abe:	4c0c      	ldr	r4, [pc, #48]	@ (10005af0 <cdcd_reset+0x48>)
10005ac0:	079b      	lsls	r3, r3, #30
10005ac2:	d50c      	bpl.n	10005ade <cdcd_reset+0x36>
10005ac4:	2101      	movs	r1, #1
10005ac6:	0020      	movs	r0, r4
10005ac8:	f000 feb6 	bl	10006838 <tu_fifo_set_overwritable>
10005acc:	bd70      	pop	{r4, r5, r6, pc}
10005ace:	0020      	movs	r0, r4
10005ad0:	3010      	adds	r0, #16
10005ad2:	f000 fe91 	bl	100067f8 <tu_fifo_clear>
10005ad6:	782b      	ldrb	r3, [r5, #0]
10005ad8:	4c05      	ldr	r4, [pc, #20]	@ (10005af0 <cdcd_reset+0x48>)
10005ada:	079b      	lsls	r3, r3, #30
10005adc:	d4f2      	bmi.n	10005ac4 <cdcd_reset+0x1c>
10005ade:	0020      	movs	r0, r4
10005ae0:	f000 fe8a 	bl	100067f8 <tu_fifo_clear>
10005ae4:	e7ee      	b.n	10005ac4 <cdcd_reset+0x1c>
10005ae6:	46c0      	nop			@ (mov r8, r8)
10005ae8:	200015e0 	.word	0x200015e0
10005aec:	200015dc 	.word	0x200015dc
10005af0:	20001604 	.word	0x20001604

10005af4 <cdcd_open>:
10005af4:	b5f0      	push	{r4, r5, r6, r7, lr}
10005af6:	794b      	ldrb	r3, [r1, #5]
10005af8:	0006      	movs	r6, r0
10005afa:	b083      	sub	sp, #12
10005afc:	2b02      	cmp	r3, #2
10005afe:	d102      	bne.n	10005b06 <cdcd_open+0x12>
10005b00:	798b      	ldrb	r3, [r1, #6]
10005b02:	2b02      	cmp	r3, #2
10005b04:	d003      	beq.n	10005b0e <cdcd_open+0x1a>
10005b06:	2500      	movs	r5, #0
10005b08:	0028      	movs	r0, r5
10005b0a:	b003      	add	sp, #12
10005b0c:	bdf0      	pop	{r4, r5, r6, r7, pc}
10005b0e:	4f21      	ldr	r7, [pc, #132]	@ (10005b94 <cdcd_open+0xa0>)
10005b10:	78bb      	ldrb	r3, [r7, #2]
10005b12:	2b00      	cmp	r3, #0
10005b14:	d1f7      	bne.n	10005b06 <cdcd_open+0x12>
10005b16:	788b      	ldrb	r3, [r1, #2]
10005b18:	2509      	movs	r5, #9
10005b1a:	703b      	strb	r3, [r7, #0]
10005b1c:	780c      	ldrb	r4, [r1, #0]
10005b1e:	190c      	adds	r4, r1, r4
10005b20:	7863      	ldrb	r3, [r4, #1]
10005b22:	2b24      	cmp	r3, #36	@ 0x24
10005b24:	d10b      	bne.n	10005b3e <cdcd_open+0x4a>
10005b26:	2a08      	cmp	r2, #8
10005b28:	d802      	bhi.n	10005b30 <cdcd_open+0x3c>
10005b2a:	e00f      	b.n	10005b4c <cdcd_open+0x58>
10005b2c:	42aa      	cmp	r2, r5
10005b2e:	d30d      	bcc.n	10005b4c <cdcd_open+0x58>
10005b30:	7823      	ldrb	r3, [r4, #0]
10005b32:	18e4      	adds	r4, r4, r3
10005b34:	195d      	adds	r5, r3, r5
10005b36:	7863      	ldrb	r3, [r4, #1]
10005b38:	b2ad      	uxth	r5, r5
10005b3a:	2b24      	cmp	r3, #36	@ 0x24
10005b3c:	d0f6      	beq.n	10005b2c <cdcd_open+0x38>
10005b3e:	2b05      	cmp	r3, #5
10005b40:	d008      	beq.n	10005b54 <cdcd_open+0x60>
10005b42:	2b04      	cmp	r3, #4
10005b44:	d102      	bne.n	10005b4c <cdcd_open+0x58>
10005b46:	7963      	ldrb	r3, [r4, #5]
10005b48:	2b0a      	cmp	r3, #10
10005b4a:	d011      	beq.n	10005b70 <cdcd_open+0x7c>
10005b4c:	2000      	movs	r0, #0
10005b4e:	f7ff fe55 	bl	100057fc <_prep_out_transaction.isra.0>
10005b52:	e7d9      	b.n	10005b08 <cdcd_open+0x14>
10005b54:	0021      	movs	r1, r4
10005b56:	0030      	movs	r0, r6
10005b58:	f7ff fce8 	bl	1000552c <usbd_edpt_open>
10005b5c:	2800      	cmp	r0, #0
10005b5e:	d0d2      	beq.n	10005b06 <cdcd_open+0x12>
10005b60:	78a3      	ldrb	r3, [r4, #2]
10005b62:	707b      	strb	r3, [r7, #1]
10005b64:	7823      	ldrb	r3, [r4, #0]
10005b66:	195d      	adds	r5, r3, r5
10005b68:	18e4      	adds	r4, r4, r3
10005b6a:	7863      	ldrb	r3, [r4, #1]
10005b6c:	b2ad      	uxth	r5, r5
10005b6e:	e7e8      	b.n	10005b42 <cdcd_open+0x4e>
10005b70:	4b09      	ldr	r3, [pc, #36]	@ (10005b98 <cdcd_open+0xa4>)
10005b72:	7827      	ldrb	r7, [r4, #0]
10005b74:	9301      	str	r3, [sp, #4]
10005b76:	3301      	adds	r3, #1
10005b78:	9300      	str	r3, [sp, #0]
10005b7a:	2202      	movs	r2, #2
10005b7c:	2302      	movs	r3, #2
10005b7e:	0030      	movs	r0, r6
10005b80:	19e1      	adds	r1, r4, r7
10005b82:	f7ff fc85 	bl	10005490 <usbd_open_edpt_pair>
10005b86:	2800      	cmp	r0, #0
10005b88:	d0bd      	beq.n	10005b06 <cdcd_open+0x12>
10005b8a:	350e      	adds	r5, #14
10005b8c:	19ed      	adds	r5, r5, r7
10005b8e:	b2ad      	uxth	r5, r5
10005b90:	e7dc      	b.n	10005b4c <cdcd_open+0x58>
10005b92:	46c0      	nop			@ (mov r8, r8)
10005b94:	200015e0 	.word	0x200015e0
10005b98:	200015e2 	.word	0x200015e2

10005b9c <cdcd_control_xfer_cb>:
10005b9c:	b5f8      	push	{r3, r4, r5, r6, r7, lr}
10005b9e:	2360      	movs	r3, #96	@ 0x60
10005ba0:	0014      	movs	r4, r2
10005ba2:	7812      	ldrb	r2, [r2, #0]
10005ba4:	0005      	movs	r5, r0
10005ba6:	4013      	ands	r3, r2
10005ba8:	2000      	movs	r0, #0
10005baa:	2b20      	cmp	r3, #32
10005bac:	d107      	bne.n	10005bbe <cdcd_control_xfer_cb+0x22>
10005bae:	4a30      	ldr	r2, [pc, #192]	@ (10005c70 <cdcd_control_xfer_cb+0xd4>)
10005bb0:	7963      	ldrb	r3, [r4, #5]
10005bb2:	7927      	ldrb	r7, [r4, #4]
10005bb4:	7816      	ldrb	r6, [r2, #0]
10005bb6:	021b      	lsls	r3, r3, #8
10005bb8:	433b      	orrs	r3, r7
10005bba:	429e      	cmp	r6, r3
10005bbc:	d000      	beq.n	10005bc0 <cdcd_control_xfer_cb+0x24>
10005bbe:	bdf8      	pop	{r3, r4, r5, r6, r7, pc}
10005bc0:	7863      	ldrb	r3, [r4, #1]
10005bc2:	2b22      	cmp	r3, #34	@ 0x22
10005bc4:	d01a      	beq.n	10005bfc <cdcd_control_xfer_cb+0x60>
10005bc6:	d807      	bhi.n	10005bd8 <cdcd_control_xfer_cb+0x3c>
10005bc8:	2b20      	cmp	r3, #32
10005bca:	d034      	beq.n	10005c36 <cdcd_control_xfer_cb+0x9a>
10005bcc:	2b21      	cmp	r3, #33	@ 0x21
10005bce:	d1f6      	bne.n	10005bbe <cdcd_control_xfer_cb+0x22>
10005bd0:	2901      	cmp	r1, #1
10005bd2:	d03e      	beq.n	10005c52 <cdcd_control_xfer_cb+0xb6>
10005bd4:	2001      	movs	r0, #1
10005bd6:	e7f2      	b.n	10005bbe <cdcd_control_xfer_cb+0x22>
10005bd8:	2b23      	cmp	r3, #35	@ 0x23
10005bda:	d1f0      	bne.n	10005bbe <cdcd_control_xfer_cb+0x22>
10005bdc:	2901      	cmp	r1, #1
10005bde:	d040      	beq.n	10005c62 <cdcd_control_xfer_cb+0xc6>
10005be0:	2903      	cmp	r1, #3
10005be2:	d1f7      	bne.n	10005bd4 <cdcd_control_xfer_cb+0x38>
10005be4:	4b23      	ldr	r3, [pc, #140]	@ (10005c74 <cdcd_control_xfer_cb+0xd8>)
10005be6:	2b00      	cmp	r3, #0
10005be8:	d0f4      	beq.n	10005bd4 <cdcd_control_xfer_cb+0x38>
10005bea:	78e1      	ldrb	r1, [r4, #3]
10005bec:	78a3      	ldrb	r3, [r4, #2]
10005bee:	0209      	lsls	r1, r1, #8
10005bf0:	2000      	movs	r0, #0
10005bf2:	4319      	orrs	r1, r3
10005bf4:	e000      	b.n	10005bf8 <cdcd_control_xfer_cb+0x5c>
10005bf6:	bf00      	nop
10005bf8:	2001      	movs	r0, #1
10005bfa:	e7e0      	b.n	10005bbe <cdcd_control_xfer_cb+0x22>
10005bfc:	2901      	cmp	r1, #1
10005bfe:	d030      	beq.n	10005c62 <cdcd_control_xfer_cb+0xc6>
10005c00:	2903      	cmp	r1, #3
10005c02:	d1e7      	bne.n	10005bd4 <cdcd_control_xfer_cb+0x38>
10005c04:	2501      	movs	r5, #1
10005c06:	002e      	movs	r6, r5
10005c08:	78a3      	ldrb	r3, [r4, #2]
10005c0a:	78e4      	ldrb	r4, [r4, #3]
10005c0c:	3902      	subs	r1, #2
10005c0e:	0224      	lsls	r4, r4, #8
10005c10:	431c      	orrs	r4, r3
10005c12:	7114      	strb	r4, [r2, #4]
10005c14:	4026      	ands	r6, r4
10005c16:	3224      	adds	r2, #36	@ 0x24
10005c18:	0010      	movs	r0, r2
10005c1a:	4071      	eors	r1, r6
10005c1c:	f000 fe0c 	bl	10006838 <tu_fifo_set_overwritable>
10005c20:	4b15      	ldr	r3, [pc, #84]	@ (10005c78 <cdcd_control_xfer_cb+0xdc>)
10005c22:	2b00      	cmp	r3, #0
10005c24:	d0d6      	beq.n	10005bd4 <cdcd_control_xfer_cb+0x38>
10005c26:	0862      	lsrs	r2, r4, #1
10005c28:	2000      	movs	r0, #0
10005c2a:	0031      	movs	r1, r6
10005c2c:	402a      	ands	r2, r5
10005c2e:	e000      	b.n	10005c32 <cdcd_control_xfer_cb+0x96>
10005c30:	bf00      	nop
10005c32:	2001      	movs	r0, #1
10005c34:	e7c3      	b.n	10005bbe <cdcd_control_xfer_cb+0x22>
10005c36:	2901      	cmp	r1, #1
10005c38:	d00b      	beq.n	10005c52 <cdcd_control_xfer_cb+0xb6>
10005c3a:	2903      	cmp	r1, #3
10005c3c:	d1ca      	bne.n	10005bd4 <cdcd_control_xfer_cb+0x38>
10005c3e:	4b0f      	ldr	r3, [pc, #60]	@ (10005c7c <cdcd_control_xfer_cb+0xe0>)
10005c40:	2b00      	cmp	r3, #0
10005c42:	d0c7      	beq.n	10005bd4 <cdcd_control_xfer_cb+0x38>
10005c44:	3208      	adds	r2, #8
10005c46:	2000      	movs	r0, #0
10005c48:	0011      	movs	r1, r2
10005c4a:	f7fe fa97 	bl	1000417c <tud_cdc_line_coding_cb>
10005c4e:	2001      	movs	r0, #1
10005c50:	e7b5      	b.n	10005bbe <cdcd_control_xfer_cb+0x22>
10005c52:	2307      	movs	r3, #7
10005c54:	0021      	movs	r1, r4
10005c56:	0028      	movs	r0, r5
10005c58:	4a09      	ldr	r2, [pc, #36]	@ (10005c80 <cdcd_control_xfer_cb+0xe4>)
10005c5a:	f7ff fce5 	bl	10005628 <tud_control_xfer>
10005c5e:	2001      	movs	r0, #1
10005c60:	e7ad      	b.n	10005bbe <cdcd_control_xfer_cb+0x22>
10005c62:	0021      	movs	r1, r4
10005c64:	0028      	movs	r0, r5
10005c66:	f7ff fcc9 	bl	100055fc <tud_control_status>
10005c6a:	2001      	movs	r0, #1
10005c6c:	e7a7      	b.n	10005bbe <cdcd_control_xfer_cb+0x22>
10005c6e:	46c0      	nop			@ (mov r8, r8)
10005c70:	200015e0 	.word	0x200015e0
	...
10005c7c:	1000417d 	.word	0x1000417d
10005c80:	200015e8 	.word	0x200015e8

10005c84 <cdcd_xfer_cb>:
10005c84:	b5f0      	push	{r4, r5, r6, r7, lr}
10005c86:	464f      	mov	r7, r9
10005c88:	4646      	mov	r6, r8
10005c8a:	46d6      	mov	lr, sl
10005c8c:	4d36      	ldr	r5, [pc, #216]	@ (10005d68 <cdcd_xfer_cb+0xe4>)
10005c8e:	b5c0      	push	{r6, r7, lr}
10005c90:	78ea      	ldrb	r2, [r5, #3]
10005c92:	001f      	movs	r7, r3
10005c94:	4680      	mov	r8, r0
10005c96:	000c      	movs	r4, r1
10005c98:	78ab      	ldrb	r3, [r5, #2]
10005c9a:	428a      	cmp	r2, r1
10005c9c:	d03b      	beq.n	10005d16 <cdcd_xfer_cb+0x92>
10005c9e:	428b      	cmp	r3, r1
10005ca0:	d010      	beq.n	10005cc4 <cdcd_xfer_cb+0x40>
10005ca2:	2000      	movs	r0, #0
10005ca4:	bce0      	pop	{r5, r6, r7}
10005ca6:	46ba      	mov	sl, r7
10005ca8:	46b1      	mov	r9, r6
10005caa:	46a8      	mov	r8, r5
10005cac:	bdf0      	pop	{r4, r5, r6, r7, pc}
10005cae:	4b2f      	ldr	r3, [pc, #188]	@ (10005d6c <cdcd_xfer_cb+0xe8>)
10005cb0:	2b00      	cmp	r3, #0
10005cb2:	d004      	beq.n	10005cbe <cdcd_xfer_cb+0x3a>
10005cb4:	482e      	ldr	r0, [pc, #184]	@ (10005d70 <cdcd_xfer_cb+0xec>)
10005cb6:	f000 fbaf 	bl	10006418 <tu_fifo_empty>
10005cba:	2800      	cmp	r0, #0
10005cbc:	d051      	beq.n	10005d62 <cdcd_xfer_cb+0xde>
10005cbe:	2000      	movs	r0, #0
10005cc0:	f7ff fd9c 	bl	100057fc <_prep_out_transaction.isra.0>
10005cc4:	78ab      	ldrb	r3, [r5, #2]
10005cc6:	42a3      	cmp	r3, r4
10005cc8:	d001      	beq.n	10005cce <cdcd_xfer_cb+0x4a>
10005cca:	2001      	movs	r0, #1
10005ccc:	e7ea      	b.n	10005ca4 <cdcd_xfer_cb+0x20>
10005cce:	4b29      	ldr	r3, [pc, #164]	@ (10005d74 <cdcd_xfer_cb+0xf0>)
10005cd0:	2b00      	cmp	r3, #0
10005cd2:	d002      	beq.n	10005cda <cdcd_xfer_cb+0x56>
10005cd4:	2000      	movs	r0, #0
10005cd6:	e000      	b.n	10005cda <cdcd_xfer_cb+0x56>
10005cd8:	bf00      	nop
10005cda:	2000      	movs	r0, #0
10005cdc:	f7ff fe2e 	bl	1000593c <tud_cdc_n_write_flush>
10005ce0:	2800      	cmp	r0, #0
10005ce2:	d1f2      	bne.n	10005cca <cdcd_xfer_cb+0x46>
10005ce4:	4c24      	ldr	r4, [pc, #144]	@ (10005d78 <cdcd_xfer_cb+0xf4>)
10005ce6:	0020      	movs	r0, r4
10005ce8:	f000 fb80 	bl	100063ec <tu_fifo_count>
10005cec:	2800      	cmp	r0, #0
10005cee:	d1ec      	bne.n	10005cca <cdcd_xfer_cb+0x46>
10005cf0:	2f00      	cmp	r7, #0
10005cf2:	d0ea      	beq.n	10005cca <cdcd_xfer_cb+0x46>
10005cf4:	06bf      	lsls	r7, r7, #26
10005cf6:	d1e8      	bne.n	10005cca <cdcd_xfer_cb+0x46>
10005cf8:	3c24      	subs	r4, #36	@ 0x24
10005cfa:	4640      	mov	r0, r8
10005cfc:	78a1      	ldrb	r1, [r4, #2]
10005cfe:	f7ff fc2f 	bl	10005560 <usbd_edpt_claim>
10005d02:	2800      	cmp	r0, #0
10005d04:	d0e1      	beq.n	10005cca <cdcd_xfer_cb+0x46>
10005d06:	2300      	movs	r3, #0
10005d08:	2200      	movs	r2, #0
10005d0a:	4640      	mov	r0, r8
10005d0c:	78a1      	ldrb	r1, [r4, #2]
10005d0e:	f7ff fc4f 	bl	100055b0 <usbd_edpt_xfer>
10005d12:	2001      	movs	r0, #1
10005d14:	e7c6      	b.n	10005ca4 <cdcd_xfer_cb+0x20>
10005d16:	2310      	movs	r3, #16
10005d18:	469a      	mov	sl, r3
10005d1a:	4e18      	ldr	r6, [pc, #96]	@ (10005d7c <cdcd_xfer_cb+0xf8>)
10005d1c:	44aa      	add	sl, r5
10005d1e:	0031      	movs	r1, r6
10005d20:	4650      	mov	r0, sl
10005d22:	b2ba      	uxth	r2, r7
10005d24:	f000 fcac 	bl	10006680 <tu_fifo_write_n>
10005d28:	4b15      	ldr	r3, [pc, #84]	@ (10005d80 <cdcd_xfer_cb+0xfc>)
10005d2a:	2b00      	cmp	r3, #0
10005d2c:	d0bf      	beq.n	10005cae <cdcd_xfer_cb+0x2a>
10005d2e:	796b      	ldrb	r3, [r5, #5]
10005d30:	2bff      	cmp	r3, #255	@ 0xff
10005d32:	d0bc      	beq.n	10005cae <cdcd_xfer_cb+0x2a>
10005d34:	2f00      	cmp	r7, #0
10005d36:	d0ba      	beq.n	10005cae <cdcd_xfer_cb+0x2a>
10005d38:	19f2      	adds	r2, r6, r7
10005d3a:	4691      	mov	r9, r2
10005d3c:	e003      	b.n	10005d46 <cdcd_xfer_cb+0xc2>
10005d3e:	3601      	adds	r6, #1
10005d40:	45b1      	cmp	r9, r6
10005d42:	d0b4      	beq.n	10005cae <cdcd_xfer_cb+0x2a>
10005d44:	796b      	ldrb	r3, [r5, #5]
10005d46:	7832      	ldrb	r2, [r6, #0]
10005d48:	429a      	cmp	r2, r3
10005d4a:	d1f8      	bne.n	10005d3e <cdcd_xfer_cb+0xba>
10005d4c:	4650      	mov	r0, sl
10005d4e:	f000 fb63 	bl	10006418 <tu_fifo_empty>
10005d52:	2800      	cmp	r0, #0
10005d54:	d1f3      	bne.n	10005d3e <cdcd_xfer_cb+0xba>
10005d56:	4653      	mov	r3, sl
10005d58:	3b10      	subs	r3, #16
10005d5a:	7959      	ldrb	r1, [r3, #5]
10005d5c:	e000      	b.n	10005d60 <cdcd_xfer_cb+0xdc>
10005d5e:	bf00      	nop
10005d60:	e7ed      	b.n	10005d3e <cdcd_xfer_cb+0xba>
10005d62:	e000      	b.n	10005d66 <cdcd_xfer_cb+0xe2>
10005d64:	bf00      	nop
10005d66:	e7aa      	b.n	10005cbe <cdcd_xfer_cb+0x3a>
10005d68:	200015e0 	.word	0x200015e0
10005d6c:	00000000 	.word	0x00000000
10005d70:	200015f0 	.word	0x200015f0
10005d74:	00000000 	.word	0x00000000
10005d78:	20001604 	.word	0x20001604
10005d7c:	2000155c 	.word	0x2000155c
10005d80:	00000000 	.word	0x00000000

10005d84 <vendord_init>:
10005d84:	2293      	movs	r2, #147	@ 0x93
10005d86:	b5f0      	push	{r4, r5, r6, r7, lr}
10005d88:	4c13      	ldr	r4, [pc, #76]	@ (10005dd8 <vendord_init+0x54>)
10005d8a:	b085      	sub	sp, #20
10005d8c:	2100      	movs	r1, #0
10005d8e:	0020      	movs	r0, r4
10005d90:	0092      	lsls	r2, r2, #2
10005d92:	f7fc fbad 	bl	100024f0 <__wrap_memset>
10005d96:	0023      	movs	r3, r4
10005d98:	0020      	movs	r0, r4
10005d9a:	2680      	movs	r6, #128	@ 0x80
10005d9c:	2740      	movs	r7, #64	@ 0x40
10005d9e:	4d0f      	ldr	r5, [pc, #60]	@ (10005ddc <vendord_init+0x58>)
10005da0:	334d      	adds	r3, #77	@ 0x4d
10005da2:	0076      	lsls	r6, r6, #1
10005da4:	33ff      	adds	r3, #255	@ 0xff
10005da6:	3029      	adds	r0, #41	@ 0x29
10005da8:	9502      	str	r5, [sp, #8]
10005daa:	9300      	str	r3, [sp, #0]
10005dac:	2200      	movs	r2, #0
10005dae:	2300      	movs	r3, #0
10005db0:	2100      	movs	r1, #0
10005db2:	9703      	str	r7, [sp, #12]
10005db4:	9601      	str	r6, [sp, #4]
10005db6:	30ff      	adds	r0, #255	@ 0xff
10005db8:	f000 f9d6 	bl	10006168 <tu_edpt_stream_init>
10005dbc:	3540      	adds	r5, #64	@ 0x40
10005dbe:	1d20      	adds	r0, r4, #4
10005dc0:	3428      	adds	r4, #40	@ 0x28
10005dc2:	2300      	movs	r3, #0
10005dc4:	2201      	movs	r2, #1
10005dc6:	2100      	movs	r1, #0
10005dc8:	9703      	str	r7, [sp, #12]
10005dca:	9502      	str	r5, [sp, #8]
10005dcc:	9601      	str	r6, [sp, #4]
10005dce:	9400      	str	r4, [sp, #0]
10005dd0:	f000 f9ca 	bl	10006168 <tu_edpt_stream_init>
10005dd4:	b005      	add	sp, #20
10005dd6:	bdf0      	pop	{r4, r5, r6, r7, pc}
10005dd8:	200018a4 	.word	0x200018a4
10005ddc:	20001824 	.word	0x20001824

10005de0 <vendord_deinit>:
10005de0:	b510      	push	{r4, lr}
10005de2:	4c05      	ldr	r4, [pc, #20]	@ (10005df8 <vendord_deinit+0x18>)
10005de4:	0020      	movs	r0, r4
10005de6:	f000 f9f5 	bl	100061d4 <tu_edpt_stream_deinit>
10005dea:	0020      	movs	r0, r4
10005dec:	3825      	subs	r0, #37	@ 0x25
10005dee:	38ff      	subs	r0, #255	@ 0xff
10005df0:	f000 f9f0 	bl	100061d4 <tu_edpt_stream_deinit>
10005df4:	2001      	movs	r0, #1
10005df6:	bd10      	pop	{r4, pc}
10005df8:	200019cc 	.word	0x200019cc

10005dfc <vendord_reset>:
10005dfc:	b570      	push	{r4, r5, r6, lr}
10005dfe:	4c08      	ldr	r4, [pc, #32]	@ (10005e20 <vendord_reset+0x24>)
10005e00:	2500      	movs	r5, #0
10005e02:	0020      	movs	r0, r4
10005e04:	3031      	adds	r0, #49	@ 0x31
10005e06:	30ff      	adds	r0, #255	@ 0xff
10005e08:	7025      	strb	r5, [r4, #0]
10005e0a:	f000 fcf5 	bl	100067f8 <tu_fifo_clear>
10005e0e:	0020      	movs	r0, r4
10005e10:	300c      	adds	r0, #12
10005e12:	f000 fcf1 	bl	100067f8 <tu_fifo_clear>
10005e16:	232a      	movs	r3, #42	@ 0x2a
10005e18:	33ff      	adds	r3, #255	@ 0xff
10005e1a:	54e5      	strb	r5, [r4, r3]
10005e1c:	7165      	strb	r5, [r4, #5]
10005e1e:	bd70      	pop	{r4, r5, r6, pc}
10005e20:	200018a4 	.word	0x200018a4

10005e24 <vendord_open>:
10005e24:	b5f8      	push	{r3, r4, r5, r6, r7, lr}
10005e26:	4657      	mov	r7, sl
10005e28:	4645      	mov	r5, r8
10005e2a:	46de      	mov	lr, fp
10005e2c:	464e      	mov	r6, r9
10005e2e:	b5e0      	push	{r5, r6, r7, lr}
10005e30:	794b      	ldrb	r3, [r1, #5]
10005e32:	4680      	mov	r8, r0
10005e34:	000f      	movs	r7, r1
10005e36:	2bff      	cmp	r3, #255	@ 0xff
10005e38:	d127      	bne.n	10005e8a <vendord_open+0x66>
10005e3a:	4b42      	ldr	r3, [pc, #264]	@ (10005f44 <vendord_open+0x120>)
10005e3c:	780c      	ldrb	r4, [r1, #0]
10005e3e:	4699      	mov	r9, r3
10005e40:	232a      	movs	r3, #42	@ 0x2a
10005e42:	4649      	mov	r1, r9
10005e44:	33ff      	adds	r3, #255	@ 0xff
10005e46:	5ccb      	ldrb	r3, [r1, r3]
10005e48:	2b00      	cmp	r3, #0
10005e4a:	d11e      	bne.n	10005e8a <vendord_open+0x66>
10005e4c:	794e      	ldrb	r6, [r1, #5]
10005e4e:	2e00      	cmp	r6, #0
10005e50:	d11b      	bne.n	10005e8a <vendord_open+0x66>
10005e52:	78bb      	ldrb	r3, [r7, #2]
10005e54:	193c      	adds	r4, r7, r4
10005e56:	700b      	strb	r3, [r1, #0]
10005e58:	793b      	ldrb	r3, [r7, #4]
10005e5a:	2b00      	cmp	r3, #0
10005e5c:	d012      	beq.n	10005e84 <vendord_open+0x60>
10005e5e:	2398      	movs	r3, #152	@ 0x98
10005e60:	005b      	lsls	r3, r3, #1
10005e62:	444b      	add	r3, r9
10005e64:	469a      	mov	sl, r3
10005e66:	230c      	movs	r3, #12
10005e68:	444b      	add	r3, r9
10005e6a:	469b      	mov	fp, r3
10005e6c:	18a5      	adds	r5, r4, r2
10005e6e:	7863      	ldrb	r3, [r4, #1]
10005e70:	2b05      	cmp	r3, #5
10005e72:	d105      	bne.n	10005e80 <vendord_open+0x5c>
10005e74:	e010      	b.n	10005e98 <vendord_open+0x74>
10005e76:	7823      	ldrb	r3, [r4, #0]
10005e78:	18e4      	adds	r4, r4, r3
10005e7a:	7863      	ldrb	r3, [r4, #1]
10005e7c:	2b05      	cmp	r3, #5
10005e7e:	d00b      	beq.n	10005e98 <vendord_open+0x74>
10005e80:	42a5      	cmp	r5, r4
10005e82:	d8f8      	bhi.n	10005e76 <vendord_open+0x52>
10005e84:	1be0      	subs	r0, r4, r7
10005e86:	b280      	uxth	r0, r0
10005e88:	e000      	b.n	10005e8c <vendord_open+0x68>
10005e8a:	2000      	movs	r0, #0
10005e8c:	bcf0      	pop	{r4, r5, r6, r7}
10005e8e:	46bb      	mov	fp, r7
10005e90:	46b2      	mov	sl, r6
10005e92:	46a9      	mov	r9, r5
10005e94:	46a0      	mov	r8, r4
10005e96:	bdf8      	pop	{r3, r4, r5, r6, r7, pc}
10005e98:	42a5      	cmp	r5, r4
10005e9a:	d9f3      	bls.n	10005e84 <vendord_open+0x60>
10005e9c:	0021      	movs	r1, r4
10005e9e:	4640      	mov	r0, r8
10005ea0:	f7ff fb44 	bl	1000552c <usbd_edpt_open>
10005ea4:	2800      	cmp	r0, #0
10005ea6:	d0f0      	beq.n	10005e8a <vendord_open+0x66>
10005ea8:	78a3      	ldrb	r3, [r4, #2]
10005eaa:	3601      	adds	r6, #1
10005eac:	b2f6      	uxtb	r6, r6
10005eae:	09db      	lsrs	r3, r3, #7
10005eb0:	2b01      	cmp	r3, #1
10005eb2:	d029      	beq.n	10005f08 <vendord_open+0xe4>
10005eb4:	4650      	mov	r0, sl
10005eb6:	f000 fc9f 	bl	100067f8 <tu_fifo_clear>
10005eba:	232a      	movs	r3, #42	@ 0x2a
10005ebc:	4649      	mov	r1, r9
10005ebe:	78a2      	ldrb	r2, [r4, #2]
10005ec0:	33ff      	adds	r3, #255	@ 0xff
10005ec2:	54ca      	strb	r2, [r1, r3]
10005ec4:	7963      	ldrb	r3, [r4, #5]
10005ec6:	7922      	ldrb	r2, [r4, #4]
10005ec8:	021b      	lsls	r3, r3, #8
10005eca:	4313      	orrs	r3, r2
10005ecc:	4a1e      	ldr	r2, [pc, #120]	@ (10005f48 <vendord_open+0x124>)
10005ece:	055b      	lsls	r3, r3, #21
10005ed0:	4694      	mov	ip, r2
10005ed2:	0d5b      	lsrs	r3, r3, #21
10005ed4:	2194      	movs	r1, #148	@ 0x94
10005ed6:	4463      	add	r3, ip
10005ed8:	425a      	negs	r2, r3
10005eda:	4153      	adcs	r3, r2
10005edc:	464a      	mov	r2, r9
10005ede:	2002      	movs	r0, #2
10005ee0:	0049      	lsls	r1, r1, #1
10005ee2:	5c52      	ldrb	r2, [r2, r1]
10005ee4:	005b      	lsls	r3, r3, #1
10005ee6:	4382      	bics	r2, r0
10005ee8:	4313      	orrs	r3, r2
10005eea:	464a      	mov	r2, r9
10005eec:	5453      	strb	r3, [r2, r1]
10005eee:	4651      	mov	r1, sl
10005ef0:	4640      	mov	r0, r8
10005ef2:	3908      	subs	r1, #8
10005ef4:	f000 f9d6 	bl	100062a4 <tu_edpt_stream_read_xfer>
10005ef8:	2800      	cmp	r0, #0
10005efa:	d0c6      	beq.n	10005e8a <vendord_open+0x66>
10005efc:	7823      	ldrb	r3, [r4, #0]
10005efe:	18e4      	adds	r4, r4, r3
10005f00:	793b      	ldrb	r3, [r7, #4]
10005f02:	42b3      	cmp	r3, r6
10005f04:	d8b3      	bhi.n	10005e6e <vendord_open+0x4a>
10005f06:	e7bd      	b.n	10005e84 <vendord_open+0x60>
10005f08:	4658      	mov	r0, fp
10005f0a:	f000 fc75 	bl	100067f8 <tu_fifo_clear>
10005f0e:	465a      	mov	r2, fp
10005f10:	78a3      	ldrb	r3, [r4, #2]
10005f12:	3a0c      	subs	r2, #12
10005f14:	7153      	strb	r3, [r2, #5]
10005f16:	7963      	ldrb	r3, [r4, #5]
10005f18:	7921      	ldrb	r1, [r4, #4]
10005f1a:	021b      	lsls	r3, r3, #8
10005f1c:	430b      	orrs	r3, r1
10005f1e:	490a      	ldr	r1, [pc, #40]	@ (10005f48 <vendord_open+0x124>)
10005f20:	055b      	lsls	r3, r3, #21
10005f22:	468c      	mov	ip, r1
10005f24:	0d5b      	lsrs	r3, r3, #21
10005f26:	4463      	add	r3, ip
10005f28:	4259      	negs	r1, r3
10005f2a:	414b      	adcs	r3, r1
10005f2c:	2002      	movs	r0, #2
10005f2e:	7911      	ldrb	r1, [r2, #4]
10005f30:	005b      	lsls	r3, r3, #1
10005f32:	4381      	bics	r1, r0
10005f34:	430b      	orrs	r3, r1
10005f36:	4659      	mov	r1, fp
10005f38:	2000      	movs	r0, #0
10005f3a:	3908      	subs	r1, #8
10005f3c:	7113      	strb	r3, [r2, #4]
10005f3e:	f000 f97f 	bl	10006240 <tu_edpt_stream_write_xfer>
10005f42:	e7db      	b.n	10005efc <vendord_open+0xd8>
10005f44:	200018a4 	.word	0x200018a4
10005f48:	fffffe00 	.word	0xfffffe00

10005f4c <vendord_xfer_cb>:
10005f4c:	b570      	push	{r4, r5, r6, lr}
10005f4e:	0005      	movs	r5, r0
10005f50:	202a      	movs	r0, #42	@ 0x2a
10005f52:	4c1f      	ldr	r4, [pc, #124]	@ (10005fd0 <vendord_xfer_cb+0x84>)
10005f54:	30ff      	adds	r0, #255	@ 0xff
10005f56:	5c20      	ldrb	r0, [r4, r0]
10005f58:	001e      	movs	r6, r3
10005f5a:	7963      	ldrb	r3, [r4, #5]
10005f5c:	4288      	cmp	r0, r1
10005f5e:	d003      	beq.n	10005f68 <vendord_xfer_cb+0x1c>
10005f60:	2000      	movs	r0, #0
10005f62:	428b      	cmp	r3, r1
10005f64:	d01d      	beq.n	10005fa2 <vendord_xfer_cb+0x56>
10005f66:	bd70      	pop	{r4, r5, r6, pc}
10005f68:	239a      	movs	r3, #154	@ 0x9a
10005f6a:	005b      	lsls	r3, r3, #1
10005f6c:	5ae3      	ldrh	r3, [r4, r3]
10005f6e:	2b00      	cmp	r3, #0
10005f70:	d10d      	bne.n	10005f8e <vendord_xfer_cb+0x42>
10005f72:	4b18      	ldr	r3, [pc, #96]	@ (10005fd4 <vendord_xfer_cb+0x88>)
10005f74:	2b00      	cmp	r3, #0
10005f76:	d004      	beq.n	10005f82 <vendord_xfer_cb+0x36>
10005f78:	2000      	movs	r0, #0
10005f7a:	4917      	ldr	r1, [pc, #92]	@ (10005fd8 <vendord_xfer_cb+0x8c>)
10005f7c:	b2b2      	uxth	r2, r6
10005f7e:	e000      	b.n	10005f82 <vendord_xfer_cb+0x36>
10005f80:	bf00      	nop
10005f82:	0028      	movs	r0, r5
10005f84:	4915      	ldr	r1, [pc, #84]	@ (10005fdc <vendord_xfer_cb+0x90>)
10005f86:	f000 f98d 	bl	100062a4 <tu_edpt_stream_read_xfer>
10005f8a:	2001      	movs	r0, #1
10005f8c:	e7eb      	b.n	10005f66 <vendord_xfer_cb+0x1a>
10005f8e:	0020      	movs	r0, r4
10005f90:	2396      	movs	r3, #150	@ 0x96
10005f92:	3031      	adds	r0, #49	@ 0x31
10005f94:	005b      	lsls	r3, r3, #1
10005f96:	58e1      	ldr	r1, [r4, r3]
10005f98:	b2b2      	uxth	r2, r6
10005f9a:	30ff      	adds	r0, #255	@ 0xff
10005f9c:	f000 fb70 	bl	10006680 <tu_fifo_write_n>
10005fa0:	e7e7      	b.n	10005f72 <vendord_xfer_cb+0x26>
10005fa2:	4b0f      	ldr	r3, [pc, #60]	@ (10005fe0 <vendord_xfer_cb+0x94>)
10005fa4:	2b00      	cmp	r3, #0
10005fa6:	d004      	beq.n	10005fb2 <vendord_xfer_cb+0x66>
10005fa8:	0431      	lsls	r1, r6, #16
10005faa:	2000      	movs	r0, #0
10005fac:	0c09      	lsrs	r1, r1, #16
10005fae:	e000      	b.n	10005fb2 <vendord_xfer_cb+0x66>
10005fb0:	bf00      	nop
10005fb2:	4c0c      	ldr	r4, [pc, #48]	@ (10005fe4 <vendord_xfer_cb+0x98>)
10005fb4:	0028      	movs	r0, r5
10005fb6:	0021      	movs	r1, r4
10005fb8:	f000 f942 	bl	10006240 <tu_edpt_stream_write_xfer>
10005fbc:	2800      	cmp	r0, #0
10005fbe:	d1e4      	bne.n	10005f8a <vendord_xfer_cb+0x3e>
10005fc0:	0032      	movs	r2, r6
10005fc2:	0021      	movs	r1, r4
10005fc4:	0028      	movs	r0, r5
10005fc6:	f000 f907 	bl	100061d8 <tu_edpt_stream_write_zlp_if_needed>
10005fca:	2001      	movs	r0, #1
10005fcc:	e7cb      	b.n	10005f66 <vendord_xfer_cb+0x1a>
10005fce:	46c0      	nop			@ (mov r8, r8)
10005fd0:	200018a4 	.word	0x200018a4
10005fd4:	00000000 	.word	0x00000000
10005fd8:	20001824 	.word	0x20001824
10005fdc:	200019cc 	.word	0x200019cc
10005fe0:	00000000 	.word	0x00000000
10005fe4:	200018a8 	.word	0x200018a8

10005fe8 <tusb_rhport_init>:
10005fe8:	b500      	push	{lr}
10005fea:	0003      	movs	r3, r0
10005fec:	b083      	sub	sp, #12
10005fee:	2900      	cmp	r1, #0
10005ff0:	d010      	beq.n	10006014 <tusb_rhport_init+0x2c>
10005ff2:	2000      	movs	r0, #0
10005ff4:	2b01      	cmp	r3, #1
10005ff6:	d807      	bhi.n	10006008 <tusb_rhport_init+0x20>
10005ff8:	780a      	ldrb	r2, [r1, #0]
10005ffa:	2a00      	cmp	r2, #0
10005ffc:	d004      	beq.n	10006008 <tusb_rhport_init+0x20>
10005ffe:	480b      	ldr	r0, [pc, #44]	@ (1000602c <tusb_rhport_init+0x44>)
10006000:	54c2      	strb	r2, [r0, r3]
10006002:	2001      	movs	r0, #1
10006004:	2a01      	cmp	r2, #1
10006006:	d001      	beq.n	1000600c <tusb_rhport_init+0x24>
10006008:	b003      	add	sp, #12
1000600a:	bd00      	pop	{pc}
1000600c:	0018      	movs	r0, r3
1000600e:	f7fe fdc1 	bl	10004b94 <tud_rhport_init>
10006012:	e7f9      	b.n	10006008 <tusb_rhport_init+0x20>
10006014:	2301      	movs	r3, #1
10006016:	a901      	add	r1, sp, #4
10006018:	2000      	movs	r0, #0
1000601a:	800b      	strh	r3, [r1, #0]
1000601c:	f7fe fdba 	bl	10004b94 <tud_rhport_init>
10006020:	2800      	cmp	r0, #0
10006022:	d0f1      	beq.n	10006008 <tusb_rhport_init+0x20>
10006024:	2201      	movs	r2, #1
10006026:	4b01      	ldr	r3, [pc, #4]	@ (1000602c <tusb_rhport_init+0x44>)
10006028:	701a      	strb	r2, [r3, #0]
1000602a:	e7ed      	b.n	10006008 <tusb_rhport_init+0x20>
1000602c:	200016fc 	.word	0x200016fc

10006030 <tu_edpt_claim>:
10006030:	7803      	ldrb	r3, [r0, #0]
10006032:	b570      	push	{r4, r5, r6, lr}
10006034:	07db      	lsls	r3, r3, #31
10006036:	0004      	movs	r4, r0
10006038:	000e      	movs	r6, r1
1000603a:	0fdd      	lsrs	r5, r3, #31
1000603c:	2b00      	cmp	r3, #0
1000603e:	d117      	bne.n	10006070 <tu_edpt_claim+0x40>
10006040:	7803      	ldrb	r3, [r0, #0]
10006042:	075b      	lsls	r3, r3, #29
10006044:	d501      	bpl.n	1000604a <tu_edpt_claim+0x1a>
10006046:	0028      	movs	r0, r5
10006048:	bd70      	pop	{r4, r5, r6, pc}
1000604a:	2101      	movs	r1, #1
1000604c:	0030      	movs	r0, r6
1000604e:	4249      	negs	r1, r1
10006050:	f000 fcda 	bl	10006a08 <__mutex_enter_timeout_ms_veneer>
10006054:	7823      	ldrb	r3, [r4, #0]
10006056:	07db      	lsls	r3, r3, #31
10006058:	0fdd      	lsrs	r5, r3, #31
1000605a:	2b00      	cmp	r3, #0
1000605c:	d10a      	bne.n	10006074 <tu_edpt_claim+0x44>
1000605e:	7823      	ldrb	r3, [r4, #0]
10006060:	075b      	lsls	r3, r3, #29
10006062:	d408      	bmi.n	10006076 <tu_edpt_claim+0x46>
10006064:	2204      	movs	r2, #4
10006066:	7823      	ldrb	r3, [r4, #0]
10006068:	2501      	movs	r5, #1
1000606a:	4313      	orrs	r3, r2
1000606c:	7023      	strb	r3, [r4, #0]
1000606e:	e002      	b.n	10006076 <tu_edpt_claim+0x46>
10006070:	2500      	movs	r5, #0
10006072:	e7e8      	b.n	10006046 <tu_edpt_claim+0x16>
10006074:	2500      	movs	r5, #0
10006076:	0030      	movs	r0, r6
10006078:	f000 fc9e 	bl	100069b8 <__mutex_exit_veneer>
1000607c:	e7e3      	b.n	10006046 <tu_edpt_claim+0x16>
1000607e:	46c0      	nop			@ (mov r8, r8)

10006080 <tu_edpt_release>:
10006080:	b570      	push	{r4, r5, r6, lr}
10006082:	000c      	movs	r4, r1
10006084:	2101      	movs	r1, #1
10006086:	0006      	movs	r6, r0
10006088:	4249      	negs	r1, r1
1000608a:	0020      	movs	r0, r4
1000608c:	f000 fcbc 	bl	10006a08 <__mutex_enter_timeout_ms_veneer>
10006090:	7833      	ldrb	r3, [r6, #0]
10006092:	075b      	lsls	r3, r3, #29
10006094:	0fdd      	lsrs	r5, r3, #31
10006096:	2b00      	cmp	r3, #0
10006098:	db04      	blt.n	100060a4 <tu_edpt_release+0x24>
1000609a:	0020      	movs	r0, r4
1000609c:	f000 fc8c 	bl	100069b8 <__mutex_exit_veneer>
100060a0:	0028      	movs	r0, r5
100060a2:	bd70      	pop	{r4, r5, r6, pc}
100060a4:	7833      	ldrb	r3, [r6, #0]
100060a6:	07db      	lsls	r3, r3, #31
100060a8:	d404      	bmi.n	100060b4 <tu_edpt_release+0x34>
100060aa:	2204      	movs	r2, #4
100060ac:	7833      	ldrb	r3, [r6, #0]
100060ae:	4393      	bics	r3, r2
100060b0:	7033      	strb	r3, [r6, #0]
100060b2:	e7f2      	b.n	1000609a <tu_edpt_release+0x1a>
100060b4:	2500      	movs	r5, #0
100060b6:	e7f0      	b.n	1000609a <tu_edpt_release+0x1a>

100060b8 <tu_edpt_validate>:
100060b8:	7943      	ldrb	r3, [r0, #5]
100060ba:	7902      	ldrb	r2, [r0, #4]
100060bc:	021b      	lsls	r3, r3, #8
100060be:	4313      	orrs	r3, r2
100060c0:	78c2      	ldrb	r2, [r0, #3]
100060c2:	055b      	lsls	r3, r3, #21
100060c4:	0792      	lsls	r2, r2, #30
100060c6:	0d5b      	lsrs	r3, r3, #21
100060c8:	0f92      	lsrs	r2, r2, #30
100060ca:	2a02      	cmp	r2, #2
100060cc:	d01d      	beq.n	1000610a <tu_edpt_validate+0x52>
100060ce:	2a03      	cmp	r2, #3
100060d0:	d00c      	beq.n	100060ec <tu_edpt_validate+0x34>
100060d2:	2000      	movs	r0, #0
100060d4:	2a01      	cmp	r2, #1
100060d6:	d108      	bne.n	100060ea <tu_edpt_validate+0x32>
100060d8:	3902      	subs	r1, #2
100060da:	424a      	negs	r2, r1
100060dc:	4151      	adcs	r1, r2
100060de:	4a12      	ldr	r2, [pc, #72]	@ (10006128 <tu_edpt_validate+0x70>)
100060e0:	4694      	mov	ip, r2
100060e2:	4461      	add	r1, ip
100060e4:	4299      	cmp	r1, r3
100060e6:	4140      	adcs	r0, r0
100060e8:	b2c0      	uxtb	r0, r0
100060ea:	4770      	bx	lr
100060ec:	3902      	subs	r1, #2
100060ee:	1e4a      	subs	r2, r1, #1
100060f0:	4191      	sbcs	r1, r2
100060f2:	4a0e      	ldr	r2, [pc, #56]	@ (1000612c <tu_edpt_validate+0x74>)
100060f4:	4249      	negs	r1, r1
100060f6:	4011      	ands	r1, r2
100060f8:	2280      	movs	r2, #128	@ 0x80
100060fa:	00d2      	lsls	r2, r2, #3
100060fc:	4694      	mov	ip, r2
100060fe:	2000      	movs	r0, #0
10006100:	4461      	add	r1, ip
10006102:	4299      	cmp	r1, r3
10006104:	4140      	adcs	r0, r0
10006106:	b2c0      	uxtb	r0, r0
10006108:	e7ef      	b.n	100060ea <tu_edpt_validate+0x32>
1000610a:	2902      	cmp	r1, #2
1000610c:	d005      	beq.n	1000611a <tu_edpt_validate+0x62>
1000610e:	2000      	movs	r0, #0
10006110:	2240      	movs	r2, #64	@ 0x40
10006112:	429a      	cmp	r2, r3
10006114:	4140      	adcs	r0, r0
10006116:	b2c0      	uxtb	r0, r0
10006118:	e7e7      	b.n	100060ea <tu_edpt_validate+0x32>
1000611a:	4a05      	ldr	r2, [pc, #20]	@ (10006130 <tu_edpt_validate+0x78>)
1000611c:	1898      	adds	r0, r3, r2
1000611e:	4243      	negs	r3, r0
10006120:	4158      	adcs	r0, r3
10006122:	b2c0      	uxtb	r0, r0
10006124:	e7e1      	b.n	100060ea <tu_edpt_validate+0x32>
10006126:	46c0      	nop			@ (mov r8, r8)
10006128:	000003ff 	.word	0x000003ff
1000612c:	fffffc40 	.word	0xfffffc40
10006130:	fffffe00 	.word	0xfffffe00

10006134 <tu_edpt_bind_driver>:
10006134:	188a      	adds	r2, r1, r2
10006136:	b570      	push	{r4, r5, r6, lr}
10006138:	4291      	cmp	r1, r2
1000613a:	d207      	bcs.n	1000614c <tu_edpt_bind_driver+0x18>
1000613c:	267f      	movs	r6, #127	@ 0x7f
1000613e:	784c      	ldrb	r4, [r1, #1]
10006140:	2c05      	cmp	r4, #5
10006142:	d004      	beq.n	1000614e <tu_edpt_bind_driver+0x1a>
10006144:	780c      	ldrb	r4, [r1, #0]
10006146:	1909      	adds	r1, r1, r4
10006148:	428a      	cmp	r2, r1
1000614a:	d8f8      	bhi.n	1000613e <tu_edpt_bind_driver+0xa>
1000614c:	bd70      	pop	{r4, r5, r6, pc}
1000614e:	0034      	movs	r4, r6
10006150:	788d      	ldrb	r5, [r1, #2]
10006152:	402c      	ands	r4, r5
10006154:	0064      	lsls	r4, r4, #1
10006156:	1904      	adds	r4, r0, r4
10006158:	09ed      	lsrs	r5, r5, #7
1000615a:	5563      	strb	r3, [r4, r5]
1000615c:	780c      	ldrb	r4, [r1, #0]
1000615e:	1909      	adds	r1, r1, r4
10006160:	428a      	cmp	r2, r1
10006162:	d8ec      	bhi.n	1000613e <tu_edpt_bind_driver+0xa>
10006164:	e7f2      	b.n	1000614c <tu_edpt_bind_driver+0x18>
10006166:	46c0      	nop			@ (mov r8, r8)

10006168 <tu_edpt_stream_init>:
10006168:	b5f0      	push	{r4, r5, r6, r7, lr}
1000616a:	46c6      	mov	lr, r8
1000616c:	b500      	push	{lr}
1000616e:	b082      	sub	sp, #8
10006170:	0015      	movs	r5, r2
10006172:	aa08      	add	r2, sp, #32
10006174:	ca40      	ldmia	r2!, {r6}
10006176:	0004      	movs	r4, r0
10006178:	8817      	ldrh	r7, [r2, #0]
1000617a:	aa0b      	add	r2, sp, #44	@ 0x2c
1000617c:	8812      	ldrh	r2, [r2, #0]
1000617e:	2001      	movs	r0, #1
10006180:	4690      	mov	r8, r2
10006182:	000a      	movs	r2, r1
10006184:	7821      	ldrb	r1, [r4, #0]
10006186:	4002      	ands	r2, r0
10006188:	4381      	bics	r1, r0
1000618a:	0020      	movs	r0, r4
1000618c:	4311      	orrs	r1, r2
1000618e:	7021      	strb	r1, [r4, #0]
10006190:	003a      	movs	r2, r7
10006192:	9300      	str	r3, [sp, #0]
10006194:	0031      	movs	r1, r6
10006196:	2301      	movs	r3, #1
10006198:	3008      	adds	r0, #8
1000619a:	f000 f8f1 	bl	10006380 <tu_fifo_config>
1000619e:	2e00      	cmp	r6, #0
100061a0:	d001      	beq.n	100061a6 <tu_edpt_stream_init+0x3e>
100061a2:	2f00      	cmp	r7, #0
100061a4:	d108      	bne.n	100061b8 <tu_edpt_stream_init+0x50>
100061a6:	9b0a      	ldr	r3, [sp, #40]	@ 0x28
100061a8:	2001      	movs	r0, #1
100061aa:	6063      	str	r3, [r4, #4]
100061ac:	4643      	mov	r3, r8
100061ae:	8063      	strh	r3, [r4, #2]
100061b0:	b002      	add	sp, #8
100061b2:	bc80      	pop	{r7}
100061b4:	46b8      	mov	r8, r7
100061b6:	bdf0      	pop	{r4, r5, r6, r7, pc}
100061b8:	0026      	movs	r6, r4
100061ba:	361c      	adds	r6, #28
100061bc:	0030      	movs	r0, r6
100061be:	f7fa fbb7 	bl	10000930 <mutex_init>
100061c2:	2300      	movs	r3, #0
100061c4:	2d00      	cmp	r5, #0
100061c6:	d001      	beq.n	100061cc <tu_edpt_stream_init+0x64>
100061c8:	0033      	movs	r3, r6
100061ca:	2600      	movs	r6, #0
100061cc:	6163      	str	r3, [r4, #20]
100061ce:	61a6      	str	r6, [r4, #24]
100061d0:	e7e9      	b.n	100061a6 <tu_edpt_stream_init+0x3e>
100061d2:	46c0      	nop			@ (mov r8, r8)

100061d4 <tu_edpt_stream_deinit>:
100061d4:	2001      	movs	r0, #1
100061d6:	4770      	bx	lr

100061d8 <tu_edpt_stream_write_zlp_if_needed>:
100061d8:	b5f8      	push	{r3, r4, r5, r6, r7, lr}
100061da:	2402      	movs	r4, #2
100061dc:	780b      	ldrb	r3, [r1, #0]
100061de:	0007      	movs	r7, r0
100061e0:	401c      	ands	r4, r3
100061e2:	4263      	negs	r3, r4
100061e4:	415c      	adcs	r4, r3
100061e6:	4b14      	ldr	r3, [pc, #80]	@ (10006238 <tu_edpt_stream_write_zlp_if_needed+0x60>)
100061e8:	4264      	negs	r4, r4
100061ea:	401c      	ands	r4, r3
100061ec:	4b13      	ldr	r3, [pc, #76]	@ (1000623c <tu_edpt_stream_write_zlp_if_needed+0x64>)
100061ee:	0008      	movs	r0, r1
100061f0:	469c      	mov	ip, r3
100061f2:	3008      	adds	r0, #8
100061f4:	000d      	movs	r5, r1
100061f6:	0016      	movs	r6, r2
100061f8:	4464      	add	r4, ip
100061fa:	f000 f8f7 	bl	100063ec <tu_fifo_count>
100061fe:	2800      	cmp	r0, #0
10006200:	d107      	bne.n	10006212 <tu_edpt_stream_write_zlp_if_needed+0x3a>
10006202:	2e00      	cmp	r6, #0
10006204:	d005      	beq.n	10006212 <tu_edpt_stream_write_zlp_if_needed+0x3a>
10006206:	4234      	tst	r4, r6
10006208:	d103      	bne.n	10006212 <tu_edpt_stream_write_zlp_if_needed+0x3a>
1000620a:	2401      	movs	r4, #1
1000620c:	782b      	ldrb	r3, [r5, #0]
1000620e:	421c      	tst	r4, r3
10006210:	d001      	beq.n	10006216 <tu_edpt_stream_write_zlp_if_needed+0x3e>
10006212:	2000      	movs	r0, #0
10006214:	bdf8      	pop	{r3, r4, r5, r6, r7, pc}
10006216:	0038      	movs	r0, r7
10006218:	7869      	ldrb	r1, [r5, #1]
1000621a:	f7ff f9a1 	bl	10005560 <usbd_edpt_claim>
1000621e:	2800      	cmp	r0, #0
10006220:	d0f7      	beq.n	10006212 <tu_edpt_stream_write_zlp_if_needed+0x3a>
10006222:	782b      	ldrb	r3, [r5, #0]
10006224:	421c      	tst	r4, r3
10006226:	d1f4      	bne.n	10006212 <tu_edpt_stream_write_zlp_if_needed+0x3a>
10006228:	2300      	movs	r3, #0
1000622a:	2200      	movs	r2, #0
1000622c:	0038      	movs	r0, r7
1000622e:	7869      	ldrb	r1, [r5, #1]
10006230:	f7ff f9be 	bl	100055b0 <usbd_edpt_xfer>
10006234:	e7ee      	b.n	10006214 <tu_edpt_stream_write_zlp_if_needed+0x3c>
10006236:	46c0      	nop			@ (mov r8, r8)
10006238:	fffffe40 	.word	0xfffffe40
1000623c:	000001ff 	.word	0x000001ff

10006240 <tu_edpt_stream_write_xfer>:
10006240:	b5f8      	push	{r3, r4, r5, r6, r7, lr}
10006242:	000d      	movs	r5, r1
10006244:	3508      	adds	r5, #8
10006246:	0006      	movs	r6, r0
10006248:	0028      	movs	r0, r5
1000624a:	000c      	movs	r4, r1
1000624c:	f000 f8ce 	bl	100063ec <tu_fifo_count>
10006250:	2800      	cmp	r0, #0
10006252:	d003      	beq.n	1000625c <tu_edpt_stream_write_xfer+0x1c>
10006254:	2701      	movs	r7, #1
10006256:	7823      	ldrb	r3, [r4, #0]
10006258:	421f      	tst	r7, r3
1000625a:	d001      	beq.n	10006260 <tu_edpt_stream_write_xfer+0x20>
1000625c:	2000      	movs	r0, #0
1000625e:	bdf8      	pop	{r3, r4, r5, r6, r7, pc}
10006260:	0030      	movs	r0, r6
10006262:	7861      	ldrb	r1, [r4, #1]
10006264:	f7ff f97c 	bl	10005560 <usbd_edpt_claim>
10006268:	2800      	cmp	r0, #0
1000626a:	d0f7      	beq.n	1000625c <tu_edpt_stream_write_xfer+0x1c>
1000626c:	0028      	movs	r0, r5
1000626e:	8862      	ldrh	r2, [r4, #2]
10006270:	6861      	ldr	r1, [r4, #4]
10006272:	f000 f93d 	bl	100064f0 <tu_fifo_read_n>
10006276:	7823      	ldrb	r3, [r4, #0]
10006278:	1e05      	subs	r5, r0, #0
1000627a:	d00b      	beq.n	10006294 <tu_edpt_stream_write_xfer+0x54>
1000627c:	421f      	tst	r7, r3
1000627e:	d1ed      	bne.n	1000625c <tu_edpt_stream_write_xfer+0x1c>
10006280:	0003      	movs	r3, r0
10006282:	6862      	ldr	r2, [r4, #4]
10006284:	0030      	movs	r0, r6
10006286:	7861      	ldrb	r1, [r4, #1]
10006288:	f7ff f992 	bl	100055b0 <usbd_edpt_xfer>
1000628c:	2800      	cmp	r0, #0
1000628e:	d0e5      	beq.n	1000625c <tu_edpt_stream_write_xfer+0x1c>
10006290:	0028      	movs	r0, r5
10006292:	e7e4      	b.n	1000625e <tu_edpt_stream_write_xfer+0x1e>
10006294:	421f      	tst	r7, r3
10006296:	d1e1      	bne.n	1000625c <tu_edpt_stream_write_xfer+0x1c>
10006298:	0030      	movs	r0, r6
1000629a:	7861      	ldrb	r1, [r4, #1]
1000629c:	f7ff f974 	bl	10005588 <usbd_edpt_release>
100062a0:	e7dc      	b.n	1000625c <tu_edpt_stream_write_xfer+0x1c>
100062a2:	46c0      	nop			@ (mov r8, r8)

100062a4 <tu_edpt_stream_read_xfer>:
100062a4:	b5f8      	push	{r3, r4, r5, r6, r7, lr}
100062a6:	46ce      	mov	lr, r9
100062a8:	4647      	mov	r7, r8
100062aa:	b580      	push	{r7, lr}
100062ac:	898a      	ldrh	r2, [r1, #12]
100062ae:	0005      	movs	r5, r0
100062b0:	000c      	movs	r4, r1
100062b2:	780b      	ldrb	r3, [r1, #0]
100062b4:	2a00      	cmp	r2, #0
100062b6:	d107      	bne.n	100062c8 <tu_edpt_stream_read_xfer+0x24>
100062b8:	2601      	movs	r6, #1
100062ba:	421e      	tst	r6, r3
100062bc:	d03f      	beq.n	1000633e <tu_edpt_stream_read_xfer+0x9a>
100062be:	2000      	movs	r0, #0
100062c0:	bcc0      	pop	{r6, r7}
100062c2:	46b9      	mov	r9, r7
100062c4:	46b0      	mov	r8, r6
100062c6:	bdf8      	pop	{r3, r4, r5, r6, r7, pc}
100062c8:	079b      	lsls	r3, r3, #30
100062ca:	d534      	bpl.n	10006336 <tu_edpt_stream_read_xfer+0x92>
100062cc:	23fe      	movs	r3, #254	@ 0xfe
100062ce:	2680      	movs	r6, #128	@ 0x80
100062d0:	021b      	lsls	r3, r3, #8
100062d2:	4699      	mov	r9, r3
100062d4:	00b6      	lsls	r6, r6, #2
100062d6:	0027      	movs	r7, r4
100062d8:	3708      	adds	r7, #8
100062da:	0038      	movs	r0, r7
100062dc:	f000 f8a4 	bl	10006428 <tu_fifo_remaining>
100062e0:	4286      	cmp	r6, r0
100062e2:	d8ec      	bhi.n	100062be <tu_edpt_stream_read_xfer+0x1a>
100062e4:	2201      	movs	r2, #1
100062e6:	7823      	ldrb	r3, [r4, #0]
100062e8:	4690      	mov	r8, r2
100062ea:	421a      	tst	r2, r3
100062ec:	d1e7      	bne.n	100062be <tu_edpt_stream_read_xfer+0x1a>
100062ee:	0028      	movs	r0, r5
100062f0:	7861      	ldrb	r1, [r4, #1]
100062f2:	f7ff f935 	bl	10005560 <usbd_edpt_claim>
100062f6:	2800      	cmp	r0, #0
100062f8:	d0e1      	beq.n	100062be <tu_edpt_stream_read_xfer+0x1a>
100062fa:	0038      	movs	r0, r7
100062fc:	f000 f894 	bl	10006428 <tu_fifo_remaining>
10006300:	4286      	cmp	r6, r0
10006302:	d831      	bhi.n	10006368 <tu_edpt_stream_read_xfer+0xc4>
10006304:	4641      	mov	r1, r8
10006306:	7823      	ldrb	r3, [r4, #0]
10006308:	8862      	ldrh	r2, [r4, #2]
1000630a:	4219      	tst	r1, r3
1000630c:	d1d7      	bne.n	100062be <tu_edpt_stream_read_xfer+0x1a>
1000630e:	464b      	mov	r3, r9
10006310:	4018      	ands	r0, r3
10006312:	1c06      	adds	r6, r0, #0
10006314:	4290      	cmp	r0, r2
10006316:	d900      	bls.n	1000631a <tu_edpt_stream_read_xfer+0x76>
10006318:	1c16      	adds	r6, r2, #0
1000631a:	b2b6      	uxth	r6, r6
1000631c:	2200      	movs	r2, #0
1000631e:	7861      	ldrb	r1, [r4, #1]
10006320:	2e00      	cmp	r6, #0
10006322:	d000      	beq.n	10006326 <tu_edpt_stream_read_xfer+0x82>
10006324:	6862      	ldr	r2, [r4, #4]
10006326:	0033      	movs	r3, r6
10006328:	0028      	movs	r0, r5
1000632a:	f7ff f941 	bl	100055b0 <usbd_edpt_xfer>
1000632e:	2800      	cmp	r0, #0
10006330:	d0c5      	beq.n	100062be <tu_edpt_stream_read_xfer+0x1a>
10006332:	0030      	movs	r0, r6
10006334:	e7c4      	b.n	100062c0 <tu_edpt_stream_read_xfer+0x1c>
10006336:	4b11      	ldr	r3, [pc, #68]	@ (1000637c <tu_edpt_stream_read_xfer+0xd8>)
10006338:	2640      	movs	r6, #64	@ 0x40
1000633a:	4699      	mov	r9, r3
1000633c:	e7cb      	b.n	100062d6 <tu_edpt_stream_read_xfer+0x32>
1000633e:	7849      	ldrb	r1, [r1, #1]
10006340:	f7ff f90e 	bl	10005560 <usbd_edpt_claim>
10006344:	2800      	cmp	r0, #0
10006346:	d0ba      	beq.n	100062be <tu_edpt_stream_read_xfer+0x1a>
10006348:	7822      	ldrb	r2, [r4, #0]
1000634a:	8863      	ldrh	r3, [r4, #2]
1000634c:	4216      	tst	r6, r2
1000634e:	d1b6      	bne.n	100062be <tu_edpt_stream_read_xfer+0x1a>
10006350:	2200      	movs	r2, #0
10006352:	7861      	ldrb	r1, [r4, #1]
10006354:	2b00      	cmp	r3, #0
10006356:	d000      	beq.n	1000635a <tu_edpt_stream_read_xfer+0xb6>
10006358:	6862      	ldr	r2, [r4, #4]
1000635a:	0028      	movs	r0, r5
1000635c:	f7ff f928 	bl	100055b0 <usbd_edpt_xfer>
10006360:	2800      	cmp	r0, #0
10006362:	d0ac      	beq.n	100062be <tu_edpt_stream_read_xfer+0x1a>
10006364:	8860      	ldrh	r0, [r4, #2]
10006366:	e7ab      	b.n	100062c0 <tu_edpt_stream_read_xfer+0x1c>
10006368:	4642      	mov	r2, r8
1000636a:	7823      	ldrb	r3, [r4, #0]
1000636c:	421a      	tst	r2, r3
1000636e:	d1a6      	bne.n	100062be <tu_edpt_stream_read_xfer+0x1a>
10006370:	0028      	movs	r0, r5
10006372:	7861      	ldrb	r1, [r4, #1]
10006374:	f7ff f908 	bl	10005588 <usbd_edpt_release>
10006378:	e7a1      	b.n	100062be <tu_edpt_stream_read_xfer+0x1a>
1000637a:	46c0      	nop			@ (mov r8, r8)
1000637c:	0000ffc0 	.word	0x0000ffc0

10006380 <tu_fifo_config>:
10006380:	b5f0      	push	{r4, r5, r6, r7, lr}
10006382:	46c6      	mov	lr, r8
10006384:	b500      	push	{lr}
10006386:	0004      	movs	r4, r0
10006388:	a806      	add	r0, sp, #24
1000638a:	7805      	ldrb	r5, [r0, #0]
1000638c:	2080      	movs	r0, #128	@ 0x80
1000638e:	4688      	mov	r8, r1
10006390:	0017      	movs	r7, r2
10006392:	001e      	movs	r6, r3
10006394:	0200      	lsls	r0, r0, #8
10006396:	4282      	cmp	r2, r0
10006398:	d826      	bhi.n	100063e8 <tu_fifo_config+0x68>
1000639a:	68e0      	ldr	r0, [r4, #12]
1000639c:	2800      	cmp	r0, #0
1000639e:	d003      	beq.n	100063a8 <tu_fifo_config+0x28>
100063a0:	2101      	movs	r1, #1
100063a2:	4249      	negs	r1, r1
100063a4:	f000 fb30 	bl	10006a08 <__mutex_enter_timeout_ms_veneer>
100063a8:	6920      	ldr	r0, [r4, #16]
100063aa:	2800      	cmp	r0, #0
100063ac:	d003      	beq.n	100063b6 <tu_fifo_config+0x36>
100063ae:	2101      	movs	r1, #1
100063b0:	4249      	negs	r1, r1
100063b2:	f000 fb29 	bl	10006a08 <__mutex_enter_timeout_ms_veneer>
100063b6:	4643      	mov	r3, r8
100063b8:	6023      	str	r3, [r4, #0]
100063ba:	0473      	lsls	r3, r6, #17
100063bc:	0c5b      	lsrs	r3, r3, #17
100063be:	03ed      	lsls	r5, r5, #15
100063c0:	431d      	orrs	r5, r3
100063c2:	2300      	movs	r3, #0
100063c4:	68e0      	ldr	r0, [r4, #12]
100063c6:	8163      	strh	r3, [r4, #10]
100063c8:	80a7      	strh	r7, [r4, #4]
100063ca:	80e5      	strh	r5, [r4, #6]
100063cc:	8123      	strh	r3, [r4, #8]
100063ce:	2800      	cmp	r0, #0
100063d0:	d001      	beq.n	100063d6 <tu_fifo_config+0x56>
100063d2:	f000 faf1 	bl	100069b8 <__mutex_exit_veneer>
100063d6:	6920      	ldr	r0, [r4, #16]
100063d8:	2800      	cmp	r0, #0
100063da:	d001      	beq.n	100063e0 <tu_fifo_config+0x60>
100063dc:	f000 faec 	bl	100069b8 <__mutex_exit_veneer>
100063e0:	2001      	movs	r0, #1
100063e2:	bc80      	pop	{r7}
100063e4:	46b8      	mov	r8, r7
100063e6:	bdf0      	pop	{r4, r5, r6, r7, pc}
100063e8:	2000      	movs	r0, #0
100063ea:	e7fa      	b.n	100063e2 <tu_fifo_config+0x62>

100063ec <tu_fifo_count>:
100063ec:	b510      	push	{r4, lr}
100063ee:	8904      	ldrh	r4, [r0, #8]
100063f0:	8941      	ldrh	r1, [r0, #10]
100063f2:	8882      	ldrh	r2, [r0, #4]
100063f4:	b2a3      	uxth	r3, r4
100063f6:	b288      	uxth	r0, r1
100063f8:	428c      	cmp	r4, r1
100063fa:	d307      	bcc.n	1000640c <tu_fifo_count+0x20>
100063fc:	1a1b      	subs	r3, r3, r0
100063fe:	b29b      	uxth	r3, r3
10006400:	1c10      	adds	r0, r2, #0
10006402:	429a      	cmp	r2, r3
10006404:	d900      	bls.n	10006408 <tu_fifo_count+0x1c>
10006406:	1c18      	adds	r0, r3, #0
10006408:	b280      	uxth	r0, r0
1000640a:	bd10      	pop	{r4, pc}
1000640c:	0051      	lsls	r1, r2, #1
1000640e:	1a09      	subs	r1, r1, r0
10006410:	185b      	adds	r3, r3, r1
10006412:	b29b      	uxth	r3, r3
10006414:	e7f4      	b.n	10006400 <tu_fifo_count+0x14>
10006416:	46c0      	nop			@ (mov r8, r8)

10006418 <tu_fifo_empty>:
10006418:	8903      	ldrh	r3, [r0, #8]
1000641a:	8940      	ldrh	r0, [r0, #10]
1000641c:	1a18      	subs	r0, r3, r0
1000641e:	4243      	negs	r3, r0
10006420:	4158      	adcs	r0, r3
10006422:	b2c0      	uxtb	r0, r0
10006424:	4770      	bx	lr
10006426:	46c0      	nop			@ (mov r8, r8)

10006428 <tu_fifo_remaining>:
10006428:	b510      	push	{r4, lr}
1000642a:	8904      	ldrh	r4, [r0, #8]
1000642c:	8941      	ldrh	r1, [r0, #10]
1000642e:	8882      	ldrh	r2, [r0, #4]
10006430:	b2a3      	uxth	r3, r4
10006432:	b288      	uxth	r0, r1
10006434:	428c      	cmp	r4, r1
10006436:	d307      	bcc.n	10006448 <tu_fifo_remaining+0x20>
10006438:	1a1b      	subs	r3, r3, r0
1000643a:	b29b      	uxth	r3, r3
1000643c:	2000      	movs	r0, #0
1000643e:	429a      	cmp	r2, r3
10006440:	d901      	bls.n	10006446 <tu_fifo_remaining+0x1e>
10006442:	1ad2      	subs	r2, r2, r3
10006444:	b290      	uxth	r0, r2
10006446:	bd10      	pop	{r4, pc}
10006448:	0051      	lsls	r1, r2, #1
1000644a:	1a09      	subs	r1, r1, r0
1000644c:	185b      	adds	r3, r3, r1
1000644e:	b29b      	uxth	r3, r3
10006450:	e7f4      	b.n	1000643c <tu_fifo_remaining+0x14>
10006452:	46c0      	nop			@ (mov r8, r8)

10006454 <tu_fifo_read>:
10006454:	b570      	push	{r4, r5, r6, lr}
10006456:	0004      	movs	r4, r0
10006458:	6900      	ldr	r0, [r0, #16]
1000645a:	000e      	movs	r6, r1
1000645c:	2800      	cmp	r0, #0
1000645e:	d003      	beq.n	10006468 <tu_fifo_read+0x14>
10006460:	2101      	movs	r1, #1
10006462:	4249      	negs	r1, r1
10006464:	f000 fad0 	bl	10006a08 <__mutex_enter_timeout_ms_veneer>
10006468:	8925      	ldrh	r5, [r4, #8]
1000646a:	8960      	ldrh	r0, [r4, #10]
1000646c:	88a2      	ldrh	r2, [r4, #4]
1000646e:	b2a9      	uxth	r1, r5
10006470:	b283      	uxth	r3, r0
10006472:	4285      	cmp	r5, r0
10006474:	d32c      	bcc.n	100064d0 <tu_fifo_read+0x7c>
10006476:	1acd      	subs	r5, r1, r3
10006478:	b2ad      	uxth	r5, r5
1000647a:	2d00      	cmp	r5, #0
1000647c:	d02e      	beq.n	100064dc <tu_fifo_read+0x88>
1000647e:	42aa      	cmp	r2, r5
10006480:	d208      	bcs.n	10006494 <tu_fifo_read+0x40>
10006482:	4291      	cmp	r1, r2
10006484:	d330      	bcc.n	100064e8 <tu_fifo_read+0x94>
10006486:	1a89      	subs	r1, r1, r2
10006488:	b28b      	uxth	r3, r1
1000648a:	8163      	strh	r3, [r4, #10]
1000648c:	429a      	cmp	r2, r3
1000648e:	d803      	bhi.n	10006498 <tu_fifo_read+0x44>
10006490:	1a9b      	subs	r3, r3, r2
10006492:	b29b      	uxth	r3, r3
10006494:	429a      	cmp	r2, r3
10006496:	d9fb      	bls.n	10006490 <tu_fifo_read+0x3c>
10006498:	88e2      	ldrh	r2, [r4, #6]
1000649a:	6821      	ldr	r1, [r4, #0]
1000649c:	0452      	lsls	r2, r2, #17
1000649e:	0c52      	lsrs	r2, r2, #17
100064a0:	4353      	muls	r3, r2
100064a2:	0030      	movs	r0, r6
100064a4:	18c9      	adds	r1, r1, r3
100064a6:	f7fc f829 	bl	100024fc <__wrap___aeabi_memcpy>
100064aa:	8963      	ldrh	r3, [r4, #10]
100064ac:	2501      	movs	r5, #1
100064ae:	1c59      	adds	r1, r3, #1
100064b0:	b289      	uxth	r1, r1
100064b2:	88a2      	ldrh	r2, [r4, #4]
100064b4:	428b      	cmp	r3, r1
100064b6:	d913      	bls.n	100064e0 <tu_fifo_read+0x8c>
100064b8:	2100      	movs	r1, #0
100064ba:	0052      	lsls	r2, r2, #1
100064bc:	1a89      	subs	r1, r1, r2
100064be:	b289      	uxth	r1, r1
100064c0:	6920      	ldr	r0, [r4, #16]
100064c2:	8161      	strh	r1, [r4, #10]
100064c4:	2800      	cmp	r0, #0
100064c6:	d001      	beq.n	100064cc <tu_fifo_read+0x78>
100064c8:	f000 fa76 	bl	100069b8 <__mutex_exit_veneer>
100064cc:	0028      	movs	r0, r5
100064ce:	bd70      	pop	{r4, r5, r6, pc}
100064d0:	0055      	lsls	r5, r2, #1
100064d2:	1aed      	subs	r5, r5, r3
100064d4:	194d      	adds	r5, r1, r5
100064d6:	b2ad      	uxth	r5, r5
100064d8:	2d00      	cmp	r5, #0
100064da:	d1d0      	bne.n	1000647e <tu_fifo_read+0x2a>
100064dc:	8961      	ldrh	r1, [r4, #10]
100064de:	b289      	uxth	r1, r1
100064e0:	0052      	lsls	r2, r2, #1
100064e2:	4291      	cmp	r1, r2
100064e4:	dbec      	blt.n	100064c0 <tu_fifo_read+0x6c>
100064e6:	e7e9      	b.n	100064bc <tu_fifo_read+0x68>
100064e8:	1889      	adds	r1, r1, r2
100064ea:	b28b      	uxth	r3, r1
100064ec:	8163      	strh	r3, [r4, #10]
100064ee:	e7cd      	b.n	1000648c <tu_fifo_read+0x38>

100064f0 <tu_fifo_read_n>:
100064f0:	b5f0      	push	{r4, r5, r6, r7, lr}
100064f2:	4646      	mov	r6, r8
100064f4:	464f      	mov	r7, r9
100064f6:	46d6      	mov	lr, sl
100064f8:	b5c0      	push	{r6, r7, lr}
100064fa:	0006      	movs	r6, r0
100064fc:	6900      	ldr	r0, [r0, #16]
100064fe:	4689      	mov	r9, r1
10006500:	4690      	mov	r8, r2
10006502:	2800      	cmp	r0, #0
10006504:	d003      	beq.n	1000650e <tu_fifo_read_n+0x1e>
10006506:	2101      	movs	r1, #1
10006508:	4249      	negs	r1, r1
1000650a:	f000 fa7d 	bl	10006a08 <__mutex_enter_timeout_ms_veneer>
1000650e:	8931      	ldrh	r1, [r6, #8]
10006510:	8972      	ldrh	r2, [r6, #10]
10006512:	88b5      	ldrh	r5, [r6, #4]
10006514:	b28b      	uxth	r3, r1
10006516:	b294      	uxth	r4, r2
10006518:	4291      	cmp	r1, r2
1000651a:	d354      	bcc.n	100065c6 <tu_fifo_read_n+0xd6>
1000651c:	1b1f      	subs	r7, r3, r4
1000651e:	b2bf      	uxth	r7, r7
10006520:	2f00      	cmp	r7, #0
10006522:	d04a      	beq.n	100065ba <tu_fifo_read_n+0xca>
10006524:	42bd      	cmp	r5, r7
10006526:	d205      	bcs.n	10006534 <tu_fifo_read_n+0x44>
10006528:	42ab      	cmp	r3, r5
1000652a:	d251      	bcs.n	100065d0 <tu_fifo_read_n+0xe0>
1000652c:	195b      	adds	r3, r3, r5
1000652e:	b29c      	uxth	r4, r3
10006530:	002f      	movs	r7, r5
10006532:	8174      	strh	r4, [r6, #10]
10006534:	4643      	mov	r3, r8
10006536:	45b8      	cmp	r8, r7
10006538:	d83d      	bhi.n	100065b6 <tu_fifo_read_n+0xc6>
1000653a:	b29f      	uxth	r7, r3
1000653c:	42a5      	cmp	r5, r4
1000653e:	d803      	bhi.n	10006548 <tu_fifo_read_n+0x58>
10006540:	1b64      	subs	r4, r4, r5
10006542:	b2a4      	uxth	r4, r4
10006544:	42a5      	cmp	r5, r4
10006546:	d9fb      	bls.n	10006540 <tu_fifo_read_n+0x50>
10006548:	88f2      	ldrh	r2, [r6, #6]
1000654a:	6831      	ldr	r1, [r6, #0]
1000654c:	0452      	lsls	r2, r2, #17
1000654e:	0c52      	lsrs	r2, r2, #17
10006550:	4690      	mov	r8, r2
10006552:	4362      	muls	r2, r4
10006554:	1b2b      	subs	r3, r5, r4
10006556:	b29b      	uxth	r3, r3
10006558:	1889      	adds	r1, r1, r2
1000655a:	4642      	mov	r2, r8
1000655c:	429f      	cmp	r7, r3
1000655e:	d925      	bls.n	100065ac <tu_fifo_read_n+0xbc>
10006560:	4353      	muls	r3, r2
10006562:	b29b      	uxth	r3, r3
10006564:	001a      	movs	r2, r3
10006566:	4648      	mov	r0, r9
10006568:	469a      	mov	sl, r3
1000656a:	f7fb ffc7 	bl	100024fc <__wrap___aeabi_memcpy>
1000656e:	4643      	mov	r3, r8
10006570:	4648      	mov	r0, r9
10006572:	1b7d      	subs	r5, r7, r5
10006574:	1964      	adds	r4, r4, r5
10006576:	435c      	muls	r4, r3
10006578:	6831      	ldr	r1, [r6, #0]
1000657a:	4450      	add	r0, sl
1000657c:	b2a2      	uxth	r2, r4
1000657e:	f7fb ffbd 	bl	100024fc <__wrap___aeabi_memcpy>
10006582:	8971      	ldrh	r1, [r6, #10]
10006584:	88b5      	ldrh	r5, [r6, #4]
10006586:	19cb      	adds	r3, r1, r7
10006588:	b29b      	uxth	r3, r3
1000658a:	006a      	lsls	r2, r5, #1
1000658c:	4299      	cmp	r1, r3
1000658e:	d916      	bls.n	100065be <tu_fifo_read_n+0xce>
10006590:	1a9b      	subs	r3, r3, r2
10006592:	b29b      	uxth	r3, r3
10006594:	6930      	ldr	r0, [r6, #16]
10006596:	8173      	strh	r3, [r6, #10]
10006598:	2800      	cmp	r0, #0
1000659a:	d001      	beq.n	100065a0 <tu_fifo_read_n+0xb0>
1000659c:	f000 fa0c 	bl	100069b8 <__mutex_exit_veneer>
100065a0:	0038      	movs	r0, r7
100065a2:	bce0      	pop	{r5, r6, r7}
100065a4:	46ba      	mov	sl, r7
100065a6:	46b1      	mov	r9, r6
100065a8:	46a8      	mov	r8, r5
100065aa:	bdf0      	pop	{r4, r5, r6, r7, pc}
100065ac:	4648      	mov	r0, r9
100065ae:	437a      	muls	r2, r7
100065b0:	f7fb ffa4 	bl	100024fc <__wrap___aeabi_memcpy>
100065b4:	e7e5      	b.n	10006582 <tu_fifo_read_n+0x92>
100065b6:	1c3b      	adds	r3, r7, #0
100065b8:	e7bf      	b.n	1000653a <tu_fifo_read_n+0x4a>
100065ba:	8973      	ldrh	r3, [r6, #10]
100065bc:	b29b      	uxth	r3, r3
100065be:	006a      	lsls	r2, r5, #1
100065c0:	4293      	cmp	r3, r2
100065c2:	dbe7      	blt.n	10006594 <tu_fifo_read_n+0xa4>
100065c4:	e7e4      	b.n	10006590 <tu_fifo_read_n+0xa0>
100065c6:	006f      	lsls	r7, r5, #1
100065c8:	1b3f      	subs	r7, r7, r4
100065ca:	19df      	adds	r7, r3, r7
100065cc:	b2bf      	uxth	r7, r7
100065ce:	e7a7      	b.n	10006520 <tu_fifo_read_n+0x30>
100065d0:	1b5b      	subs	r3, r3, r5
100065d2:	b29c      	uxth	r4, r3
100065d4:	e7ac      	b.n	10006530 <tu_fifo_read_n+0x40>
100065d6:	46c0      	nop			@ (mov r8, r8)

100065d8 <tu_fifo_write>:
100065d8:	b5f8      	push	{r3, r4, r5, r6, r7, lr}
100065da:	0004      	movs	r4, r0
100065dc:	68c0      	ldr	r0, [r0, #12]
100065de:	000e      	movs	r6, r1
100065e0:	2800      	cmp	r0, #0
100065e2:	d003      	beq.n	100065ec <tu_fifo_write+0x14>
100065e4:	2101      	movs	r1, #1
100065e6:	4249      	negs	r1, r1
100065e8:	f000 fa0e 	bl	10006a08 <__mutex_enter_timeout_ms_veneer>
100065ec:	8925      	ldrh	r5, [r4, #8]
100065ee:	8920      	ldrh	r0, [r4, #8]
100065f0:	8961      	ldrh	r1, [r4, #10]
100065f2:	88a2      	ldrh	r2, [r4, #4]
100065f4:	b2ad      	uxth	r5, r5
100065f6:	b283      	uxth	r3, r0
100065f8:	b28f      	uxth	r7, r1
100065fa:	4288      	cmp	r0, r1
100065fc:	d329      	bcc.n	10006652 <tu_fifo_write+0x7a>
100065fe:	1bdb      	subs	r3, r3, r7
10006600:	b29b      	uxth	r3, r3
10006602:	429a      	cmp	r2, r3
10006604:	d809      	bhi.n	1000661a <tu_fifo_write+0x42>
10006606:	79e7      	ldrb	r7, [r4, #7]
10006608:	09ff      	lsrs	r7, r7, #7
1000660a:	d106      	bne.n	1000661a <tu_fifo_write+0x42>
1000660c:	68e0      	ldr	r0, [r4, #12]
1000660e:	2800      	cmp	r0, #0
10006610:	d001      	beq.n	10006616 <tu_fifo_write+0x3e>
10006612:	f000 f9d1 	bl	100069b8 <__mutex_exit_veneer>
10006616:	0038      	movs	r0, r7
10006618:	bdf8      	pop	{r3, r4, r5, r6, r7, pc}
1000661a:	4295      	cmp	r5, r2
1000661c:	d31e      	bcc.n	1000665c <tu_fifo_write+0x84>
1000661e:	002b      	movs	r3, r5
10006620:	1a9b      	subs	r3, r3, r2
10006622:	b29b      	uxth	r3, r3
10006624:	4293      	cmp	r3, r2
10006626:	d2fb      	bcs.n	10006620 <tu_fifo_write+0x48>
10006628:	88e2      	ldrh	r2, [r4, #6]
1000662a:	6820      	ldr	r0, [r4, #0]
1000662c:	0452      	lsls	r2, r2, #17
1000662e:	0c52      	lsrs	r2, r2, #17
10006630:	4353      	muls	r3, r2
10006632:	0031      	movs	r1, r6
10006634:	18c0      	adds	r0, r0, r3
10006636:	f7fb ff61 	bl	100024fc <__wrap___aeabi_memcpy>
1000663a:	1c6b      	adds	r3, r5, #1
1000663c:	b29b      	uxth	r3, r3
1000663e:	88a2      	ldrh	r2, [r4, #4]
10006640:	429d      	cmp	r5, r3
10006642:	d918      	bls.n	10006676 <tu_fifo_write+0x9e>
10006644:	2300      	movs	r3, #0
10006646:	0052      	lsls	r2, r2, #1
10006648:	1a9b      	subs	r3, r3, r2
1000664a:	b29b      	uxth	r3, r3
1000664c:	2701      	movs	r7, #1
1000664e:	8123      	strh	r3, [r4, #8]
10006650:	e7dc      	b.n	1000660c <tu_fifo_write+0x34>
10006652:	0051      	lsls	r1, r2, #1
10006654:	1bc9      	subs	r1, r1, r7
10006656:	185b      	adds	r3, r3, r1
10006658:	b29b      	uxth	r3, r3
1000665a:	e7d2      	b.n	10006602 <tu_fifo_write+0x2a>
1000665c:	002b      	movs	r3, r5
1000665e:	88e2      	ldrh	r2, [r4, #6]
10006660:	6820      	ldr	r0, [r4, #0]
10006662:	0452      	lsls	r2, r2, #17
10006664:	0c52      	lsrs	r2, r2, #17
10006666:	4353      	muls	r3, r2
10006668:	0031      	movs	r1, r6
1000666a:	18c0      	adds	r0, r0, r3
1000666c:	f7fb ff46 	bl	100024fc <__wrap___aeabi_memcpy>
10006670:	3501      	adds	r5, #1
10006672:	88a2      	ldrh	r2, [r4, #4]
10006674:	b2ab      	uxth	r3, r5
10006676:	0052      	lsls	r2, r2, #1
10006678:	4293      	cmp	r3, r2
1000667a:	dbe7      	blt.n	1000664c <tu_fifo_write+0x74>
1000667c:	e7e4      	b.n	10006648 <tu_fifo_write+0x70>
1000667e:	46c0      	nop			@ (mov r8, r8)

10006680 <tu_fifo_write_n>:
10006680:	b5f0      	push	{r4, r5, r6, r7, lr}
10006682:	4657      	mov	r7, sl
10006684:	4645      	mov	r5, r8
10006686:	46de      	mov	lr, fp
10006688:	464e      	mov	r6, r9
1000668a:	b5e0      	push	{r5, r6, r7, lr}
1000668c:	0014      	movs	r4, r2
1000668e:	0005      	movs	r5, r0
10006690:	000f      	movs	r7, r1
10006692:	b083      	sub	sp, #12
10006694:	2a00      	cmp	r2, #0
10006696:	d075      	beq.n	10006784 <tu_fifo_write_n+0x104>
10006698:	68c0      	ldr	r0, [r0, #12]
1000669a:	2800      	cmp	r0, #0
1000669c:	d003      	beq.n	100066a6 <tu_fifo_write_n+0x26>
1000669e:	2101      	movs	r1, #1
100066a0:	4249      	negs	r1, r1
100066a2:	f000 f9b1 	bl	10006a08 <__mutex_enter_timeout_ms_veneer>
100066a6:	892e      	ldrh	r6, [r5, #8]
100066a8:	79e9      	ldrb	r1, [r5, #7]
100066aa:	896a      	ldrh	r2, [r5, #10]
100066ac:	88ab      	ldrh	r3, [r5, #4]
100066ae:	b2b6      	uxth	r6, r6
100066b0:	b292      	uxth	r2, r2
100066b2:	09c9      	lsrs	r1, r1, #7
100066b4:	d145      	bne.n	10006742 <tu_fifo_write_n+0xc2>
100066b6:	4296      	cmp	r6, r2
100066b8:	d300      	bcc.n	100066bc <tu_fifo_write_n+0x3c>
100066ba:	e06d      	b.n	10006798 <tu_fifo_write_n+0x118>
100066bc:	0059      	lsls	r1, r3, #1
100066be:	1a8a      	subs	r2, r1, r2
100066c0:	18b2      	adds	r2, r6, r2
100066c2:	b292      	uxth	r2, r2
100066c4:	2100      	movs	r1, #0
100066c6:	4689      	mov	r9, r1
100066c8:	429a      	cmp	r2, r3
100066ca:	d234      	bcs.n	10006736 <tu_fifo_write_n+0xb6>
100066cc:	1a9a      	subs	r2, r3, r2
100066ce:	1c11      	adds	r1, r2, #0
100066d0:	b292      	uxth	r2, r2
100066d2:	42a2      	cmp	r2, r4
100066d4:	d900      	bls.n	100066d8 <tu_fifo_write_n+0x58>
100066d6:	1c21      	adds	r1, r4, #0
100066d8:	b28a      	uxth	r2, r1
100066da:	4691      	mov	r9, r2
100066dc:	88ea      	ldrh	r2, [r5, #6]
100066de:	0452      	lsls	r2, r2, #17
100066e0:	0c52      	lsrs	r2, r2, #17
100066e2:	4690      	mov	r8, r2
100066e4:	464a      	mov	r2, r9
100066e6:	18b2      	adds	r2, r6, r2
100066e8:	b292      	uxth	r2, r2
100066ea:	4692      	mov	sl, r2
100066ec:	464a      	mov	r2, r9
100066ee:	1ad2      	subs	r2, r2, r3
100066f0:	b292      	uxth	r2, r2
100066f2:	4693      	mov	fp, r2
100066f4:	0034      	movs	r4, r6
100066f6:	429e      	cmp	r6, r3
100066f8:	d303      	bcc.n	10006702 <tu_fifo_write_n+0x82>
100066fa:	1ae4      	subs	r4, r4, r3
100066fc:	b2a4      	uxth	r4, r4
100066fe:	429c      	cmp	r4, r3
10006700:	d2fb      	bcs.n	100066fa <tu_fifo_write_n+0x7a>
10006702:	4642      	mov	r2, r8
10006704:	4362      	muls	r2, r4
10006706:	6828      	ldr	r0, [r5, #0]
10006708:	1b1b      	subs	r3, r3, r4
1000670a:	b29b      	uxth	r3, r3
1000670c:	1880      	adds	r0, r0, r2
1000670e:	4642      	mov	r2, r8
10006710:	454b      	cmp	r3, r9
10006712:	d354      	bcc.n	100067be <tu_fifo_write_n+0x13e>
10006714:	464b      	mov	r3, r9
10006716:	0039      	movs	r1, r7
10006718:	435a      	muls	r2, r3
1000671a:	f7fb feef 	bl	100024fc <__wrap___aeabi_memcpy>
1000671e:	88ab      	ldrh	r3, [r5, #4]
10006720:	005b      	lsls	r3, r3, #1
10006722:	4556      	cmp	r6, sl
10006724:	d801      	bhi.n	1000672a <tu_fifo_write_n+0xaa>
10006726:	459a      	cmp	sl, r3
10006728:	db03      	blt.n	10006732 <tu_fifo_write_n+0xb2>
1000672a:	4652      	mov	r2, sl
1000672c:	1ad3      	subs	r3, r2, r3
1000672e:	b29b      	uxth	r3, r3
10006730:	469a      	mov	sl, r3
10006732:	4653      	mov	r3, sl
10006734:	812b      	strh	r3, [r5, #8]
10006736:	68e8      	ldr	r0, [r5, #12]
10006738:	2800      	cmp	r0, #0
1000673a:	d025      	beq.n	10006788 <tu_fifo_write_n+0x108>
1000673c:	f000 f93c 	bl	100069b8 <__mutex_exit_veneer>
10006740:	e022      	b.n	10006788 <tu_fifo_write_n+0x108>
10006742:	88e9      	ldrh	r1, [r5, #6]
10006744:	0449      	lsls	r1, r1, #17
10006746:	0c49      	lsrs	r1, r1, #17
10006748:	4688      	mov	r8, r1
1000674a:	429c      	cmp	r4, r3
1000674c:	d227      	bcs.n	1000679e <tu_fifo_write_n+0x11e>
1000674e:	4296      	cmp	r6, r2
10006750:	d347      	bcc.n	100067e2 <tu_fifo_write_n+0x162>
10006752:	1ab1      	subs	r1, r6, r2
10006754:	b289      	uxth	r1, r1
10006756:	468c      	mov	ip, r1
10006758:	0058      	lsls	r0, r3, #1
1000675a:	1ae1      	subs	r1, r4, r3
1000675c:	b289      	uxth	r1, r1
1000675e:	468b      	mov	fp, r1
10006760:	4661      	mov	r1, ip
10006762:	1909      	adds	r1, r1, r4
10006764:	4281      	cmp	r1, r0
10006766:	db08      	blt.n	1000677a <tu_fifo_write_n+0xfa>
10006768:	18d1      	adds	r1, r2, r3
1000676a:	b289      	uxth	r1, r1
1000676c:	1b0e      	subs	r6, r1, r4
1000676e:	b2b6      	uxth	r6, r6
10006770:	468a      	mov	sl, r1
10006772:	42b2      	cmp	r2, r6
10006774:	d93b      	bls.n	100067ee <tu_fifo_write_n+0x16e>
10006776:	1a36      	subs	r6, r6, r0
10006778:	b2b6      	uxth	r6, r6
1000677a:	19a2      	adds	r2, r4, r6
1000677c:	b292      	uxth	r2, r2
1000677e:	4692      	mov	sl, r2
10006780:	46a1      	mov	r9, r4
10006782:	e7b7      	b.n	100066f4 <tu_fifo_write_n+0x74>
10006784:	2300      	movs	r3, #0
10006786:	4699      	mov	r9, r3
10006788:	4648      	mov	r0, r9
1000678a:	b003      	add	sp, #12
1000678c:	bcf0      	pop	{r4, r5, r6, r7}
1000678e:	46bb      	mov	fp, r7
10006790:	46b2      	mov	sl, r6
10006792:	46a9      	mov	r9, r5
10006794:	46a0      	mov	r8, r4
10006796:	bdf0      	pop	{r4, r5, r6, r7, pc}
10006798:	1ab2      	subs	r2, r6, r2
1000679a:	b292      	uxth	r2, r2
1000679c:	e792      	b.n	100066c4 <tu_fifo_write_n+0x44>
1000679e:	2100      	movs	r1, #0
100067a0:	4689      	mov	r9, r1
100067a2:	2b00      	cmp	r3, #0
100067a4:	d0c7      	beq.n	10006736 <tu_fifo_write_n+0xb6>
100067a6:	4641      	mov	r1, r8
100067a8:	1ae4      	subs	r4, r4, r3
100067aa:	434c      	muls	r4, r1
100067ac:	0016      	movs	r6, r2
100067ae:	18d1      	adds	r1, r2, r3
100067b0:	2200      	movs	r2, #0
100067b2:	b289      	uxth	r1, r1
100067b4:	468a      	mov	sl, r1
100067b6:	4699      	mov	r9, r3
100067b8:	4693      	mov	fp, r2
100067ba:	193f      	adds	r7, r7, r4
100067bc:	e79a      	b.n	100066f4 <tu_fifo_write_n+0x74>
100067be:	4353      	muls	r3, r2
100067c0:	b29b      	uxth	r3, r3
100067c2:	001a      	movs	r2, r3
100067c4:	0039      	movs	r1, r7
100067c6:	445c      	add	r4, fp
100067c8:	9301      	str	r3, [sp, #4]
100067ca:	f7fb fe97 	bl	100024fc <__wrap___aeabi_memcpy>
100067ce:	4641      	mov	r1, r8
100067d0:	0022      	movs	r2, r4
100067d2:	434a      	muls	r2, r1
100067d4:	9b01      	ldr	r3, [sp, #4]
100067d6:	6828      	ldr	r0, [r5, #0]
100067d8:	b292      	uxth	r2, r2
100067da:	18f9      	adds	r1, r7, r3
100067dc:	f7fb fe8e 	bl	100024fc <__wrap___aeabi_memcpy>
100067e0:	e79d      	b.n	1000671e <tu_fifo_write_n+0x9e>
100067e2:	0058      	lsls	r0, r3, #1
100067e4:	1a81      	subs	r1, r0, r2
100067e6:	1871      	adds	r1, r6, r1
100067e8:	b289      	uxth	r1, r1
100067ea:	468c      	mov	ip, r1
100067ec:	e7b5      	b.n	1000675a <tu_fifo_write_n+0xda>
100067ee:	46a1      	mov	r9, r4
100067f0:	42b0      	cmp	r0, r6
100067f2:	dd00      	ble.n	100067f6 <tu_fifo_write_n+0x176>
100067f4:	e77e      	b.n	100066f4 <tu_fifo_write_n+0x74>
100067f6:	e7be      	b.n	10006776 <tu_fifo_write_n+0xf6>

100067f8 <tu_fifo_clear>:
100067f8:	b510      	push	{r4, lr}
100067fa:	0004      	movs	r4, r0
100067fc:	68c0      	ldr	r0, [r0, #12]
100067fe:	2800      	cmp	r0, #0
10006800:	d003      	beq.n	1000680a <tu_fifo_clear+0x12>
10006802:	2101      	movs	r1, #1
10006804:	4249      	negs	r1, r1
10006806:	f000 f8ff 	bl	10006a08 <__mutex_enter_timeout_ms_veneer>
1000680a:	6920      	ldr	r0, [r4, #16]
1000680c:	2800      	cmp	r0, #0
1000680e:	d003      	beq.n	10006818 <tu_fifo_clear+0x20>
10006810:	2101      	movs	r1, #1
10006812:	4249      	negs	r1, r1
10006814:	f000 f8f8 	bl	10006a08 <__mutex_enter_timeout_ms_veneer>
10006818:	2300      	movs	r3, #0
1000681a:	68e0      	ldr	r0, [r4, #12]
1000681c:	8163      	strh	r3, [r4, #10]
1000681e:	8123      	strh	r3, [r4, #8]
10006820:	2800      	cmp	r0, #0
10006822:	d001      	beq.n	10006828 <tu_fifo_clear+0x30>
10006824:	f000 f8c8 	bl	100069b8 <__mutex_exit_veneer>
10006828:	6920      	ldr	r0, [r4, #16]
1000682a:	2800      	cmp	r0, #0
1000682c:	d001      	beq.n	10006832 <tu_fifo_clear+0x3a>
1000682e:	f000 f8c3 	bl	100069b8 <__mutex_exit_veneer>
10006832:	2001      	movs	r0, #1
10006834:	bd10      	pop	{r4, pc}
10006836:	46c0      	nop			@ (mov r8, r8)

10006838 <tu_fifo_set_overwritable>:
10006838:	b570      	push	{r4, r5, r6, lr}
1000683a:	0004      	movs	r4, r0
1000683c:	68c0      	ldr	r0, [r0, #12]
1000683e:	000d      	movs	r5, r1
10006840:	2800      	cmp	r0, #0
10006842:	d003      	beq.n	1000684c <tu_fifo_set_overwritable+0x14>
10006844:	2101      	movs	r1, #1
10006846:	4249      	negs	r1, r1
10006848:	f000 f8de 	bl	10006a08 <__mutex_enter_timeout_ms_veneer>
1000684c:	6920      	ldr	r0, [r4, #16]
1000684e:	2800      	cmp	r0, #0
10006850:	d003      	beq.n	1000685a <tu_fifo_set_overwritable+0x22>
10006852:	2101      	movs	r1, #1
10006854:	4249      	negs	r1, r1
10006856:	f000 f8d7 	bl	10006a08 <__mutex_enter_timeout_ms_veneer>
1000685a:	217f      	movs	r1, #127	@ 0x7f
1000685c:	79e3      	ldrb	r3, [r4, #7]
1000685e:	01ed      	lsls	r5, r5, #7
10006860:	4019      	ands	r1, r3
10006862:	68e0      	ldr	r0, [r4, #12]
10006864:	4329      	orrs	r1, r5
10006866:	71e1      	strb	r1, [r4, #7]
10006868:	2800      	cmp	r0, #0
1000686a:	d001      	beq.n	10006870 <tu_fifo_set_overwritable+0x38>
1000686c:	f000 f8a4 	bl	100069b8 <__mutex_exit_veneer>
10006870:	6920      	ldr	r0, [r4, #16]
10006872:	2800      	cmp	r0, #0
10006874:	d001      	beq.n	1000687a <tu_fifo_set_overwritable+0x42>
10006876:	f000 f89f 	bl	100069b8 <__mutex_exit_veneer>
1000687a:	2001      	movs	r0, #1
1000687c:	bd70      	pop	{r4, r5, r6, pc}
1000687e:	46c0      	nop			@ (mov r8, r8)

10006880 <atexit>:
10006880:	b510      	push	{r4, lr}
10006882:	0001      	movs	r1, r0
10006884:	2300      	movs	r3, #0
10006886:	2200      	movs	r2, #0
10006888:	2000      	movs	r0, #0
1000688a:	f000 f843 	bl	10006914 <__register_exitproc>
1000688e:	bd10      	pop	{r4, pc}

10006890 <strlen>:
10006890:	b510      	push	{r4, lr}
10006892:	0783      	lsls	r3, r0, #30
10006894:	d00a      	beq.n	100068ac <strlen+0x1c>
10006896:	0003      	movs	r3, r0
10006898:	2103      	movs	r1, #3
1000689a:	e002      	b.n	100068a2 <strlen+0x12>
1000689c:	3301      	adds	r3, #1
1000689e:	420b      	tst	r3, r1
100068a0:	d005      	beq.n	100068ae <strlen+0x1e>
100068a2:	781a      	ldrb	r2, [r3, #0]
100068a4:	2a00      	cmp	r2, #0
100068a6:	d1f9      	bne.n	1000689c <strlen+0xc>
100068a8:	1a18      	subs	r0, r3, r0
100068aa:	bd10      	pop	{r4, pc}
100068ac:	0003      	movs	r3, r0
100068ae:	6819      	ldr	r1, [r3, #0]
100068b0:	4a0c      	ldr	r2, [pc, #48]	@ (100068e4 <strlen+0x54>)
100068b2:	4c0d      	ldr	r4, [pc, #52]	@ (100068e8 <strlen+0x58>)
100068b4:	188a      	adds	r2, r1, r2
100068b6:	438a      	bics	r2, r1
100068b8:	4222      	tst	r2, r4
100068ba:	d10f      	bne.n	100068dc <strlen+0x4c>
100068bc:	6859      	ldr	r1, [r3, #4]
100068be:	4a09      	ldr	r2, [pc, #36]	@ (100068e4 <strlen+0x54>)
100068c0:	3304      	adds	r3, #4
100068c2:	188a      	adds	r2, r1, r2
100068c4:	438a      	bics	r2, r1
100068c6:	4222      	tst	r2, r4
100068c8:	d108      	bne.n	100068dc <strlen+0x4c>
100068ca:	6859      	ldr	r1, [r3, #4]
100068cc:	4a05      	ldr	r2, [pc, #20]	@ (100068e4 <strlen+0x54>)
100068ce:	3304      	adds	r3, #4
100068d0:	188a      	adds	r2, r1, r2
100068d2:	438a      	bics	r2, r1
100068d4:	4222      	tst	r2, r4
100068d6:	d0f1      	beq.n	100068bc <strlen+0x2c>
100068d8:	e000      	b.n	100068dc <strlen+0x4c>
100068da:	3301      	adds	r3, #1
100068dc:	781a      	ldrb	r2, [r3, #0]
100068de:	2a00      	cmp	r2, #0
100068e0:	d1fb      	bne.n	100068da <strlen+0x4a>
100068e2:	e7e1      	b.n	100068a8 <strlen+0x18>
100068e4:	fefefeff 	.word	0xfefefeff
100068e8:	80808080 	.word	0x80808080

100068ec <__libc_fini_array>:
100068ec:	b570      	push	{r4, r5, r6, lr}
100068ee:	4c07      	ldr	r4, [pc, #28]	@ (1000690c <__libc_fini_array+0x20>)
100068f0:	4d07      	ldr	r5, [pc, #28]	@ (10006910 <__libc_fini_array+0x24>)
100068f2:	1b64      	subs	r4, r4, r5
100068f4:	10a4      	asrs	r4, r4, #2
100068f6:	d005      	beq.n	10006904 <__libc_fini_array+0x18>
100068f8:	3c01      	subs	r4, #1
100068fa:	00a3      	lsls	r3, r4, #2
100068fc:	58eb      	ldr	r3, [r5, r3]
100068fe:	4798      	blx	r3
10006900:	2c00      	cmp	r4, #0
10006902:	d1f9      	bne.n	100068f8 <__libc_fini_array+0xc>
10006904:	f000 f84e 	bl	100069a4 <_fini>
10006908:	bd70      	pop	{r4, r5, r6, pc}
1000690a:	46c0      	nop			@ (mov r8, r8)
1000690c:	10006ab0 	.word	0x10006ab0
10006910:	10006ab0 	.word	0x10006ab0

10006914 <__register_exitproc>:
10006914:	b5f0      	push	{r4, r5, r6, r7, lr}
10006916:	46c6      	mov	lr, r8
10006918:	4c1a      	ldr	r4, [pc, #104]	@ (10006984 <__register_exitproc+0x70>)
1000691a:	b500      	push	{lr}
1000691c:	6825      	ldr	r5, [r4, #0]
1000691e:	2d00      	cmp	r5, #0
10006920:	d02a      	beq.n	10006978 <__register_exitproc+0x64>
10006922:	686c      	ldr	r4, [r5, #4]
10006924:	2c1f      	cmp	r4, #31
10006926:	dc2a      	bgt.n	1000697e <__register_exitproc+0x6a>
10006928:	2800      	cmp	r0, #0
1000692a:	d108      	bne.n	1000693e <__register_exitproc+0x2a>
1000692c:	2000      	movs	r0, #0
1000692e:	1c63      	adds	r3, r4, #1
10006930:	3402      	adds	r4, #2
10006932:	00a4      	lsls	r4, r4, #2
10006934:	606b      	str	r3, [r5, #4]
10006936:	5161      	str	r1, [r4, r5]
10006938:	bc80      	pop	{r7}
1000693a:	46b8      	mov	r8, r7
1000693c:	bdf0      	pop	{r4, r5, r6, r7, pc}
1000693e:	2788      	movs	r7, #136	@ 0x88
10006940:	00a6      	lsls	r6, r4, #2
10006942:	19ae      	adds	r6, r5, r6
10006944:	51f2      	str	r2, [r6, r7]
10006946:	3701      	adds	r7, #1
10006948:	37ff      	adds	r7, #255	@ 0xff
1000694a:	46bc      	mov	ip, r7
1000694c:	2201      	movs	r2, #1
1000694e:	44ac      	add	ip, r5
10006950:	4667      	mov	r7, ip
10006952:	40a2      	lsls	r2, r4
10006954:	683f      	ldr	r7, [r7, #0]
10006956:	4690      	mov	r8, r2
10006958:	4317      	orrs	r7, r2
1000695a:	4662      	mov	r2, ip
1000695c:	6017      	str	r7, [r2, #0]
1000695e:	2784      	movs	r7, #132	@ 0x84
10006960:	007f      	lsls	r7, r7, #1
10006962:	51f3      	str	r3, [r6, r7]
10006964:	2802      	cmp	r0, #2
10006966:	d1e1      	bne.n	1000692c <__register_exitproc+0x18>
10006968:	0028      	movs	r0, r5
1000696a:	4642      	mov	r2, r8
1000696c:	308d      	adds	r0, #141	@ 0x8d
1000696e:	30ff      	adds	r0, #255	@ 0xff
10006970:	6803      	ldr	r3, [r0, #0]
10006972:	4313      	orrs	r3, r2
10006974:	6003      	str	r3, [r0, #0]
10006976:	e7d9      	b.n	1000692c <__register_exitproc+0x18>
10006978:	4d03      	ldr	r5, [pc, #12]	@ (10006988 <__register_exitproc+0x74>)
1000697a:	6025      	str	r5, [r4, #0]
1000697c:	e7d1      	b.n	10006922 <__register_exitproc+0xe>
1000697e:	2001      	movs	r0, #1
10006980:	4240      	negs	r0, r0
10006982:	e7d9      	b.n	10006938 <__register_exitproc+0x24>
10006984:	20001554 	.word	0x20001554
10006988:	200013c4 	.word	0x200013c4

1000698c <register_fini>:
1000698c:	4b03      	ldr	r3, [pc, #12]	@ (1000699c <register_fini+0x10>)
1000698e:	b510      	push	{r4, lr}
10006990:	2b00      	cmp	r3, #0
10006992:	d002      	beq.n	1000699a <register_fini+0xe>
10006994:	4802      	ldr	r0, [pc, #8]	@ (100069a0 <register_fini+0x14>)
10006996:	f7ff ff73 	bl	10006880 <atexit>
1000699a:	bd10      	pop	{r4, pc}
1000699c:	00000000 	.word	0x00000000
100069a0:	100068ed 	.word	0x100068ed

100069a4 <_fini>:
100069a4:	b5f8      	push	{r3, r4, r5, r6, r7, lr}
100069a6:	46c0      	nop			@ (mov r8, r8)

100069a8 <__flash_do_cmd_veneer>:
100069a8:	b401      	push	{r0}
100069aa:	4802      	ldr	r0, [pc, #8]	@ (100069b4 <__flash_do_cmd_veneer+0xc>)
100069ac:	4684      	mov	ip, r0
100069ae:	bc01      	pop	{r0}
100069b0:	4760      	bx	ip
100069b2:	bf00      	nop
100069b4:	200002c9 	.word	0x200002c9

100069b8 <__mutex_exit_veneer>:
100069b8:	b401      	push	{r0}
100069ba:	4802      	ldr	r0, [pc, #8]	@ (100069c4 <__mutex_exit_veneer+0xc>)
100069bc:	4684      	mov	ip, r0
100069be:	bc01      	pop	{r0}
100069c0:	4760      	bx	ip
100069c2:	bf00      	nop
100069c4:	2000022d 	.word	0x2000022d

100069c8 <____aeabi_ldiv0_veneer>:
100069c8:	b401      	push	{r0}
100069ca:	4802      	ldr	r0, [pc, #8]	@ (100069d4 <____aeabi_ldiv0_veneer+0xc>)
100069cc:	4684      	mov	ip, r0
100069ce:	bc01      	pop	{r0}
100069d0:	4760      	bx	ip
100069d2:	bf00      	nop
100069d4:	20000ecd 	.word	0x20000ecd

100069d8 <__reset_non_control_endpoints_veneer>:
100069d8:	b401      	push	{r0}
100069da:	4802      	ldr	r0, [pc, #8]	@ (100069e4 <__reset_non_control_endpoints_veneer+0xc>)
100069dc:	4684      	mov	ip, r0
100069de:	bc01      	pop	{r0}
100069e0:	4760      	bx	ip
100069e2:	bf00      	nop
100069e4:	20000389 	.word	0x20000389

100069e8 <____aeabi_idiv0_veneer>:
100069e8:	b401      	push	{r0}
100069ea:	4802      	ldr	r0, [pc, #8]	@ (100069f4 <____aeabi_idiv0_veneer+0xc>)
100069ec:	4684      	mov	ip, r0
100069ee:	bc01      	pop	{r0}
100069f0:	4760      	bx	ip
100069f2:	bf00      	nop
100069f4:	20000ecd 	.word	0x20000ecd

100069f8 <__mutex_try_enter_veneer>:
100069f8:	b401      	push	{r0}
100069fa:	4802      	ldr	r0, [pc, #8]	@ (10006a04 <__mutex_try_enter_veneer+0xc>)
100069fc:	4684      	mov	ip, r0
100069fe:	bc01      	pop	{r0}
10006a00:	4760      	bx	ip
10006a02:	bf00      	nop
10006a04:	200000c1 	.word	0x200000c1

10006a08 <__mutex_enter_timeout_ms_veneer>:
10006a08:	b401      	push	{r0}
10006a0a:	4802      	ldr	r0, [pc, #8]	@ (10006a14 <__mutex_enter_timeout_ms_veneer+0xc>)
10006a0c:	4684      	mov	ip, r0
10006a0e:	bc01      	pop	{r0}
10006a10:	4760      	bx	ip
10006a12:	bf00      	nop
10006a14:	2000019d 	.word	0x2000019d

10006a18 <__e15_is_critical_frame_period_veneer>:
10006a18:	b401      	push	{r0}
10006a1a:	4802      	ldr	r0, [pc, #8]	@ (10006a24 <__e15_is_critical_frame_period_veneer+0xc>)
10006a1c:	4684      	mov	ip, r0
10006a1e:	bc01      	pop	{r0}
10006a20:	4760      	bx	ip
10006a22:	bf00      	nop
10006a24:	20000bad 	.word	0x20000bad

10006a28 <__e15_is_bulkin_ep_veneer>:
10006a28:	b401      	push	{r0}
10006a2a:	4802      	ldr	r0, [pc, #8]	@ (10006a34 <__e15_is_bulkin_ep_veneer+0xc>)
10006a2c:	4684      	mov	ip, r0
10006a2e:	bc01      	pop	{r0}
10006a30:	4760      	bx	ip
10006a32:	bf00      	nop
10006a34:	20000b85 	.word	0x20000b85

10006a38 <__mutex_try_enter_block_until_veneer>:
10006a38:	b401      	push	{r0}
10006a3a:	4802      	ldr	r0, [pc, #8]	@ (10006a44 <__mutex_try_enter_block_until_veneer+0xc>)
10006a3c:	4684      	mov	ip, r0
10006a3e:	bc01      	pop	{r0}
10006a40:	4760      	bx	ip
10006a42:	bf00      	nop
10006a44:	20000101 	.word	0x20000101

10006a48 <__hw_endpoint_start_next_buffer_veneer>:
10006a48:	b401      	push	{r0}
10006a4a:	4802      	ldr	r0, [pc, #8]	@ (10006a54 <__hw_endpoint_start_next_buffer_veneer+0xc>)
10006a4c:	4684      	mov	ip, r0
10006a4e:	bc01      	pop	{r0}
10006a50:	4760      	bx	ip
10006a52:	bf00      	nop
10006a54:	20000c3d 	.word	0x20000c3d

10006a58 <___hw_endpoint_buffer_control_update32_veneer>:
10006a58:	b401      	push	{r0}
10006a5a:	4802      	ldr	r0, [pc, #8]	@ (10006a64 <___hw_endpoint_buffer_control_update32_veneer+0xc>)
10006a5c:	4684      	mov	ip, r0
10006a5e:	bc01      	pop	{r0}
10006a60:	4760      	bx	ip
10006a62:	bf00      	nop
10006a64:	20000bed 	.word	0x20000bed

10006a68 <__pre_init_runtime_init_early_resets>:
10006a68:	1000160d                                ....

10006a6c <__pre_init_runtime_init_usb_power_down>:
10006a6c:	10001639 10001785 100024e1 10001e19     9........$......
10006a7c:	10002451                                Q$..

10006a80 <__pre_init_runtime_init_clocks>:
10006a80:	100016ad                                ....

10006a84 <__pre_init_runtime_init_post_clock_resets>:
10006a84:	10001655                                U...

10006a88 <__pre_init_runtime_init_rp2040_gpio_ie_disable>:
10006a88:	10001675                                u...

10006a8c <__pre_init_runtime_init_spin_locks_reset>:
10006a8c:	10001689                                ....

10006a90 <__pre_init_runtime_init_mutex>:
10006a90:	100008e1                                ....

10006a94 <__pre_init_runtime_init_install_ram_vector_table>:
10006a94:	10001691                                ....

10006a98 <__pre_init_runtime_init_default_alarm_pool>:
10006a98:	10000ca9                                ....

10006a9c <__pre_init_first_per_core_initializer>:
10006a9c:	100015d5                                ....

10006aa0 <__pre_init_runtime_init_per_core_irq_priorities>:
10006aa0:	10000515                                ....

10006aa4 <__init_array_start>:
10006aa4:	1000698d 	.word	0x1000698d

10006aa8 <__frame_dummy_init_array_entry>:
10006aa8:	100002fd 10004655                       ....UF..

Disassembly of section .data:

200000c0 <mutex_try_enter>:
200000c0:	0003      	movs	r3, r0
200000c2:	6800      	ldr	r0, [r0, #0]
200000c4:	f3ef 8c10 	mrs	ip, PRIMASK
200000c8:	b672      	cpsid	i
200000ca:	6802      	ldr	r2, [r0, #0]
200000cc:	2a00      	cmp	r2, #0
200000ce:	d0fc      	beq.n	200000ca <mutex_try_enter+0xa>
200000d0:	f3bf 8f5f 	dmb	sy
200000d4:	2204      	movs	r2, #4
200000d6:	569a      	ldrsb	r2, [r3, r2]
200000d8:	2a00      	cmp	r2, #0
200000da:	db04      	blt.n	200000e6 <mutex_try_enter+0x26>
200000dc:	2900      	cmp	r1, #0
200000de:	d000      	beq.n	200000e2 <mutex_try_enter+0x22>
200000e0:	600a      	str	r2, [r1, #0]
200000e2:	2000      	movs	r0, #0
200000e4:	e004      	b.n	200000f0 <mutex_try_enter+0x30>
200000e6:	22d0      	movs	r2, #208	@ 0xd0
200000e8:	2001      	movs	r0, #1
200000ea:	0612      	lsls	r2, r2, #24
200000ec:	6812      	ldr	r2, [r2, #0]
200000ee:	711a      	strb	r2, [r3, #4]
200000f0:	681b      	ldr	r3, [r3, #0]
200000f2:	f3bf 8f5f 	dmb	sy
200000f6:	2200      	movs	r2, #0
200000f8:	601a      	str	r2, [r3, #0]
200000fa:	f38c 8810 	msr	PRIMASK, ip
200000fe:	4770      	bx	lr

20000100 <mutex_try_enter_block_until>:
20000100:	b5f0      	push	{r4, r5, r6, r7, lr}
20000102:	46c6      	mov	lr, r8
20000104:	0015      	movs	r5, r2
20000106:	b500      	push	{lr}
20000108:	0004      	movs	r4, r0
2000010a:	001e      	movs	r6, r3
2000010c:	6802      	ldr	r2, [r0, #0]
2000010e:	f3ef 8110 	mrs	r1, PRIMASK
20000112:	b672      	cpsid	i
20000114:	6813      	ldr	r3, [r2, #0]
20000116:	2b00      	cmp	r3, #0
20000118:	d0fc      	beq.n	20000114 <mutex_try_enter_block_until+0x14>
2000011a:	f3bf 8f5f 	dmb	sy
2000011e:	2304      	movs	r3, #4
20000120:	56e3      	ldrsb	r3, [r4, r3]
20000122:	2b00      	cmp	r3, #0
20000124:	db2d      	blt.n	20000182 <mutex_try_enter_block_until+0x82>
20000126:	6822      	ldr	r2, [r4, #0]
20000128:	f3bf 8f5f 	dmb	sy
2000012c:	2000      	movs	r0, #0
2000012e:	6010      	str	r0, [r2, #0]
20000130:	f381 8810 	msr	PRIMASK, r1
20000134:	22d0      	movs	r2, #208	@ 0xd0
20000136:	0612      	lsls	r2, r2, #24
20000138:	7812      	ldrb	r2, [r2, #0]
2000013a:	b252      	sxtb	r2, r2
2000013c:	4690      	mov	r8, r2
2000013e:	429a      	cmp	r2, r3
20000140:	d103      	bne.n	2000014a <mutex_try_enter_block_until+0x4a>
20000142:	2000      	movs	r0, #0
20000144:	bc80      	pop	{r7}
20000146:	46b8      	mov	r8, r7
20000148:	bdf0      	pop	{r4, r5, r6, r7, pc}
2000014a:	2700      	movs	r7, #0
2000014c:	e00b      	b.n	20000166 <mutex_try_enter_block_until+0x66>
2000014e:	6823      	ldr	r3, [r4, #0]
20000150:	f3bf 8f5f 	dmb	sy
20000154:	601f      	str	r7, [r3, #0]
20000156:	f381 8810 	msr	PRIMASK, r1
2000015a:	0028      	movs	r0, r5
2000015c:	0031      	movs	r1, r6
2000015e:	f000 fec7 	bl	20000ef0 <__best_effort_wfe_or_timeout_veneer>
20000162:	2800      	cmp	r0, #0
20000164:	d1ed      	bne.n	20000142 <mutex_try_enter_block_until+0x42>
20000166:	6822      	ldr	r2, [r4, #0]
20000168:	f3ef 8110 	mrs	r1, PRIMASK
2000016c:	b672      	cpsid	i
2000016e:	6813      	ldr	r3, [r2, #0]
20000170:	2b00      	cmp	r3, #0
20000172:	d0fc      	beq.n	2000016e <mutex_try_enter_block_until+0x6e>
20000174:	f3bf 8f5f 	dmb	sy
20000178:	7923      	ldrb	r3, [r4, #4]
2000017a:	2b7f      	cmp	r3, #127	@ 0x7f
2000017c:	d9e7      	bls.n	2000014e <mutex_try_enter_block_until+0x4e>
2000017e:	4643      	mov	r3, r8
20000180:	e002      	b.n	20000188 <mutex_try_enter_block_until+0x88>
20000182:	23d0      	movs	r3, #208	@ 0xd0
20000184:	061b      	lsls	r3, r3, #24
20000186:	681b      	ldr	r3, [r3, #0]
20000188:	7123      	strb	r3, [r4, #4]
2000018a:	6823      	ldr	r3, [r4, #0]
2000018c:	f3bf 8f5f 	dmb	sy
20000190:	2200      	movs	r2, #0
20000192:	601a      	str	r2, [r3, #0]
20000194:	f381 8810 	msr	PRIMASK, r1
20000198:	2001      	movs	r0, #1
2000019a:	e7d3      	b.n	20000144 <mutex_try_enter_block_until+0x44>

2000019c <mutex_enter_timeout_ms>:
2000019c:	b5f0      	push	{r4, r5, r6, r7, lr}
2000019e:	46c6      	mov	lr, r8
200001a0:	b500      	push	{lr}
200001a2:	000d      	movs	r5, r1
200001a4:	0004      	movs	r4, r0
200001a6:	f000 fecb 	bl	20000f40 <__time_us_64_veneer>
200001aa:	22fa      	movs	r2, #250	@ 0xfa
200001ac:	0006      	movs	r6, r0
200001ae:	000f      	movs	r7, r1
200001b0:	2300      	movs	r3, #0
200001b2:	0028      	movs	r0, r5
200001b4:	2100      	movs	r1, #0
200001b6:	0092      	lsls	r2, r2, #2
200001b8:	f000 fea2 	bl	20000f00 <____wrap___aeabi_lmul_veneer>
200001bc:	2380      	movs	r3, #128	@ 0x80
200001be:	1836      	adds	r6, r6, r0
200001c0:	414f      	adcs	r7, r1
200001c2:	061b      	lsls	r3, r3, #24
200001c4:	429f      	cmp	r7, r3
200001c6:	d302      	bcc.n	200001ce <mutex_enter_timeout_ms+0x32>
200001c8:	2601      	movs	r6, #1
200001ca:	4f17      	ldr	r7, [pc, #92]	@ (20000228 <mutex_enter_timeout_ms+0x8c>)
200001cc:	4276      	negs	r6, r6
200001ce:	23d0      	movs	r3, #208	@ 0xd0
200001d0:	061b      	lsls	r3, r3, #24
200001d2:	681b      	ldr	r3, [r3, #0]
200001d4:	2500      	movs	r5, #0
200001d6:	4698      	mov	r8, r3
200001d8:	e00b      	b.n	200001f2 <mutex_enter_timeout_ms+0x56>
200001da:	6823      	ldr	r3, [r4, #0]
200001dc:	f3bf 8f5f 	dmb	sy
200001e0:	601d      	str	r5, [r3, #0]
200001e2:	f381 8810 	msr	PRIMASK, r1
200001e6:	0030      	movs	r0, r6
200001e8:	0039      	movs	r1, r7
200001ea:	f000 fe81 	bl	20000ef0 <__best_effort_wfe_or_timeout_veneer>
200001ee:	2800      	cmp	r0, #0
200001f0:	d118      	bne.n	20000224 <mutex_enter_timeout_ms+0x88>
200001f2:	6822      	ldr	r2, [r4, #0]
200001f4:	f3ef 8110 	mrs	r1, PRIMASK
200001f8:	b672      	cpsid	i
200001fa:	6813      	ldr	r3, [r2, #0]
200001fc:	2b00      	cmp	r3, #0
200001fe:	d0fc      	beq.n	200001fa <mutex_enter_timeout_ms+0x5e>
20000200:	f3bf 8f5f 	dmb	sy
20000204:	7923      	ldrb	r3, [r4, #4]
20000206:	2b7f      	cmp	r3, #127	@ 0x7f
20000208:	d9e7      	bls.n	200001da <mutex_enter_timeout_ms+0x3e>
2000020a:	4643      	mov	r3, r8
2000020c:	7123      	strb	r3, [r4, #4]
2000020e:	6823      	ldr	r3, [r4, #0]
20000210:	f3bf 8f5f 	dmb	sy
20000214:	2200      	movs	r2, #0
20000216:	601a      	str	r2, [r3, #0]
20000218:	f381 8810 	msr	PRIMASK, r1
2000021c:	2001      	movs	r0, #1
2000021e:	bc80      	pop	{r7}
20000220:	46b8      	mov	r8, r7
20000222:	bdf0      	pop	{r4, r5, r6, r7, pc}
20000224:	2000      	movs	r0, #0
20000226:	e7fa      	b.n	2000021e <mutex_enter_timeout_ms+0x82>
20000228:	7fffffff 	.word	0x7fffffff

2000022c <mutex_exit>:
2000022c:	6802      	ldr	r2, [r0, #0]
2000022e:	f3ef 8110 	mrs	r1, PRIMASK
20000232:	b672      	cpsid	i
20000234:	6813      	ldr	r3, [r2, #0]
20000236:	2b00      	cmp	r3, #0
20000238:	d0fc      	beq.n	20000234 <mutex_exit+0x8>
2000023a:	f3bf 8f5f 	dmb	sy
2000023e:	23ff      	movs	r3, #255	@ 0xff
20000240:	7103      	strb	r3, [r0, #4]
20000242:	6803      	ldr	r3, [r0, #0]
20000244:	f3bf 8f5f 	dmb	sy
20000248:	2200      	movs	r2, #0
2000024a:	601a      	str	r2, [r3, #0]
2000024c:	f381 8810 	msr	PRIMASK, r1
20000250:	bf40      	sev
20000252:	4770      	bx	lr

20000254 <flash_init_boot2_copyout>:
20000254:	b510      	push	{r4, lr}
20000256:	4c08      	ldr	r4, [pc, #32]	@ (20000278 <flash_init_boot2_copyout+0x24>)
20000258:	7823      	ldrb	r3, [r4, #0]
2000025a:	2b00      	cmp	r3, #0
2000025c:	d10a      	bne.n	20000274 <flash_init_boot2_copyout+0x20>
2000025e:	2380      	movs	r3, #128	@ 0x80
20000260:	4806      	ldr	r0, [pc, #24]	@ (2000027c <flash_init_boot2_copyout+0x28>)
20000262:	4907      	ldr	r1, [pc, #28]	@ (20000280 <flash_init_boot2_copyout+0x2c>)
20000264:	055b      	lsls	r3, r3, #21
20000266:	681a      	ldr	r2, [r3, #0]
20000268:	50c2      	str	r2, [r0, r3]
2000026a:	3304      	adds	r3, #4
2000026c:	428b      	cmp	r3, r1
2000026e:	d1fa      	bne.n	20000266 <flash_init_boot2_copyout+0x12>
20000270:	2301      	movs	r3, #1
20000272:	7023      	strb	r3, [r4, #0]
20000274:	bd10      	pop	{r4, pc}
20000276:	46c0      	nop			@ (mov r8, r8)
20000278:	200020ac 	.word	0x200020ac
2000027c:	10001af0 	.word	0x10001af0
20000280:	10000100 	.word	0x10000100

20000284 <flash_enable_xip_via_boot2>:
20000284:	b510      	push	{r4, lr}
20000286:	4b01      	ldr	r3, [pc, #4]	@ (2000028c <flash_enable_xip_via_boot2+0x8>)
20000288:	4798      	blx	r3
2000028a:	bd10      	pop	{r4, pc}
2000028c:	20001af1 	.word	0x20001af1

20000290 <flash_cs_force.constprop.0>:
20000290:	4b03      	ldr	r3, [pc, #12]	@ (200002a0 <flash_cs_force.constprop.0+0x10>)
20000292:	681a      	ldr	r2, [r3, #0]
20000294:	23c0      	movs	r3, #192	@ 0xc0
20000296:	009b      	lsls	r3, r3, #2
20000298:	4393      	bics	r3, r2
2000029a:	4a02      	ldr	r2, [pc, #8]	@ (200002a4 <flash_cs_force.constprop.0+0x14>)
2000029c:	6013      	str	r3, [r2, #0]
2000029e:	4770      	bx	lr
200002a0:	4001800c 	.word	0x4001800c
200002a4:	4001900c 	.word	0x4001900c

200002a8 <flash_cs_force.constprop.1>:
200002a8:	4b05      	ldr	r3, [pc, #20]	@ (200002c0 <flash_cs_force.constprop.1+0x18>)
200002aa:	681a      	ldr	r2, [r3, #0]
200002ac:	2380      	movs	r3, #128	@ 0x80
200002ae:	009b      	lsls	r3, r3, #2
200002b0:	4053      	eors	r3, r2
200002b2:	22c0      	movs	r2, #192	@ 0xc0
200002b4:	0092      	lsls	r2, r2, #2
200002b6:	4013      	ands	r3, r2
200002b8:	4a02      	ldr	r2, [pc, #8]	@ (200002c4 <flash_cs_force.constprop.1+0x1c>)
200002ba:	6013      	str	r3, [r2, #0]
200002bc:	4770      	bx	lr
200002be:	46c0      	nop			@ (mov r8, r8)
200002c0:	4001800c 	.word	0x4001800c
200002c4:	4001900c 	.word	0x4001900c

200002c8 <flash_do_cmd>:
200002c8:	2314      	movs	r3, #20
200002ca:	b5f0      	push	{r4, r5, r6, r7, lr}
200002cc:	46d6      	mov	lr, sl
200002ce:	464f      	mov	r7, r9
200002d0:	4646      	mov	r6, r8
200002d2:	469a      	mov	sl, r3
200002d4:	4681      	mov	r9, r0
200002d6:	8818      	ldrh	r0, [r3, #0]
200002d8:	3304      	adds	r3, #4
200002da:	b5c0      	push	{r6, r7, lr}
200002dc:	4698      	mov	r8, r3
200002de:	000e      	movs	r6, r1
200002e0:	881b      	ldrh	r3, [r3, #0]
200002e2:	4926      	ldr	r1, [pc, #152]	@ (2000037c <flash_do_cmd+0xb4>)
200002e4:	0014      	movs	r4, r2
200002e6:	4798      	blx	r3
200002e8:	4653      	mov	r3, sl
200002ea:	0007      	movs	r7, r0
200002ec:	8818      	ldrh	r0, [r3, #0]
200002ee:	4643      	mov	r3, r8
200002f0:	4923      	ldr	r1, [pc, #140]	@ (20000380 <flash_do_cmd+0xb8>)
200002f2:	881b      	ldrh	r3, [r3, #0]
200002f4:	4798      	blx	r3
200002f6:	4653      	mov	r3, sl
200002f8:	0005      	movs	r5, r0
200002fa:	8818      	ldrh	r0, [r3, #0]
200002fc:	4643      	mov	r3, r8
200002fe:	4921      	ldr	r1, [pc, #132]	@ (20000384 <flash_do_cmd+0xbc>)
20000300:	881b      	ldrh	r3, [r3, #0]
20000302:	4798      	blx	r3
20000304:	4680      	mov	r8, r0
20000306:	f7ff ffa5 	bl	20000254 <flash_init_boot2_copyout>
2000030a:	47b8      	blx	r7
2000030c:	47a8      	blx	r5
2000030e:	f7ff ffcb 	bl	200002a8 <flash_cs_force.constprop.1>
20000312:	1e22      	subs	r2, r4, #0
20000314:	d020      	beq.n	20000358 <flash_do_cmd+0x90>
20000316:	21c0      	movs	r1, #192	@ 0xc0
20000318:	2708      	movs	r7, #8
2000031a:	2002      	movs	r0, #2
2000031c:	0549      	lsls	r1, r1, #21
2000031e:	e011      	b.n	20000344 <flash_do_cmd+0x7c>
20000320:	2c00      	cmp	r4, #0
20000322:	d014      	beq.n	2000034e <flash_do_cmd+0x86>
20000324:	1b13      	subs	r3, r2, r4
20000326:	2b0d      	cmp	r3, #13
20000328:	d920      	bls.n	2000036c <flash_do_cmd+0xa4>
2000032a:	2d00      	cmp	r5, #0
2000032c:	d00a      	beq.n	20000344 <flash_do_cmd+0x7c>
2000032e:	0023      	movs	r3, r4
20000330:	2a00      	cmp	r2, #0
20000332:	d005      	beq.n	20000340 <flash_do_cmd+0x78>
20000334:	6e0b      	ldr	r3, [r1, #96]	@ 0x60
20000336:	3a01      	subs	r2, #1
20000338:	7033      	strb	r3, [r6, #0]
2000033a:	0013      	movs	r3, r2
2000033c:	3601      	adds	r6, #1
2000033e:	4323      	orrs	r3, r4
20000340:	2b00      	cmp	r3, #0
20000342:	d009      	beq.n	20000358 <flash_do_cmd+0x90>
20000344:	003d      	movs	r5, r7
20000346:	6a8b      	ldr	r3, [r1, #40]	@ 0x28
20000348:	401d      	ands	r5, r3
2000034a:	4218      	tst	r0, r3
2000034c:	d1e8      	bne.n	20000320 <flash_do_cmd+0x58>
2000034e:	2d00      	cmp	r5, #0
20000350:	d1ed      	bne.n	2000032e <flash_do_cmd+0x66>
20000352:	0023      	movs	r3, r4
20000354:	4313      	orrs	r3, r2
20000356:	d1f5      	bne.n	20000344 <flash_do_cmd+0x7c>
20000358:	f7ff ff9a 	bl	20000290 <flash_cs_force.constprop.0>
2000035c:	47c0      	blx	r8
2000035e:	f7ff ff91 	bl	20000284 <flash_enable_xip_via_boot2>
20000362:	bce0      	pop	{r5, r6, r7}
20000364:	46ba      	mov	sl, r7
20000366:	46b1      	mov	r9, r6
20000368:	46a8      	mov	r8, r5
2000036a:	bdf0      	pop	{r4, r5, r6, r7, pc}
2000036c:	464b      	mov	r3, r9
2000036e:	781b      	ldrb	r3, [r3, #0]
20000370:	3c01      	subs	r4, #1
20000372:	660b      	str	r3, [r1, #96]	@ 0x60
20000374:	2301      	movs	r3, #1
20000376:	469c      	mov	ip, r3
20000378:	44e1      	add	r9, ip
2000037a:	e7e8      	b.n	2000034e <flash_do_cmd+0x86>
2000037c:	00004649 	.word	0x00004649
20000380:	00005845 	.word	0x00005845
20000384:	00004346 	.word	0x00004346

20000388 <reset_non_control_endpoints>:
20000388:	2200      	movs	r2, #0
2000038a:	4b15      	ldr	r3, [pc, #84]	@ (200003e0 <reset_non_control_endpoints+0x58>)
2000038c:	b510      	push	{r4, lr}
2000038e:	609a      	str	r2, [r3, #8]
20000390:	60da      	str	r2, [r3, #12]
20000392:	611a      	str	r2, [r3, #16]
20000394:	615a      	str	r2, [r3, #20]
20000396:	619a      	str	r2, [r3, #24]
20000398:	61da      	str	r2, [r3, #28]
2000039a:	621a      	str	r2, [r3, #32]
2000039c:	625a      	str	r2, [r3, #36]	@ 0x24
2000039e:	629a      	str	r2, [r3, #40]	@ 0x28
200003a0:	62da      	str	r2, [r3, #44]	@ 0x2c
200003a2:	631a      	str	r2, [r3, #48]	@ 0x30
200003a4:	635a      	str	r2, [r3, #52]	@ 0x34
200003a6:	639a      	str	r2, [r3, #56]	@ 0x38
200003a8:	63da      	str	r2, [r3, #60]	@ 0x3c
200003aa:	641a      	str	r2, [r3, #64]	@ 0x40
200003ac:	645a      	str	r2, [r3, #68]	@ 0x44
200003ae:	649a      	str	r2, [r3, #72]	@ 0x48
200003b0:	64da      	str	r2, [r3, #76]	@ 0x4c
200003b2:	651a      	str	r2, [r3, #80]	@ 0x50
200003b4:	655a      	str	r2, [r3, #84]	@ 0x54
200003b6:	659a      	str	r2, [r3, #88]	@ 0x58
200003b8:	65da      	str	r2, [r3, #92]	@ 0x5c
200003ba:	661a      	str	r2, [r3, #96]	@ 0x60
200003bc:	665a      	str	r2, [r3, #100]	@ 0x64
200003be:	669a      	str	r2, [r3, #104]	@ 0x68
200003c0:	66da      	str	r2, [r3, #108]	@ 0x6c
200003c2:	671a      	str	r2, [r3, #112]	@ 0x70
200003c4:	675a      	str	r2, [r3, #116]	@ 0x74
200003c6:	679a      	str	r2, [r3, #120]	@ 0x78
200003c8:	67da      	str	r2, [r3, #124]	@ 0x7c
200003ca:	32f0      	adds	r2, #240	@ 0xf0
200003cc:	0092      	lsls	r2, r2, #2
200003ce:	2100      	movs	r1, #0
200003d0:	4804      	ldr	r0, [pc, #16]	@ (200003e4 <reset_non_control_endpoints+0x5c>)
200003d2:	f000 fd7d 	bl	20000ed0 <____wrap_memset_veneer>
200003d6:	4b04      	ldr	r3, [pc, #16]	@ (200003e8 <reset_non_control_endpoints+0x60>)
200003d8:	4a04      	ldr	r2, [pc, #16]	@ (200003ec <reset_non_control_endpoints+0x64>)
200003da:	601a      	str	r2, [r3, #0]
200003dc:	bd10      	pop	{r4, pc}
200003de:	46c0      	nop			@ (mov r8, r8)
200003e0:	50100000 	.word	0x50100000
200003e4:	20001c9c 	.word	0x20001c9c
200003e8:	20002064 	.word	0x20002064
200003ec:	50100180 	.word	0x50100180

200003f0 <hw_handle_buff_status>:
200003f0:	b5f0      	push	{r4, r5, r6, r7, lr}
200003f2:	464e      	mov	r6, r9
200003f4:	4645      	mov	r5, r8
200003f6:	46de      	mov	lr, fp
200003f8:	4657      	mov	r7, sl
200003fa:	b5e0      	push	{r5, r6, r7, lr}
200003fc:	4b21      	ldr	r3, [pc, #132]	@ (20000484 <hw_handle_buff_status+0x94>)
200003fe:	2400      	movs	r4, #0
20000400:	6d9e      	ldr	r6, [r3, #88]	@ 0x58
20000402:	2501      	movs	r5, #1
20000404:	b085      	sub	sp, #20
20000406:	2e00      	cmp	r6, #0
20000408:	d022      	beq.n	20000450 <hw_handle_buff_status+0x60>
2000040a:	4b1f      	ldr	r3, [pc, #124]	@ (20000488 <hw_handle_buff_status+0x98>)
2000040c:	469a      	mov	sl, r3
2000040e:	2301      	movs	r3, #1
20000410:	4699      	mov	r9, r3
20000412:	4b1e      	ldr	r3, [pc, #120]	@ (2000048c <hw_handle_buff_status+0x9c>)
20000414:	4698      	mov	r8, r3
20000416:	e001      	b.n	2000041c <hw_handle_buff_status+0x2c>
20000418:	2c20      	cmp	r4, #32
2000041a:	d019      	beq.n	20000450 <hw_handle_buff_status+0x60>
2000041c:	002a      	movs	r2, r5
2000041e:	0023      	movs	r3, r4
20000420:	3401      	adds	r4, #1
20000422:	002f      	movs	r7, r5
20000424:	4032      	ands	r2, r6
20000426:	b2e4      	uxtb	r4, r4
20000428:	006d      	lsls	r5, r5, #1
2000042a:	2a00      	cmp	r2, #0
2000042c:	d0f4      	beq.n	20000418 <hw_handle_buff_status+0x28>
2000042e:	4652      	mov	r2, sl
20000430:	6597      	str	r7, [r2, #88]	@ 0x58
20000432:	464a      	mov	r2, r9
20000434:	085b      	lsrs	r3, r3, #1
20000436:	005b      	lsls	r3, r3, #1
20000438:	4022      	ands	r2, r4
2000043a:	189b      	adds	r3, r3, r2
2000043c:	015b      	lsls	r3, r3, #5
2000043e:	4443      	add	r3, r8
20000440:	0018      	movs	r0, r3
20000442:	469b      	mov	fp, r3
20000444:	f000 fc30 	bl	20000ca8 <hw_endpoint_xfer_continue>
20000448:	2800      	cmp	r0, #0
2000044a:	d108      	bne.n	2000045e <hw_handle_buff_status+0x6e>
2000044c:	43be      	bics	r6, r7
2000044e:	d1e3      	bne.n	20000418 <hw_handle_buff_status+0x28>
20000450:	b005      	add	sp, #20
20000452:	bcf0      	pop	{r4, r5, r6, r7}
20000454:	46bb      	mov	fp, r7
20000456:	46b2      	mov	sl, r6
20000458:	46a9      	mov	r9, r5
2000045a:	46a0      	mov	r8, r4
2000045c:	bdf0      	pop	{r4, r5, r6, r7, pc}
2000045e:	465b      	mov	r3, fp
20000460:	21e0      	movs	r1, #224	@ 0xe0
20000462:	789a      	ldrb	r2, [r3, #2]
20000464:	8adb      	ldrh	r3, [r3, #22]
20000466:	a801      	add	r0, sp, #4
20000468:	6083      	str	r3, [r0, #8]
2000046a:	2300      	movs	r3, #0
2000046c:	00c9      	lsls	r1, r1, #3
2000046e:	8001      	strh	r1, [r0, #0]
20000470:	2101      	movs	r1, #1
20000472:	7102      	strb	r2, [r0, #4]
20000474:	7143      	strb	r3, [r0, #5]
20000476:	f000 fc37 	bl	20000ce8 <dcd_event_handler>
2000047a:	4658      	mov	r0, fp
2000047c:	f000 fbb0 	bl	20000be0 <hw_endpoint_reset_transfer>
20000480:	e7e4      	b.n	2000044c <hw_handle_buff_status+0x5c>
20000482:	46c0      	nop			@ (mov r8, r8)
20000484:	50110000 	.word	0x50110000
20000488:	50113000 	.word	0x50113000
2000048c:	20001c5c 	.word	0x20001c5c

20000490 <dcd_rp2040_irq>:
20000490:	2398      	movs	r3, #152	@ 0x98
20000492:	b5f0      	push	{r4, r5, r6, r7, lr}
20000494:	46c6      	mov	lr, r8
20000496:	4ac6      	ldr	r2, [pc, #792]	@ (200007b0 <dcd_rp2040_irq+0x320>)
20000498:	b500      	push	{lr}
2000049a:	58d5      	ldr	r5, [r2, r3]
2000049c:	2380      	movs	r3, #128	@ 0x80
2000049e:	002e      	movs	r6, r5
200004a0:	029b      	lsls	r3, r3, #10
200004a2:	2410      	movs	r4, #16
200004a4:	b084      	sub	sp, #16
200004a6:	401e      	ands	r6, r3
200004a8:	421d      	tst	r5, r3
200004aa:	d073      	beq.n	20000594 <dcd_rp2040_irq+0x104>
200004ac:	4bc1      	ldr	r3, [pc, #772]	@ (200007b4 <dcd_rp2040_irq+0x324>)
200004ae:	4cc2      	ldr	r4, [pc, #776]	@ (200007b8 <dcd_rp2040_irq+0x328>)
200004b0:	6a9a      	ldr	r2, [r3, #40]	@ 0x28
200004b2:	4bc2      	ldr	r3, [pc, #776]	@ (200007bc <dcd_rp2040_irq+0x32c>)
200004b4:	2600      	movs	r6, #0
200004b6:	601a      	str	r2, [r3, #0]
200004b8:	233b      	movs	r3, #59	@ 0x3b
200004ba:	5ce3      	ldrb	r3, [r4, r3]
200004bc:	2b02      	cmp	r3, #2
200004be:	d100      	bne.n	200004c2 <dcd_rp2040_irq+0x32>
200004c0:	e0f4      	b.n	200006ac <dcd_rp2040_irq+0x21c>
200004c2:	237b      	movs	r3, #123	@ 0x7b
200004c4:	5ce3      	ldrb	r3, [r4, r3]
200004c6:	2b02      	cmp	r3, #2
200004c8:	d100      	bne.n	200004cc <dcd_rp2040_irq+0x3c>
200004ca:	e10c      	b.n	200006e6 <dcd_rp2040_irq+0x256>
200004cc:	23bb      	movs	r3, #187	@ 0xbb
200004ce:	5ce3      	ldrb	r3, [r4, r3]
200004d0:	2b02      	cmp	r3, #2
200004d2:	d100      	bne.n	200004d6 <dcd_rp2040_irq+0x46>
200004d4:	e0fb      	b.n	200006ce <dcd_rp2040_irq+0x23e>
200004d6:	23fb      	movs	r3, #251	@ 0xfb
200004d8:	5ce3      	ldrb	r3, [r4, r3]
200004da:	2b02      	cmp	r3, #2
200004dc:	d100      	bne.n	200004e0 <dcd_rp2040_irq+0x50>
200004de:	e135      	b.n	2000074c <dcd_rp2040_irq+0x2bc>
200004e0:	233c      	movs	r3, #60	@ 0x3c
200004e2:	33ff      	adds	r3, #255	@ 0xff
200004e4:	5ce3      	ldrb	r3, [r4, r3]
200004e6:	2b02      	cmp	r3, #2
200004e8:	d100      	bne.n	200004ec <dcd_rp2040_irq+0x5c>
200004ea:	e122      	b.n	20000732 <dcd_rp2040_irq+0x2a2>
200004ec:	237c      	movs	r3, #124	@ 0x7c
200004ee:	33ff      	adds	r3, #255	@ 0xff
200004f0:	5ce3      	ldrb	r3, [r4, r3]
200004f2:	2b02      	cmp	r3, #2
200004f4:	d100      	bne.n	200004f8 <dcd_rp2040_irq+0x68>
200004f6:	e10f      	b.n	20000718 <dcd_rp2040_irq+0x288>
200004f8:	23bc      	movs	r3, #188	@ 0xbc
200004fa:	33ff      	adds	r3, #255	@ 0xff
200004fc:	5ce3      	ldrb	r3, [r4, r3]
200004fe:	2b02      	cmp	r3, #2
20000500:	d100      	bne.n	20000504 <dcd_rp2040_irq+0x74>
20000502:	e0fc      	b.n	200006fe <dcd_rp2040_irq+0x26e>
20000504:	23fc      	movs	r3, #252	@ 0xfc
20000506:	33ff      	adds	r3, #255	@ 0xff
20000508:	5ce3      	ldrb	r3, [r4, r3]
2000050a:	2b02      	cmp	r3, #2
2000050c:	d100      	bne.n	20000510 <dcd_rp2040_irq+0x80>
2000050e:	e1a6      	b.n	2000085e <dcd_rp2040_irq+0x3ce>
20000510:	4bab      	ldr	r3, [pc, #684]	@ (200007c0 <dcd_rp2040_irq+0x330>)
20000512:	5ce3      	ldrb	r3, [r4, r3]
20000514:	2b02      	cmp	r3, #2
20000516:	d100      	bne.n	2000051a <dcd_rp2040_irq+0x8a>
20000518:	e196      	b.n	20000848 <dcd_rp2040_irq+0x3b8>
2000051a:	4baa      	ldr	r3, [pc, #680]	@ (200007c4 <dcd_rp2040_irq+0x334>)
2000051c:	5ce3      	ldrb	r3, [r4, r3]
2000051e:	2b02      	cmp	r3, #2
20000520:	d100      	bne.n	20000524 <dcd_rp2040_irq+0x94>
20000522:	e185      	b.n	20000830 <dcd_rp2040_irq+0x3a0>
20000524:	4ba8      	ldr	r3, [pc, #672]	@ (200007c8 <dcd_rp2040_irq+0x338>)
20000526:	5ce3      	ldrb	r3, [r4, r3]
20000528:	2b02      	cmp	r3, #2
2000052a:	d100      	bne.n	2000052e <dcd_rp2040_irq+0x9e>
2000052c:	e174      	b.n	20000818 <dcd_rp2040_irq+0x388>
2000052e:	4ba7      	ldr	r3, [pc, #668]	@ (200007cc <dcd_rp2040_irq+0x33c>)
20000530:	5ce3      	ldrb	r3, [r4, r3]
20000532:	2b02      	cmp	r3, #2
20000534:	d100      	bne.n	20000538 <dcd_rp2040_irq+0xa8>
20000536:	e163      	b.n	20000800 <dcd_rp2040_irq+0x370>
20000538:	4ba5      	ldr	r3, [pc, #660]	@ (200007d0 <dcd_rp2040_irq+0x340>)
2000053a:	5ce3      	ldrb	r3, [r4, r3]
2000053c:	2b02      	cmp	r3, #2
2000053e:	d100      	bne.n	20000542 <dcd_rp2040_irq+0xb2>
20000540:	e12a      	b.n	20000798 <dcd_rp2040_irq+0x308>
20000542:	4ba4      	ldr	r3, [pc, #656]	@ (200007d4 <dcd_rp2040_irq+0x344>)
20000544:	5ce3      	ldrb	r3, [r4, r3]
20000546:	2b02      	cmp	r3, #2
20000548:	d100      	bne.n	2000054c <dcd_rp2040_irq+0xbc>
2000054a:	e10b      	b.n	20000764 <dcd_rp2040_irq+0x2d4>
2000054c:	4ba2      	ldr	r3, [pc, #648]	@ (200007d8 <dcd_rp2040_irq+0x348>)
2000054e:	5ce3      	ldrb	r3, [r4, r3]
20000550:	2b02      	cmp	r3, #2
20000552:	d100      	bne.n	20000556 <dcd_rp2040_irq+0xc6>
20000554:	e18f      	b.n	20000876 <dcd_rp2040_irq+0x3e6>
20000556:	4ba1      	ldr	r3, [pc, #644]	@ (200007dc <dcd_rp2040_irq+0x34c>)
20000558:	5ce3      	ldrb	r3, [r4, r3]
2000055a:	2b02      	cmp	r3, #2
2000055c:	d100      	bne.n	20000560 <dcd_rp2040_irq+0xd0>
2000055e:	e1a6      	b.n	200008ae <dcd_rp2040_irq+0x41e>
20000560:	2e00      	cmp	r6, #0
20000562:	d108      	bne.n	20000576 <dcd_rp2040_irq+0xe6>
20000564:	4b9e      	ldr	r3, [pc, #632]	@ (200007e0 <dcd_rp2040_irq+0x350>)
20000566:	781b      	ldrb	r3, [r3, #0]
20000568:	2b00      	cmp	r3, #0
2000056a:	d104      	bne.n	20000576 <dcd_rp2040_irq+0xe6>
2000056c:	2180      	movs	r1, #128	@ 0x80
2000056e:	4a9d      	ldr	r2, [pc, #628]	@ (200007e4 <dcd_rp2040_irq+0x354>)
20000570:	3390      	adds	r3, #144	@ 0x90
20000572:	0289      	lsls	r1, r1, #10
20000574:	50d1      	str	r1, [r2, r3]
20000576:	22c0      	movs	r2, #192	@ 0xc0
20000578:	4b8d      	ldr	r3, [pc, #564]	@ (200007b0 <dcd_rp2040_irq+0x320>)
2000057a:	a801      	add	r0, sp, #4
2000057c:	6c9b      	ldr	r3, [r3, #72]	@ 0x48
2000057e:	0092      	lsls	r2, r2, #2
20000580:	055b      	lsls	r3, r3, #21
20000582:	0d5b      	lsrs	r3, r3, #21
20000584:	2101      	movs	r1, #1
20000586:	2680      	movs	r6, #128	@ 0x80
20000588:	8002      	strh	r2, [r0, #0]
2000058a:	6043      	str	r3, [r0, #4]
2000058c:	f000 fbac 	bl	20000ce8 <dcd_event_handler>
20000590:	4c95      	ldr	r4, [pc, #596]	@ (200007e8 <dcd_rp2040_irq+0x358>)
20000592:	02b6      	lsls	r6, r6, #10
20000594:	06eb      	lsls	r3, r5, #27
20000596:	d500      	bpl.n	2000059a <dcd_rp2040_irq+0x10a>
20000598:	e07c      	b.n	20000694 <dcd_rp2040_irq+0x204>
2000059a:	2380      	movs	r3, #128	@ 0x80
2000059c:	025b      	lsls	r3, r3, #9
2000059e:	421d      	tst	r5, r3
200005a0:	d032      	beq.n	20000608 <dcd_rp2040_irq+0x178>
200005a2:	431e      	orrs	r6, r3
200005a4:	2301      	movs	r3, #1
200005a6:	2402      	movs	r4, #2
200005a8:	4698      	mov	r8, r3
200005aa:	4f83      	ldr	r7, [pc, #524]	@ (200007b8 <dcd_rp2040_irq+0x328>)
200005ac:	7ebb      	ldrb	r3, [r7, #26]
200005ae:	2b00      	cmp	r3, #0
200005b0:	d014      	beq.n	200005dc <dcd_rp2040_irq+0x14c>
200005b2:	f000 fcad 	bl	20000f10 <__rp2040_chip_version_veneer>
200005b6:	2801      	cmp	r0, #1
200005b8:	d900      	bls.n	200005bc <dcd_rp2040_irq+0x12c>
200005ba:	e06f      	b.n	2000069c <dcd_rp2040_irq+0x20c>
200005bc:	22c0      	movs	r2, #192	@ 0xc0
200005be:	2100      	movs	r1, #0
200005c0:	0038      	movs	r0, r7
200005c2:	0192      	lsls	r2, r2, #6
200005c4:	f000 fb12 	bl	20000bec <_hw_endpoint_buffer_control_update32>
200005c8:	0038      	movs	r0, r7
200005ca:	f000 fb09 	bl	20000be0 <hw_endpoint_reset_transfer>
200005ce:	f000 fc9f 	bl	20000f10 <__rp2040_chip_version_veneer>
200005d2:	2801      	cmp	r0, #1
200005d4:	d902      	bls.n	200005dc <dcd_rp2040_irq+0x14c>
200005d6:	4b83      	ldr	r3, [pc, #524]	@ (200007e4 <dcd_rp2040_irq+0x354>)
200005d8:	665c      	str	r4, [r3, #100]	@ 0x64
200005da:	661c      	str	r4, [r3, #96]	@ 0x60
200005dc:	4643      	mov	r3, r8
200005de:	70fb      	strb	r3, [r7, #3]
200005e0:	3720      	adds	r7, #32
200005e2:	2c01      	cmp	r4, #1
200005e4:	d001      	beq.n	200005ea <dcd_rp2040_irq+0x15a>
200005e6:	2401      	movs	r4, #1
200005e8:	e7e0      	b.n	200005ac <dcd_rp2040_irq+0x11c>
200005ea:	23c0      	movs	r3, #192	@ 0xc0
200005ec:	a801      	add	r0, sp, #4
200005ee:	00db      	lsls	r3, r3, #3
200005f0:	4a7e      	ldr	r2, [pc, #504]	@ (200007ec <dcd_rp2040_irq+0x35c>)
200005f2:	8003      	strh	r3, [r0, #0]
200005f4:	ab02      	add	r3, sp, #8
200005f6:	ca12      	ldmia	r2!, {r1, r4}
200005f8:	c312      	stmia	r3!, {r1, r4}
200005fa:	2101      	movs	r1, #1
200005fc:	f000 fb74 	bl	20000ce8 <dcd_event_handler>
20000600:	2280      	movs	r2, #128	@ 0x80
20000602:	4b78      	ldr	r3, [pc, #480]	@ (200007e4 <dcd_rp2040_irq+0x354>)
20000604:	0292      	lsls	r2, r2, #10
20000606:	651a      	str	r2, [r3, #80]	@ 0x50
20000608:	2380      	movs	r3, #128	@ 0x80
2000060a:	015b      	lsls	r3, r3, #5
2000060c:	421d      	tst	r5, r3
2000060e:	d10e      	bne.n	2000062e <dcd_rp2040_irq+0x19e>
20000610:	2380      	movs	r3, #128	@ 0x80
20000612:	01db      	lsls	r3, r3, #7
20000614:	421d      	tst	r5, r3
20000616:	d121      	bne.n	2000065c <dcd_rp2040_irq+0x1cc>
20000618:	2380      	movs	r3, #128	@ 0x80
2000061a:	021b      	lsls	r3, r3, #8
2000061c:	421d      	tst	r5, r3
2000061e:	d12c      	bne.n	2000067a <dcd_rp2040_irq+0x1ea>
20000620:	42ae      	cmp	r6, r5
20000622:	d000      	beq.n	20000626 <dcd_rp2040_irq+0x196>
20000624:	e1c0      	b.n	200009a8 <dcd_rp2040_irq+0x518>
20000626:	b004      	add	sp, #16
20000628:	bc80      	pop	{r7}
2000062a:	46b8      	mov	r8, r7
2000062c:	bdf0      	pop	{r4, r5, r6, r7, pc}
2000062e:	2400      	movs	r4, #0
20000630:	431e      	orrs	r6, r3
20000632:	4b5f      	ldr	r3, [pc, #380]	@ (200007b0 <dcd_rp2040_irq+0x320>)
20000634:	601c      	str	r4, [r3, #0]
20000636:	f7ff fea7 	bl	20000388 <reset_non_control_endpoints>
2000063a:	2380      	movs	r3, #128	@ 0x80
2000063c:	466a      	mov	r2, sp
2000063e:	005b      	lsls	r3, r3, #1
20000640:	8093      	strh	r3, [r2, #4]
20000642:	7214      	strb	r4, [r2, #8]
20000644:	2101      	movs	r1, #1
20000646:	a801      	add	r0, sp, #4
20000648:	f000 fb4e 	bl	20000ce8 <dcd_event_handler>
2000064c:	2280      	movs	r2, #128	@ 0x80
2000064e:	4b65      	ldr	r3, [pc, #404]	@ (200007e4 <dcd_rp2040_irq+0x354>)
20000650:	0312      	lsls	r2, r2, #12
20000652:	651a      	str	r2, [r3, #80]	@ 0x50
20000654:	2380      	movs	r3, #128	@ 0x80
20000656:	01db      	lsls	r3, r3, #7
20000658:	421d      	tst	r5, r3
2000065a:	d0dd      	beq.n	20000618 <dcd_rp2040_irq+0x188>
2000065c:	431e      	orrs	r6, r3
2000065e:	2380      	movs	r3, #128	@ 0x80
20000660:	a801      	add	r0, sp, #4
20000662:	00db      	lsls	r3, r3, #3
20000664:	8003      	strh	r3, [r0, #0]
20000666:	2101      	movs	r1, #1
20000668:	f000 fb3e 	bl	20000ce8 <dcd_event_handler>
2000066c:	2210      	movs	r2, #16
2000066e:	4b5d      	ldr	r3, [pc, #372]	@ (200007e4 <dcd_rp2040_irq+0x354>)
20000670:	651a      	str	r2, [r3, #80]	@ 0x50
20000672:	2380      	movs	r3, #128	@ 0x80
20000674:	021b      	lsls	r3, r3, #8
20000676:	421d      	tst	r5, r3
20000678:	d0d2      	beq.n	20000620 <dcd_rp2040_irq+0x190>
2000067a:	431e      	orrs	r6, r3
2000067c:	23a0      	movs	r3, #160	@ 0xa0
2000067e:	a801      	add	r0, sp, #4
20000680:	00db      	lsls	r3, r3, #3
20000682:	8003      	strh	r3, [r0, #0]
20000684:	2101      	movs	r1, #1
20000686:	f000 fb2f 	bl	20000ce8 <dcd_event_handler>
2000068a:	2280      	movs	r2, #128	@ 0x80
2000068c:	4b55      	ldr	r3, [pc, #340]	@ (200007e4 <dcd_rp2040_irq+0x354>)
2000068e:	0112      	lsls	r2, r2, #4
20000690:	651a      	str	r2, [r3, #80]	@ 0x50
20000692:	e7c5      	b.n	20000620 <dcd_rp2040_irq+0x190>
20000694:	f7ff feac 	bl	200003f0 <hw_handle_buff_status>
20000698:	0026      	movs	r6, r4
2000069a:	e77e      	b.n	2000059a <dcd_rp2040_irq+0x10a>
2000069c:	4b54      	ldr	r3, [pc, #336]	@ (200007f0 <dcd_rp2040_irq+0x360>)
2000069e:	4a44      	ldr	r2, [pc, #272]	@ (200007b0 <dcd_rp2040_irq+0x320>)
200006a0:	661c      	str	r4, [r3, #96]	@ 0x60
200006a2:	6e53      	ldr	r3, [r2, #100]	@ 0x64
200006a4:	4023      	ands	r3, r4
200006a6:	42a3      	cmp	r3, r4
200006a8:	d1fb      	bne.n	200006a2 <dcd_rp2040_irq+0x212>
200006aa:	e787      	b.n	200005bc <dcd_rp2040_irq+0x12c>
200006ac:	3338      	adds	r3, #56	@ 0x38
200006ae:	5ce6      	ldrb	r6, [r4, r3]
200006b0:	2e00      	cmp	r6, #0
200006b2:	d100      	bne.n	200006b6 <dcd_rp2040_irq+0x226>
200006b4:	e705      	b.n	200004c2 <dcd_rp2040_irq+0x32>
200006b6:	3302      	adds	r3, #2
200006b8:	5ce2      	ldrb	r2, [r4, r3]
200006ba:	2a00      	cmp	r2, #0
200006bc:	d100      	bne.n	200006c0 <dcd_rp2040_irq+0x230>
200006be:	e700      	b.n	200004c2 <dcd_rp2040_irq+0x32>
200006c0:	0020      	movs	r0, r4
200006c2:	2200      	movs	r2, #0
200006c4:	3020      	adds	r0, #32
200006c6:	54e2      	strb	r2, [r4, r3]
200006c8:	f000 fab8 	bl	20000c3c <hw_endpoint_start_next_buffer>
200006cc:	e6f9      	b.n	200004c2 <dcd_rp2040_irq+0x32>
200006ce:	33b8      	adds	r3, #184	@ 0xb8
200006d0:	5ce7      	ldrb	r7, [r4, r3]
200006d2:	2f00      	cmp	r7, #0
200006d4:	d100      	bne.n	200006d8 <dcd_rp2040_irq+0x248>
200006d6:	e6fe      	b.n	200004d6 <dcd_rp2040_irq+0x46>
200006d8:	3302      	adds	r3, #2
200006da:	5ce2      	ldrb	r2, [r4, r3]
200006dc:	2a00      	cmp	r2, #0
200006de:	d000      	beq.n	200006e2 <dcd_rp2040_irq+0x252>
200006e0:	e122      	b.n	20000928 <dcd_rp2040_irq+0x498>
200006e2:	003e      	movs	r6, r7
200006e4:	e6f7      	b.n	200004d6 <dcd_rp2040_irq+0x46>
200006e6:	3378      	adds	r3, #120	@ 0x78
200006e8:	5ce7      	ldrb	r7, [r4, r3]
200006ea:	2f00      	cmp	r7, #0
200006ec:	d100      	bne.n	200006f0 <dcd_rp2040_irq+0x260>
200006ee:	e6ed      	b.n	200004cc <dcd_rp2040_irq+0x3c>
200006f0:	3302      	adds	r3, #2
200006f2:	5ce2      	ldrb	r2, [r4, r3]
200006f4:	2a00      	cmp	r2, #0
200006f6:	d000      	beq.n	200006fa <dcd_rp2040_irq+0x26a>
200006f8:	e10e      	b.n	20000918 <dcd_rp2040_irq+0x488>
200006fa:	003e      	movs	r6, r7
200006fc:	e6e6      	b.n	200004cc <dcd_rp2040_irq+0x3c>
200006fe:	33b9      	adds	r3, #185	@ 0xb9
20000700:	33ff      	adds	r3, #255	@ 0xff
20000702:	5ce7      	ldrb	r7, [r4, r3]
20000704:	2f00      	cmp	r7, #0
20000706:	d100      	bne.n	2000070a <dcd_rp2040_irq+0x27a>
20000708:	e6fc      	b.n	20000504 <dcd_rp2040_irq+0x74>
2000070a:	3302      	adds	r3, #2
2000070c:	5ce2      	ldrb	r2, [r4, r3]
2000070e:	2a00      	cmp	r2, #0
20000710:	d000      	beq.n	20000714 <dcd_rp2040_irq+0x284>
20000712:	e0f8      	b.n	20000906 <dcd_rp2040_irq+0x476>
20000714:	003e      	movs	r6, r7
20000716:	e6f5      	b.n	20000504 <dcd_rp2040_irq+0x74>
20000718:	3379      	adds	r3, #121	@ 0x79
2000071a:	33ff      	adds	r3, #255	@ 0xff
2000071c:	5ce7      	ldrb	r7, [r4, r3]
2000071e:	2f00      	cmp	r7, #0
20000720:	d100      	bne.n	20000724 <dcd_rp2040_irq+0x294>
20000722:	e6e9      	b.n	200004f8 <dcd_rp2040_irq+0x68>
20000724:	3302      	adds	r3, #2
20000726:	5ce2      	ldrb	r2, [r4, r3]
20000728:	2a00      	cmp	r2, #0
2000072a:	d000      	beq.n	2000072e <dcd_rp2040_irq+0x29e>
2000072c:	e0e2      	b.n	200008f4 <dcd_rp2040_irq+0x464>
2000072e:	003e      	movs	r6, r7
20000730:	e6e2      	b.n	200004f8 <dcd_rp2040_irq+0x68>
20000732:	3339      	adds	r3, #57	@ 0x39
20000734:	33ff      	adds	r3, #255	@ 0xff
20000736:	5ce7      	ldrb	r7, [r4, r3]
20000738:	2f00      	cmp	r7, #0
2000073a:	d100      	bne.n	2000073e <dcd_rp2040_irq+0x2ae>
2000073c:	e6d6      	b.n	200004ec <dcd_rp2040_irq+0x5c>
2000073e:	3302      	adds	r3, #2
20000740:	5ce2      	ldrb	r2, [r4, r3]
20000742:	2a00      	cmp	r2, #0
20000744:	d000      	beq.n	20000748 <dcd_rp2040_irq+0x2b8>
20000746:	e0cc      	b.n	200008e2 <dcd_rp2040_irq+0x452>
20000748:	003e      	movs	r6, r7
2000074a:	e6cf      	b.n	200004ec <dcd_rp2040_irq+0x5c>
2000074c:	33f8      	adds	r3, #248	@ 0xf8
2000074e:	5ce7      	ldrb	r7, [r4, r3]
20000750:	2f00      	cmp	r7, #0
20000752:	d100      	bne.n	20000756 <dcd_rp2040_irq+0x2c6>
20000754:	e6c4      	b.n	200004e0 <dcd_rp2040_irq+0x50>
20000756:	3302      	adds	r3, #2
20000758:	5ce2      	ldrb	r2, [r4, r3]
2000075a:	2a00      	cmp	r2, #0
2000075c:	d000      	beq.n	20000760 <dcd_rp2040_irq+0x2d0>
2000075e:	e0b8      	b.n	200008d2 <dcd_rp2040_irq+0x442>
20000760:	003e      	movs	r6, r7
20000762:	e6bd      	b.n	200004e0 <dcd_rp2040_irq+0x50>
20000764:	4b23      	ldr	r3, [pc, #140]	@ (200007f4 <dcd_rp2040_irq+0x364>)
20000766:	5ce7      	ldrb	r7, [r4, r3]
20000768:	2f00      	cmp	r7, #0
2000076a:	d100      	bne.n	2000076e <dcd_rp2040_irq+0x2de>
2000076c:	e6ee      	b.n	2000054c <dcd_rp2040_irq+0xbc>
2000076e:	3302      	adds	r3, #2
20000770:	5ce2      	ldrb	r2, [r4, r3]
20000772:	2a00      	cmp	r2, #0
20000774:	d000      	beq.n	20000778 <dcd_rp2040_irq+0x2e8>
20000776:	e110      	b.n	2000099a <dcd_rp2040_irq+0x50a>
20000778:	4b17      	ldr	r3, [pc, #92]	@ (200007d8 <dcd_rp2040_irq+0x348>)
2000077a:	5ce3      	ldrb	r3, [r4, r3]
2000077c:	2b02      	cmp	r3, #2
2000077e:	d100      	bne.n	20000782 <dcd_rp2040_irq+0x2f2>
20000780:	e08b      	b.n	2000089a <dcd_rp2040_irq+0x40a>
20000782:	4b16      	ldr	r3, [pc, #88]	@ (200007dc <dcd_rp2040_irq+0x34c>)
20000784:	5ce3      	ldrb	r3, [r4, r3]
20000786:	2b02      	cmp	r3, #2
20000788:	d000      	beq.n	2000078c <dcd_rp2040_irq+0x2fc>
2000078a:	e6f4      	b.n	20000576 <dcd_rp2040_irq+0xe6>
2000078c:	4b1a      	ldr	r3, [pc, #104]	@ (200007f8 <dcd_rp2040_irq+0x368>)
2000078e:	5ce3      	ldrb	r3, [r4, r3]
20000790:	2b00      	cmp	r3, #0
20000792:	d000      	beq.n	20000796 <dcd_rp2040_irq+0x306>
20000794:	e090      	b.n	200008b8 <dcd_rp2040_irq+0x428>
20000796:	e6ee      	b.n	20000576 <dcd_rp2040_irq+0xe6>
20000798:	4b18      	ldr	r3, [pc, #96]	@ (200007fc <dcd_rp2040_irq+0x36c>)
2000079a:	5ce7      	ldrb	r7, [r4, r3]
2000079c:	2f00      	cmp	r7, #0
2000079e:	d100      	bne.n	200007a2 <dcd_rp2040_irq+0x312>
200007a0:	e6cf      	b.n	20000542 <dcd_rp2040_irq+0xb2>
200007a2:	3302      	adds	r3, #2
200007a4:	5ce2      	ldrb	r2, [r4, r3]
200007a6:	2a00      	cmp	r2, #0
200007a8:	d000      	beq.n	200007ac <dcd_rp2040_irq+0x31c>
200007aa:	e0ee      	b.n	2000098a <dcd_rp2040_irq+0x4fa>
200007ac:	003e      	movs	r6, r7
200007ae:	e6c8      	b.n	20000542 <dcd_rp2040_irq+0xb2>
200007b0:	50110000 	.word	0x50110000
200007b4:	40054000 	.word	0x40054000
200007b8:	20001c5c 	.word	0x20001c5c
200007bc:	20001c54 	.word	0x20001c54
200007c0:	0000023b 	.word	0x0000023b
200007c4:	0000027b 	.word	0x0000027b
200007c8:	000002bb 	.word	0x000002bb
200007cc:	000002fb 	.word	0x000002fb
200007d0:	0000033b 	.word	0x0000033b
200007d4:	0000037b 	.word	0x0000037b
200007d8:	000003bb 	.word	0x000003bb
200007dc:	000003fb 	.word	0x000003fb
200007e0:	200020aa 	.word	0x200020aa
200007e4:	50113000 	.word	0x50113000
200007e8:	00020010 	.word	0x00020010
200007ec:	50100000 	.word	0x50100000
200007f0:	50112000 	.word	0x50112000
200007f4:	0000037a 	.word	0x0000037a
200007f8:	000003fa 	.word	0x000003fa
200007fc:	0000033a 	.word	0x0000033a
20000800:	4b6c      	ldr	r3, [pc, #432]	@ (200009b4 <dcd_rp2040_irq+0x524>)
20000802:	5ce7      	ldrb	r7, [r4, r3]
20000804:	2f00      	cmp	r7, #0
20000806:	d100      	bne.n	2000080a <dcd_rp2040_irq+0x37a>
20000808:	e696      	b.n	20000538 <dcd_rp2040_irq+0xa8>
2000080a:	3302      	adds	r3, #2
2000080c:	5ce2      	ldrb	r2, [r4, r3]
2000080e:	2a00      	cmp	r2, #0
20000810:	d000      	beq.n	20000814 <dcd_rp2040_irq+0x384>
20000812:	e0b2      	b.n	2000097a <dcd_rp2040_irq+0x4ea>
20000814:	003e      	movs	r6, r7
20000816:	e68f      	b.n	20000538 <dcd_rp2040_irq+0xa8>
20000818:	4b67      	ldr	r3, [pc, #412]	@ (200009b8 <dcd_rp2040_irq+0x528>)
2000081a:	5ce7      	ldrb	r7, [r4, r3]
2000081c:	2f00      	cmp	r7, #0
2000081e:	d100      	bne.n	20000822 <dcd_rp2040_irq+0x392>
20000820:	e685      	b.n	2000052e <dcd_rp2040_irq+0x9e>
20000822:	3302      	adds	r3, #2
20000824:	5ce2      	ldrb	r2, [r4, r3]
20000826:	2a00      	cmp	r2, #0
20000828:	d000      	beq.n	2000082c <dcd_rp2040_irq+0x39c>
2000082a:	e09e      	b.n	2000096a <dcd_rp2040_irq+0x4da>
2000082c:	003e      	movs	r6, r7
2000082e:	e67e      	b.n	2000052e <dcd_rp2040_irq+0x9e>
20000830:	4b62      	ldr	r3, [pc, #392]	@ (200009bc <dcd_rp2040_irq+0x52c>)
20000832:	5ce7      	ldrb	r7, [r4, r3]
20000834:	2f00      	cmp	r7, #0
20000836:	d100      	bne.n	2000083a <dcd_rp2040_irq+0x3aa>
20000838:	e674      	b.n	20000524 <dcd_rp2040_irq+0x94>
2000083a:	3302      	adds	r3, #2
2000083c:	5ce2      	ldrb	r2, [r4, r3]
2000083e:	2a00      	cmp	r2, #0
20000840:	d000      	beq.n	20000844 <dcd_rp2040_irq+0x3b4>
20000842:	e08a      	b.n	2000095a <dcd_rp2040_irq+0x4ca>
20000844:	003e      	movs	r6, r7
20000846:	e66d      	b.n	20000524 <dcd_rp2040_irq+0x94>
20000848:	4b5d      	ldr	r3, [pc, #372]	@ (200009c0 <dcd_rp2040_irq+0x530>)
2000084a:	5ce7      	ldrb	r7, [r4, r3]
2000084c:	2f00      	cmp	r7, #0
2000084e:	d100      	bne.n	20000852 <dcd_rp2040_irq+0x3c2>
20000850:	e663      	b.n	2000051a <dcd_rp2040_irq+0x8a>
20000852:	3302      	adds	r3, #2
20000854:	5ce2      	ldrb	r2, [r4, r3]
20000856:	2a00      	cmp	r2, #0
20000858:	d177      	bne.n	2000094a <dcd_rp2040_irq+0x4ba>
2000085a:	003e      	movs	r6, r7
2000085c:	e65d      	b.n	2000051a <dcd_rp2040_irq+0x8a>
2000085e:	33f9      	adds	r3, #249	@ 0xf9
20000860:	33ff      	adds	r3, #255	@ 0xff
20000862:	5ce7      	ldrb	r7, [r4, r3]
20000864:	2f00      	cmp	r7, #0
20000866:	d100      	bne.n	2000086a <dcd_rp2040_irq+0x3da>
20000868:	e652      	b.n	20000510 <dcd_rp2040_irq+0x80>
2000086a:	3302      	adds	r3, #2
2000086c:	5ce2      	ldrb	r2, [r4, r3]
2000086e:	2a00      	cmp	r2, #0
20000870:	d162      	bne.n	20000938 <dcd_rp2040_irq+0x4a8>
20000872:	003e      	movs	r6, r7
20000874:	e64c      	b.n	20000510 <dcd_rp2040_irq+0x80>
20000876:	4b53      	ldr	r3, [pc, #332]	@ (200009c4 <dcd_rp2040_irq+0x534>)
20000878:	5ce3      	ldrb	r3, [r4, r3]
2000087a:	2b00      	cmp	r3, #0
2000087c:	d100      	bne.n	20000880 <dcd_rp2040_irq+0x3f0>
2000087e:	e66a      	b.n	20000556 <dcd_rp2040_irq+0xc6>
20000880:	23ef      	movs	r3, #239	@ 0xef
20000882:	009b      	lsls	r3, r3, #2
20000884:	5ce2      	ldrb	r2, [r4, r3]
20000886:	2a00      	cmp	r2, #0
20000888:	d100      	bne.n	2000088c <dcd_rp2040_irq+0x3fc>
2000088a:	e77a      	b.n	20000782 <dcd_rp2040_irq+0x2f2>
2000088c:	2200      	movs	r2, #0
2000088e:	54e2      	strb	r2, [r4, r3]
20000890:	3b1c      	subs	r3, #28
20000892:	18e0      	adds	r0, r4, r3
20000894:	f000 f9d2 	bl	20000c3c <hw_endpoint_start_next_buffer>
20000898:	e773      	b.n	20000782 <dcd_rp2040_irq+0x2f2>
2000089a:	4b4a      	ldr	r3, [pc, #296]	@ (200009c4 <dcd_rp2040_irq+0x534>)
2000089c:	5ce3      	ldrb	r3, [r4, r3]
2000089e:	2b00      	cmp	r3, #0
200008a0:	d1ee      	bne.n	20000880 <dcd_rp2040_irq+0x3f0>
200008a2:	4b49      	ldr	r3, [pc, #292]	@ (200009c8 <dcd_rp2040_irq+0x538>)
200008a4:	5ce3      	ldrb	r3, [r4, r3]
200008a6:	2b02      	cmp	r3, #2
200008a8:	d000      	beq.n	200008ac <dcd_rp2040_irq+0x41c>
200008aa:	e664      	b.n	20000576 <dcd_rp2040_irq+0xe6>
200008ac:	003e      	movs	r6, r7
200008ae:	4b47      	ldr	r3, [pc, #284]	@ (200009cc <dcd_rp2040_irq+0x53c>)
200008b0:	5ce3      	ldrb	r3, [r4, r3]
200008b2:	2b00      	cmp	r3, #0
200008b4:	d100      	bne.n	200008b8 <dcd_rp2040_irq+0x428>
200008b6:	e653      	b.n	20000560 <dcd_rp2040_irq+0xd0>
200008b8:	23ff      	movs	r3, #255	@ 0xff
200008ba:	009b      	lsls	r3, r3, #2
200008bc:	5ce2      	ldrb	r2, [r4, r3]
200008be:	2a00      	cmp	r2, #0
200008c0:	d100      	bne.n	200008c4 <dcd_rp2040_irq+0x434>
200008c2:	e658      	b.n	20000576 <dcd_rp2040_irq+0xe6>
200008c4:	2200      	movs	r2, #0
200008c6:	54e2      	strb	r2, [r4, r3]
200008c8:	3b1c      	subs	r3, #28
200008ca:	18e0      	adds	r0, r4, r3
200008cc:	f000 f9b6 	bl	20000c3c <hw_endpoint_start_next_buffer>
200008d0:	e651      	b.n	20000576 <dcd_rp2040_irq+0xe6>
200008d2:	0020      	movs	r0, r4
200008d4:	2200      	movs	r2, #0
200008d6:	30e0      	adds	r0, #224	@ 0xe0
200008d8:	54e2      	strb	r2, [r4, r3]
200008da:	003e      	movs	r6, r7
200008dc:	f000 f9ae 	bl	20000c3c <hw_endpoint_start_next_buffer>
200008e0:	e5fe      	b.n	200004e0 <dcd_rp2040_irq+0x50>
200008e2:	0020      	movs	r0, r4
200008e4:	2200      	movs	r2, #0
200008e6:	3021      	adds	r0, #33	@ 0x21
200008e8:	30ff      	adds	r0, #255	@ 0xff
200008ea:	54e2      	strb	r2, [r4, r3]
200008ec:	003e      	movs	r6, r7
200008ee:	f000 f9a5 	bl	20000c3c <hw_endpoint_start_next_buffer>
200008f2:	e5fb      	b.n	200004ec <dcd_rp2040_irq+0x5c>
200008f4:	0020      	movs	r0, r4
200008f6:	2200      	movs	r2, #0
200008f8:	3061      	adds	r0, #97	@ 0x61
200008fa:	30ff      	adds	r0, #255	@ 0xff
200008fc:	54e2      	strb	r2, [r4, r3]
200008fe:	003e      	movs	r6, r7
20000900:	f000 f99c 	bl	20000c3c <hw_endpoint_start_next_buffer>
20000904:	e5f8      	b.n	200004f8 <dcd_rp2040_irq+0x68>
20000906:	0020      	movs	r0, r4
20000908:	2200      	movs	r2, #0
2000090a:	30a1      	adds	r0, #161	@ 0xa1
2000090c:	30ff      	adds	r0, #255	@ 0xff
2000090e:	54e2      	strb	r2, [r4, r3]
20000910:	003e      	movs	r6, r7
20000912:	f000 f993 	bl	20000c3c <hw_endpoint_start_next_buffer>
20000916:	e5f5      	b.n	20000504 <dcd_rp2040_irq+0x74>
20000918:	0020      	movs	r0, r4
2000091a:	2200      	movs	r2, #0
2000091c:	3060      	adds	r0, #96	@ 0x60
2000091e:	54e2      	strb	r2, [r4, r3]
20000920:	003e      	movs	r6, r7
20000922:	f000 f98b 	bl	20000c3c <hw_endpoint_start_next_buffer>
20000926:	e5d1      	b.n	200004cc <dcd_rp2040_irq+0x3c>
20000928:	0020      	movs	r0, r4
2000092a:	2200      	movs	r2, #0
2000092c:	30a0      	adds	r0, #160	@ 0xa0
2000092e:	54e2      	strb	r2, [r4, r3]
20000930:	003e      	movs	r6, r7
20000932:	f000 f983 	bl	20000c3c <hw_endpoint_start_next_buffer>
20000936:	e5ce      	b.n	200004d6 <dcd_rp2040_irq+0x46>
20000938:	0020      	movs	r0, r4
2000093a:	2200      	movs	r2, #0
2000093c:	30e1      	adds	r0, #225	@ 0xe1
2000093e:	30ff      	adds	r0, #255	@ 0xff
20000940:	54e2      	strb	r2, [r4, r3]
20000942:	003e      	movs	r6, r7
20000944:	f000 f97a 	bl	20000c3c <hw_endpoint_start_next_buffer>
20000948:	e5e2      	b.n	20000510 <dcd_rp2040_irq+0x80>
2000094a:	2200      	movs	r2, #0
2000094c:	54e2      	strb	r2, [r4, r3]
2000094e:	3b1c      	subs	r3, #28
20000950:	18e0      	adds	r0, r4, r3
20000952:	f000 f973 	bl	20000c3c <hw_endpoint_start_next_buffer>
20000956:	003e      	movs	r6, r7
20000958:	e5df      	b.n	2000051a <dcd_rp2040_irq+0x8a>
2000095a:	2200      	movs	r2, #0
2000095c:	54e2      	strb	r2, [r4, r3]
2000095e:	3b1c      	subs	r3, #28
20000960:	18e0      	adds	r0, r4, r3
20000962:	f000 f96b 	bl	20000c3c <hw_endpoint_start_next_buffer>
20000966:	003e      	movs	r6, r7
20000968:	e5dc      	b.n	20000524 <dcd_rp2040_irq+0x94>
2000096a:	2200      	movs	r2, #0
2000096c:	54e2      	strb	r2, [r4, r3]
2000096e:	3b1c      	subs	r3, #28
20000970:	18e0      	adds	r0, r4, r3
20000972:	f000 f963 	bl	20000c3c <hw_endpoint_start_next_buffer>
20000976:	003e      	movs	r6, r7
20000978:	e5d9      	b.n	2000052e <dcd_rp2040_irq+0x9e>
2000097a:	2200      	movs	r2, #0
2000097c:	54e2      	strb	r2, [r4, r3]
2000097e:	3b1c      	subs	r3, #28
20000980:	18e0      	adds	r0, r4, r3
20000982:	f000 f95b 	bl	20000c3c <hw_endpoint_start_next_buffer>
20000986:	003e      	movs	r6, r7
20000988:	e5d6      	b.n	20000538 <dcd_rp2040_irq+0xa8>
2000098a:	2200      	movs	r2, #0
2000098c:	54e2      	strb	r2, [r4, r3]
2000098e:	3b1c      	subs	r3, #28
20000990:	18e0      	adds	r0, r4, r3
20000992:	f000 f953 	bl	20000c3c <hw_endpoint_start_next_buffer>
20000996:	003e      	movs	r6, r7
20000998:	e5d3      	b.n	20000542 <dcd_rp2040_irq+0xb2>
2000099a:	2200      	movs	r2, #0
2000099c:	54e2      	strb	r2, [r4, r3]
2000099e:	3b1c      	subs	r3, #28
200009a0:	18e0      	adds	r0, r4, r3
200009a2:	f000 f94b 	bl	20000c3c <hw_endpoint_start_next_buffer>
200009a6:	e6e7      	b.n	20000778 <dcd_rp2040_irq+0x2e8>
200009a8:	0031      	movs	r1, r6
200009aa:	4809      	ldr	r0, [pc, #36]	@ (200009d0 <dcd_rp2040_irq+0x540>)
200009ac:	4069      	eors	r1, r5
200009ae:	f000 fab7 	bl	20000f20 <__panic_veneer>
200009b2:	46c0      	nop			@ (mov r8, r8)
200009b4:	000002fa 	.word	0x000002fa
200009b8:	000002ba 	.word	0x000002ba
200009bc:	0000027a 	.word	0x0000027a
200009c0:	0000023a 	.word	0x0000023a
200009c4:	000003ba 	.word	0x000003ba
200009c8:	000003fb 	.word	0x000003fb
200009cc:	000003fa 	.word	0x000003fa
200009d0:	10006bd8 	.word	0x10006bd8

200009d4 <prepare_ep_buffer>:
200009d4:	b5f0      	push	{r4, r5, r6, r7, lr}
200009d6:	46d6      	mov	lr, sl
200009d8:	464f      	mov	r7, r9
200009da:	4646      	mov	r6, r8
200009dc:	b5c0      	push	{r6, r7, lr}
200009de:	0002      	movs	r2, r0
200009e0:	8a83      	ldrh	r3, [r0, #20]
200009e2:	8b00      	ldrh	r0, [r0, #24]
200009e4:	468a      	mov	sl, r1
200009e6:	1c04      	adds	r4, r0, #0
200009e8:	4298      	cmp	r0, r3
200009ea:	d900      	bls.n	200009ee <prepare_ep_buffer+0x1a>
200009ec:	1c1c      	adds	r4, r3, #0
200009ee:	78d5      	ldrb	r5, [r2, #3]
200009f0:	2680      	movs	r6, #128	@ 0x80
200009f2:	0028      	movs	r0, r5
200009f4:	1e47      	subs	r7, r0, #1
200009f6:	41b8      	sbcs	r0, r7
200009f8:	b2a4      	uxth	r4, r4
200009fa:	00f6      	lsls	r6, r6, #3
200009fc:	4326      	orrs	r6, r4
200009fe:	0340      	lsls	r0, r0, #13
20000a00:	4330      	orrs	r0, r6
20000a02:	2601      	movs	r6, #1
20000a04:	4075      	eors	r5, r6
20000a06:	1b1b      	subs	r3, r3, r4
20000a08:	70d5      	strb	r5, [r2, #3]
20000a0a:	7855      	ldrb	r5, [r2, #1]
20000a0c:	b29b      	uxth	r3, r3
20000a0e:	8293      	strh	r3, [r2, #20]
20000a10:	2d00      	cmp	r5, #0
20000a12:	d137      	bne.n	20000a84 <prepare_ep_buffer+0xb0>
20000a14:	4651      	mov	r1, sl
20000a16:	68d6      	ldr	r6, [r2, #12]
20000a18:	018d      	lsls	r5, r1, #6
20000a1a:	1e61      	subs	r1, r4, #1
20000a1c:	1976      	adds	r6, r6, r5
20000a1e:	4688      	mov	r8, r1
20000a20:	6915      	ldr	r5, [r2, #16]
20000a22:	2c00      	cmp	r4, #0
20000a24:	d029      	beq.n	20000a7a <prepare_ep_buffer+0xa6>
20000a26:	2906      	cmp	r1, #6
20000a28:	d93a      	bls.n	20000aa0 <prepare_ep_buffer+0xcc>
20000a2a:	0033      	movs	r3, r6
20000a2c:	432b      	orrs	r3, r5
20000a2e:	079b      	lsls	r3, r3, #30
20000a30:	d136      	bne.n	20000aa0 <prepare_ep_buffer+0xcc>
20000a32:	1c6b      	adds	r3, r5, #1
20000a34:	1af3      	subs	r3, r6, r3
20000a36:	2b02      	cmp	r3, #2
20000a38:	d932      	bls.n	20000aa0 <prepare_ep_buffer+0xcc>
20000a3a:	1f23      	subs	r3, r4, #4
20000a3c:	089b      	lsrs	r3, r3, #2
20000a3e:	3301      	adds	r3, #1
20000a40:	469c      	mov	ip, r3
20000a42:	2700      	movs	r7, #0
20000a44:	2300      	movs	r3, #0
20000a46:	58e9      	ldr	r1, [r5, r3]
20000a48:	3701      	adds	r7, #1
20000a4a:	50f1      	str	r1, [r6, r3]
20000a4c:	3304      	adds	r3, #4
20000a4e:	45bc      	cmp	ip, r7
20000a50:	d8f9      	bhi.n	20000a46 <prepare_ep_buffer+0x72>
20000a52:	4663      	mov	r3, ip
20000a54:	4641      	mov	r1, r8
20000a56:	009b      	lsls	r3, r3, #2
20000a58:	18ed      	adds	r5, r5, r3
20000a5a:	18f6      	adds	r6, r6, r3
20000a5c:	1acf      	subs	r7, r1, r3
20000a5e:	429c      	cmp	r4, r3
20000a60:	d009      	beq.n	20000a76 <prepare_ep_buffer+0xa2>
20000a62:	782b      	ldrb	r3, [r5, #0]
20000a64:	7033      	strb	r3, [r6, #0]
20000a66:	2f00      	cmp	r7, #0
20000a68:	d005      	beq.n	20000a76 <prepare_ep_buffer+0xa2>
20000a6a:	786b      	ldrb	r3, [r5, #1]
20000a6c:	7073      	strb	r3, [r6, #1]
20000a6e:	2f01      	cmp	r7, #1
20000a70:	d001      	beq.n	20000a76 <prepare_ep_buffer+0xa2>
20000a72:	78ab      	ldrb	r3, [r5, #2]
20000a74:	70b3      	strb	r3, [r6, #2]
20000a76:	6915      	ldr	r5, [r2, #16]
20000a78:	8a93      	ldrh	r3, [r2, #20]
20000a7a:	192d      	adds	r5, r5, r4
20000a7c:	6115      	str	r5, [r2, #16]
20000a7e:	2280      	movs	r2, #128	@ 0x80
20000a80:	0212      	lsls	r2, r2, #8
20000a82:	4310      	orrs	r0, r2
20000a84:	2b00      	cmp	r3, #0
20000a86:	d102      	bne.n	20000a8e <prepare_ep_buffer+0xba>
20000a88:	2380      	movs	r3, #128	@ 0x80
20000a8a:	01db      	lsls	r3, r3, #7
20000a8c:	4318      	orrs	r0, r3
20000a8e:	4653      	mov	r3, sl
20000a90:	2b00      	cmp	r3, #0
20000a92:	d000      	beq.n	20000a96 <prepare_ep_buffer+0xc2>
20000a94:	0400      	lsls	r0, r0, #16
20000a96:	bce0      	pop	{r5, r6, r7}
20000a98:	46ba      	mov	sl, r7
20000a9a:	46b1      	mov	r9, r6
20000a9c:	46a8      	mov	r8, r5
20000a9e:	bdf0      	pop	{r4, r5, r6, r7, pc}
20000aa0:	2300      	movs	r3, #0
20000aa2:	5cef      	ldrb	r7, [r5, r3]
20000aa4:	54f7      	strb	r7, [r6, r3]
20000aa6:	3301      	adds	r3, #1
20000aa8:	429c      	cmp	r4, r3
20000aaa:	d1fa      	bne.n	20000aa2 <prepare_ep_buffer+0xce>
20000aac:	6915      	ldr	r5, [r2, #16]
20000aae:	8a93      	ldrh	r3, [r2, #20]
20000ab0:	e7e3      	b.n	20000a7a <prepare_ep_buffer+0xa6>
20000ab2:	46c0      	nop			@ (mov r8, r8)

20000ab4 <sync_ep_buffer>:
20000ab4:	6883      	ldr	r3, [r0, #8]
20000ab6:	b5f0      	push	{r4, r5, r6, r7, lr}
20000ab8:	681b      	ldr	r3, [r3, #0]
20000aba:	0005      	movs	r5, r0
20000abc:	2900      	cmp	r1, #0
20000abe:	d000      	beq.n	20000ac2 <sync_ep_buffer+0xe>
20000ac0:	0c1b      	lsrs	r3, r3, #16
20000ac2:	059b      	lsls	r3, r3, #22
20000ac4:	0d98      	lsrs	r0, r3, #22
20000ac6:	786b      	ldrb	r3, [r5, #1]
20000ac8:	2b00      	cmp	r3, #0
20000aca:	d108      	bne.n	20000ade <sync_ep_buffer+0x2a>
20000acc:	8aeb      	ldrh	r3, [r5, #22]
20000ace:	18c3      	adds	r3, r0, r3
20000ad0:	82eb      	strh	r3, [r5, #22]
20000ad2:	8b2b      	ldrh	r3, [r5, #24]
20000ad4:	4283      	cmp	r3, r0
20000ad6:	d901      	bls.n	20000adc <sync_ep_buffer+0x28>
20000ad8:	2300      	movs	r3, #0
20000ada:	82ab      	strh	r3, [r5, #20]
20000adc:	bdf0      	pop	{r4, r5, r6, r7, pc}
20000ade:	68eb      	ldr	r3, [r5, #12]
20000ae0:	0189      	lsls	r1, r1, #6
20000ae2:	1e46      	subs	r6, r0, #1
20000ae4:	46b4      	mov	ip, r6
20000ae6:	692a      	ldr	r2, [r5, #16]
20000ae8:	185c      	adds	r4, r3, r1
20000aea:	2800      	cmp	r0, #0
20000aec:	d027      	beq.n	20000b3e <sync_ep_buffer+0x8a>
20000aee:	2e06      	cmp	r6, #6
20000af0:	d92b      	bls.n	20000b4a <sync_ep_buffer+0x96>
20000af2:	3101      	adds	r1, #1
20000af4:	185b      	adds	r3, r3, r1
20000af6:	1ad3      	subs	r3, r2, r3
20000af8:	2b02      	cmp	r3, #2
20000afa:	d926      	bls.n	20000b4a <sync_ep_buffer+0x96>
20000afc:	0013      	movs	r3, r2
20000afe:	4323      	orrs	r3, r4
20000b00:	079b      	lsls	r3, r3, #30
20000b02:	d122      	bne.n	20000b4a <sync_ep_buffer+0x96>
20000b04:	2300      	movs	r3, #0
20000b06:	2100      	movs	r1, #0
20000b08:	1f06      	subs	r6, r0, #4
20000b0a:	08b6      	lsrs	r6, r6, #2
20000b0c:	3601      	adds	r6, #1
20000b0e:	58e7      	ldr	r7, [r4, r3]
20000b10:	3101      	adds	r1, #1
20000b12:	50d7      	str	r7, [r2, r3]
20000b14:	3304      	adds	r3, #4
20000b16:	428e      	cmp	r6, r1
20000b18:	d8f9      	bhi.n	20000b0e <sync_ep_buffer+0x5a>
20000b1a:	4663      	mov	r3, ip
20000b1c:	00b6      	lsls	r6, r6, #2
20000b1e:	19a4      	adds	r4, r4, r6
20000b20:	1992      	adds	r2, r2, r6
20000b22:	1b9f      	subs	r7, r3, r6
20000b24:	42b0      	cmp	r0, r6
20000b26:	d009      	beq.n	20000b3c <sync_ep_buffer+0x88>
20000b28:	7823      	ldrb	r3, [r4, #0]
20000b2a:	7013      	strb	r3, [r2, #0]
20000b2c:	2f00      	cmp	r7, #0
20000b2e:	d005      	beq.n	20000b3c <sync_ep_buffer+0x88>
20000b30:	7863      	ldrb	r3, [r4, #1]
20000b32:	7053      	strb	r3, [r2, #1]
20000b34:	2f01      	cmp	r7, #1
20000b36:	d001      	beq.n	20000b3c <sync_ep_buffer+0x88>
20000b38:	78a3      	ldrb	r3, [r4, #2]
20000b3a:	7093      	strb	r3, [r2, #2]
20000b3c:	692a      	ldr	r2, [r5, #16]
20000b3e:	8aeb      	ldrh	r3, [r5, #22]
20000b40:	1812      	adds	r2, r2, r0
20000b42:	18c3      	adds	r3, r0, r3
20000b44:	82eb      	strh	r3, [r5, #22]
20000b46:	612a      	str	r2, [r5, #16]
20000b48:	e7c3      	b.n	20000ad2 <sync_ep_buffer+0x1e>
20000b4a:	2300      	movs	r3, #0
20000b4c:	5ce1      	ldrb	r1, [r4, r3]
20000b4e:	54d1      	strb	r1, [r2, r3]
20000b50:	3301      	adds	r3, #1
20000b52:	4298      	cmp	r0, r3
20000b54:	d1fa      	bne.n	20000b4c <sync_ep_buffer+0x98>
20000b56:	692a      	ldr	r2, [r5, #16]
20000b58:	e7f1      	b.n	20000b3e <sync_ep_buffer+0x8a>
20000b5a:	46c0      	nop			@ (mov r8, r8)

20000b5c <_hw_endpoint_xfer_sync>:
20000b5c:	b510      	push	{r4, lr}
20000b5e:	0004      	movs	r4, r0
20000b60:	6883      	ldr	r3, [r0, #8]
20000b62:	2100      	movs	r1, #0
20000b64:	681b      	ldr	r3, [r3, #0]
20000b66:	f7ff ffa5 	bl	20000ab4 <sync_ep_buffer>
20000b6a:	6863      	ldr	r3, [r4, #4]
20000b6c:	681b      	ldr	r3, [r3, #0]
20000b6e:	005b      	lsls	r3, r3, #1
20000b70:	d502      	bpl.n	20000b78 <_hw_endpoint_xfer_sync+0x1c>
20000b72:	8b23      	ldrh	r3, [r4, #24]
20000b74:	4283      	cmp	r3, r0
20000b76:	d000      	beq.n	20000b7a <_hw_endpoint_xfer_sync+0x1e>
20000b78:	bd10      	pop	{r4, pc}
20000b7a:	2101      	movs	r1, #1
20000b7c:	0020      	movs	r0, r4
20000b7e:	f7ff ff99 	bl	20000ab4 <sync_ep_buffer>
20000b82:	e7f9      	b.n	20000b78 <_hw_endpoint_xfer_sync+0x1c>

20000b84 <e15_is_bulkin_ep>:
20000b84:	4a08      	ldr	r2, [pc, #32]	@ (20000ba8 <e15_is_bulkin_ep+0x24>)
20000b86:	0003      	movs	r3, r0
20000b88:	6c12      	ldr	r2, [r2, #64]	@ 0x40
20000b8a:	2000      	movs	r0, #0
20000b8c:	0792      	lsls	r2, r2, #30
20000b8e:	d403      	bmi.n	20000b98 <e15_is_bulkin_ep+0x14>
20000b90:	789a      	ldrb	r2, [r3, #2]
20000b92:	09d2      	lsrs	r2, r2, #7
20000b94:	2a01      	cmp	r2, #1
20000b96:	d000      	beq.n	20000b9a <e15_is_bulkin_ep+0x16>
20000b98:	4770      	bx	lr
20000b9a:	7ed8      	ldrb	r0, [r3, #27]
20000b9c:	3802      	subs	r0, #2
20000b9e:	4243      	negs	r3, r0
20000ba0:	4158      	adcs	r0, r3
20000ba2:	b2c0      	uxtb	r0, r0
20000ba4:	e7f8      	b.n	20000b98 <e15_is_bulkin_ep+0x14>
20000ba6:	46c0      	nop			@ (mov r8, r8)
20000ba8:	50110000 	.word	0x50110000

20000bac <e15_is_critical_frame_period>:
20000bac:	b510      	push	{r4, lr}
20000bae:	f7ff ffe9 	bl	20000b84 <e15_is_bulkin_ep>
20000bb2:	2800      	cmp	r0, #0
20000bb4:	d00c      	beq.n	20000bd0 <e15_is_critical_frame_period+0x24>
20000bb6:	4907      	ldr	r1, [pc, #28]	@ (20000bd4 <e15_is_critical_frame_period+0x28>)
20000bb8:	4b07      	ldr	r3, [pc, #28]	@ (20000bd8 <e15_is_critical_frame_period+0x2c>)
20000bba:	468c      	mov	ip, r1
20000bbc:	4a07      	ldr	r2, [pc, #28]	@ (20000bdc <e15_is_critical_frame_period+0x30>)
20000bbe:	6a9b      	ldr	r3, [r3, #40]	@ 0x28
20000bc0:	6812      	ldr	r2, [r2, #0]
20000bc2:	4463      	add	r3, ip
20000bc4:	1a9b      	subs	r3, r3, r2
20000bc6:	2000      	movs	r0, #0
20000bc8:	22c6      	movs	r2, #198	@ 0xc6
20000bca:	429a      	cmp	r2, r3
20000bcc:	4140      	adcs	r0, r0
20000bce:	b2c0      	uxtb	r0, r0
20000bd0:	bd10      	pop	{r4, pc}
20000bd2:	46c0      	nop			@ (mov r8, r8)
20000bd4:	fffffce0 	.word	0xfffffce0
20000bd8:	40054000 	.word	0x40054000
20000bdc:	20001c54 	.word	0x20001c54

20000be0 <hw_endpoint_reset_transfer>:
20000be0:	2300      	movs	r3, #0
20000be2:	7683      	strb	r3, [r0, #26]
20000be4:	6143      	str	r3, [r0, #20]
20000be6:	6103      	str	r3, [r0, #16]
20000be8:	4770      	bx	lr
20000bea:	46c0      	nop			@ (mov r8, r8)

20000bec <_hw_endpoint_buffer_control_update32>:
20000bec:	b510      	push	{r4, lr}
20000bee:	6883      	ldr	r3, [r0, #8]
20000bf0:	2900      	cmp	r1, #0
20000bf2:	d001      	beq.n	20000bf8 <_hw_endpoint_buffer_control_update32+0xc>
20000bf4:	681c      	ldr	r4, [r3, #0]
20000bf6:	4021      	ands	r1, r4
20000bf8:	2a00      	cmp	r2, #0
20000bfa:	d012      	beq.n	20000c22 <_hw_endpoint_buffer_control_update32+0x36>
20000bfc:	2480      	movs	r4, #128	@ 0x80
20000bfe:	00e4      	lsls	r4, r4, #3
20000c00:	4311      	orrs	r1, r2
20000c02:	4222      	tst	r2, r4
20000c04:	d00d      	beq.n	20000c22 <_hw_endpoint_buffer_control_update32+0x36>
20000c06:	681a      	ldr	r2, [r3, #0]
20000c08:	4222      	tst	r2, r4
20000c0a:	d10c      	bne.n	20000c26 <_hw_endpoint_buffer_control_update32+0x3a>
20000c0c:	4a08      	ldr	r2, [pc, #32]	@ (20000c30 <_hw_endpoint_buffer_control_update32+0x44>)
20000c0e:	400a      	ands	r2, r1
20000c10:	601a      	str	r2, [r3, #0]
20000c12:	4a08      	ldr	r2, [pc, #32]	@ (20000c34 <_hw_endpoint_buffer_control_update32+0x48>)
20000c14:	6c12      	ldr	r2, [r2, #64]	@ 0x40
20000c16:	0792      	lsls	r2, r2, #30
20000c18:	d403      	bmi.n	20000c22 <_hw_endpoint_buffer_control_update32+0x36>
20000c1a:	230c      	movs	r3, #12
20000c1c:	3b03      	subs	r3, #3
20000c1e:	d2fd      	bcs.n	20000c1c <_hw_endpoint_buffer_control_update32+0x30>
20000c20:	6883      	ldr	r3, [r0, #8]
20000c22:	6019      	str	r1, [r3, #0]
20000c24:	bd10      	pop	{r4, pc}
20000c26:	7881      	ldrb	r1, [r0, #2]
20000c28:	4803      	ldr	r0, [pc, #12]	@ (20000c38 <_hw_endpoint_buffer_control_update32+0x4c>)
20000c2a:	f000 f979 	bl	20000f20 <__panic_veneer>
20000c2e:	46c0      	nop			@ (mov r8, r8)
20000c30:	fffffbff 	.word	0xfffffbff
20000c34:	50110000 	.word	0x50110000
20000c38:	10006bec 	.word	0x10006bec

20000c3c <hw_endpoint_start_next_buffer>:
20000c3c:	6843      	ldr	r3, [r0, #4]
20000c3e:	b570      	push	{r4, r5, r6, lr}
20000c40:	2100      	movs	r1, #0
20000c42:	2580      	movs	r5, #128	@ 0x80
20000c44:	681e      	ldr	r6, [r3, #0]
20000c46:	0004      	movs	r4, r0
20000c48:	f7ff fec4 	bl	200009d4 <prepare_ep_buffer>
20000c4c:	4b13      	ldr	r3, [pc, #76]	@ (20000c9c <hw_endpoint_start_next_buffer+0x60>)
20000c4e:	016d      	lsls	r5, r5, #5
20000c50:	6c1b      	ldr	r3, [r3, #64]	@ 0x40
20000c52:	4305      	orrs	r5, r0
20000c54:	079b      	lsls	r3, r3, #30
20000c56:	d50f      	bpl.n	20000c78 <hw_endpoint_start_next_buffer+0x3c>
20000c58:	78a3      	ldrb	r3, [r4, #2]
20000c5a:	065b      	lsls	r3, r3, #25
20000c5c:	d00f      	beq.n	20000c7e <hw_endpoint_start_next_buffer+0x42>
20000c5e:	4b10      	ldr	r3, [pc, #64]	@ (20000ca0 <hw_endpoint_start_next_buffer+0x64>)
20000c60:	401e      	ands	r6, r3
20000c62:	2380      	movs	r3, #128	@ 0x80
20000c64:	059b      	lsls	r3, r3, #22
20000c66:	4333      	orrs	r3, r6
20000c68:	6862      	ldr	r2, [r4, #4]
20000c6a:	2100      	movs	r1, #0
20000c6c:	6013      	str	r3, [r2, #0]
20000c6e:	0020      	movs	r0, r4
20000c70:	002a      	movs	r2, r5
20000c72:	f7ff ffbb 	bl	20000bec <_hw_endpoint_buffer_control_update32>
20000c76:	bd70      	pop	{r4, r5, r6, pc}
20000c78:	78a3      	ldrb	r3, [r4, #2]
20000c7a:	09db      	lsrs	r3, r3, #7
20000c7c:	d0ef      	beq.n	20000c5e <hw_endpoint_start_next_buffer+0x22>
20000c7e:	8aa3      	ldrh	r3, [r4, #20]
20000c80:	2b00      	cmp	r3, #0
20000c82:	d0ec      	beq.n	20000c5e <hw_endpoint_start_next_buffer+0x22>
20000c84:	2101      	movs	r1, #1
20000c86:	0020      	movs	r0, r4
20000c88:	f7ff fea4 	bl	200009d4 <prepare_ep_buffer>
20000c8c:	23a0      	movs	r3, #160	@ 0xa0
20000c8e:	4a05      	ldr	r2, [pc, #20]	@ (20000ca4 <hw_endpoint_start_next_buffer+0x68>)
20000c90:	05db      	lsls	r3, r3, #23
20000c92:	4032      	ands	r2, r6
20000c94:	4305      	orrs	r5, r0
20000c96:	4313      	orrs	r3, r2
20000c98:	e7e6      	b.n	20000c68 <hw_endpoint_start_next_buffer+0x2c>
20000c9a:	46c0      	nop			@ (mov r8, r8)
20000c9c:	50110000 	.word	0x50110000
20000ca0:	afffffff 	.word	0xafffffff
20000ca4:	dfffffff 	.word	0xdfffffff

20000ca8 <hw_endpoint_xfer_continue>:
20000ca8:	b570      	push	{r4, r5, r6, lr}
20000caa:	7e85      	ldrb	r5, [r0, #26]
20000cac:	0004      	movs	r4, r0
20000cae:	2d00      	cmp	r5, #0
20000cb0:	d014      	beq.n	20000cdc <hw_endpoint_xfer_continue+0x34>
20000cb2:	f7ff ff53 	bl	20000b5c <_hw_endpoint_xfer_sync>
20000cb6:	8aa3      	ldrh	r3, [r4, #20]
20000cb8:	2b00      	cmp	r3, #0
20000cba:	d101      	bne.n	20000cc0 <hw_endpoint_xfer_continue+0x18>
20000cbc:	0028      	movs	r0, r5
20000cbe:	bd70      	pop	{r4, r5, r6, pc}
20000cc0:	0020      	movs	r0, r4
20000cc2:	f7ff ff73 	bl	20000bac <e15_is_critical_frame_period>
20000cc6:	2800      	cmp	r0, #0
20000cc8:	d003      	beq.n	20000cd2 <hw_endpoint_xfer_continue+0x2a>
20000cca:	2301      	movs	r3, #1
20000ccc:	2500      	movs	r5, #0
20000cce:	7723      	strb	r3, [r4, #28]
20000cd0:	e7f4      	b.n	20000cbc <hw_endpoint_xfer_continue+0x14>
20000cd2:	0020      	movs	r0, r4
20000cd4:	f7ff ffb2 	bl	20000c3c <hw_endpoint_start_next_buffer>
20000cd8:	2500      	movs	r5, #0
20000cda:	e7ef      	b.n	20000cbc <hw_endpoint_xfer_continue+0x14>
20000cdc:	7881      	ldrb	r1, [r0, #2]
20000cde:	4801      	ldr	r0, [pc, #4]	@ (20000ce4 <hw_endpoint_xfer_continue+0x3c>)
20000ce0:	f000 f91e 	bl	20000f20 <__panic_veneer>
20000ce4:	10006c0c 	.word	0x10006c0c

20000ce8 <dcd_event_handler>:
20000ce8:	b5f0      	push	{r4, r5, r6, r7, lr}
20000cea:	46ce      	mov	lr, r9
20000cec:	4647      	mov	r7, r8
20000cee:	b580      	push	{r7, lr}
20000cf0:	7843      	ldrb	r3, [r0, #1]
20000cf2:	0005      	movs	r5, r0
20000cf4:	000e      	movs	r6, r1
20000cf6:	b085      	sub	sp, #20
20000cf8:	2b06      	cmp	r3, #6
20000cfa:	d808      	bhi.n	20000d0e <dcd_event_handler+0x26>
20000cfc:	4a6c      	ldr	r2, [pc, #432]	@ (20000eb0 <dcd_event_handler+0x1c8>)
20000cfe:	009b      	lsls	r3, r3, #2
20000d00:	58d3      	ldr	r3, [r2, r3]
20000d02:	469f      	mov	pc, r3
20000d04:	4a6b      	ldr	r2, [pc, #428]	@ (20000eb4 <dcd_event_handler+0x1cc>)
20000d06:	7813      	ldrb	r3, [r2, #0]
20000d08:	3301      	adds	r3, #1
20000d0a:	b2db      	uxtb	r3, r3
20000d0c:	7013      	strb	r3, [r2, #0]
20000d0e:	4b6a      	ldr	r3, [pc, #424]	@ (20000eb8 <dcd_event_handler+0x1d0>)
20000d10:	681c      	ldr	r4, [r3, #0]
20000d12:	6962      	ldr	r2, [r4, #20]
20000d14:	f3ef 8110 	mrs	r1, PRIMASK
20000d18:	b672      	cpsid	i
20000d1a:	6813      	ldr	r3, [r2, #0]
20000d1c:	2b00      	cmp	r3, #0
20000d1e:	d0fc      	beq.n	20000d1a <dcd_event_handler+0x32>
20000d20:	f3bf 8f5f 	dmb	sy
20000d24:	61a1      	str	r1, [r4, #24]
20000d26:	0020      	movs	r0, r4
20000d28:	0029      	movs	r1, r5
20000d2a:	f000 f8d9 	bl	20000ee0 <__tu_fifo_write_veneer>
20000d2e:	6962      	ldr	r2, [r4, #20]
20000d30:	69a3      	ldr	r3, [r4, #24]
20000d32:	f3bf 8f5f 	dmb	sy
20000d36:	2100      	movs	r1, #0
20000d38:	6011      	str	r1, [r2, #0]
20000d3a:	f383 8810 	msr	PRIMASK, r3
20000d3e:	2800      	cmp	r0, #0
20000d40:	d104      	bne.n	20000d4c <dcd_event_handler+0x64>
20000d42:	b005      	add	sp, #20
20000d44:	bcc0      	pop	{r6, r7}
20000d46:	46b9      	mov	r9, r7
20000d48:	46b0      	mov	r8, r6
20000d4a:	bdf0      	pop	{r4, r5, r6, r7, pc}
20000d4c:	0032      	movs	r2, r6
20000d4e:	7869      	ldrb	r1, [r5, #1]
20000d50:	7828      	ldrb	r0, [r5, #0]
20000d52:	f000 f8ed 	bl	20000f30 <__tud_event_hook_cb_veneer>
20000d56:	e7f4      	b.n	20000d42 <dcd_event_handler+0x5a>
20000d58:	2101      	movs	r1, #1
20000d5a:	4b58      	ldr	r3, [pc, #352]	@ (20000ebc <dcd_event_handler+0x1d4>)
20000d5c:	781a      	ldrb	r2, [r3, #0]
20000d5e:	438a      	bics	r2, r1
20000d60:	701a      	strb	r2, [r3, #0]
20000d62:	781a      	ldrb	r2, [r3, #0]
20000d64:	3101      	adds	r1, #1
20000d66:	438a      	bics	r2, r1
20000d68:	701a      	strb	r2, [r3, #0]
20000d6a:	2200      	movs	r2, #0
20000d6c:	705a      	strb	r2, [r3, #1]
20000d6e:	781a      	ldrb	r2, [r3, #0]
20000d70:	3102      	adds	r1, #2
20000d72:	438a      	bics	r2, r1
20000d74:	701a      	strb	r2, [r3, #0]
20000d76:	e7ca      	b.n	20000d0e <dcd_event_handler+0x26>
20000d78:	4951      	ldr	r1, [pc, #324]	@ (20000ec0 <dcd_event_handler+0x1d8>)
20000d7a:	4f52      	ldr	r7, [pc, #328]	@ (20000ec4 <dcd_event_handler+0x1dc>)
20000d7c:	4689      	mov	r9, r1
20000d7e:	4952      	ldr	r1, [pc, #328]	@ (20000ec8 <dcd_event_handler+0x1e0>)
20000d80:	2400      	movs	r4, #0
20000d82:	2300      	movs	r3, #0
20000d84:	4688      	mov	r8, r1
20000d86:	783a      	ldrb	r2, [r7, #0]
20000d88:	e012      	b.n	20000db0 <dcd_event_handler+0xc8>
20000d8a:	4643      	mov	r3, r8
20000d8c:	681b      	ldr	r3, [r3, #0]
20000d8e:	0161      	lsls	r1, r4, #5
20000d90:	185b      	adds	r3, r3, r1
20000d92:	2b00      	cmp	r3, #0
20000d94:	d006      	beq.n	20000da4 <dcd_event_handler+0xbc>
20000d96:	69db      	ldr	r3, [r3, #28]
20000d98:	2b00      	cmp	r3, #0
20000d9a:	d003      	beq.n	20000da4 <dcd_event_handler+0xbc>
20000d9c:	6869      	ldr	r1, [r5, #4]
20000d9e:	7828      	ldrb	r0, [r5, #0]
20000da0:	4798      	blx	r3
20000da2:	783a      	ldrb	r2, [r7, #0]
20000da4:	3401      	adds	r4, #1
20000da6:	b2e4      	uxtb	r4, r4
20000da8:	1c51      	adds	r1, r2, #1
20000daa:	0023      	movs	r3, r4
20000dac:	42a1      	cmp	r1, r4
20000dae:	db17      	blt.n	20000de0 <dcd_event_handler+0xf8>
20000db0:	42a2      	cmp	r2, r4
20000db2:	d8ea      	bhi.n	20000d8a <dcd_event_handler+0xa2>
20000db4:	1a9b      	subs	r3, r3, r2
20000db6:	015b      	lsls	r3, r3, #5
20000db8:	444b      	add	r3, r9
20000dba:	e7ec      	b.n	20000d96 <dcd_event_handler+0xae>
20000dbc:	4b3f      	ldr	r3, [pc, #252]	@ (20000ebc <dcd_event_handler+0x1d4>)
20000dbe:	781a      	ldrb	r2, [r3, #0]
20000dc0:	07d2      	lsls	r2, r2, #31
20000dc2:	d5be      	bpl.n	20000d42 <dcd_event_handler+0x5a>
20000dc4:	2104      	movs	r1, #4
20000dc6:	781a      	ldrb	r2, [r3, #0]
20000dc8:	430a      	orrs	r2, r1
20000dca:	701a      	strb	r2, [r3, #0]
20000dcc:	e79f      	b.n	20000d0e <dcd_event_handler+0x26>
20000dce:	4b3b      	ldr	r3, [pc, #236]	@ (20000ebc <dcd_event_handler+0x1d4>)
20000dd0:	781a      	ldrb	r2, [r3, #0]
20000dd2:	07d2      	lsls	r2, r2, #31
20000dd4:	d5b5      	bpl.n	20000d42 <dcd_event_handler+0x5a>
20000dd6:	2104      	movs	r1, #4
20000dd8:	781a      	ldrb	r2, [r3, #0]
20000dda:	438a      	bics	r2, r1
20000ddc:	701a      	strb	r2, [r3, #0]
20000dde:	e796      	b.n	20000d0e <dcd_event_handler+0x26>
20000de0:	4f36      	ldr	r7, [pc, #216]	@ (20000ebc <dcd_event_handler+0x1d4>)
20000de2:	783b      	ldrb	r3, [r7, #0]
20000de4:	075b      	lsls	r3, r3, #29
20000de6:	d52b      	bpl.n	20000e40 <dcd_event_handler+0x158>
20000de8:	2204      	movs	r2, #4
20000dea:	783b      	ldrb	r3, [r7, #0]
20000dec:	2100      	movs	r1, #0
20000dee:	4393      	bics	r3, r2
20000df0:	703b      	strb	r3, [r7, #0]
20000df2:	466b      	mov	r3, sp
20000df4:	3206      	adds	r2, #6
20000df6:	1d98      	adds	r0, r3, #6
20000df8:	f000 f86a 	bl	20000ed0 <____wrap_memset_veneer>
20000dfc:	782b      	ldrb	r3, [r5, #0]
20000dfe:	ac01      	add	r4, sp, #4
20000e00:	7023      	strb	r3, [r4, #0]
20000e02:	2305      	movs	r3, #5
20000e04:	7063      	strb	r3, [r4, #1]
20000e06:	4b2c      	ldr	r3, [pc, #176]	@ (20000eb8 <dcd_event_handler+0x1d0>)
20000e08:	681b      	ldr	r3, [r3, #0]
20000e0a:	4698      	mov	r8, r3
20000e0c:	695a      	ldr	r2, [r3, #20]
20000e0e:	f3ef 8110 	mrs	r1, PRIMASK
20000e12:	b672      	cpsid	i
20000e14:	6813      	ldr	r3, [r2, #0]
20000e16:	2b00      	cmp	r3, #0
20000e18:	d0fc      	beq.n	20000e14 <dcd_event_handler+0x12c>
20000e1a:	f3bf 8f5f 	dmb	sy
20000e1e:	4643      	mov	r3, r8
20000e20:	4640      	mov	r0, r8
20000e22:	6199      	str	r1, [r3, #24]
20000e24:	0021      	movs	r1, r4
20000e26:	f000 f85b 	bl	20000ee0 <__tu_fifo_write_veneer>
20000e2a:	4643      	mov	r3, r8
20000e2c:	695a      	ldr	r2, [r3, #20]
20000e2e:	699b      	ldr	r3, [r3, #24]
20000e30:	f3bf 8f5f 	dmb	sy
20000e34:	2100      	movs	r1, #0
20000e36:	6011      	str	r1, [r2, #0]
20000e38:	f383 8810 	msr	PRIMASK, r3
20000e3c:	2800      	cmp	r0, #0
20000e3e:	d131      	bne.n	20000ea4 <dcd_event_handler+0x1bc>
20000e40:	78fb      	ldrb	r3, [r7, #3]
20000e42:	07db      	lsls	r3, r3, #31
20000e44:	d400      	bmi.n	20000e48 <dcd_event_handler+0x160>
20000e46:	e77c      	b.n	20000d42 <dcd_event_handler+0x5a>
20000e48:	466b      	mov	r3, sp
20000e4a:	220a      	movs	r2, #10
20000e4c:	2100      	movs	r1, #0
20000e4e:	1d98      	adds	r0, r3, #6
20000e50:	f000 f83e 	bl	20000ed0 <____wrap_memset_veneer>
20000e54:	782b      	ldrb	r3, [r5, #0]
20000e56:	ac01      	add	r4, sp, #4
20000e58:	7023      	strb	r3, [r4, #0]
20000e5a:	2303      	movs	r3, #3
20000e5c:	7063      	strb	r3, [r4, #1]
20000e5e:	686b      	ldr	r3, [r5, #4]
20000e60:	6063      	str	r3, [r4, #4]
20000e62:	4b15      	ldr	r3, [pc, #84]	@ (20000eb8 <dcd_event_handler+0x1d0>)
20000e64:	681d      	ldr	r5, [r3, #0]
20000e66:	696a      	ldr	r2, [r5, #20]
20000e68:	f3ef 8110 	mrs	r1, PRIMASK
20000e6c:	b672      	cpsid	i
20000e6e:	6813      	ldr	r3, [r2, #0]
20000e70:	2b00      	cmp	r3, #0
20000e72:	d0fc      	beq.n	20000e6e <dcd_event_handler+0x186>
20000e74:	f3bf 8f5f 	dmb	sy
20000e78:	61a9      	str	r1, [r5, #24]
20000e7a:	0028      	movs	r0, r5
20000e7c:	0021      	movs	r1, r4
20000e7e:	f000 f82f 	bl	20000ee0 <__tu_fifo_write_veneer>
20000e82:	696a      	ldr	r2, [r5, #20]
20000e84:	69ab      	ldr	r3, [r5, #24]
20000e86:	f3bf 8f5f 	dmb	sy
20000e8a:	2100      	movs	r1, #0
20000e8c:	6011      	str	r1, [r2, #0]
20000e8e:	f383 8810 	msr	PRIMASK, r3
20000e92:	2800      	cmp	r0, #0
20000e94:	d100      	bne.n	20000e98 <dcd_event_handler+0x1b0>
20000e96:	e754      	b.n	20000d42 <dcd_event_handler+0x5a>
20000e98:	0032      	movs	r2, r6
20000e9a:	7861      	ldrb	r1, [r4, #1]
20000e9c:	7820      	ldrb	r0, [r4, #0]
20000e9e:	f000 f847 	bl	20000f30 <__tud_event_hook_cb_veneer>
20000ea2:	e74e      	b.n	20000d42 <dcd_event_handler+0x5a>
20000ea4:	0032      	movs	r2, r6
20000ea6:	7861      	ldrb	r1, [r4, #1]
20000ea8:	7820      	ldrb	r0, [r4, #0]
20000eaa:	f000 f841 	bl	20000f30 <__tud_event_hook_cb_veneer>
20000eae:	e7c7      	b.n	20000e40 <dcd_event_handler+0x158>
20000eb0:	10007080 	.word	0x10007080
20000eb4:	200020ab 	.word	0x200020ab
20000eb8:	20001760 	.word	0x20001760
20000ebc:	20001708 	.word	0x20001708
20000ec0:	1000709c 	.word	0x1000709c
20000ec4:	200020a9 	.word	0x200020a9
20000ec8:	20001558 	.word	0x20001558

20000ecc <__aeabi_idiv0>:
20000ecc:	4770      	bx	lr
20000ece:	46c0      	nop			@ (mov r8, r8)

20000ed0 <____wrap_memset_veneer>:
20000ed0:	b401      	push	{r0}
20000ed2:	4802      	ldr	r0, [pc, #8]	@ (20000edc <____wrap_memset_veneer+0xc>)
20000ed4:	4684      	mov	ip, r0
20000ed6:	bc01      	pop	{r0}
20000ed8:	4760      	bx	ip
20000eda:	bf00      	nop
20000edc:	100024f1 	.word	0x100024f1

20000ee0 <__tu_fifo_write_veneer>:
20000ee0:	b401      	push	{r0}
20000ee2:	4802      	ldr	r0, [pc, #8]	@ (20000eec <__tu_fifo_write_veneer+0xc>)
20000ee4:	4684      	mov	ip, r0
20000ee6:	bc01      	pop	{r0}
20000ee8:	4760      	bx	ip
20000eea:	bf00      	nop
20000eec:	100065d9 	.word	0x100065d9

20000ef0 <__best_effort_wfe_or_timeout_veneer>:
20000ef0:	b401      	push	{r0}
20000ef2:	4802      	ldr	r0, [pc, #8]	@ (20000efc <__best_effort_wfe_or_timeout_veneer+0xc>)
20000ef4:	4684      	mov	ip, r0
20000ef6:	bc01      	pop	{r0}
20000ef8:	4760      	bx	ip
20000efa:	bf00      	nop
20000efc:	10001099 	.word	0x10001099

20000f00 <____wrap___aeabi_lmul_veneer>:
20000f00:	b401      	push	{r0}
20000f02:	4802      	ldr	r0, [pc, #8]	@ (20000f0c <____wrap___aeabi_lmul_veneer+0xc>)
20000f04:	4684      	mov	ip, r0
20000f06:	bc01      	pop	{r0}
20000f08:	4760      	bx	ip
20000f0a:	bf00      	nop
20000f0c:	1000241d 	.word	0x1000241d

20000f10 <__rp2040_chip_version_veneer>:
20000f10:	b401      	push	{r0}
20000f12:	4802      	ldr	r0, [pc, #8]	@ (20000f1c <__rp2040_chip_version_veneer+0xc>)
20000f14:	4684      	mov	ip, r0
20000f16:	bc01      	pop	{r0}
20000f18:	4760      	bx	ip
20000f1a:	bf00      	nop
20000f1c:	100003a1 	.word	0x100003a1

20000f20 <__panic_veneer>:
20000f20:	b401      	push	{r0}
20000f22:	4802      	ldr	r0, [pc, #8]	@ (20000f2c <__panic_veneer+0xc>)
20000f24:	4684      	mov	ip, r0
20000f26:	bc01      	pop	{r0}
20000f28:	4760      	bx	ip
20000f2a:	bf00      	nop
20000f2c:	100003ad 	.word	0x100003ad

20000f30 <__tud_event_hook_cb_veneer>:
20000f30:	b401      	push	{r0}
20000f32:	4802      	ldr	r0, [pc, #8]	@ (20000f3c <__tud_event_hook_cb_veneer+0xc>)
20000f34:	4684      	mov	ip, r0
20000f36:	bc01      	pop	{r0}
20000f38:	4760      	bx	ip
20000f3a:	bf00      	nop
20000f3c:	10004b55 	.word	0x10004b55

20000f40 <__time_us_64_veneer>:
20000f40:	b401      	push	{r0}
20000f42:	4802      	ldr	r0, [pc, #8]	@ (20000f4c <__time_us_64_veneer+0xc>)
20000f44:	4684      	mov	ip, r0
20000f46:	bc01      	pop	{r0}
20000f48:	4760      	bx	ip
20000f4a:	bf00      	nop
20000f4c:	100011b5 	.word	0x100011b5

20000f50 <striped_spin_lock_num>:
20000f50:	00000010                                ....

20000f54 <irq_handler_chain_slots>:
20000f54:	00000000 	.word	0x00000000
20000f58:	00010000 	.word	0x00010000
	...
20000f64:	00020000 	.word	0x00020000
	...
20000f70:	00030000 	.word	0x00030000
	...
20000f7c:	00ff0000 	.word	0x00ff0000
20000f80:	00000000 	.word	0x00000000

20000f84 <irq_handler_chain_first_slot>:
20000f84:	b501      	push	{r0, lr}
20000f86:	6848      	ldr	r0, [r1, #4]
20000f88:	3101      	adds	r1, #1
20000f8a:	468e      	mov	lr, r1
20000f8c:	4700      	bx	r0

20000f8e <irq_handler_chain_remove_tail>:
20000f8e:	4670      	mov	r0, lr
20000f90:	3809      	subs	r0, #9
20000f92:	4901      	ldr	r1, [pc, #4]	@ (20000f98 <irq_handler_chain_remove_tail+0xa>)
20000f94:	4788      	blx	r1
20000f96:	bd01      	pop	{r0, pc}
20000f98:	100007f1 	.word	0x100007f1

20000f9c <default_alarm_pool>:
	...
20000fb0:	20001020 00000000 00000000 00000000      .. ............

20000fc0 <aeabi_bits_funcs>:
20000fc0:	00003350 	.word	0x00003350
20000fc4:	0000334c 	.word	0x0000334c
20000fc8:	00003354 	.word	0x00003354
20000fcc:	00003352 	.word	0x00003352

20000fd0 <aeabi_bits_funcs_end>:
20000fd0:	0000534d 	.word	0x0000534d
20000fd4:	0000434d 	.word	0x0000434d
20000fd8:	00003453 	.word	0x00003453
20000fdc:	00003443 	.word	0x00003443

20000fe0 <stdio_usb>:
20000fe0:	10004311 100042c1 10004231 100041a9     .C...B..1B...A..
20000ff0:	00000000 00000100                       ........

20000ff8 <_usbd_qdef>:
20000ff8:	20001764 000c0010 00000000 00000000     d.. ............
	...

20001014 <_usbd_rhport>:
20001014:	000000ff                                ....

20001018 <print_mutex>:
	...
